1977,A,G,1/1,0,199,199
4013,T,C,1/1,0,165,165
7362,G,C,1/1,2,144,146
7585,G,C,1/1,0,158,158
9304,G,A,1/1,0,183,184
11879,A,G,1/1,0,175,175
13298,G,C,0/1,168,18,186
14251,G,A,1/1,11,138,149
14785,T,C,1/1,0,181,181
17608,G,C,1/1,4,161,165
21795,G,A,1/1,3,152,155
26959,C,G,1/1,0,191,191
33457,C,T,0/1,15,142,158
33551,T,G,1/1,16,172,188
34044,T,C,1/1,0,195,195
35097,T,C,0/1,17,139,156
37031,C,G,1/1,3,198,201
40162,C,T,1/1,3,150,153
42967,G,C,1/1,0,197,197
46735,G,A,0/1,184,20,204
50854,T,C,1/1,15,175,190
51949,A,G,0/1,173,19,193
60821,C,T,1/1,7,155,165
62049,A,G,1/1,0,155,155
63771,C,T,1/1,12,146,158
69989,G,A,1/1,0,166,166
70267,G,T,0/1,148,18,166
70816,A,G,1/1,0,153,153
71336,G,C,1/1,1,149,150
71584,CCG,CCGAGCGCTGTTCTGGCGCTAATCTGACGCTAGAATAGCG,0/1,46,11,60
74059,C,T,1/1,10,177,187
75421,G,A,1/1,4,167,171
75940,G,C,1/1,0,193,193
79504,TCGGTGGACCCGGTGGACCCGGTGGACCCGGTGGACCCGGTGGACCC,TCGGTGGACCCGGTGGACCCGGTGGACCCGGTGGACCC,0/1,8,78,94
92199,T,G,1/1,0,178,178
101119,G,A,1/1,12,159,171
101727,G,A,1/1,6,151,157
109106,C,T,1/1,8,163,171
116000,T,G,1/1,0,175,175
122109,A,G,1/1,0,169,169
125830,GAAAAGT,GAAAAAGT,1/1,1,166,167
128597,TG,CA,0/1,175,19,194
131174,TGGTGC,TGGGTGC,1/1,0,177,178
133839,C,T,1/1,0,155,155
133862,G,A,1/1,5,163,168
135542,G,A,1/1,9,183,192
146087,T,C,1/1,0,157,157
154283,T,C,1/1,0,185,185
157292,C,T,1/1,9,181,190
157663,G,A,1/1,1,176,177
162581,G,A,1/1,6,171,178
176303,C,T,0/1,17,150,167
194681,G,C,1/1,0,174,174
196642,C,T,1/1,0,188,188
200379,C,T,0/1,215,26,241
203269,C,T,1/1,14,172,187
206339,T,C,1/1,0,184,185
207226,T,C,0/1,15,148,163
212353,C,T,1/1,10,162,172
223942,T,C,1/1,1,191,192
225323,T,C,1/1,0,196,197
227098,T,C,1/1,0,166,166
231114,C,G,1/1,0,191,191
234051,G,A,1/1,10,145,156
234477,T,G,1/1,5,150,155
234496,CCT,CGTCT,1/1,0,137,137
251938,G,T,1/1,12,130,142
254903,C,A,0/1,155,16,171
261869,T,C,1/1,0,165,165
265554,A,C,1/1,0,183,183
278681,C,G,1/1,1,167,168
282188,G,A,1/1,4,164,168
282822,C,G,1/1,10,153,163
283614,T,C,1/1,2,225,227
285772,A,C,1/1,0,179,179
285871,A,G,1/1,0,158,158
291977,G,A,0/1,159,18,177
293704,CTTTTTGGGC,CTTTTGGGC,0/1,20,139,163
302615,T,C,0/1,19,175,194
310973,G,A,1/1,0,169,169
311613,G,T,1/1,1,181,182
316129,C,G,1/1,5,160,165
336380,A,T,0/1,147,106,253
336400,CAGCGA,GAGGGG,0/1,135,101,236
336504,G,T,0/1,172,154,326
336535,TGTTGG,GGGTGT,0/1,150,116,269
336546,T,G,0/1,160,118,279
336557,CGGTTACA,CTGGCTATGGCA,0/1,153,66,226
343453,G,T,1/1,9,181,190
346275,C,G,1/1,0,167,167
356528,A,G,1/1,0,166,166
376774,T,C,1/1,0,201,201
381030,A,G,0/1,172,18,190
384380,A,C,1/1,0,177,177
386432,C,G,1/1,0,184,184
390828,T,C,1/1,0,151,151
403980,G,A,1/1,2,190,192
404326,T,C,1/1,0,181,181
408723,C,T,1/1,3,170,173
414486,C,T,1/1,0,153,153
420008,A,G,1/1,0,157,158
437128,G,A,1/1,5,125,130
444351,G,T,1/1,5,152,157
454295,T,C,1/1,0,151,152
457452,T,G,1/1,0,175,176
459399,A,C,1/1,0,150,150
468357,A,G,0/1,157,19,177
472705,T,C,1/1,12,168,181
478358,C,T,1/1,10,183,193
485785,T,G,0/1,150,29,179
489935,G,C,1/1,2,166,168
498557,C,A,1/1,0,197,197
500523,GT,AC,0/1,161,17,178
502589,C,G,1/1,0,216,219
503354,G,C,1/1,0,194,194
510831,TCCGGGGGGCGCAC,TC,1/1,9,110,119
513257,T,C,1/1,0,149,149
514191,GAC,GC,0/1,164,18,182
514198,GCA,GTCA,0/1,155,18,173
519185,T,G,0/1,153,18,171
527050,G,A,0/1,153,17,170
534691,C,T,1/1,12,177,189
541201,A,G,1/1,1,197,198
551525,A,C,1/1,0,174,174
557133,G,A,1/1,11,145,156
563420,T,C,1/1,13,165,178
571943,G,A,1/1,5,173,178
573262,A,G,1/1,0,159,159
584438,G,A,1/1,13,151,164
589536,G,A,1/1,4,156,160
590436,T,C,1/1,0,177,177
596833,CGGGGGGCT,CGGGGGCT,1/1,13,178,194
597816,A,G,1/1,0,189,189
598475,G,A,1/1,2,171,176
610120,T,G,1/1,0,214,214
632330,G,T,0/1,15,146,161
637319,G,A,1/1,0,207,207
637922,C,T,1/1,8,197,205
641791,G,T,0/1,164,22,186
643101,A,G,1/1,2,196,199
648002,T,G,1/1,0,209,209
663410,A,C,0/1,163,38,201
663418,AGC,CAA,0/1,154,38,199
663429,T,G,0/1,169,40,209
663907,G,A,1/1,11,158,169
664249,C,T,1/1,14,177,191
665293,A,G,1/1,0,178,178
667659,C,T,1/1,13,185,198
669398,T,C,1/1,0,172,172
685461,C,G,1/1,0,201,201
685608,T,C,1/1,0,198,198
686972,T,C,1/1,0,174,174
690465,T,G,1/1,0,142,142
695888,T,G,0/1,158,21,181
695894,C,G,0/1,157,18,175
695900,C,A,0/1,155,17,172
698968,G,A,1/1,0,205,205
709226,G,A,1/1,14,157,171
724712,TGGGCGCG,TGGCGCG,1/1,5,131,136
726703,C,A,0/1,17,132,149
733798,G,C,1/1,14,196,210
736710,T,C,0/1,19,177,196
746638,CGCC,GGCG,0/1,119,13,132
751017,T,C,1/1,9,163,172
752343,A,G,1/1,6,185,191
754186,A,G,1/1,4,165,169
761155,C,T,1/1,1,164,165
764817,T,C,1/1,0,174,174
764995,C,G,1/1,8,166,174
767480,C,G,1/1,5,152,157
769962,GCCCTA,GCCTA,1/1,8,121,131
773809,G,A,1/1,7,135,143
775639,T,C,1/1,0,184,184
781395,T,C,1/1,0,162,162
784440,G,T,1/1,10,210,221
790083,C,T,1/1,7,178,185
790180,A,G,1/1,10,164,174
796509,G,T,1/1,10,151,161
812927,C,G,0/1,10,3,13
812947,G,C,0/1,10,2,12
820483,G,T,1/1,0,146,146
829719,G,A,0/1,124,16,140
838439,G,T,1/1,7,179,186
841764,G,C,1/1,0,149,149
843391,G,A,1/1,12,141,153
852910,C,T,1/1,0,153,153
854252,GCCCCCCCCCAGG,GCCCCCCCCAGG,1/1,2,150,156
857696,A,G,1/1,1,185,186
859131,CGGT,CAGGT,1/1,7,146,153
874835,CCA,CCGCA,1/1,0,171,175
880562,G,T,1/1,0,153,153
882257,T,C,1/1,0,158,158
885542,G,C,1/1,11,145,156
888774,G,A,0/1,165,107,272
893733,T,G,1/1,0,213,213
900221,T,C,1/1,0,130,130
903550,T,C,1/1,0,165,165
903913,T,C,1/1,0,157,157
906857,A,G,1/1,0,212,212
910015,C,A,0/1,164,18,182
919466,C,A,1/1,10,180,190
941845,C,A,0/1,155,21,176
942479,T,C,1/1,12,162,174
945214,G,A,1/1,0,199,200
949535,T,C,1/1,0,174,174
951142,C,A,0/1,187,20,207
952597,C,T,0/1,169,17,187
955524,A,G,1/1,0,153,153
979704,G,C,1/1,0,159,159
986463,G,C,1/1,0,157,157
990001,G,C,1/1,2,178,180
990533,T,C,1/1,5,162,167
991640,G,A,0/1,25,150,175
993346,A,C,1/1,0,207,207
1010204,CGGTT,CGGGTT,1/1,1,173,182
1011198,G,C,1/1,5,163,168
1025106,T,C,1/1,0,221,221
1032913,G,T,1/1,10,169,179
1037012,T,C,1/1,0,165,165
1037355,T,C,1/1,6,161,168
1037911,C,T,1/1,0,196,196
1040067,CGGTC,CGTC,1/1,6,171,177
1041129,C,T,1/1,11,164,175
1041445,C,T,1/1,13,163,177
1047165,T,C,1/1,0,195,195
1055049,C,T,1/1,6,192,198
1057788,T,G,1/1,10,171,181
1061676,GTGCT,GT,1/1,11,181,192
1063602,A,C,1/1,18,208,226
1068151,T,C,1/1,0,193,193
1068432,A,G,1/1,0,172,172
1070702,T,C,1/1,0,153,153
1071797,C,G,1/1,15,169,184
1074558,G,A,1/1,0,182,182
1075279,T,C,1/1,0,157,157
1076309,G,T,1/1,0,198,199
1077312,A,G,1/1,0,152,152
1078398,G,A,0/1,145,15,160
1079927,C,A,1/1,0,145,145
1081211,T,G,1/1,13,162,175
1081681,T,C,1/1,0,165,165
1087193,G,C,1/1,4,191,195
1093322,C,T,1/1,7,172,179
1100234,T,C,1/1,0,169,169
1103249,C,T,0/1,19,176,195
1106422,T,C,1/1,0,175,175
1107434,A,T,1/1,8,182,190
1107917,G,T,1/1,8,199,207
1109975,A,G,1/1,0,147,148
1111784,C,T,1/1,4,185,189
1126889,G,C,1/1,0,161,161
1127648,C,A,1/1,0,171,171
1132368,C,T,1/1,8,158,167
1142266,A,C,1/1,8,167,175
1149551,C,T,1/1,0,168,168
1150321,TGCCCGACAGCAAGG,TG,1/1,8,148,157
1150585,G,A,1/1,2,158,160
1164571,A,G,1/1,6,164,170
1168715,CTTCC,CTTTCC,1/1,0,161,163
1171364,C,T,1/1,11,149,160
1177641,ACCCCCAAAT,ACCCCAAAT,1/1,12,166,178
1178116,T,C,1/1,1,200,202
1186461,G,A,1/1,12,143,155
1196889,A,G,1/1,7,174,181
1199547,G,A,1/1,7,153,160
1200418,A,G,1/1,0,177,178
1205936,A,G,1/1,16,177,193
1207431,A,G,0/1,15,151,166
1220680,T,C,1/1,0,164,164
1224367,T,C,1/1,0,134,134
1248978,T,C,1/1,0,156,156
1280439,C,T,1/1,13,165,178
1281118,T,C,1/1,0,169,169
1281443,C,G,1/1,14,153,167
1281771,T,C,0/1,164,18,182
1287234,A,C,1/1,7,153,160
1292102,A,G,1/1,3,156,159
1297327,G,A,1/1,10,155,165
1297999,T,G,1/1,10,157,167
1307598,C,G,1/1,5,167,172
1313337,AA,AGC,1/1,0,70,70
1315191,A,C,1/1,0,171,171
1315884,G,A,1/1,2,146,148
1317059,C,A,1/1,9,125,134
1320508,G,A,0/1,174,20,194
1327890,G,A,1/1,0,175,175
1327942,C,G,1/1,14,163,177
1328687,G,C,1/1,0,201,201
1348554,G,A,0/1,44,115,159
1353658,G,C,1/1,14,158,172
1354437,A,C,1/1,10,162,173
1360209,T,C,1/1,0,194,194
1365837,CGGGGTTGC,CGGGGGTTGC,1/1,2,160,165
1373170,G,C,1/1,10,148,158
1374065,T,C,1/1,0,184,184
1375724,A,C,1/1,0,145,145
1382628,T,C,1/1,0,155,155
1389738,G,A,1/1,7,132,139
1393626,A,G,1/1,0,184,184
1396922,T,C,1/1,0,153,153
1404169,T,G,1/1,5,171,176
1411210,T,G,1/1,0,153,155
1413148,C,T,1/1,0,144,144
1414021,C,T,1/1,0,182,182
1416222,A,G,0/1,191,95,286
1416232,ACA,GCC,0/1,177,97,274
1428506,G,T,1/1,3,130,135
1440469,C,G,1/1,0,131,131
1444188,CGGCTGGCTG,CGGCTG,1/1,1,129,130
1445474,G,A,0/1,19,174,193
1445781,A,G,1/1,0,174,175
1446923,T,G,1/1,2,168,170
1447774,C,T,1/1,8,159,167
1448907,A,G,1/1,9,161,170
1452071,C,A,1/1,9,166,177
1457144,C,T,1/1,0,149,149
1471659,C,T,1/1,2,196,198
1473080,C,G,0/1,177,19,196
1482627,T,C,1/1,0,212,212
1484708,A,C,1/1,0,159,159
1488114,CA,TG,0/1,134,21,156
1499274,C,G,1/1,0,155,155
1510649,C,T,1/1,5,155,160
1512031,T,G,1/1,10,157,167
1516380,T,C,0/1,63,99,162
1521776,T,G,1/1,15,148,163
1526819,C,A,1/1,0,177,177
1527449,GTG,GTTG,0/1,14,133,152
1534548,G,A,0/1,152,22,174
1536251,G,T,1/1,1,186,187
1547125,T,C,1/1,0,195,195
1552547,G,A,1/1,1,127,128
1553855,C,T,0/1,163,19,182
1558450,G,A,1/1,7,176,184
1563717,C,T,1/1,0,155,155
1570513,G,T,1/1,13,140,153
1570566,C,A,1/1,1,156,163
1581377,C,T,0/1,179,20,199
1586249,C,T,1/1,7,179,186
1588456,A,G,1/1,6,118,124
1588899,G,T,1/1,1,157,158
1609840,A,G,1/1,0,156,156
1612595,C,G,0/1,144,21,165
1612600,GGGGATT,CGGTATC,0/1,123,19,144
1612621,CGGTATCGGTACCGGTGCGCCAGGGA,AGGGATCGGTACCGGTGCGCCAGGGA,0/1,41,31,94
1612648,T,C,0/1,125,59,184
1613035,T,C,1/1,0,173,173
1613960,G,T,1/1,13,169,182
1624791,C,G,1/1,0,165,165
1625347,CGGGCA,CGGGGCA,1/1,11,163,179
1629128,G,C,1/1,4,162,166
1630148,A,C,1/1,0,213,213
1639594,C,A,1/1,1,162,163
1645802,T,C,1/1,0,200,200
1650072,A,G,1/1,0,143,143
1652831,C,T,1/1,8,163,171
1676290,C,A,1/1,3,179,182
1689349,C,T,1/1,0,182,182
1691520,T,G,0/1,155,18,173
1691799,C,T,1/1,9,208,217
1692141,A,C,1/1,0,205,206
1692795,G,C,1/1,12,144,156
1693561,A,G,1/1,0,173,173
1694547,A,C,0/1,136,20,156
1698911,G,A,1/1,0,204,205
1706119,T,C,1/1,0,202,202
1706746,C,A,0/1,171,17,188
1709899,A,C,1/1,8,169,177
1718761,C,T,1/1,15,156,171
1719322,G,A,1/1,1,177,178
1721831,G,T,1/1,9,178,187
1724120,G,A,1/1,8,136,144
1727763,A,C,1/1,9,150,160
1728837,A,G,1/1,0,159,159
1734994,C,T,1/1,5,206,211
1736638,C,T,1/1,8,186,194
1740771,A,C,1/1,9,148,157
1753519,GCCCCGT,GCCCCCGT,1/1,0,154,157
1755599,C,T,1/1,10,188,198
1758180,T,C,1/1,5,160,165
1759252,G,T,1/1,0,149,149
1760292,A,G,1/1,2,165,168
1760460,C,T,1/1,11,175,186
1769099,C,A,1/1,11,175,186
1771320,G,A,1/1,12,188,200
1777213,C,G,1/1,8,165,173
1778430,T,C,1/1,0,180,180
1783250,G,A,0/1,6,2,8
1793769,C,T,1/1,9,178,187
1798355,G,A,1/1,0,162,162
1803265,G,A,1/1,0,177,177
1804409,C,A,1/1,0,188,188
1805948,C,T,1/1,1,159,160
1817976,A,T,1/1,0,152,152
1836286,G,C,1/1,0,174,174
1847811,A,C,1/1,11,171,182
1847919,C,G,1/1,0,201,201
1851048,A,C,0/1,165,26,191
1854300,T,C,1/1,0,154,154
1856777,G,C,1/1,0,176,176
1861274,G,A,1/1,12,167,179
1866104,GA,TT,1/1,2,118,120
1885772,G,A,1/1,2,158,160
1885858,C,T,0/1,36,93,129
1889073,G,C,0/1,157,17,174
1894300,GGC,GGTCTTGCCGCGC,1/1,1,135,139
1899351,T,C,1/1,10,173,183
1901493,T,C,1/1,0,107,107
1907296,G,C,1/1,1,174,175
1917972,A,G,1/1,0,169,169
1929302,G,A,1/1,6,153,159
1931179,C,A,1/1,0,165,165
1933988,G,A,1/1,2,181,183
1935695,T,G,0/1,165,18,183
1943039,C,T,1/1,11,165,176
1943592,C,T,1/1,12,168,180
1944107,A,G,1/1,0,182,183
1944402,T,C,1/1,0,161,161
1944642,CTG,CG,1/1,10,173,185
1947903,G,T,1/1,11,120,132
1950767,T,C,1/1,0,160,160
1956930,T,G,0/1,178,21,199
1960284,C,A,1/1,0,205,205
1967237,C,A,1/1,0,151,151
1981056,C,T,1/1,8,138,146
1986962,C,T,0/1,7,2,9
1989682,C,T,0/1,6,2,8
1993337,A,C,0/1,9,2,11
1993628,G,C,0/1,10,2,12
1993652,C,T,1/1,0,14,14
1993808,A,T,1/1,0,5,5
1995102,G,A,0/1,9,2,11
2005944,A,C,0/1,150,21,171
2007785,C,T,0/1,15,152,167
2017560,A,T,0/1,163,17,180
2019942,A,G,1/1,9,171,180
2022868,T,C,1/1,0,158,158
2047425,GCGCTAACTTCCCGTCTC,GA,1/1,0,5,5
2047821,C,T,0/1,15,2,17
2053411,G,C,1/1,5,160,165
2053682,C,T,1/1,10,166,176
2055271,A,G,1/1,0,150,150
2057774,A,T,1/1,0,162,162
2075067,T,C,0/1,46,135,181
2084526,G,A,0/1,18,154,172
2094911,ACAGCGTCAGCGTC,ACAGCGTC,1/1,0,120,120
2096186,A,G,1/1,0,176,176
2097990,A,C,1/1,7,167,175
2108141,T,C,1/1,0,159,159
2109523,CGGTA,CGGGTA,1/1,1,141,142
2116903,C,T,1/1,0,173,174
2126366,G,C,1/1,7,179,186
2128870,A,G,1/1,0,168,168
2133468,TTC,TTCGCATGCCGTCACCTC,0/1,34,86,120
2133475,A,G,0/1,152,44,197
2134215,T,C,1/1,8,164,172
2135870,T,C,1/1,0,136,136
2137521,ACA,ACTCCGATCACCA,1/1,3,104,115
2143328,G,C,1/1,0,193,193
2147022,A,C,1/1,0,184,184
2155168,C,G,1/1,2,156,158
2174216,A,G,1/1,5,156,161
2177073,T,C,0/1,173,18,191
2207525,C,T,1/1,12,146,158
2207591,TTC,TCTC,1/1,0,173,175
2211455,C,A,0/1,15,144,159
2211826,A,G,1/1,0,183,183
2213265,G,A,1/1,10,141,151
2216248,C,G,1/1,7,176,183
2216443,C,A,1/1,0,147,147
2216538,T,C,1/1,7,156,163
2220512,T,G,1/1,0,205,205
2223293,T,C,1/1,0,169,169
2228967,A,G,1/1,0,192,192
2231132,G,A,1/1,14,187,201
2232237,G,C,1/1,6,145,151
2237053,G,A,1/1,7,114,121
2237497,G,C,1/1,0,15,15
2237529,G,A,0/1,18,2,20
2238706,A,C,0/1,9,2,11
2238930,A,C,1/1,0,10,10
2239055,C,T,1/1,0,7,7
2239160,G,C,1/1,0,18,18
2239880,A,G,0/1,5,2,7
2240062,C,G,1/1,0,17,17
2240700,A,G,0/1,11,3,14
2245532,T,C,1/1,13,171,184
2251999,A,G,1/1,0,181,181
2257780,T,G,1/1,5,166,172
2260525,C,T,1/1,0,164,164
2264782,C,A,1/1,0,167,168
2265059,T,G,1/1,1,212,213
2266487,G,C,0/1,179,143,322
2266504,TGGGATCGTC,TAGGGTTCGC,0/1,177,104,287
2266517,T,C,0/1,198,110,308
2266550,GCCC,TCCG,0/1,167,172,340
2266583,C,G,0/1,172,194,366
2266598,G,C,0/1,171,183,354
2266604,C,G,0/1,166,183,349
2266613,GCG,GCCG,0/1,168,170,342
2266624,G,T,0/1,171,181,352
2267372,A,G,1/1,11,175,186
2269780,T,C,1/1,0,171,171
2270102,A,G,1/1,0,191,191
2278442,C,G,1/1,7,182,189
2282787,C,T,1/1,0,166,166
2283030,A,G,1/1,4,151,155
2285251,C,A,1/1,0,204,204
2287121,A,G,1/1,1,172,174
2327492,C,T,1/1,7,152,159
2329533,A,G,1/1,0,114,114
2334007,A,G,1/1,0,185,185
2335075,A,G,1/1,0,157,157
2335494,A,G,1/1,0,182,182
2338194,ACCCCCCCCACCCACCACAG,ACCCCCCCCCACCCACCACAG,1/1,0,44,53
2341636,C,G,1/1,0,192,192
2345037,C,A,1/1,0,174,174
2357268,TGCCGCCGCCGCCGCCGCCGA,TGCCGCCGCCGCCGCCGA,1/1,0,100,102
2361604,C,G,1/1,0,142,142
2362041,C,A,1/1,1,157,158
2368564,TAATAT,TATAT,1/1,0,221,223
2381030,GCTACCCTAGTTAT,GCTACCCTAGTTACTACCCTAGTTAT,1/1,8,94,111
2385695,C,T,1/1,9,173,182
2386389,G,A,1/1,2,193,195
2400726,C,T,1/1,9,174,183
2401883,C,T,0/1,12,36,48
2415656,G,C,1/1,0,166,166
2420535,C,A,1/1,11,170,181
2424925,A,G,1/1,0,155,155
2434750,G,A,1/1,6,147,153
2440926,G,T,1/1,0,158,158
2443188,G,A,1/1,7,171,178
2462871,G,A,1/1,2,151,154
2463094,G,A,1/1,7,195,202
2484255,T,G,1/1,10,158,168
2499726,G,A,1/1,0,172,173
2502073,C,T,1/1,9,134,143
2503625,C,T,1/1,7,161,169
2505750,C,T,1/1,11,210,222
2509140,G,C,1/1,0,177,177
2509722,A,G,1/1,0,162,162
2521342,T,C,1/1,0,180,180
2522481,TGGGGGGGCAC,TGGGGGGGGCAC,1/1,12,129,146
2523205,GCG,GCGCCG,0/1,4,40,44
2525722,CGGGGGAGGAC,CGGGGAGGAC,1/1,0,137,140
2527676,G,A,1/1,10,152,162
2529680,A,G,1/1,0,169,169
2534562,GGAG,GG,1/1,0,165,165
2538760,G,A,1/1,6,171,177
2573756,C,A,1/1,0,150,150
2580310,G,A,0/1,161,17,178
2586127,A,G,1/1,0,152,152
2598400,A,G,1/1,0,155,155
2599821,C,A,1/1,13,164,177
2611675,T,C,1/1,16,232,248
2612632,C,A,1/1,0,171,171
2617632,AC,ATT,0/1,15,150,165
2621058,G,A,1/1,3,170,174
2639868,A,G,0/1,152,16,168
2642555,C,T,1/1,12,151,163
2649353,A,G,1/1,11,155,166
2654371,G,A,1/1,7,146,153
2655054,C,T,0/1,174,38,212
2656225,A,G,1/1,0,186,186
2660319,C,G,1/1,1,170,179
2663210,G,A,0/1,137,14,151
2664299,G,C,1/1,13,165,178
2680658,T,G,1/1,0,214,214
2695378,C,G,1/1,2,174,176
2698585,C,T,1/1,11,162,173
2704884,ACG,ACAGCGACCATATCGCCGAGCTCG,1/1,4,89,124
2713795,C,T,1/1,0,209,209
2717710,C,T,1/1,7,171,178
2718852,T,G,1/1,0,175,175
2718938,A,C,1/1,10,161,171
2731741,G,A,0/1,206,22,228
2734074,T,C,1/1,0,170,170
2736434,C,A,1/1,11,152,163
2745889,C,T,1/1,6,151,157
2751804,C,T,1/1,5,165,170
2752698,C,A,1/1,0,192,192
2753536,T,C,1/1,4,174,178
2755112,G,A,0/1,144,15,159
2760152,A,G,1/1,0,206,207
2779136,T,C,1/1,0,149,149
2784613,A,G,0/1,9,4,13
2786952,A,G,1/1,0,160,160
2807486,C,A,0/1,215,23,238
2809621,T,C,1/1,0,179,179
2818837,A,G,1/1,0,142,142
2821342,C,T,1/1,0,171,171
2827984,G,T,1/1,0,229,231
2828019,T,C,1/1,0,220,220
2830525,C,A,1/1,0,172,172
2841549,G,T,1/1,11,159,170
2844546,C,A,0/1,130,16,146
2855259,A,G,1/1,0,167,167
2857014,G,A,1/1,7,173,180
2865760,A,G,1/1,0,151,151
2865882,T,C,1/1,0,201,201
2868659,C,G,1/1,14,160,174
2871048,C,T,1/1,7,133,140
2880702,G,C,1/1,0,199,200
2881455,A,G,1/1,11,168,179
2881597,AGGGGGGCA,AGGGGGCA,1/1,0,144,144
2888201,T,C,1/1,0,209,209
2889633,T,C,1/1,0,155,155
2891267,C,T,1/1,0,172,172
2891728,A,G,1/1,0,179,179
2893238,C,A,1/1,11,159,172
2894208,G,A,1/1,0,142,142
2894642,A,G,0/1,144,15,159
2894854,C,T,1/1,4,159,163
2897871,A,G,0/1,129,19,150
2906918,A,T,1/1,9,155,165
2910461,G,T,1/1,0,151,151
2911293,C,G,1/1,0,155,155
2912294,T,G,1/1,4,175,179
2923391,T,C,1/1,1,142,143
2927939,T,C,1/1,0,190,190
2939373,G,C,1/1,0,183,183
2939657,T,C,1/1,0,155,155
2939807,G,A,1/1,7,160,167
2945167,G,T,0/1,119,95,214
2946157,T,C,1/1,9,135,144
2954439,T,C,1/1,0,192,192
2968913,T,C,1/1,10,154,164
2984740,A,G,1/1,0,159,160
2993523,T,C,0/1,106,12,118
3005185,G,T,1/1,0,179,180
3009692,A,G,1/1,0,169,169
3013469,T,C,1/1,10,159,169
3017465,T,C,1/1,0,174,174
3028101,ACCGA,ACCCGA,1/1,8,156,165
3029610,G,A,1/1,5,171,176
3040077,G,C,1/1,14,178,192
3041871,G,T,1/1,2,169,172
3045429,G,T,0/1,144,18,162
3065293,A,G,1/1,14,156,171
3073868,T,C,1/1,9,187,196
3078089,CCTCTATTGATCTCTATTGATC,CCTCTATTGATCTCTATTGATCTCTATTGATC,0/1,59,66,130
3080795,A,G,1/1,0,174,174
3086788,T,C,1/1,0,145,145
3089679,G,A,1/1,5,152,157
3099269,A,C,1/1,3,172,175
3103682,T,C,1/1,0,186,186
3108055,C,T,1/1,11,163,175
3108674,A,C,1/1,8,153,162
3131469,TTG,TTGTCGGCGATG,0/1,38,128,171
3131473,A,C,0/1,178,46,224
3137058,G,A,1/1,1,172,173
3137237,T,C,0/1,178,20,198
3148984,C,T,0/1,161,17,178
3158935,G,C,1/1,2,130,132
3165074,T,C,1/1,15,160,175
3175702,T,C,1/1,11,189,201
3177884,C,A,1/1,0,156,156
3178445,C,G,1/1,13,206,219
3186860,T,G,1/1,0,126,127
3190145,TCCCCCCAT,TCCCCCAT,1/1,0,163,163
3191027,G,A,1/1,9,186,195
3207297,G,T,1/1,7,153,160
3214790,C,T,1/1,8,145,153
3226181,A,C,1/1,0,167,168
3228143,G,T,1/1,1,188,190
3231464,T,C,1/1,12,181,193
3236230,C,A,1/1,6,167,173
3243630,G,A,1/1,9,201,210
3244126,G,A,0/1,182,22,204
3256494,A,G,1/1,0,178,179
3260301,A,G,1/1,8,200,208
3267743,A,G,1/1,5,143,148
3269581,A,G,1/1,0,163,163
3270784,A,G,1/1,0,175,175
3295263,G,A,1/1,6,137,143
3296843,A,G,1/1,0,147,147
3298563,C,T,1/1,8,214,222
3299413,G,A,0/1,146,18,164
3308606,G,A,1/1,3,195,198
3312632,C,T,1/1,14,177,191
3336825,T,C,1/1,0,190,190
3338603,G,C,1/1,0,166,166
3351472,G,A,0/1,160,16,176
3352127,G,A,1/1,6,198,205
3354896,C,T,1/1,14,165,179
3358235,A,T,1/1,0,171,171
3363338,A,G,1/1,1,175,177
3367765,G,A,1/1,0,198,198
3388593,T,C,1/1,7,197,204
3393374,G,C,1/1,8,172,180
3402816,C,T,1/1,0,147,147
3407028,C,T,0/1,135,14,150
3414556,C,T,1/1,14,144,158
3415180,ACACCTAGGGGGTGGC,AC,0/1,27,102,130
3418328,TCG,GCA,1/1,13,143,156
3422742,C,T,1/1,10,158,168
3425854,C,T,1/1,0,192,192
3426795,C,G,1/1,10,149,159
3428917,C,A,1/1,1,194,195
3429202,T,G,1/1,8,176,184
3440464,TGTGG,GGTGC,1/1,0,164,164
3456666,A,G,1/1,0,172,172
3460986,G,A,1/1,17,168,185
3462135,G,C,1/1,0,187,187
3473996,GAG,GAAG,1/1,0,143,146
3478698,G,A,0/1,197,84,281
3478719,G,A,0/1,211,80,291
3479545,C,A,0/1,156,17,173
3480386,G,A,0/1,145,19,164
3486977,A,G,1/1,0,178,178
3493996,G,A,0/1,190,20,210
3498967,T,C,0/1,63,116,179
3503231,G,C,1/1,9,175,184
3503895,C,T,1/1,0,150,150
3504930,C,T,1/1,10,158,168
3514512,G,C,1/1,14,161,175
3518167,A,G,1/1,0,178,178
3518555,A,G,1/1,0,160,160
3545438,G,A,1/1,11,139,150
3548641,T,C,1/1,10,182,192
3556275,A,G,1/1,0,190,190
3561155,G,A,1/1,8,184,192
3567606,G,A,1/1,3,170,173
3580636,CTTTGC,CTTGC,1/1,0,148,149
3581414,A,G,1/1,0,155,155
3586152,A,T,0/1,158,16,175
3586158,A,T,0/1,158,16,174
3590686,GTC,GCTC,1/1,0,87,88
3591063,T,C,1/1,0,206,206
3594124,C,T,1/1,7,147,154
3595483,ACTGGCAGCGTAGTG,ACTGGCAGCGTAGTCTGGCAGCGTAGTG,0/1,14,69,86
3604821,G,C,1/1,0,137,137
3610441,C,T,1/1,15,177,192
3612009,C,T,1/1,9,158,167
3614982,T,C,1/1,0,219,219
3619806,C,G,1/1,12,172,185
3622441,A,C,1/1,0,165,165
3625065,T,G,1/1,0,193,193
3676977,G,A,1/1,11,128,139
3688969,G,A,0/1,19,155,174
3689523,G,T,1/1,0,175,175
3704596,G,C,1/1,1,179,180
3705806,A,C,1/1,11,160,173
3714211,G,T,1/1,1,162,163
3714757,A,C,1/1,0,168,168
3718357,C,T,1/1,0,168,168
3721806,G,C,1/1,0,191,191
3742991,AGGGGGGGATT,AGGGGGGATT,1/1,0,157,158
3743517,C,A,1/1,0,5,5
3743549,A,G,1/1,0,3,3
3769322,G,A,0/1,4,2,6
3771132,C,T,1/1,7,196,205
3776706,C,T,0/1,16,160,176
3791770,G,A,0/1,161,19,180
3793634,A,G,0/1,166,18,184
3794884,G,A,1/1,11,175,186
3798095,A,C,1/1,0,207,207
3798126,G,A,1/1,8,192,201
3805330,G,A,0/1,134,14,148
3817117,C,A,1/1,2,178,180
3820407,A,G,0/1,140,37,179
3820444,CGGCTT,CCAGCCTG,0/1,85,77,162
3820545,A,G,0/1,159,98,258
3823159,A,T,1/1,0,170,170
3825560,C,G,1/1,11,181,192
3826684,C,T,1/1,0,189,189
3829152,G,A,1/1,3,132,135
3829770,T,C,1/1,0,145,145
3838871,A,G,1/1,0,159,159
3842959,GAAA,AAAC,0/1,12,6,18
3842971,G,A,0/1,12,6,18
3842978,CGA,CAGA,0/1,11,6,18
3842983,TTA,ATG,0/1,13,6,20
3842992,CT,GC,0/1,15,6,21
3843001,G,A,0/1,15,6,21
3843024,AA,CG,0/1,16,6,22
3843032,G,A,0/1,15,7,22
3843749,GTGAG,TTTGA,0/1,21,13,34
3843760,T,C,0/1,18,13,31
3843857,A,G,0/1,8,2,10
3846279,C,T,0/1,6,2,8
3859376,C,T,1/1,3,159,162
3859893,C,T,1/1,0,169,169
3861125,G,T,1/1,11,157,168
3862472,GAACC,GACC,1/1,0,146,146
3864995,T,C,1/1,0,154,154
3873392,T,G,1/1,9,164,173
3874191,T,C,1/1,8,179,187
3877421,A,G,1/1,0,162,162
3881187,G,A,1/1,8,149,158
3885886,T,C,1/1,0,163,163
3892671,A,G,1/1,0,171,171
3896340,T,G,1/1,0,157,157
3898408,A,G,1/1,1,196,199
3952800,G,A,1/1,0,139,139
3958403,A,G,1/1,0,203,204
3959418,C,T,1/1,0,155,156
3964463,AGGGTTT,AGGTTT,1/1,15,158,173
3976276,T,G,1/1,5,148,153
3977226,G,A,1/1,15,165,180
3982925,C,T,0/1,68,107,175
3983271,T,G,1/1,10,178,188
4004878,A,C,1/1,9,161,170
4005607,T,C,1/1,0,209,209
4019103,G,T,0/1,178,21,199
4024273,T,C,1/1,0,160,160
4026899,G,A,1/1,0,144,144
4034827,C,T,1/1,2,195,197
4038287,G,A,1/1,15,161,176
4040951,G,T,0/1,114,17,131
4042761,G,A,1/1,7,135,142
4043365,G,T,1/1,12,179,191
4055801,G,A,1/1,0,188,189
4059904,A,G,1/1,0,169,169
4069292,G,A,1/1,0,186,186
4086468,G,A,1/1,11,159,170
4088346,G,A,1/1,9,151,160
4093879,TGGGGGCGCC,TGGGGCGCC,1/1,13,178,191
4095001,CGA,CA,1/1,0,142,143
4100835,G,C,1/1,9,181,190
4100975,T,C,1/1,0,182,182
4109354,A,C,1/1,6,199,205
4111303,G,C,1/1,0,176,176
4118601,A,G,1/1,12,171,183
4125549,G,C,1/1,12,160,172
4135112,G,A,1/1,8,146,154
4146330,A,G,1/1,5,195,200
4156099,C,A,1/1,0,143,143
4162339,A,G,1/1,1,220,221
4163944,A,G,0/1,16,148,164
4174564,T,C,1/1,11,164,175
4176931,C,T,1/1,16,202,218
4182695,G,A,1/1,0,205,205
4187485,T,C,1/1,0,161,161
4187817,A,G,1/1,0,169,169
4194000,CACGACGACGACGG,CACGACGACGG,0/1,139,19,159
4197138,CTTGC,CTTTGC,1/1,3,143,146
4198611,CGGGGGTGGA,CGGGGTGGA,1/1,0,147,147
4198899,T,C,1/1,8,141,149
4204441,A,G,1/1,0,183,183
4210274,A,G,1/1,0,145,145
4218350,T,C,1/1,10,137,147
4220174,G,A,1/1,11,150,161
4221490,C,G,1/1,0,199,199
4222073,A,G,1/1,0,182,182
4222882,A,G,1/1,0,162,163
4233299,G,A,1/1,11,185,196
4239763,C,T,1/1,16,170,186
4242643,C,T,1/1,2,166,169
4247429,A,G,1/1,8,147,155
4255922,A,G,1/1,0,187,187
4257220,A,G,1/1,0,185,185
4263367,G,C,1/1,13,132,145
4264218,CT,AG,1/1,5,145,150
4288405,G,T,0/1,21,182,203
4293072,G,A,1/1,13,175,188
4306155,C,T,1/1,0,126,126
4307179,G,A,1/1,0,183,184
4311871,G,A,1/1,8,147,155
4315384,T,C,1/1,2,186,188
4319652,G,A,1/1,3,175,178
4320050,A,G,1/1,12,173,185
4322450,CGATCGCAGCGTTCACGGTGCACGGGGTAGCGG,CGATCGCAGCGTTCACGGTGCACGGGGTAGCGGATCGCAGCGTTCACGGTGCACGGGGTAGCGG,0/1,64,11,78
4336090,AAC,ATAC,0/1,16,134,150
4338595,GCT,GT,1/1,0,155,155
4338732,G,A,1/1,0,161,161
4340330,T,G,1/1,13,189,202
4348418,G,A,0/1,167,19,186
4351039,G,T,1/1,1,188,189
4356110,G,C,1/1,0,155,155
4359195,G,A,1/1,12,172,184
4360119,C,G,1/1,5,158,163
4366272,G,C,1/1,0,202,202
4372661,T,C,1/1,4,211,215
4373475,C,G,1/1,8,161,169
4373496,C,G,1/1,10,163,173
4377447,G,A,1/1,10,179,189
4377609,G,C,1/1,6,173,179
4379680,C,G,1/1,0,163,163
4382054,T,C,1/1,0,181,181
4382275,G,T,1/1,0,154,154
4383094,A,G,1/1,2,143,145
4383144,CCCGT,CCGGGGCCGT,1/1,6,121,130
4383632,T,C,1/1,10,171,181
4390106,C,G,0/1,57,81,138
4390879,G,A,1/1,6,164,170
4391553,C,T,1/1,9,164,173
4395964,C,A,1/1,13,148,161
4398732,G,A,0/1,161,16,177
4400660,ACCCGCCCG,ACCGCCCG,1/1,0,106,106
4403900,A,G,1/1,10,201,211
4408156,A,C,1/1,9,160,169
