1302	C	A	0/1	104,84
1977	A	G	1/1	0,233
2532	T	C	0/1	81,112
4013	T	C	1/1	0,186
6112	G	C	0/1	102,99
7362	G	C	1/1	0,180
7585	G	C	1/1	0,165
8452	C	T	0/1	92,95
9143	T	C	0/1	92,89
9260	G	C	0/1	103,82
9304	G	A	1/1	0,188
11879	A	G	1/1	0,190
13175	A	G	0/1	103,61
13298	G	C	0/1	100,79
13460	A	G	0/1	70,69
14251	G	A	0/1	76,80
14401	A	G	0/1	95,95
14785	T	C	1/1	0,213
15088	C	T	0/1	88,71
15117	C	G	0/1	94,87
16526	C	T	0/1	68,56
17608	G	C	0/1	70,100
21795	G	A	1/1	0,170
21819	A	C	0/1	102,80
22961	T	G	0/1	101,78
23174	C	A	0/1	100,75
24698	GCCGCGTTGCTCGGGGTAAC	GC	0/1	72,21
26347	C	G	0/1	120,84
26959	C	G	1/1	2,191
27199	G	A	0/1	69,84
27469	ATAGG	GTAGT	0/1	79,82
27996	T	C	0/1	110,65
29789	G	A	0/1	85,96
30980	CCG	CCGATCG	0/1	104,63
31142	C	T	0/1	99,73
33457	C	T	0/1	80,91
33551	T	G	0/1	83,95
34044	T	C	1/1	0,215
34926	AGGCAAAGGA	AGGCAAAGGGGCAAAGGA	0/1	61,67
35097	T	C	0/1	112,78
36538	T	C	0/1	90,64
37031	C	G	1/1	0,180
39623	C	G	0/1	108,86
39758	A	G	0/1	117,77
40162	C	T	0/1	74,94
41151	C	A	0/1	62,63
42281	C	A	0/1	80,80
42967	G	C	1/1	0,169
43945	A	G	0/1	90,81
46735	G	A	0/1	114,108
49976	C	T	0/1	93,85
50854	T	C	0/1	105,94
51949	A	G	0/1	89,90
54394	A	G	0/1	96,68
59816	G	C	0/1	109,77
59896	ATG	AG	0/1	86,65
60821	C	T	0/1	73,83
62049	A	G	1/1	0,143
63771	C	T	0/1	94,85
64028	C	T	0/1	99,115
65159	G	A	0/1	90,86
65663	C	G	0/1	102,83
66892	C	G	0/1	96,71
68174	T	C	0/1	85,87
69989	G	A	1/1	0,142
70267	G	T	0/1	75,85
70816	A	G	1/1	0,172
71336	G	C	1/1	1,131
71584	CCG	CCGAGCGCTGTTCTGGCGCTAATCTGACGCTAGAATAGCG	0/1	59,9
74059	C	T	0/1	76,86
74737	T	G	0/1	75,78
75233	C	A	0/1	87,89
75421	G	A	0/1	81,90
75940	G	C	1/1	0,173
79281	CCCACATC	CCCACATCCACATC	0/1	83,59
79479	T	C	0/1	117,99
79504	TCGGTGGACCCGGTGGACCCGGTGGACCCGGTGGACCCGGTGGACCC	TCGGTGGACCCGGTGGACCCGGTGGACCCGGTGGACCC	0/1	35,47
82843	TCCCGT	TCCGT	0/1	95,89
83343	C	T	0/1	117,72
89200	G	T	0/1	118,73
89871	C	T	0/1	104,70
92199	T	G	1/1	0,188
97696	T	C	0/1	96,86
98966	G	C	0/1	92,75
101119	G	A	0/1	77,90
101727	G	A	0/1	75,76
103352	C	T	0/1	83,65
103600	A	G	0/1	93,60
109106	C	T	0/1	86,97
115499	T	G	0/1	89,79
116000	T	G	1/1	0,157
122109	A	G	1/1	0,190
123520	T	C	0/1	97,115
123740	TGC	TC	0/1	103,88
125830	GAAAAGT	GAAAAAGT	1/1	1,167
126803	A	G	0/1	102,101
126853	G	A	0/1	96,83
131174	TGGTGC	TGGGTGC	1/1	1,182
133839	C	T	1/1	0,181
133862	G	A	0/1	86,97
135542	G	A	0/1	94,101
137233	C	T	0/1	99,127
137673	G	A	0/1	95,92
139556	ACCCGT	ACCCCGT	0/1	85,91
139756	T	C	0/1	106,101
139954	A	C	0/1	109,121
143207	T	C	0/1	102,92
144433	CC	GT	0/1	96,60
144564	C	T	0/1	106,88
146087	T	C	1/1	0,161
146788	G	A	0/1	102,73
146872	C	T	0/1	89,84
147970	C	T	0/1	106,107
154283	T	C	1/1	0,198
157292	C	T	0/1	96,107
157663	G	A	0/1	86,97
160976	C	G	0/1	79,80
162226	G	A	0/1	92,91
162581	G	A	0/1	85,85
167986	C	T	0/1	70,46
168787	C	T	0/1	123,73
170523	TCCCCCGGCGGCGA	TCCCCGGCGGCGA	0/1	75,67
176303	C	T	0/1	75,85
177175	G	C	0/1	90,93
194040	C	A	0/1	108,106
194305	CCA	CGGCA	0/1	80,65
194681	G	C	1/1	0,179
195360	T	C	0/1	112,122
196642	C	T	1/1	0,206
196874	C	T	0/1	97,91
199470	T	G	0/1	82,76
200379	C	T	0/1	121,122
202886	G	C	0/1	91,78
203269	C	T	0/1	106,108
206339	T	C	1/1	0,179
206481	CGGG	GGGT	0/1	56,79
207226	T	C	0/1	105,85
208316	ATTCA	ATCA	0/1	86,73
208321	GT	GCG	0/1	85,72
211993	C	A	0/1	83,69
212353	C	T	0/1	69,81
215238	C	T	0/1	79,74
217201	T	C	0/1	91,55
223747	CGGGGCCCC	CGGGGGCCCC	0/1	99,84
223942	T	C	1/1	1,158
225315	G	A	0/1	121,67
225323	T	C	1/1	0,188
225668	C	T	0/1	99,98
226676	G	A	0/1	102,64
227098	T	C	1/1	1,168
230576	GTC	GTTC	0/1	98,76
231114	C	G	1/1	0,163
233358	A	C	0/1	83,67
233364	G	C	0/1	94,74
234051	G	A	0/1	76,79
234477	T	G	1/1	5,114
234496	CCT	CGTCT	1/1	0,94
235681	G	A	0/1	95,85
236512	C	T	0/1	101,114
241465	G	A	0/1	94,77
243598	A	G	0/1	79,83
244550	A	G	0/1	90,59
251575	G	A	0/1	91,93
251669	T	C	0/1	103,98
251938	G	T	0/1	84,69
254903	C	A	0/1	90,99
257301	CCGTCGGCGAC	CC	0/1	105,48
257788	GCCGT	GAGGATCATCAAGGGTGCGTCGCGGAAGTACCGT	0/1	99,14
260282	G	T	0/1	80,64
261869	T	C	1/1	0,152
263057	T	G	0/1	93,62
263149	A	C	0/1	82,33
264298	C	A	0/1	98,99
264984	C	G	0/1	89,79
265170	CGGGCA	CGGCA	0/1	103,80
265554	A	C	1/1	0,180
272678	C	T	0/1	96,94
273568	G	T	0/1	71,62
278681	C	G	1/1	0,152
281454	C	A	0/1	101,79
282188	G	A	0/1	113,104
282604	A	T	0/1	86,111
282822	C	G	0/1	78,78
283614	T	C	1/1	2,213
285772	A	C	1/1	0,139
285871	A	G	1/1	0,159
290374	T	C	0/1	87,58
291977	G	A	0/1	107,100
293628	ACCCCCGA	ACCCCCCGA	0/1	79,62
293704	CTTTTTGGGC	CTTTTGGGC	0/1	81,74
294170	G	A	0/1	101,96
297396	G	A	0/1	103,78
302615	T	C	0/1	86,95
303414	C	T	0/1	81,92
304923	A	G	0/1	113,86
310973	G	A	1/1	0,171
311613	G	T	1/1	0,177
316129	C	G	0/1	80,90
320180	A	G	0/1	73,82
325505	T	C	0/1	90,81
326002	A	G	0/1	77,62
331588	G	A	0/1	85,79
333212	G	C	0/1	70,61
333292	A	G	0/1	76,97
336380	A	T	0/1	151,78
336400	CAGCGA	GAGGGG	0/1	139,74
336504	G	T	0/1	192,155
336535	TGTTGG	GGGTGT	0/1	170,120
336546	T	G	0/1	168,123
336557	CGGTTACA	CTGGCTATGGCA	0/1	150,63
342146	A	C	0/1	94,121
343281	G	C	0/1	86,72
343453	G	T	0/1	86,110
344288	C	G	0/1	86,62
346275	C	G	1/1	0,166
351875	G	A	0/1	85,95
356528	A	G	1/1	0,147
357582	G	A	0/1	102,72
361081	G	A	0/1	114,103
376774	T	C	1/1	0,187
378357	T	G	0/1	111,106
378939	G	C	0/1	91,70
381030	A	G	0/1	105,99
382822	G	A	0/1	97,101
384380	A	C	1/1	0,149
386432	C	G	1/1	0,162
390828	T	C	1/1	0,166
391853	A	G	0/1	83,67
392261	T	C	0/1	94,51
393941	C	T	0/1	92,104
396750	G	A	0/1	86,73
397071	A	G	0/1	92,90
403980	G	A	1/1	6,179
404326	T	C	1/1	0,197
406023	G	C	0/1	103,77
406274	T	C	0/1	97,68
406599	G	A	0/1	103,86
408723	C	T	0/1	81,87
412280	T	G	0/1	113,89
414486	C	T	1/1	3,198
416475	CAG	CAAG	0/1	103,77
420008	A	G	1/1	0,161
420405	C	T	0/1	83,104
424250	A	G	0/1	98,89
437128	G	A	0/1	54,82
438271	G	A	0/1	99,70
439711	T	C	0/1	77,101
440510	G	T	0/1	119,86
442988	G	A	0/1	91,84
444351	G	T	0/1	62,96
445400	C	T	0/1	99,81
445780	C	T	0/1	104,67
446747	C	T	0/1	89,89
447442	C	T	0/1	84,83
447525	G	C	0/1	102,93
451029	C	A	0/1	100,97
452288	C	T	0/1	84,63
453659	C	A	0/1	105,64
454295	T	C	1/1	0,151
455325	CGGGT	GGGGC	0/1	118,93
456487	C	A	0/1	114,85
456511	G	A	0/1	113,71
457452	T	G	1/1	0,165
459399	A	C	1/1	0,122
468357	A	G	0/1	82,85
469042	C	T	0/1	84,115
471666	A	G	0/1	109,73
472705	T	C	0/1	77,99
478358	C	T	0/1	123,95
483935	T	G	0/1	91,103
485230	C	T	0/1	108,149
485584	G	T	0/1	97,114
485785	T	G	0/1	78,144
489935	G	C	1/1	2,219
491742	T	C	0/1	95,114
492150	G	C	0/1	78,72
492655	G	A	0/1	92,95
495198	A	G	0/1	101,68
495473	C	T	0/1	94,81
498531	A	G	0/1	126,95
498557	C	A	1/1	1,203
500523	GT	AC	0/1	122,15
502589	C	G	1/1	2,193
503354	G	C	1/1	1,219
505974	G	A	0/1	91,83
508435	C	T	0/1	79,87
510831	TCCGGGGGGCGCAC	TC	0/1	75,68
513257	T	C	1/1	1,143
514657	T	G	0/1	98,84
517358	T	C	0/1	94,87
517411	A	G	0/1	91,85
519185	T	G	0/1	84,81
522081	A	G	0/1	97,93
524891	C	A	0/1	88,69
526385	G	T	0/1	91,82
527050	G	A	0/1	81,89
527316	C	G	0/1	92,57
528354	C	A	0/1	104,79
528781	G	A	0/1	100,87
532367	T	C	0/1	111,69
534427	T	A	0/1	97,89
534691	C	T	0/1	129,103
534864	G	T	0/1	103,110
541201	A	G	1/1	0,192
542959	C	T	0/1	92,71
546357	A	G	0/1	97,90
549251	C	T	0/1	82,106
551525	A	C	1/1	0,168
554523	C	T	0/1	107,73
555945	T	C	0/1	110,92
555991	A	G	0/1	100,95
556035	G	T	0/1	88,82
557133	G	A	0/1	86,98
560664	CAA	TAG	0/1	82,85
562497	C	T	0/1	91,111
563420	T	C	0/1	87,105
564723	C	T	0/1	82,90
565404	G	T	0/1	96,78
565655	A	G	0/1	112,89
566980	C	T	0/1	120,79
567065	C	G	0/1	99,77
568693	G	T	0/1	90,80
571943	G	A	0/1	85,89
573262	A	G	1/1	0,161
573384	T	G	0/1	91,77
574757	G	T	0/1	84,66
575368	T	C	0/1	99,70
584171	T	C	0/1	82,97
584438	G	A	0/1	92,83
584511	G	T	0/1	88,99
589536	G	A	0/1	66,80
590436	T	C	1/1	0,177
590763	G	C	0/1	98,102
591965	G	A	0/1	98,100
592584	A	G	0/1	86,110
595374	T	C	0/1	149,147
595432	C	T	0/1	246,36
595501	G	A	0/1	83,76
596833	CGGGGGGCT	CGGGGGCT	0/1	109,87
597816	A	G	1/1	0,192
598020	TTAC	CTAT	0/1	210,25
598029	AT	GG	0/1	211,25
598043	GCG	CAC	0/1	209,27
598076	TTCA	ATCG	0/1	190,67
598095	GA	CG	0/1	185,46
598104	T	C	0/1	192,39
598111	T	C	0/1	190,36
598117	A	G	0/1	176,25
598128	CA	GG	0/1	177,23
598475	G	A	1/1	2,182
599868	A	G	0/1	78,105
610120	T	G	1/1	0,200
615938	G	A	0/1	105,83
621390	G	A	0/1	103,92
627350	C	G	0/1	84,85
632330	G	T	0/1	65,86
637319	G	A	1/1	0,187
637922	C	T	0/1	82,103
638558	A	C	0/1	94,93
639835	C	T	0/1	100,101
640233	C	T	0/1	108,74
641791	G	T	0/1	96,77
643101	A	G	0/1	73,108
643449	C	T	0/1	82,73
643483	G	A	0/1	89,72
645445	C	T	0/1	89,97
646163	C	A	0/1	86,87
646531	A	T	0/1	73,99
648002	T	G	1/1	0,210
648856	T	C	0/1	104,72
649345	C	T	0/1	95,52
654996	C	T	0/1	84,91
655707	G	A	0/1	73,68
655986	T	G	0/1	95,91
657578	A	G	0/1	65,81
659341	T	C	0/1	92,73
662911	T	C	0/1	84,84
663410	A	C	0/1	152,26
663418	AGC	CAA	0/1	142,26
663429	T	G	0/1	158,28
663907	G	A	0/1	88,93
664249	C	T	0/1	103,110
665293	A	G	1/1	0,194
667659	C	T	0/1	97,103
669398	T	C	1/1	0,172
670545	G	A	0/1	118,88
678440	C	T	0/1	111,93
682713	C	A	0/1	91,93
684290	A	G	0/1	114,99
685461	C	G	1/1	0,185
685608	T	C	1/1	0,189
685955	G	A	0/1	101,110
686066	A	G	0/1	74,62
686972	T	C	1/1	0,182
687602	C	A	0/1	79,73
688792	TGGGGCGG	TGGGGGCGG	0/1	88,84
690248	C	A	0/1	68,67
690450	A	C	0/1	82,59
690465	T	G	1/1	0,136
698968	G	A	1/1	0,194
700776	T	C	0/1	103,68
703945	A	T	0/1	92,87
704997	G	A	0/1	76,65
705602	T	C	0/1	82,66
705609	G	A	0/1	86,66
709226	G	A	0/1	87,102
712192	GCCC	GACCC	0/1	79,59
712693	A	G	0/1	94,73
713310	T	C	0/1	84,81
715266	A	G	0/1	90,101
716324	G	A	0/1	77,68
717537	C	T	0/1	92,82
717588	A	G	0/1	84,82
718984	G	A	0/1	92,66
720049	C	A	0/1	91,81
720863	G	T	0/1	121,87
722852	G	A	0/1	81,70
724712	TGGGCGCG	TGGCGCG	0/1	59,79
726498	C	A	0/1	65,56
726703	C	A	0/1	114,88
727020	G	T	0/1	77,43
730087	G	A	0/1	129,83
733798	G	C	0/1	85,113
734116	T	C	0/1	106,106
736710	T	C	0/1	92,104
740281	C	A	0/1	91,96
749968	T	C	0/1	91,91
751017	T	C	0/1	85,83
751264	C	T	0/1	107,88
752046	C	T	0/1	118,106
752343	A	G	0/1	91,98
753392	T	C	0/1	83,100
753668	C	T	0/1	78,96
754186	A	G	1/1	2,176
754387	G	A	0/1	71,59
757182	A	G	0/1	104,91
761140	A	T	0/1	82,75
761155	C	T	0/1	76,89
761345	G	A	0/1	81,92
763031	T	C	0/1	91,92
763531	G	C	0/1	104,94
763884	CCC	TCA	0/1	96,70
764809	C	T	0/1	109,75
764817	T	C	0/1	74,104
764995	C	G	0/1	105,101
767414	G	A	0/1	94,65
767480	C	G	0/1	76,89
767609	A	G	0/1	125,102
769962	GCCCTA	GCCTA	0/1	68,68
770657	G	A	0/1	71,88
772089	C	T	0/1	84,87
773449	G	A	0/1	111,85
773809	G	A	0/1	84,93
775639	T	C	1/1	0,190
776100	G	A	0/1	82,70
781395	T	C	1/1	0,183
784440	G	T	0/1	96,105
786137	A	C	0/1	78,68
790083	C	T	0/1	102,102
790180	A	G	0/1	94,106
793702	C	T	0/1	98,93
796509	G	T	0/1	71,93
797597	C	T	0/1	85,92
799136	ACCCCCCCTAC	ACCCCCCTAC	0/1	76,68
800357	C	A	0/1	87,76
810287	C	G	0/1	87,99
811492	C	G	0/1	88,104
812502	C	T	0/1	98,96
815236	T	C	0/1	132,101
815851	A	G	0/1	80,62
817696	G	A	0/1	96,89
819213	T	C	0/1	95,93
820483	G	T	1/1	0,142
820752	C	T	0/1	85,84
821907	T	C	0/1	80,56
824429	C	T	0/1	112,95
829719	G	A	0/1	66,75
830868	GGCGCGCGCGT	GGCGCGCGCGCGT	0/1	116,80
835526	G	A	0/1	88,72
838439	G	T	0/1	81,92
841494	CA	GG	0/1	103,61
841764	G	C	1/1	0,173
843391	G	A	0/1	102,86
847995	T	C	0/1	85,91
850985	A	G	0/1	96,81
852289	G	A	0/1	87,89
852910	C	T	1/1	0,141
854252	GCCCCCCCCCAGG	GCCCCCCCCAGG	1/1	3,175
857696	A	G	1/1	1,184
859131	CGGTA	CAGGTA	0/1	84,74
864166	C	T	0/1	94,82
865761	C	T	0/1	90,64
871271	A	C	0/1	107,78
874835	CCA	CCGCA	1/1	0,169
880562	G	T	1/1	0,176
882257	T	C	1/1	0,171
884134	C	G	0/1	86,83
885542	G	C	0/1	93,79
885689	G	T	0/1	92,86
888774	G	A	0/1	157,60
893733	T	G	1/1	0,203
894888	T	C	0/1	78,80
895082	A	G	0/1	102,84
895120	C	T	0/1	78,74
898477	A	G	0/1	109,64
900221	T	C	1/1	0,141
903550	T	C	1/1	0,195
903913	T	C	1/1	0,164
906857	A	G	1/1	0,224
910015	C	A	0/1	91,102
911261	T	C	0/1	90,75
913274	C	G	0/1	107,96
916046	T	G	0/1	84,65
919466	C	A	0/1	91,90
923267	G	A	0/1	97,97
930496	C	G	0/1	90,68
931123	T	C	0/1	93,89
932280	T	C	0/1	76,76
933699	G	T	0/1	85,85
934230	C	G	0/1	94,100
934611	G	T	0/1	91,67
938246	A	G	0/1	98,81
940486	G	A	0/1	105,65
941503	G	T	0/1	125,108
941845	C	A	0/1	78,95
942479	T	C	0/1	107,86
945214	G	A	1/1	0,204
945972	C	T	0/1	81,86
947176	C	G	0/1	116,75
948294	T	C	0/1	94,81
949535	T	C	1/1	1,172
951142	C	A	0/1	110,86
952597	C	T	0/1	107,103
952810	CTTCC	CTCC	0/1	82,44
955524	A	G	1/1	0,169
957117	T	C	0/1	121,98
959346	C	T	0/1	88,91
960367	A	G	0/1	80,61
967599	CGCGA	CGCGGCGA	0/1	70,56
970476	C	G	0/1	77,69
976043	G	T	0/1	95,61
979704	G	C	1/1	1,164
980501	G	C	0/1	98,63
986463	G	C	1/1	1,169
987601	C	T	0/1	121,99
990001	G	C	1/1	2,162
990383	G	A	0/1	85,47
990521	G	A	0/1	96,77
990533	T	C	0/1	75,94
991640	G	A	0/1	119,95
993346	A	C	1/1	0,223
996219	G	A	0/1	102,142
997143	CGGAT	CGGGAT	0/1	84,98
1002342	T	C	0/1	101,103
1009490	C	T	0/1	103,103
1010204	CGGTT	CGGGTT	1/1	0,175
1011198	G	C	0/1	93,94
1011286	T	C	0/1	76,103
1014815	T	G	0/1	121,87
1022613	G	A	0/1	78,89
1024346	A	G	0/1	84,88
1025106	T	C	1/1	0,222
1029997	A	G	0/1	86,83
1032241	G	T	0/1	94,107
1032524	T	C	0/1	96,100
1032913	G	T	0/1	103,103
1036484	G	A	0/1	99,96
1037012	T	C	1/1	0,167
1037355	T	C	0/1	76,101
1037911	C	T	1/1	0,179
1038500	T	G	0/1	88,106
1040067	CGGTC	CGTC	0/1	91,84
1040706	A	C	0/1	94,69
1041129	C	T	0/1	86,92
1041445	C	T	0/1	124,97
1043136	C	T	0/1	99,90
1047051	G	A	0/1	79,95
1047165	T	C	1/1	0,207
1048102	G	A	0/1	106,89
1054784	C	G	0/1	104,97
1055049	C	T	0/1	69,100
1055126	C	T	0/1	95,98
1057788	T	G	0/1	86,110
1061386	T	C	0/1	80,35
1061676	GTGCT	GT	0/1	116,95
1061858	C	T	0/1	126,92
1063602	A	C	0/1	75,123
1063765	G	A	0/1	120,100
1063922	C	T	0/1	101,64
1065742	G	A	0/1	93,78
1066038	A	G	0/1	97,64
1068151	T	C	1/1	0,201
1068432	A	G	1/1	0,155
1070381	A	G	0/1	68,58
1070702	T	C	1/1	0,140
1071797	C	G	0/1	90,98
1072342	A	G	0/1	89,64
1074558	G	A	1/1	0,176
1075167	GCATC	GC	0/1	61,88
1075279	T	C	1/1	0,183
1076309	G	T	1/1	2,177
1077312	A	G	1/1	0,143
1077624	GCCCCCGGCA	GCCCCGGCA	0/1	71,90
1077754	C	T	0/1	86,95
1078398	G	A	0/1	96,102
1079927	C	A	1/1	0,168
1080192	G	A	0/1	120,71
1081211	T	G	0/1	85,92
1081681	T	C	1/1	0,168
1083755	A	G	0/1	114,86
1085623	A	G	0/1	90,70
1086648	C	A	0/1	97,89
1087193	G	C	1/1	1,192
1088502	G	A	0/1	80,77
1090188	AGGGCCA	AGGGGCCA	0/1	75,67
1093322	C	T	0/1	57,83
1094472	G	A	0/1	90,27
1094538	T	G	0/1	93,81
1097023	G	A	0/1	86,85
1098523	T	A	0/1	96,105
1099212	C	T	0/1	94,79
1100234	T	C	1/1	0,193
1103249	C	T	0/1	145,112
1104634	C	T	0/1	93,141
1104690	T	G	0/1	96,132
1105284	G	A	0/1	113,145
1106422	T	C	1/1	0,183
1107434	A	T	0/1	91,107
1107917	G	T	0/1	88,105
1107940	A	C	0/1	105,88
1109163	C	G	0/1	78,78
1109975	A	G	1/1	0,156
1110514	C	T	0/1	89,101
1110956	T	G	0/1	81,108
1111518	T	C	0/1	69,86
1111784	C	T	0/1	47,111
1113290	G	C	0/1	115,85
1117405	C	T	0/1	100,103
1119739	C	T	0/1	94,62
1121074	CCGCA	TCGCC	0/1	89,35
1121623	C	T	0/1	69,49
1123597	A	G	0/1	70,83
1126889	G	C	1/1	0,164
1127648	C	A	1/1	0,164
1128814	G	A	0/1	104,88
1131229	CGA	CGGA	0/1	97,67
1131300	G	A	0/1	101,60
1132368	C	T	0/1	119,97
1136017	A	G	0/1	83,93
1139222	G	A	0/1	92,97
1142266	A	C	0/1	59,97
1143832	A	C	0/1	103,71
1144585	A	G	0/1	93,83
1148259	A	G	0/1	82,86
1149551	C	T	1/1	0,153
1150321	TGCCCGACAGCAAGG	TG	0/1	90,73
1150585	G	A	1/1	2,150
1151485	CGTGTGTC	CGTGTC	0/1	86,66
1154174	G	A	0/1	106,93
1155700	C	T	0/1	81,112
1157771	G	C	0/1	83,91
1164336	G	A	0/1	90,76
1164521	C	T	0/1	89,74
1164571	A	G	0/1	61,93
1168323	A	G	0/1	123,81
1168715	CTTCC	CTTTCC	1/1	0,139
1171364	C	T	0/1	90,102
1177641	ACCCCCAAAT	ACCCCAAAT	0/1	89,94
1178116	T	C	1/1	0,197
1184826	G	T	0/1	108,78
1186461	G	A	0/1	88,61
1192830	G	A	0/1	111,89
1196889	A	G	0/1	96,114
1197877	TGGGAT	TGGAT	0/1	82,76
1199019	T	C	0/1	109,73
1199547	G	A	0/1	71,76
1200418	A	G	1/1	0,199
1201291	A	G	0/1	98,122
1203824	T	C	0/1	106,107
1205936	A	G	0/1	108,106
1207431	A	G	0/1	70,101
1211369	A	C	0/1	109,110
1220570	G	T	0/1	91,81
1220680	T	C	1/1	0,157
1224331	CTG	CG	0/1	100,12
1224340	C	G	0/1	102,13
1224347	CGT	CAGT	0/1	90,10
1224367	T	C	1/1	0,119
1225126	G	A	0/1	91,81
1228116	A	G	0/1	98,66
1230778	G	A	0/1	84,88
1235446	T	C	0/1	96,66
1237403	G	A	0/1	91,66
1244768	G	A	0/1	103,88
1246231	TTCGACG	TTCGACTCGACG	0/1	84,43
1248382	A	G	0/1	79,69
1248936	G	C	0/1	63,106
1248978	T	C	1/1	0,156
1250340	A	G	0/1	78,59
1250357	T	G	0/1	72,65
1251199	C	T	0/1	84,76
1254562	A	G	0/1	89,82
1257032	G	A	0/1	85,84
1257343	C	G	0/1	126,73
1258324	A	G	0/1	86,90
1262230	C	T	0/1	84,74
1266565	C	T	0/1	94,103
1268649	C	T	0/1	79,88
1271143	AGGAA	AGGGAA	0/1	84,70
1273250	GCT	GACT	0/1	109,79
1275957	T	C	0/1	88,75
1280439	C	T	0/1	98,92
1281118	T	C	1/1	0,206
1281443	C	G	0/1	86,85
1281515	G	A	0/1	114,90
1281771	T	C	0/1	82,92
1287112	T	C	0/1	77,98
1287160	A	C	0/1	105,95
1287234	A	C	0/1	89,87
1292102	A	G	1/1	2,157
1297327	G	A	0/1	88,83
1297397	G	A	0/1	92,77
1297999	T	G	0/1	88,84
1302821	G	A	0/1	103,106
1306259	A	G	0/1	112,107
1307373	G	A	0/1	84,84
1307598	C	G	1/1	0,170
1310316	C	T	0/1	85,60
1313337	AA	AGC	1/1	0,67
1314617	C	T	0/1	109,91
1315191	A	C	1/1	0,179
1315746	G	A	0/1	98,67
1315884	G	A	1/1	0,171
1316480	G	C	0/1	79,92
1317059	C	A	0/1	76,55
1320508	G	A	0/1	84,108
1320614	C	G	0/1	93,123
1327890	G	A	1/1	0,169
1327942	C	G	0/1	87,101
1328687	G	C	1/1	0,199
1338794	TCGGCGGCGGCGGT	TCGGCGGCGGT	0/1	83,90
1344857	C	T	0/1	96,55
1348518	GCCAG	GG	0/1	80,73
1348554	G	A	0/1	115,73
1351172	A	G	0/1	105,71
1353658	G	C	0/1	85,88
1354437	A	C	0/1	106,88
1356648	C	T	0/1	86,85
1358940	C	A	0/1	104,79
1360209	T	C	1/1	0,166
1362006	T	C	0/1	92,95
1363194	G	A	0/1	113,109
1367484	T	G	0/1	104,91
1368947	A	G	0/1	78,67
1369389	C	T	0/1	99,75
1369735	G	A	0/1	75,76
1373170	G	C	0/1	73,78
1374065	T	C	1/1	0,186
1374578	C	T	0/1	87,93
1374639	T	A	0/1	94,80
1375724	A	C	1/1	0,167
1378958	C	T	0/1	132,104
1382628	T	C	1/1	0,147
1387211	G	A	0/1	99,81
1389738	G	A	0/1	85,64
1389866	C	T	0/1	109,97
1390763	C	T	0/1	92,107
1393208	G	A	0/1	117,97
1393626	A	G	1/1	0,156
1395010	A	G	0/1	68,76
1396922	T	C	1/1	0,162
1397201	A	G	0/1	104,75
1397215	C	G	0/1	107,77
1400396	A	G	0/1	113,86
1401206	G	A	0/1	98,68
1404169	T	G	0/1	65,93
1406312	A	G	0/1	118,87
1409030	CGGATTTCTATTT	CT	0/1	103,60
1410062	G	C	0/1	84,92
1411210	T	G	1/1	0,163
1413148	C	T	1/1	0,134
1414021	C	T	1/1	0,206
1414621	C	A	0/1	161,71
1414629	T	A	0/1	157,59
1414653	C	T	0/1	159,66
1415097	C	G	0/1	147,60
1416222	A	G	0/1	172,57
1416232	ACA	GCC	0/1	169,59
1416898	G	A	0/1	102,96
1417019	C	T	0/1	86,71
1417554	G	C	0/1	115,104
1417793	G	A	0/1	97,77
1419602	T	C	0/1	112,116
1424699	T	C	0/1	110,112
1426928	C	T	0/1	93,93
1428506	G	T	0/1	45,70
1440469	C	G	1/1	0,153
1443354	C	T	0/1	110,89
1443428	G	A	0/1	158,36
1443899	T	C	0/1	80,70
1444188	CGGCTGGCTG	CGGCTG	0/1	76,80
1445474	G	A	0/1	94,87
1445781	A	G	1/1	0,174
1445977	C	T	0/1	85,112
1446923	T	G	0/1	78,106
1447774	C	T	0/1	70,83
1448907	A	G	0/1	82,82
1452071	C	A	0/1	106,101
1453165	C	G	0/1	113,75
1453996	C	G	0/1	101,76
1457144	C	T	1/1	0,151
1458144	C	A	0/1	90,54
1460907	T	C	0/1	68,84
1462661	C	G	0/1	80,81
1468150	C	T	0/1	87,124
1471659	C	T	1/1	2,204
1472359	A	T	0/1	74,87
1473080	C	G	0/1	95,99
1478222	C	G	0/1	83,82
1479085	T	C	0/1	76,63
1482627	T	C	1/1	0,198
1484708	A	C	1/1	0,147
1488114	CA	TG	0/1	92,12
1490905	A	G	0/1	101,106
1490911	G	A	0/1	106,97
1491543	G	A	0/1	97,78
1492194	T	C	0/1	115,69
1496964	G	T	0/1	94,83
1499274	C	G	1/1	0,156
1505194	T	C	0/1	90,81
1505973	G	A	0/1	94,90
1509283	G	A	0/1	113,51
1510649	C	T	0/1	76,81
1512031	T	G	0/1	89,75
1514010	G	T	0/1	90,83
1516380	T	C	0/1	103,66
1521526	T	C	0/1	83,104
1521776	T	G	0/1	93,80
1522862	C	T	0/1	85,88
1523175	A	C	0/1	90,87
1523791	A	G	0/1	99,108
1525160	G	A	0/1	92,119
1526819	C	A	1/1	0,219
1527449	GTG	GTTG	0/1	114,73
1533999	G	C	0/1	126,86
1534548	G	A	0/1	90,120
1535643	C	T	0/1	119,101
1536251	G	T	1/1	0,151
1540141	T	C	0/1	78,79
1541129	C	T	0/1	102,96
1544255	C	T	0/1	89,99
1546703	C	T	0/1	120,80
1547125	T	C	1/1	0,197
1548087	G	A	0/1	93,95
1552547	G	A	1/1	1,137
1553855	C	T	0/1	101,86
1558450	G	A	0/1	89,95
1559562	C	A	0/1	111,70
1560912	G	A	0/1	91,66
1563686	G	T	0/1	89,74
1563717	C	T	1/1	0,153
1567985	A	G	0/1	88,46
1568178	C	T	0/1	106,77
1569878	G	T	0/1	91,85
1570513	G	T	0/1	85,82
1570566	C	A	1/1	1,175
1574206	T	C	0/1	78,105
1575793	A	G	0/1	115,63
1578829	T	G	0/1	89,43
1579825	G	A	0/1	84,101
1580181	G	A	0/1	106,61
1580283	A	G	0/1	86,64
1581377	C	T	0/1	107,110
1584379	A	C	0/1	65,62
1585283	A	C	0/1	89,70
1585404	G	A	0/1	89,52
1586249	C	T	0/1	105,105
1588456	A	G	0/1	74,75
1588899	G	T	1/1	0,167
1589739	C	T	0/1	92,81
1590555	C	T	0/1	108,90
1592538	A	G	0/1	116,94
1594698	C	T	0/1	88,95
1600164	C	T	0/1	98,70
1600685	C	T	0/1	101,64
1601528	C	T	0/1	109,88
1604290	A	T	0/1	104,93
1606357	GTTGC	GTGC	0/1	97,57
1608276	A	C	0/1	114,86
1609840	A	G	1/1	0,177
1611283	T	C	0/1	93,102
1612595	C	G	0/1	145,22
1612600	GGGGATT	CGGTATC	0/1	131,20
1612621	CGGTATCGGTACCGGTGCGCCAGGGA	AGGGATCGGTACCGGTGCGCCAGGGA	0/1	47,31
1612648	T	C	0/1	113,82
1613035	T	C	1/1	0,190
1613355	T	G	0/1	119,86
1613927	C	A	0/1	84,65
1613960	G	T	0/1	89,94
1616831	A	G	0/1	78,87
1617833	C	T	0/1	89,67
1623789	C	T	0/1	68,71
1624791	C	G	1/1	0,152
1625259	A	C	0/1	82,87
1625347	CGGGCA	CGGGGCA	0/1	89,85
1627351	T	C	0/1	103,81
1629128	G	C	0/1	48,93
1630148	A	C	1/1	0,198
1639418	A	G	0/1	91,87
1639594	C	A	1/1	1,137
1639643	T	C	0/1	77,55
1640442	C	T	0/1	107,77
1645802	T	C	1/1	2,220
1647830	G	A	0/1	78,85
1650072	A	G	1/1	0,171
1652831	C	T	0/1	66,86
1657843	G	A	0/1	115,70
1658535	G	T	0/1	87,77
1659902	T	C	0/1	80,66
1659994	C	T	0/1	94,72
1668914	C	G	0/1	114,97
1673425	C	T	0/1	100,76
1674162	C	T	0/1	93,97
1676290	C	A	1/1	3,218
1676308	T	C	0/1	105,107
1676662	C	G	0/1	81,80
1677765	C	T	0/1	104,105
1679833	C	A	0/1	91,74
1688300	T	C	0/1	87,65
1689349	C	T	1/1	2,167
1691520	T	G	0/1	80,105
1691799	C	T	0/1	95,132
1692141	A	C	1/1	1,251
1692795	G	C	0/1	92,87
1693262	GAAAAACAC	GAAAACAC	0/1	74,122
1693561	A	G	1/1	0,191
1694547	A	C	0/1	83,94
1695674	G	A	0/1	105,115
1696499	GGGTGC	GCGGTGGTGC	0/1	104,110
1697633	T	C	0/1	114,98
1698911	G	A	1/1	1,199
1699744	T	C	0/1	105,77
1699849	G	A	0/1	93,92
1706119	T	C	1/1	0,185
1706746	C	A	0/1	105,96
1709432	C	T	0/1	94,96
1709899	A	C	0/1	94,92
1712671	G	A	0/1	128,92
1713192	A	G	0/1	90,84
1714837	C	T	0/1	96,90
1715799	C	A	0/1	71,94
1716472	A	G	0/1	92,79
1716649	C	T	0/1	106,77
1718444	T	C	0/1	80,63
1718761	C	T	0/1	87,87
1719322	G	A	1/1	0,95
1721428	GAAAAAAACCG	GAAAAAACCG	0/1	86,50
1721490	C	G	0/1	89,56
1721831	G	T	0/1	110,98
1724120	G	A	0/1	70,76
1726816	G	T	0/1	70,66
1727763	A	C	0/1	47,83
1728615	A	C	0/1	88,76
1728837	A	G	1/1	0,180
1731563	A	T	0/1	69,72
1734994	C	T	0/1	75,129
1735903	A	G	0/1	102,89
1736638	C	T	0/1	82,100
1739390	A	G	0/1	80,57
1740771	A	C	0/1	73,96
1745446	T	A	0/1	110,106
1753519	GCCCCGT	GCCCCCGT	1/1	0,123
1754016	GCCCCCGGC	GCCCCCCGGC	0/1	104,79
1754299	A	C	0/1	81,96
1754983	C	T	0/1	104,96
1755599	C	T	0/1	73,117
1756732	G	A	0/1	76,55
1757029	GAT	GT	0/1	87,96
1758180	T	C	0/1	84,76
1758790	C	T	0/1	87,69
1759252	G	T	1/1	0,145
1760292	A	G	1/1	0,149
1760460	C	T	0/1	109,114
1760923	T	C	0/1	100,118
1766689	GCAC	GC	0/1	97,96
1769099	C	A	0/1	95,102
1771320	G	A	0/1	81,101
1777213	C	G	0/1	38,105
1778430	T	C	1/1	0,176
1791823	T	C	0/1	82,57
1792777	TT	CC	0/1	100,100
1793769	C	T	0/1	81,98
1797577	A	G	0/1	93,84
1798355	G	A	1/1	0,157
1803265	G	A	1/1	0,170
1804409	C	A	1/1	0,190
1805948	C	T	0/1	85,86
1817976	A	T	1/1	0,141
1826054	T	C	0/1	125,99
1826343	C	T	0/1	101,98
1826624	G	A	0/1	118,78
1827553	C	G	0/1	91,80
1828826	CGTACCCGA	CGGGTACGA	0/1	87,17
1829576	C	T	0/1	119,72
1832293	G	C	0/1	110,93
1832642	GG	TC	0/1	93,67
1836286	G	C	1/1	0,152
1839260	T	G	0/1	81,64
1839329	G	A	0/1	105,59
1839759	G	C	0/1	91,88
1841313	G	A	0/1	87,100
1847811	A	C	0/1	116,104
1847919	C	G	1/1	0,215
1848147	C	A	0/1	94,67
1849191	T	C	0/1	97,89
1849609	T	C	0/1	100,89
1851048	A	C	0/1	97,97
1853974	C	T	0/1	82,75
1854300	T	C	1/1	0,132
1856777	G	C	1/1	0,184
1859559	C	A	0/1	92,87
1859989	C	T	0/1	77,75
1861274	G	A	0/1	89,85
1866104	GA	TT	0/1	60,60
1872959	A	G	0/1	102,51
1873954	G	T	0/1	77,46
1874993	CGGGGGAC	CGGGGAC	0/1	69,52
1875295	C	T	0/1	95,86
1875881	TGGGCC	TA	0/1	58,53
1876739	T	G	0/1	85,99
1885772	G	A	1/1	1,191
1885858	C	T	0/1	101,50
1886263	C	G	0/1	92,97
1886859	C	A	0/1	97,112
1887284	G	A	0/1	71,80
1889073	G	C	0/1	81,85
1894300	GGC	GGTCTTGCCGCGC	1/1	2,142
1894422	A	G	0/1	93,70
1897646	G	C	0/1	117,104
1897852	A	T	0/1	133,15
1897938	G	A	0/1	74,50
1899351	T	C	0/1	104,96
1900800	A	G	0/1	85,95
1901493	T	C	1/1	0,136
1902156	G	A	0/1	78,72
1902386	CC	AA	0/1	118,69
1903050	C	T	0/1	83,103
1906336	A	G	0/1	75,98
1907177	C	T	0/1	95,92
1907296	G	C	1/1	1,157
1916137	A	G	0/1	76,76
1917972	A	G	1/1	0,160
1920120	G	T	0/1	103,76
1923985	G	A	0/1	100,83
1924959	T	C	0/1	110,86
1929302	G	A	0/1	85,81
1931179	C	A	1/1	0,150
1931470	G	A	0/1	89,86
1933988	G	A	1/1	1,194
1935695	T	G	0/1	90,100
1936525	G	A	0/1	96,68
1939044	G	T	0/1	112,98
1940307	G	T	0/1	90,71
1943039	C	T	0/1	82,82
1943592	C	T	0/1	82,94
1943991	A	T	0/1	101,88
1944107	A	G	1/1	0,172
1944402	T	C	1/1	0,183
1944642	CTG	CG	0/1	82,87
1944723	G	T	0/1	85,70
1945465	CCGAGT	CT	0/1	84,64
1945836	G	A	0/1	99,75
1947903	G	T	0/1	95,59
1950767	T	C	1/1	1,146
1952160	T	C	0/1	84,72
1956930	T	G	0/1	105,120
1960284	C	A	1/1	0,210
1963383	G	A	0/1	104,88
1963957	T	C	0/1	91,88
1964837	G	A	0/1	110,83
1964913	C	T	0/1	111,77
1965869	GAAGC	GAAAGC	0/1	104,76
1967237	C	A	1/1	0,159
1971725	G	C	0/1	107,81
1978807	G	T	0/1	81,83
1979026	C	T	0/1	100,94
1981056	C	T	0/1	80,82
1993652	C	T	1/1	0,92
1993808	A	T	1/1	0,88
2000536	C	T	0/1	99,71
2005944	A	C	0/1	79,110
2007785	C	T	0/1	78,91
2008044	C	T	0/1	105,103
2011542	T	C	0/1	61,58
2013872	A	C	0/1	97,83
2013943	G	C	0/1	94,77
2017291	T	C	0/1	90,76
2017560	A	T	0/1	101,131
2019236	T	G	0/1	99,73
2019942	A	G	0/1	97,98
2022868	T	C	1/1	0,140
2023211	G	T	0/1	132,85
2023976	C	T	0/1	83,80
2030355	A	G	0/1	85,92
2030521	T	C	0/1	106,32
2035937	G	A	0/1	85,90
2047425	GCGCTAACTTCCCGTCTC	GA	1/1	0,37
2052960	TGCAGACCTATGAG	TGCAGACCTATGAGCAGACCTATGAG	0/1	99,53
2053411	G	C	0/1	87,101
2053682	C	T	0/1	70,95
2055271	A	G	1/1	0,154
2055550	A	C	0/1	85,101
2057774	A	T	1/1	0,151
2062922	T	C	0/1	69,82
2066471	T	C	0/1	90,72
2072190	A	C	0/1	87,95
2073203	G	A	0/1	102,98
2074754	C	T	0/1	111,91
2075067	T	C	0/1	92,71
2080182	G	T	0/1	67,88
2083124	T	C	0/1	106,63
2084526	G	A	0/1	100,74
2090306	G	A	0/1	86,79
2090400	TCG	TCGCCAACGCCACCG	0/1	88,42
2092391	G	T	0/1	103,81
2092970	C	T	0/1	78,64
2093715	T	C	0/1	88,125
2094911	ACAGCGTCAGCGTC	ACAGCGTC	1/1	0,150
2096094	C	T	0/1	98,70
2096186	A	G	1/1	0,176
2096430	A	C	0/1	80,78
2097144	G	C	0/1	99,90
2097990	A	C	0/1	85,75
2104779	C	T	0/1	98,101
2108141	T	C	1/1	0,157
2108890	A	C	0/1	81,74
2109523	CGGTA	CGGGTA	1/1	2,135
2110365	A	C	0/1	92,95
2115746	C	G	0/1	110,83
2116903	C	T	1/1	4,173
2118162	GCCCCCGCGG	GCCCCGCGG	0/1	69,65
2119485	G	A	0/1	87,97
2120796	T	A	0/1	88,110
2121332	C	T	0/1	109,73
2122625	A	G	0/1	81,83
2122976	C	G	0/1	105,69
2123987	G	A	0/1	109,110
2126366	G	C	0/1	58,99
2127523	G	A	0/1	95,84
2127755	C	T	0/1	94,93
2128372	A	G	0/1	90,82
2128870	A	G	1/1	0,172
2129281	C	A	0/1	96,104
2130529	A	G	0/1	94,76
2132062	C	G	0/1	98,98
2133468	TTC	TTCGCATGCCGTCACCTC	0/1	34,92
2133475	A	G	0/1	145,53
2134215	T	C	0/1	86,89
2135870	T	C	1/1	0,132
2137521	ACA	ACTCCGATCACCA	1/1	3,120
2138767	G	C	0/1	90,74
2143328	G	C	1/1	0,177
2143523	CTA	CTTA	0/1	82,70
2145878	A	G	0/1	63,77
2147022	A	C	1/1	0,225
2147641	CGTTAGTTCATGCGTAG	CGTTAGTTCATGCGTAGTTAGTTCATGCGTAG	0/1	101,46
2151678	G	T	0/1	105,100
2154724	C	A	0/1	99,79
2155168	C	G	0/1	91,95
2158109	T	C	0/1	84,84
2158563	GTTTTTGGGGT	GTTTTGGGGT	0/1	83,70
2160998	G	A	0/1	94,71
2161343	GTTTTAC	GTTTTTAC	0/1	81,58
2174216	A	G	0/1	92,76
2177073	T	C	0/1	95,118
2177968	G	T	0/1	100,92
2179708	C	A	0/1	75,79
2185358	G	A	0/1	105,92
2185741	C	T	0/1	91,86
2187156	A	G	0/1	85,73
2198526	A	C	0/1	119,67
2199052	C	G	0/1	77,79
2199416	A	G	0/1	127,94
2207525	C	T	0/1	94,81
2207591	TTC	TCTC	1/1	0,179
2209465	G	A	0/1	88,74
2211455	C	A	0/1	74,85
2211826	A	G	1/1	0,185
2213265	G	A	0/1	81,65
2215712	G	A	0/1	85,90
2216248	C	G	0/1	62,92
2216370	G	C	0/1	86,56
2216443	C	A	1/1	0,137
2216538	T	C	0/1	68,91
2216973	A	G	0/1	101,58
2218012	A	G	0/1	87,68
2218488	G	C	0/1	100,45
2219955	CGGCA	CGCA	0/1	86,94
2220512	T	G	1/1	0,181
2222308	T	C	0/1	90,97
2223293	T	C	1/1	0,187
2228967	A	G	1/1	0,226
2229801	C	G	0/1	73,69
2231132	G	A	0/1	134,122
2231486	A	G	0/1	83,75
2232237	G	C	0/1	82,87
2237053	G	A	0/1	71,70
2237497	G	C	1/1	0,83
2238930	A	C	1/1	0,96
2239055	C	T	1/1	0,89
2239160	G	C	1/1	0,100
2240062	C	G	1/1	0,82
2241646	C	T	0/1	92,75
2241742	A	G	0/1	95,72
2242808	G	A	0/1	108,119
2243034	T	G	0/1	107,73
2244336	G	A	0/1	106,66
2245532	T	C	0/1	111,88
2246960	G	C	0/1	106,85
2247677	A	C	0/1	105,107
2248786	C	T	0/1	99,69
2249035	A	G	0/1	96,55
2251999	A	G	1/1	0,189
2255942	G	T	0/1	88,100
2257780	T	G	0/1	72,91
2260100	C	T	0/1	106,113
2260151	ACGC	GCGT	0/1	229,50
2260171	TAGC	CAGT	0/1	213,60
2260196	CAAC	CAAAT	0/1	203,51
2260212	GTG	TTC	0/1	202,43
2260220	CAC	TAG	0/1	208,40
2260231	T	C	0/1	206,39
2260525	C	T	1/1	0,139
2264782	C	A	1/1	0,193
2265059	T	G	1/1	0,218
2265401	G	T	0/1	87,83
2266487	G	C	0/1	162,171
2266504	TGGGATCGTC	TAGGGTTCGC	0/1	167,127
2266517	T	C	0/1	189,138
2266550	GCCC	TCCG	0/1	170,189
2266583	C	G	0/1	185,203
2266598	G	C	0/1	187,196
2266604	C	G	0/1	185,192
2266613	GCG	GCCG	0/1	181,172
2266624	G	T	0/1	182,174
2267372	A	G	0/1	122,89
2267681	C	T	0/1	92,114
2269780	T	C	1/1	0,183
2270065	T	C	0/1	102,108
2270102	A	G	1/1	0,179
2277350	C	T	0/1	99,67
2278442	C	G	0/1	74,109
2278507	G	A	0/1	87,66
2282130	C	A	0/1	95,73
2282376	CC	TT	0/1	99,66
2282787	C	T	1/1	0,156
2283030	A	G	0/1	75,94
2285251	C	A	1/1	0,204
2287121	A	G	1/1	1,182
2309356	G	A	0/1	98,77
2311099	C	G	0/1	86,53
2315005	C	T	0/1	81,110
2321358	G	C	0/1	77,86
2324087	C	A	0/1	72,61
2327492	C	T	0/1	85,84
2327903	ATGATG	AG	0/1	88,74
2328543	T	C	0/1	100,66
2329533	A	G	1/1	0,109
2331255	C	T	0/1	91,78
2331620	A	C	0/1	86,57
2331789	G	T	0/1	96,62
2334007	A	G	1/1	0,185
2335075	A	G	1/1	0,156
2335494	A	G	1/1	0,182
2335500	C	T	0/1	84,100
2341030	G	A	0/1	93,66
2341636	C	G	1/1	0,153
2342202	CG	CTC	0/1	102,74
2342649	AGA	AGGCGTACACACGA	0/1	115,49
2345037	C	A	1/1	0,189
2348635	T	C	0/1	82,89
2348804	T	C	0/1	81,90
2350186	A	G	0/1	88,66
2357268	TGCCGCCGCCGCCGCCGCCGA	TGCCGCCGCCGCCGCCGA	1/1	0,99
2358029	TGGCC	TGGGCC	0/1	90,70
2361604	C	G	1/1	0,165
2362041	C	A	1/1	0,158
2362756	GGAGATCCTGGAAG	GG	0/1	79,50
2368564	TAATAT	TATAT	1/1	0,218
2368596	C	T	0/1	111,110
2369186	G	C	0/1	106,103
2369326	C	G	0/1	76,110
2373356	A	C	0/1	116,84
2374442	G	A	0/1	99,100
2376425	A	G	0/1	101,82
2379743	C	G	0/1	106,105
2381030	GCTACCCTAGTTAT	GCTACCCTAGTTACTACCCTAGTTAT	0/1	61,56
2385695	C	T	0/1	86,105
2386389	G	A	1/1	2,180
2388641	G	A	0/1	94,74
2390299	A	G	0/1	107,90
2394761	C	T	0/1	91,87
2397445	C	T	0/1	100,89
2397760	C	G	0/1	93,62
2398305	C	T	0/1	83,78
2400031	G	A	0/1	88,62
2400726	C	T	0/1	86,86
2401883	C	T	0/1	71,23
2413175	C	G	0/1	84,70
2413246	C	A	0/1	105,81
2415656	G	C	1/1	0,132
2419142	A	G	0/1	107,68
2420535	C	A	0/1	74,99
2421816	A	G	0/1	84,80
2421975	GCA	GGGAACA	0/1	91,51
2424864	A	G	0/1	83,65
2424925	A	G	1/1	0,147
2425097	A	C	0/1	67,69
2425471	T	C	0/1	97,92
2428081	G	A	0/1	86,58
2433579	T	C	0/1	119,100
2434750	G	A	0/1	55,82
2437259	G	T	0/1	95,72
2440926	G	T	1/1	0,204
2443188	G	A	0/1	100,90
2445494	GCACC	GC	0/1	79,67
2447539	A	G	0/1	98,66
2448288	G	A	0/1	101,104
2448458	C	T	0/1	114,84
2449295	G	A	0/1	104,90
2450045	G	A	0/1	118,86
2451081	C	G	0/1	73,96
2451355	C	A	0/1	74,81
2451927	GCAGCC	GCAGCCAGCC	0/1	85,63
2462700	C	A	0/1	120,87
2462850	G	A	0/1	82,77
2462871	G	A	1/1	2,163
2463094	G	A	0/1	102,108
2470485	G	T	0/1	82,100
2470591	A	C	0/1	106,65
2472956	T	C	0/1	88,62
2482469	T	C	0/1	110,84
2484255	T	G	0/1	89,102
2486342	C	T	0/1	69,59
2487829	T	G	0/1	79,91
2488091	G	A	0/1	106,103
2490551	C	T	0/1	103,82
2495500	T	C	0/1	103,82
2499726	G	A	1/1	0,187
2500892	C	T	0/1	101,93
2501147	GT	GCC	0/1	101,60
2502073	C	T	0/1	86,71
2503549	C	A	0/1	87,80
2503625	C	T	0/1	69,89
2505750	C	T	0/1	86,112
2508395	G	A	0/1	80,76
2509140	G	C	1/1	0,184
2509181	C	G	0/1	91,86
2509722	A	G	1/1	0,169
2511712	G	T	0/1	109,71
2516567	G	C	0/1	90,75
2518132	C	T	0/1	110,74
2519048	G	A	0/1	101,59
2521342	T	C	1/1	0,184
2522481	TGGGGGGGCAC	TGGGGGGGGCAC	0/1	82,75
2523205	GCG	GCGCCG	1/1	3,35
2525722	CGGGGGAGG	CGGGGAGG	1/1	0,138
2526974	T	C	0/1	89,112
2527676	G	A	0/1	105,71
2528187	G	C	0/1	93,89
2528378	C	A	0/1	102,117
2528931	G	A	0/1	95,73
2529680	A	G	1/1	0,178
2530434	G	T	0/1	75,67
2534562	GGAG	GG	1/1	0,174
2538760	G	A	0/1	47,95
2538793	G	A	0/1	95,68
2544979	T	A	0/1	109,79
2547274	A	G	0/1	110,100
2547529	AGGGGGCGA	AGGGGGGCGA	0/1	91,83
2551429	C	A	0/1	109,107
2553682	C	T	0/1	93,91
2562783	T	C	0/1	129,65
2563958	A	C	0/1	102,76
2564368	GCA	GCCA	0/1	98,81
2566766	CGA	CGGC	0/1	100,96
2569593	A	G	0/1	100,68
2573434	G	T	0/1	88,86
2573756	C	A	1/1	1,161
2574598	C	T	0/1	87,66
2577246	A	G	0/1	129,71
2578626	A	G	0/1	98,91
2580310	G	A	0/1	103,99
2581109	C	A	0/1	88,88
2582324	G	A	0/1	101,96
2586127	A	G	1/1	0,147
2587048	C	T	0/1	88,82
2589216	G	C	0/1	102,82
2590827	T	G	0/1	80,66
2590919	C	T	0/1	96,67
2592063	GTTTTTCCA	GTTTTCCA	0/1	84,64
2598400	A	G	1/1	0,151
2599821	C	A	0/1	82,82
2602575	G	A	0/1	111,65
2605293	G	T	0/1	90,89
2605507	T	C	0/1	86,89
2605848	G	C	0/1	106,90
2606797	GGT	GCGT	0/1	88,78
2608117	C	A	0/1	102,66
2608488	T	C	0/1	107,101
2608579	CTGTTGTTGTTGTTGA	CTGTTGTTGTTGA	0/1	68,57
2611675	T	C	0/1	98,131
2611704	A	C	0/1	138,97
2612632	C	A	1/1	0,180
2617632	AC	ATT	0/1	110,82
2619271	T	C	0/1	104,99
2621058	G	A	0/1	95,86
2622508	C	T	0/1	111,91
2625245	TCGCGCGCGCGGA	TCGCGCGCGGA	0/1	89,59
2625757	G	A	0/1	84,72
2628069	G	C	0/1	94,99
2630158	CCGA	GCGG	0/1	193,69
2630173	CAAC	GAAG	0/1	190,51
2630182	GATGTGC	AAAGTGT	0/1	175,47
2630206	T	G	0/1	201,41
2630211	GGCAA	AGCAG	0/1	188,37
2630224	T	G	0/1	191,34
2631556	C	G	0/1	163,36
2631565	T	C	0/1	164,39
2631574	T	C	0/1	179,44
2631583	G	A	0/1	184,45
2631599	G	A	0/1	195,59
2631620	A	G	0/1	191,60
2631641	T	G	0/1	77,85
2631962	T	G	0/1	203,39
2631967	GACAA	AGCAG	0/1	188,39
2631977	G	C	0/1	192,43
2632341	CAAAACT	CAAAAACT	0/1	89,70
2632500	A	G	0/1	74,66
2637541	C	T	0/1	96,95
2639868	A	G	0/1	95,91
2641840	A	G	0/1	124,85
2642383	C	T	0/1	63,77
2642555	C	T	0/1	64,82
2643653	G	A	0/1	124,63
2649353	A	G	0/1	82,88
2652908	C	G	0/1	101,87
2654371	G	A	0/1	69,86
2654696	G	A	0/1	89,71
2656225	A	G	1/1	0,178
2663210	G	A	0/1	73,64
2664299	G	C	0/1	91,91
2672514	C	G	0/1	131,105
2673701	C	T	0/1	66,112
2677499	G	T	0/1	99,94
2679840	G	C	0/1	93,74
2680658	T	G	1/1	0,194
2688225	G	C	0/1	88,81
2691713	T	C	0/1	91,77
2695378	C	G	1/1	1,172
2696977	G	C	0/1	90,99
2698585	C	T	0/1	82,89
2699058	C	G	0/1	82,79
2703968	A	G	0/1	70,36
2704291	G	A	0/1	91,68
2704884	ACG	ACAGCGACCATATCGCCGAGCTCG	1/1	2,67
2706890	G	C	0/1	92,87
2709795	A	G	0/1	95,85
2712913	C	A	0/1	72,69
2713795	C	T	1/1	0,213
2717710	C	T	0/1	84,97
2718852	T	G	1/1	0,178
2718938	A	C	0/1	98,96
2723506	T	C	0/1	120,85
2723923	ATA	AA	0/1	108,106
2724180	TCACGATCGGGTCTCCTCTAGC	TC	0/1	97,36
2724953	C	A	0/1	128,82
2726051	G	A	0/1	89,108
2727037	A	T	0/1	91,74
2731741	G	A	0/1	114,129
2732591	C	G	0/1	105,135
2733047	G	C	0/1	108,107
2734074	T	C	1/1	0,161
2736434	C	A	0/1	75,87
2737201	A	C	0/1	93,92
2737393	G	A	0/1	77,66
2737572	C	A	0/1	104,41
2740693	T	C	0/1	95,83
2745739	G	A	0/1	126,142
2745839	G	A	0/1	106,89
2745889	C	T	0/1	76,85
2751804	C	T	1/1	3,152
2752698	C	A	1/1	0,198
2753536	T	C	0/1	86,101
2755112	G	A	0/1	89,102
2759534	C	G	0/1	107,82
2760152	A	G	1/1	0,207
2764206	A	G	0/1	115,71
2764939	G	A	0/1	82,62
2773955	G	C	0/1	64,92
2777480	C	A	0/1	88,62
2779136	T	C	1/1	0,158
2786952	A	G	1/1	0,160
2790458	A	C	0/1	97,84
2791098	C	T	0/1	79,85
2791257	A	T	0/1	83,84
2791475	A	G	0/1	75,101
2799488	CCGCAAT	CT	0/1	91,58
2807486	C	A	0/1	130,137
2809621	T	C	1/1	0,193
2809895	G	A	0/1	77,95
2817158	C	A	0/1	109,74
2818837	A	G	1/1	0,160
2821342	C	T	1/1	1,189
2824432	G	A	0/1	86,89
2825466	G	A	0/1	93,70
2827984	G	T	1/1	1,223
2828019	T	C	1/1	0,231
2828104	C	T	0/1	98,83
2830525	C	A	1/1	0,162
2840849	G	C	0/1	93,67
2841022	A	G	0/1	111,85
2841549	G	T	0/1	86,84
2842043	C	G	0/1	102,69
2844546	C	A	0/1	74,101
2847281	A	G	0/1	95,77
2855259	A	G	1/1	0,160
2855317	CCGGCGTAGAAAGCCGACCGCATGTCACCGAAAGAGCTGGCGTCGTCGGGGC	CC	0/1	34,18
2857014	G	A	0/1	109,96
2858669	G	T	0/1	104,76
2865760	A	G	1/1	0,158
2865882	T	C	1/1	0,227
2868659	C	G	0/1	121,90
2869151	G	A	0/1	90,68
2869242	T	C	0/1	102,75
2870386	C	T	0/1	54,93
2871048	C	T	0/1	53,84
2878980	C	T	0/1	106,74
2880702	G	C	1/1	0,182
2881244	A	G	0/1	99,101
2881455	A	G	0/1	96,98
2881597	AGGGGGGCA	AGGGGGCA	1/1	0,173
2882331	ACGC	ACGCGC	0/1	83,79
2884634	C	T	0/1	106,84
2886570	A	G	0/1	77,93
2888201	T	C	1/1	0,228
2888379	G	C	0/1	97,67
2889633	T	C	1/1	0,145
2891267	C	T	1/1	2,181
2891728	A	G	1/1	0,161
2893238	C	A	0/1	87,80
2894208	G	A	1/1	0,160
2894594	G	A	0/1	93,68
2894642	A	G	0/1	74,65
2894854	C	T	0/1	82,87
2897528	G	A	0/1	97,81
2897871	A	G	0/1	64,110
2899890	G	T	0/1	113,98
2900943	A	C	0/1	68,76
2906918	A	T	0/1	70,69
2910461	G	T	1/1	0,173
2911293	C	G	1/1	0,168
2912061	G	A	0/1	95,78
2912294	T	G	1/1	0,140
2917091	C	A	0/1	97,76
2923391	T	C	1/1	1,136
2925683	G	A	0/1	95,83
2925962	T	C	0/1	73,81
2926882	C	T	0/1	84,85
2927511	G	T	0/1	101,79
2927939	T	C	1/1	0,179
2939373	G	C	1/1	0,153
2939657	T	C	1/1	0,145
2939807	G	A	0/1	72,81
2940608	C	T	0/1	89,73
2945167	G	T	0/1	264,62
2945490	G	A	0/1	99,69
2946157	T	C	0/1	111,79
2948650	T	C	0/1	87,113
2953307	G	T	0/1	94,110
2954439	T	C	1/1	0,185
2955233	C	T	0/1	85,106
2957568	CTTGA	CTGA	0/1	129,81
2958570	G	A	0/1	93,79
2959324	A	G	0/1	84,76
2959714	T	C	0/1	101,87
2968913	T	C	0/1	120,73
2970434	G	A	0/1	89,60
2971122	T	C	0/1	95,53
2976564	C	T	0/1	81,48
2976575	G	A	0/1	87,44
2984740	A	G	1/1	0,141
2985216	G	A	0/1	71,76
2987098	C	T	0/1	86,84
2987918	G	A	0/1	77,74
2988630	C	G	0/1	108,71
2992564	G	A	0/1	88,61
2993523	T	C	0/1	57,70
2994187	T	C	0/1	87,68
3000362	T	C	0/1	99,109
3001907	T	C	0/1	102,112
3003115	C	G	0/1	90,75
3005185	G	T	1/1	2,162
3009692	A	G	1/1	0,189
3010420	A	G	0/1	101,99
3013469	T	C	0/1	77,94
3015119	CTTTTTGGGTGC	CTTTTGGGTGC	0/1	75,96
3015379	G	A	0/1	82,75
3017465	T	C	1/1	0,167
3025431	C	T	0/1	111,119
3027606	C	G	0/1	91,82
3027798	T	C	0/1	104,75
3028074	G	T	0/1	98,87
3028101	ACCGA	ACCCGA	0/1	97,95
3029610	G	A	0/1	93,103
3029969	G	A	0/1	138,93
3030990	T	C	0/1	93,67
3031168	A	G	0/1	95,90
3031285	A	T	0/1	94,94
3035533	G	A	0/1	87,102
3037377	T	C	0/1	110,50
3040077	G	C	0/1	72,85
3041871	G	T	1/1	2,168
3045429	G	T	0/1	84,103
3056658	G	T	0/1	91,60
3065293	A	G	0/1	102,75
3069167	A	G	0/1	87,99
3069805	G	C	0/1	83,113
3073868	T	C	0/1	126,101
3074830	C	T	0/1	95,81
3076281	A	G	0/1	111,73
3078089	CCTCTATTGATCTCTATTGATC	CCTCTATTGATCTCTATTGATCTCTATTGATC	0/1	92,30
3080795	A	G	1/1	0,184
3085119	GCCTCCTG	GCCCTCCTG	0/1	111,117
3086261	T	C	0/1	79,80
3086728	C	G	0/1	98,92
3086788	T	C	1/1	0,182
3088625	A	G	0/1	94,91
3089679	G	A	0/1	92,87
3095130	G	A	0/1	91,116
3097349	C	T	0/1	94,87
3099269	A	C	0/1	76,88
3103682	T	C	1/1	0,180
3104189	A	G	0/1	81,82
3105144	C	A	0/1	108,84
3105914	G	T	0/1	94,70
3108055	C	T	0/1	100,100
3108674	A	C	0/1	52,85
3114814	G	A	0/1	105,91
3118449	A	G	0/1	107,76
3129675	C	T	0/1	91,112
3131469	TTG	TTGTCGGCGATG	0/1	44,117
3131473	A	C	0/1	159,48
3137058	G	A	1/1	0,183
3137237	T	C	0/1	116,120
3137343	C	A	0/1	81,91
3137681	G	A	0/1	83,58
3138129	G	C	0/1	75,81
3141349	A	G	0/1	107,116
3144835	G	A	0/1	79,62
3148984	C	T	0/1	88,89
3154414	A	G	0/1	88,70
3158935	G	C	0/1	33,69
3165074	T	C	0/1	84,80
3169993	A	G	0/1	85,84
3170496	A	T	0/1	63,66
3173446	G	C	0/1	77,98
3174496	A	G	0/1	106,75
3175702	T	C	0/1	104,88
3177884	C	A	1/1	0,143
3178445	C	G	0/1	104,122
3180988	C	A	0/1	94,85
3186860	T	G	1/1	0,127
3188428	C	T	0/1	107,72
3188769	A	G	0/1	84,66
3189242	A	G	0/1	98,103
3189580	T	C	0/1	85,62
3190145	TCCCCCCAT	TCCCCCAT	1/1	0,156
3190342	G	A	0/1	107,77
3190556	G	A	0/1	91,93
3191027	G	A	0/1	90,105
3197917	G	A	0/1	98,90
3200304	A	G	0/1	96,68
3202629	C	T	0/1	94,89
3207297	G	T	0/1	66,91
3211032	G	A	0/1	72,84
3214377	A	C	0/1	115,75
3214481	G	T	0/1	85,79
3214790	C	T	0/1	73,75
3217883	C	T	0/1	93,102
3219194	G	A	0/1	91,78
3226181	A	C	1/1	0,165
3228143	G	T	1/1	0,191
3229692	G	A	0/1	78,85
3229743	C	T	0/1	78,80
3231464	T	C	0/1	100,89
3233605	G	A	0/1	93,67
3236230	C	A	0/1	84,100
3241244	G	A	0/1	80,79
3243630	G	A	0/1	122,126
3244126	G	A	0/1	95,99
3244414	A	G	0/1	85,92
3256494	A	G	1/1	0,218
3260301	A	G	0/1	98,108
3266030	A	G	0/1	103,89
3267743	A	G	0/1	68,94
3269581	A	G	1/1	0,188
3270784	A	G	1/1	0,174
3271037	A	G	0/1	103,70
3273138	C	G	0/1	94,108
3274545	G	A	0/1	94,104
3276017	C	T	0/1	115,136
3280132	G	A	0/1	90,81
3285318	C	T	0/1	91,84
3293423	A	G	0/1	82,60
3293601	T	C	0/1	82,75
3295124	C	T	0/1	88,75
3295263	G	A	0/1	95,71
3295639	CGGGCGC	CGGGGCGC	0/1	90,89
3296371	GCCGCGGCC	GCCGCGGCCCGCGGCC	0/1	91,58
3296721	C	G	0/1	72,87
3296843	A	G	1/1	0,140
3298563	C	T	0/1	105,116
3299413	G	A	0/1	80,144
3302484	A	G	0/1	84,87
3302683	C	T	0/1	79,128
3306163	CGGCACTGTGGCGG	CG	0/1	109,86
3306594	T	G	0/1	97,85
3308446	T	C	0/1	75,68
3308606	G	A	1/1	1,195
3311119	G	C	0/1	86,89
3312632	C	T	0/1	141,105
3312942	G	A	0/1	91,107
3314412	A	G	0/1	89,94
3326150	A	G	0/1	90,81
3326554	A	C	0/1	92,158
3328495	G	C	0/1	74,63
3331361	ACGCGCGCCGG	ACGCGCCGG	0/1	75,57
3336825	T	C	1/1	0,169
3338603	G	C	1/1	0,175
3339417	A	G	0/1	106,80
3351012	C	T	0/1	94,73
3351472	G	A	0/1	87,72
3352127	G	A	0/1	90,109
3352932	CG	AA	0/1	89,83
3354896	C	T	0/1	76,95
3356403	G	A	0/1	84,69
3358235	A	T	1/1	0,179
3359584	G	A	0/1	77,55
3363338	A	G	1/1	1,160
3365841	G	A	0/1	88,101
3366409	GATCACATCACCA	GA	0/1	87,76
3367765	G	A	1/1	0,169
3369869	G	T	0/1	74,60
3371260	T	C	0/1	91,64
3375719	C	T	0/1	87,65
3378828	C	A	0/1	82,76
3385067	G	C	0/1	101,92
3388593	T	C	0/1	63,127
3389054	G	C	0/1	98,81
3393374	G	C	0/1	108,83
3393927	A	G	0/1	72,54
3398940	T	C	0/1	89,55
3400230	C	T	0/1	86,96
3401850	G	A	0/1	103,73
3401871	A	G	0/1	110,72
3402816	C	T	1/1	0,142
3404376	C	G	0/1	88,96
3406798	G	A	0/1	82,97
3407028	C	T	0/1	77,74
3407729	G	T	0/1	105,72
3408971	C	T	0/1	152,87
3414556	C	T	0/1	129,89
3415180	ACACCTAGGGGGTGGC	AC	0/1	28,116
3415332	A	G	0/1	93,65
3417404	G	T	0/1	101,88
3418328	TCG	GCA	0/1	96,88
3420825	A	G	0/1	114,105
3422742	C	T	0/1	89,85
3424462	C	T	0/1	93,62
3425854	C	T	1/1	0,176
3426795	C	G	0/1	106,80
3427632	C	T	0/1	90,79
3428088	G	A	0/1	112,80
3428917	C	A	1/1	0,180
3429202	T	G	0/1	104,94
3430420	G	A	0/1	104,94
3431407	G	T	0/1	93,67
3440464	TGTGG	GGTGC	1/1	0,149
3440542	A	G	0/1	90,84
3442240	C	A	0/1	77,91
3442704	G	C	0/1	83,93
3443994	A	G	0/1	82,80
3447480	A	C	0/1	68,95
3448714	G	C	0/1	94,70
3450725	T	C	0/1	77,76
3453382	C	T	0/1	75,67
3454263	C	G	0/1	99,103
3455686	G	C	0/1	115,78
3456666	A	G	1/1	0,163
3460765	G	C	0/1	118,104
3460986	G	A	0/1	92,95
3461239	T	C	0/1	73,70
3462135	G	C	1/1	2,143
3464629	A	G	0/1	82,80
3465363	G	T	0/1	95,80
3467405	C	T	0/1	99,81
3467465	C	G	0/1	85,93
3473996	GAG	GAAG	1/1	0,149
3474597	C	A	0/1	104,83
3475159	A	G	0/1	99,105
3475304	C	A	0/1	108,91
3478698	G	A	0/1	256,70
3478719	G	A	0/1	270,67
3479545	C	A	0/1	71,116
3479561	G	A	0/1	79,121
3480386	G	A	0/1	67,122
3480474	G	A	0/1	99,122
3480789	T	C	0/1	81,131
3483155	A	C	0/1	87,97
3486977	A	G	1/1	0,154
3493996	G	A	0/1	108,127
3494295	GGCG	GG	0/1	99,79
3494820	CGGGGGTC	CGGGGTC	0/1	108,96
3497586	C	G	0/1	76,96
3498418	A	G	0/1	79,101
3498967	T	C	0/1	127,65
3503231	G	C	0/1	83,108
3503895	C	T	1/1	0,156
3504418	C	T	0/1	90,62
3504930	C	T	0/1	84,94
3505005	A	C	0/1	92,62
3509091	G	C	0/1	90,66
3514512	G	C	0/1	78,92
3518167	A	G	1/1	0,167
3518555	A	G	1/1	0,159
3521044	A	G	0/1	71,58
3526986	A	G	0/1	98,73
3530023	C	T	0/1	100,85
3530145	C	A	0/1	84,77
3530955	C	G	0/1	110,68
3533759	G	A	0/1	113,90
3536008	G	T	0/1	88,81
3539139	CGGGGGGGACA	CGGGGGGACA	0/1	77,67
3545438	G	A	0/1	64,70
3548641	T	C	0/1	86,97
3555699	A	G	0/1	115,63
3556275	A	G	1/1	0,185
3556606	G	A	0/1	99,94
3558777	TT	AA	0/1	111,12
3560645	C	T	0/1	83,97
3561155	G	A	0/1	107,99
3561229	C	A	0/1	99,106
3566923	ACGCTTGTCGGC	ACGCTTGTCGGCGCTTGTCGGC	0/1	92,37
3566943	A	G	0/1	143,19
3567606	G	A	0/1	85,100
3568488	GCCCCAG	GCCCAG	0/1	77,78
3571834	T	G	0/1	86,76
3573636	T	C	0/1	83,76
3576656	G	A	0/1	85,67
3577958	A	G	0/1	83,106
3579118	C	T	0/1	86,100
3580636	CTTTGC	CTTGC	1/1	0,153
3581414	A	G	1/1	0,182
3581794	C	A	0/1	89,84
3590686	GTC	GCTC	1/1	0,70
3591063	T	C	1/1	0,205
3594124	C	T	0/1	97,76
3595483	ACTGGCAGCGTAGTG	ACTGGCAGCGTAGTCTGGCAGCGTAGTG	0/1	83,41
3597682	C	T	0/1	99,93
3598321	C	T	0/1	89,88
3598382	T	C	0/1	102,65
3604821	G	C	1/1	0,140
3610391	AGT	ACGT	0/1	130,73
3610441	C	T	0/1	89,114
3610586	C	T	0/1	87,65
3610668	GGGGTCC	GC	0/1	86,56
3611192	C	T	0/1	114,106
3612009	C	T	0/1	72,97
3614982	T	C	1/1	0,202
3619806	C	G	0/1	100,93
3619854	A	G	0/1	98,114
3620552	AGGAGT	ATGGAGT	0/1	82,65
3621423	A	G	0/1	123,132
3622441	A	C	1/1	0,166
3624486	T	C	0/1	75,82
3625065	T	G	1/1	0,191
3628694	G	A	0/1	103,103
3629612	G	A	0/1	92,88
3638093	G	A	0/1	86,93
3640557	T	C	0/1	121,95
3643582	T	C	0/1	91,69
3647041	A	G	0/1	118,91
3647591	A	G	0/1	95,118
3653324	G	A	0/1	87,68
3658266	C	G	0/1	70,70
3661802	C	T	0/1	106,85
3670040	C	T	0/1	84,88
3670118	G	T	0/1	85,100
3671532	G	C	0/1	99,85
3671843	A	C	0/1	72,98
3672105	G	C	0/1	92,125
3675767	C	T	0/1	96,100
3676977	G	A	0/1	70,67
3677719	C	G	0/1	71,65
3678091	G	A	0/1	122,101
3679949	A	G	0/1	103,72
3681548	A	C	0/1	100,81
3683237	G	T	0/1	94,70
3683715	T	G	0/1	106,76
3687372	A	G	0/1	96,91
3688969	G	A	0/1	89,85
3689523	G	T	1/1	0,188
3690016	A	G	0/1	95,60
3693681	A	C	0/1	82,74
3696181	A	G	0/1	93,82
3697708	A	G	0/1	101,84
3704261	C	A	0/1	98,89
3704596	G	C	1/1	0,198
3705806	A	C	0/1	90,90
3714211	G	T	1/1	0,165
3714757	A	C	1/1	0,189
3717192	C	T	0/1	70,80
3718357	C	T	1/1	0,178
3720792	T	G	0/1	92,86
3721806	G	C	1/1	0,189
3723901	GTTTTGTC	GTTTTTGTC	0/1	78,69
3742991	AGGGGGGGATT	AGGGGGGATT	1/1	1,153
3743517	C	A	1/1	3,87
3743549	A	G	1/1	0,90
3770325	C	T	0/1	92,63
3771132	C	T	0/1	94,94
3771628	A	C	0/1	75,56
3772616	G	A	0/1	91,84
3774506	G	A	0/1	101,120
3776706	C	T	0/1	93,95
3781220	C	T	0/1	93,67
3785946	A	G	0/1	65,78
3786033	A	G	0/1	105,81
3788365	T	G	0/1	65,92
3791770	G	A	0/1	83,129
3793634	A	G	0/1	95,129
3794867	CCG	CCACG	0/1	112,119
3794884	G	A	0/1	138,111
3798095	A	C	1/1	0,232
3798126	G	A	0/1	111,98
3805330	G	A	0/1	70,112
3808103	T	C	0/1	115,79
3810888	G	A	0/1	63,56
3811629	G	A	0/1	92,104
3815477	G	T	0/1	107,85
3816540	A	G	0/1	100,79
3817117	C	A	1/1	2,177
3820407	A	G	0/1	109,40
3820444	CGGCTT	CCAGCCTG	0/1	163,34
3820501	CCAGCCTG	CGGCTT	0/1	165,25
3820545	A	G	0/1	120,71
3823159	A	T	1/1	2,150
3825560	C	G	0/1	86,84
3826684	C	T	1/1	0,221
3829152	G	A	0/1	59,62
3829770	T	C	1/1	0,157
3830566	G	A	0/1	101,70
3830695	A	G	0/1	92,64
3838871	A	G	1/1	0,173
3842959	GAAA	AAAC	0/1	135,25
3842971	G	A	0/1	132,27
3842978	CGA	CAGA	0/1	127,27
3842983	TTA	ATG	0/1	129,25
3842992	CT	GC	0/1	137,30
3843001	G	A	0/1	142,49
3843024	AA	CG	0/1	135,46
3843032	G	A	0/1	131,47
3843749	GTGAG	TTTGA	0/1	123,47
3843760	T	C	0/1	116,56
3851084	A	G	0/1	72,41
3851887	AT	CC	0/1	66,29
3854899	T	C	0/1	75,71
3858400	G	C	0/1	86,77
3859376	C	T	0/1	86,87
3859893	C	T	1/1	0,168
3861125	G	T	0/1	89,83
3861914	C	T	0/1	103,76
3862181	C	T	0/1	76,87
3862472	GAACC	GACC	1/1	0,139
3863530	G	T	0/1	126,93
3864041	G	A	0/1	89,84
3864995	T	C	1/1	0,147
3868738	C	A	0/1	126,73
3869557	G	A	0/1	117,85
3871093	G	A	0/1	83,77
3871246	T	C	0/1	88,63
3871333	G	A	0/1	96,66
3873392	T	G	0/1	82,86
3874191	T	C	0/1	84,96
3874722	ATTTAC	ATTAC	0/1	94,111
3876953	G	A	0/1	94,49
3877421	A	G	1/1	0,171
3877554	C	T	0/1	99,73
3881187	G	A	0/1	104,87
3883467	A	G	0/1	82,91
3885886	T	C	1/1	1,164
3892671	A	G	1/1	0,173
3893480	G	A	0/1	98,94
3895727	C	A	0/1	102,68
3896340	T	G	1/1	0,170
3898408	A	G	1/1	0,177
3898869	C	A	0/1	102,85
3899654	C	A	0/1	111,93
3909235	G	C	0/1	101,79
3913737	G	A	0/1	103,125
3917852	G	T	0/1	102,95
3919764	G	A	0/1	117,70
3920109	G	T	0/1	95,102
3921094	C	T	0/1	107,67
3922836	T	C	0/1	101,102
3930807	A	T	0/1	100,93
3952800	G	A	1/1	1,130
3956434	A	G	0/1	103,66
3957406	G	T	0/1	105,88
3958007	C	T	0/1	84,83
3958403	A	G	1/1	0,210
3959418	C	T	1/1	0,132
3964463	AGGGTTT	AGGTTT	0/1	115,84
3968771	C	A	0/1	83,87
3974142	G	A	0/1	90,48
3974868	G	A	0/1	110,81
3976276	T	G	0/1	75,91
3977226	G	A	0/1	110,93
3982925	C	T	0/1	121,55
3983271	T	G	0/1	90,115
3984321	G	A	0/1	92,117
3984926	G	A	0/1	96,104
3989107	C	T	0/1	74,103
3989914	G	T	0/1	111,63
3994898	A	G	0/1	107,82
4003645	C	T	0/1	88,73
4004878	A	C	0/1	90,93
4005114	G	C	0/1	77,70
4005607	T	C	1/1	0,185
4008747	A	G	0/1	85,78
4012219	T	C	0/1	89,100
4013076	G	A	0/1	90,51
4013388	G	A	0/1	114,72
4014376	C	A	0/1	102,67
4014431	C	T	0/1	95,55
4015856	C	T	0/1	96,75
4019103	G	T	0/1	108,112
4020169	C	A	0/1	100,85
4020702	G	A	0/1	115,74
4022652	G	A	0/1	103,73
4024079	T	C	0/1	95,87
4024273	T	C	1/1	0,165
4024368	C	T	0/1	89,83
4026800	G	C	0/1	92,77
4026899	G	A	1/1	0,175
4028752	A	G	0/1	98,67
4034827	C	T	1/1	1,171
4036411	G	C	0/1	109,66
4038287	G	A	0/1	87,89
4040517	A	G	0/1	100,83
4040951	G	T	0/1	94,10
4042761	G	A	0/1	80,74
4043365	G	T	0/1	111,98
4045670	G	A	0/1	80,83
4049254	G	A	0/1	91,91
4054637	A	G	0/1	94,92
4055801	G	A	1/1	0,201
4056416	C	A	0/1	111,94
4057081	A	G	0/1	81,95
4058711	T	C	0/1	98,122
4059904	A	G	1/1	0,170
4067152	G	A	0/1	106,85
4069292	G	A	1/1	0,203
4069797	C	T	0/1	96,84
4073186	C	A	0/1	110,101
4081987	G	C	0/1	97,59
4081996	G	C	0/1	93,54
4083360	T	G	0/1	69,65
4085200	G	C	0/1	115,78
4086468	G	A	0/1	88,82
4088346	G	A	0/1	57,84
4089058	T	C	0/1	104,73
4093719	G	A	0/1	84,51
4093879	TGGGGGCGCCT	TGGGGCGCCT	0/1	43,92
4094535	G	T	0/1	85,84
4095001	CGA	CA	1/1	0,121
4095295	T	C	0/1	96,100
4096190	G	A	0/1	122,90
4100835	G	C	0/1	93,101
4100975	T	C	1/1	0,201
4101018	C	T	0/1	105,78
4105757	C	T	0/1	107,113
4106154	C	T	0/1	89,77
4107074	T	C	0/1	108,98
4107264	C	T	0/1	111,74
4109354	A	C	0/1	80,109
4111303	G	C	1/1	0,169
4112429	T	C	0/1	97,85
4113833	C	T	0/1	91,90
4115001	G	C	0/1	79,69
4115029	G	A	0/1	85,76
4116682	T	C	0/1	82,96
4116758	C	T	0/1	119,91
4117161	C	A	0/1	118,90
4118601	A	G	0/1	76,86
4118620	G	T	0/1	93,78
4119246	T	C	0/1	84,67
4123325	C	T	0/1	84,90
4125549	G	C	0/1	85,113
4126087	T	G	0/1	81,76
4126530	G	A	0/1	86,96
4126557	T	G	0/1	94,117
4130711	G	C	0/1	96,79
4133907	G	A	0/1	104,104
4135112	G	A	0/1	84,72
4137190	T	C	0/1	107,85
4138377	A	G	0/1	100,78
4142689	G	A	0/1	81,71
4145737	A	G	0/1	109,87
4146330	A	G	0/1	78,106
4150036	G	T	0/1	83,71
4151855	A	G	0/1	80,95
4155903	G	T	0/1	84,66
4156099	C	A	1/1	0,148
4156239	A	G	0/1	87,77
4156503	C	T	0/1	100,68
4158361	A	G	0/1	88,84
4159195	T	C	0/1	104,76
4160533	TGCGCCCGGCG	TG	0/1	101,61
4162339	A	G	1/1	1,224
4163558	G	C	0/1	91,107
4163944	A	G	0/1	71,90
4163954	T	C	0/1	98,58
4169666	GTTTCCC	GTTCCC	0/1	112,95
4169719	C	T	0/1	99,86
4170964	GGGT	GAGGT	0/1	94,80
4171454	G	A	0/1	132,82
4174564	T	C	0/1	83,88
4176931	C	T	0/1	104,117
4179089	C	T	0/1	101,92
4182695	G	A	1/1	0,207
4187063	G	A	0/1	102,92
4187485	T	C	1/1	0,150
4187523	A	G	0/1	107,68
4187817	A	G	1/1	0,168
4190532	A	C	0/1	97,92
4190596	A	C	0/1	87,81
4195938	G	A	0/1	103,81
4197138	CTTGC	CTTTGC	1/1	2,120
4197189	A	G	0/1	95,68
4198611	CGGGGGTGGA	CGGGGTGGA	1/1	0,164
4198899	T	C	0/1	75,92
4200220	A	G	0/1	91,91
4201105	G	A	0/1	112,91
4202383	A	C	0/1	103,88
4204441	A	G	1/1	0,216
4205120	A	G	0/1	73,89
4210274	A	G	1/1	0,186
4210876	T	C	0/1	76,88
4215484	G	C	0/1	78,82
4216255	C	G	0/1	120,79
4217557	A	G	0/1	95,99
4218350	T	C	0/1	102,81
4220174	G	A	0/1	75,86
4221490	C	G	1/1	1,166
4221746	C	T	0/1	104,77
4222073	A	G	1/1	0,161
4222882	A	G	1/1	0,144
4223172	T	C	0/1	111,62
4231150	G	A	0/1	87,91
4231530	C	A	0/1	67,75
4232327	A	G	0/1	106,81
4233299	G	A	0/1	92,94
4236844	G	A	0/1	100,83
4237383	C	A	0/1	83,76
4237958	A	T	0/1	157,16
4237963	GGCA	TGCC	0/1	156,17
4237971	A	T	0/1	160,18
4239763	C	T	0/1	87,91
4240671	C	T	0/1	94,52
4241042	A	G	0/1	86,102
4242643	C	T	1/1	2,166
4243580	G	A	0/1	92,68
4244420	G	C	0/1	99,76
4245969	C	T	0/1	111,87
4247429	A	G	0/1	83,73
4247578	G	A	0/1	96,76
4247646	A	C	0/1	87,78
4250966	G	A	0/1	125,77
4251297	G	C	0/1	92,100
4254345	ATT	AA	0/1	76,25
4255922	A	G	1/1	0,176
4257220	A	G	1/1	0,172
4261499	G	A	0/1	101,87
4263279	A	G	0/1	90,83
4263367	G	C	0/1	75,74
4264218	CT	AG	0/1	90,79
4264560	G	A	0/1	103,82
4269387	T	G	0/1	98,86
4269606	A	G	0/1	85,100
4269864	GCCCCCGCCGA	GCCCCGCCGA	0/1	107,70
4275935	A	G	0/1	94,90
4276306	C	T	0/1	96,86
4280441	C	A	0/1	84,80
4281143	C	G	0/1	88,92
4281272	G	A	0/1	111,67
4287164	A	G	0/1	108,96
4287361	C	T	0/1	95,92
4288405	G	T	0/1	101,107
4289055	A	G	0/1	91,102
4289953	A	G	0/1	83,104
4290564	G	T	0/1	103,121
4290827	C	G	0/1	81,103
4293072	G	A	0/1	126,97
4293107	G	A	0/1	92,128
4296015	G	A	0/1	105,106
4296381	G	T	0/1	108,73
4303407	A	C	0/1	101,92
4306155	C	T	1/1	0,143
4306339	G	T	0/1	98,86
4307021	C	T	0/1	98,89
4307179	G	A	1/1	0,180
4307344	C	G	0/1	99,100
4310743	TGGCGT	TGGGCGT	0/1	99,104
4311871	G	A	0/1	61,66
4313128	C	T	0/1	108,95
4314645	A	G	0/1	89,94
4314843	G	A	0/1	92,76
4315384	T	C	0/1	101,99
4316566	C	G	0/1	76,95
4319652	G	A	0/1	60,96
4320050	A	G	0/1	88,97
4323006	G	A	0/1	116,97
4323354	CGGGGGGGTCT	CGGGGGGTCT	0/1	94,107
4329782	G	A	0/1	112,79
4334425	G	C	0/1	105,83
4336090	AAC	ATAC	0/1	89,54
4336597	C	A	0/1	106,97
4336774	C	T	0/1	85,94
4337574	A	G	0/1	78,59
4338361	C	T	0/1	93,68
4338595	GCT	GT	1/1	0,168
4338603	G	A	0/1	76,101
4338732	G	A	1/1	0,160
4339684	C	G	0/1	103,75
4340330	T	G	0/1	95,93
4341396	AAG	AAGGCGCGGCCGCAG	0/1	120,43
4344058	T	C	0/1	88,86
4345682	C	T	0/1	113,91
4348418	G	A	0/1	96,103
4351039	G	T	1/1	1,142
4356110	G	C	1/1	1,163
4357597	C	G	0/1	97,78
4357773	G	A	0/1	107,89
4357946	C	T	0/1	100,63
4359135	T	C	0/1	144,36
4360119	C	G	0/1	71,92
4361141	G	A	0/1	90,106
4363243	A	C	0/1	78,69
4363484	ACCAACGC	AC	0/1	70,45
4366195	T	C	0/1	92,81
4366272	G	C	1/1	2,194
4367090	G	A	0/1	82,119
4367649	A	G	0/1	83,81
4369499	G	A	0/1	81,81
4372353	G	C	0/1	95,84
4372661	T	C	0/1	86,112
4373475	C	G	0/1	72,87
4373496	C	G	0/1	83,92
4374228	T	C	0/1	88,68
4377033	G	C	0/1	83,81
4377447	G	A	0/1	77,97
4377609	G	C	0/1	94,82
4377654	G	C	0/1	82,84
4379680	C	G	1/1	0,183
4382054	T	C	1/1	0,168
4382275	G	T	1/1	0,157
4383094	A	G	0/1	107,76
4383144	CCCGT	CCGGGGCCGT	1/1	0,150
4383442	T	C	0/1	88,53
4383632	T	C	0/1	83,87
4383655	A	G	0/1	87,82
4384007	C	G	0/1	87,85
4385031	CGGGGGGCCGT	CGGGGGCCGT	0/1	78,69
4385187	A	G	0/1	82,53
4385897	T	C	0/1	206,56
4385916	C	G	0/1	226,78
4385933	ACGGC	GCGGT	0/1	207,87
4385946	C	T	0/1	211,100
4386228	T	C	0/1	74,151
4386288	C	T	0/1	180,55
4386562	GC	AT	0/1	195,26
4386569	T	C	0/1	191,28
4386580	A	G	0/1	208,38
4386587	CTGA	TTGT	0/1	200,37
4386599	A	G	0/1	196,53
4386604	G	C	0/1	201,56
4386629	GGTCGTAGCCGGT	GGGC	0/1	171,56
4386702	G	C	0/1	225,102
4386768	G	A	0/1	224,94
4386774	C	T	0/1	217,86
4390106	C	G	0/1	74,43
4390380	A	G	0/1	71,69
4390879	G	A	0/1	94,80
4391553	C	T	0/1	82,109
4393178	A	G	0/1	97,90
4394210	G	C	0/1	126,54
4395387	A	G	0/1	64,56
4395964	C	A	0/1	78,73
4398732	G	A	0/1	98,93
4399137	G	A	0/1	84,66
4400660	ACCCGCCCGGA	ACCGCCCGGA	1/1	0,119
4401400	A	G	0/1	74,54
4403900	A	G	0/1	129,128
4407588	T	C	0/1	91,80
4407873	C	A	0/1	73,77
4408156	A	C	0/1	79,83
4408920	AGGC	GGGT	0/1	82,54
4410386	G	T	0/1	125,120
4411016	G	A	0/1	89,93
