1302,C,A,0/1,104,84,188
1977,A,G,1/1,0,233,233
2532,T,C,0/1,81,112,193
4013,T,C,1/1,0,186,186
6112,G,C,0/1,102,99,201
7362,G,C,1/1,0,180,180
7585,G,C,1/1,0,165,165
8452,C,T,0/1,92,95,187
9143,T,C,0/1,92,89,181
9260,G,C,0/1,103,82,185
9304,G,A,1/1,0,188,189
11879,A,G,1/1,0,190,190
13175,A,G,0/1,103,61,164
13298,G,C,0/1,100,79,179
13460,A,G,0/1,70,69,139
14251,G,A,0/1,76,80,156
14401,A,G,0/1,95,95,190
14785,T,C,1/1,0,213,213
15088,C,T,0/1,88,71,159
15117,C,G,0/1,94,87,181
16526,C,T,0/1,68,56,124
17608,G,C,0/1,70,100,170
21795,G,A,1/1,0,170,170
21819,A,C,0/1,102,80,182
22961,T,G,0/1,101,78,179
23174,C,A,0/1,100,75,175
24698,GCCGCGTTGCTCGGGGTAAC,GC,0/1,72,21,96
26347,C,G,0/1,120,84,204
26959,C,G,1/1,2,191,193
27199,G,A,0/1,69,84,155
27469,ATAGG,GTAGT,0/1,79,82,161
27996,T,C,0/1,110,65,175
29789,G,A,0/1,85,96,181
30980,CCG,CCGATCG,0/1,104,63,167
31142,C,T,0/1,99,73,172
33457,C,T,0/1,80,91,171
33551,T,G,0/1,83,95,178
34044,T,C,1/1,0,215,215
34926,AGGCAAAGGA,AGGCAAAGGGGCAAAGGA,0/1,61,67,132
35097,T,C,0/1,112,78,191
36538,T,C,0/1,90,64,154
37031,C,G,1/1,0,180,180
39623,C,G,0/1,108,86,194
39758,A,G,0/1,117,77,194
40162,C,T,0/1,74,94,168
41151,C,A,0/1,62,63,125
42281,C,A,0/1,80,80,160
42967,G,C,1/1,0,169,169
43945,A,G,0/1,90,81,171
46735,G,A,0/1,114,108,222
49976,C,T,0/1,93,85,178
50854,T,C,0/1,105,94,200
51949,A,G,0/1,89,90,180
54394,A,G,0/1,96,68,164
59816,G,C,0/1,109,77,188
59896,ATG,AG,0/1,86,65,151
60821,C,T,0/1,73,83,158
62049,A,G,1/1,0,143,143
63771,C,T,0/1,94,85,179
64028,C,T,0/1,99,115,214
65159,G,A,0/1,90,86,176
65663,C,G,0/1,102,83,185
66892,C,G,0/1,96,71,167
68174,T,C,0/1,85,87,172
69989,G,A,1/1,0,142,143
70267,G,T,0/1,75,85,162
70816,A,G,1/1,0,172,172
71336,G,C,1/1,1,131,132
71584,CCG,CCGAGCGCTGTTCTGGCGCTAATCTGACGCTAGAATAGCG,0/1,59,9,70
74059,C,T,0/1,76,86,162
74737,T,G,0/1,75,78,153
75233,C,A,0/1,87,89,176
75421,G,A,0/1,81,90,171
75940,G,C,1/1,0,173,173
79281,CCCACATC,CCCACATCCACATC,0/1,83,59,143
79479,T,C,0/1,117,99,216
79504,TCGGTGGACCCGGTGGACCCGGTGGACCCGGTGGACCCGGTGGACCC,TCGGTGGACCCGGTGGACCCGGTGGACCCGGTGGACCC,0/1,35,47,97
82843,TCCCGT,TCCGT,0/1,95,89,186
83343,C,T,0/1,117,72,190
89200,G,T,0/1,118,73,191
89871,C,T,0/1,104,70,174
92199,T,G,1/1,0,188,188
97696,T,C,0/1,96,86,182
98966,G,C,0/1,92,75,167
101119,G,A,0/1,77,90,167
101727,G,A,0/1,75,76,152
103352,C,T,0/1,83,65,148
103600,A,G,0/1,93,60,153
109106,C,T,0/1,86,97,183
115499,T,G,0/1,89,79,168
116000,T,G,1/1,0,157,157
122109,A,G,1/1,0,190,190
123520,T,C,0/1,97,115,212
123740,TGC,TC,0/1,103,88,191
125830,GAAAAGT,GAAAAAGT,1/1,1,167,168
126803,A,G,0/1,102,101,204
126853,G,A,0/1,96,83,179
131174,TGGTGC,TGGGTGC,1/1,1,182,187
133839,C,T,1/1,0,181,182
133862,G,A,0/1,86,97,183
135542,G,A,0/1,94,101,195
137233,C,T,0/1,99,127,226
137673,G,A,0/1,95,92,187
139556,ACCCGT,ACCCCGT,0/1,85,91,177
139756,T,C,0/1,106,101,207
139954,A,C,0/1,109,121,230
143207,T,C,0/1,102,92,196
144433,CC,GT,0/1,96,60,156
144564,C,T,0/1,106,88,194
146087,T,C,1/1,0,161,161
146788,G,A,0/1,102,73,175
146872,C,T,0/1,89,84,173
147970,C,T,0/1,106,107,213
154283,T,C,1/1,0,198,198
157292,C,T,0/1,96,107,203
157663,G,A,0/1,86,97,183
160976,C,G,0/1,79,80,159
162226,G,A,0/1,92,91,183
162581,G,A,0/1,85,85,170
167986,C,T,0/1,70,46,116
168787,C,T,0/1,123,73,197
170523,TCCCCCGGCGGCGA,TCCCCGGCGGCGA,0/1,75,67,142
176303,C,T,0/1,75,85,160
177175,G,C,0/1,90,93,183
194040,C,A,0/1,108,106,214
194305,CCA,CGGCA,0/1,80,65,145
194681,G,C,1/1,0,179,179
195360,T,C,0/1,112,122,234
196642,C,T,1/1,0,206,206
196874,C,T,0/1,97,91,188
199470,T,G,0/1,82,76,158
200379,C,T,0/1,121,122,243
202886,G,C,0/1,91,78,169
203269,C,T,0/1,106,108,214
206339,T,C,1/1,0,179,179
206481,CGGG,GGGT,0/1,56,79,135
207226,T,C,0/1,105,85,190
208316,ATTCA,ATCA,0/1,86,73,159
208321,GT,GCG,0/1,85,72,157
211993,C,A,0/1,83,69,153
212353,C,T,0/1,69,81,150
215238,C,T,0/1,79,74,153
217201,T,C,0/1,91,55,146
223747,CGGGGCCCC,CGGGGGCCCC,0/1,99,84,190
223942,T,C,1/1,1,158,159
225315,G,A,0/1,121,67,189
225323,T,C,1/1,0,188,189
225668,C,T,0/1,99,98,197
226676,G,A,0/1,102,64,167
227098,T,C,1/1,1,168,169
230576,GTC,GTTC,0/1,98,76,174
231114,C,G,1/1,0,163,163
233358,A,C,0/1,83,67,150
233364,G,C,0/1,94,74,168
234051,G,A,0/1,76,79,155
234477,T,G,1/1,5,114,119
234496,CCT,CGTCT,1/1,0,94,95
235681,G,A,0/1,95,85,180
236512,C,T,0/1,101,114,215
241465,G,A,0/1,94,77,171
243598,A,G,0/1,79,83,163
244550,A,G,0/1,90,59,150
251575,G,A,0/1,91,93,185
251669,T,C,0/1,103,98,201
251938,G,T,0/1,84,69,153
254903,C,A,0/1,90,99,189
257301,CCGTCGGCGAC,CC,0/1,105,48,153
257788,GCCGT,GAGGATCATCAAGGGTGCGTCGCGGAAGTACCGT,0/1,99,14,117
260282,G,T,0/1,80,64,146
261869,T,C,1/1,0,152,152
263057,T,G,0/1,93,62,155
263149,A,C,0/1,82,33,115
264298,C,A,0/1,98,99,197
264984,C,G,0/1,89,79,168
265170,CGGGCA,CGGCA,0/1,103,80,183
265554,A,C,1/1,0,180,180
272678,C,T,0/1,96,94,190
273568,G,T,0/1,71,62,133
278681,C,G,1/1,0,152,153
281454,C,A,0/1,101,79,180
282188,G,A,0/1,113,104,217
282604,A,T,0/1,86,111,197
282822,C,G,0/1,78,78,156
283614,T,C,1/1,2,213,215
285772,A,C,1/1,0,139,139
285871,A,G,1/1,0,159,159
290374,T,C,0/1,87,58,145
291977,G,A,0/1,107,100,207
293628,ACCCCCGA,ACCCCCCGA,0/1,79,62,143
293704,CTTTTTGGGC,CTTTTGGGC,0/1,81,74,159
294170,G,A,0/1,101,96,197
297396,G,A,0/1,103,78,181
302615,T,C,0/1,86,95,181
303414,C,T,0/1,81,92,173
304923,A,G,0/1,113,86,199
310973,G,A,1/1,0,171,171
311613,G,T,1/1,0,177,177
316129,C,G,0/1,80,90,170
320180,A,G,0/1,73,82,155
325505,T,C,0/1,90,81,172
326002,A,G,0/1,77,62,139
331588,G,A,0/1,85,79,164
333212,G,C,0/1,70,61,131
333292,A,G,0/1,76,97,173
336380,A,T,0/1,151,78,230
336400,CAGCGA,GAGGGG,0/1,139,74,213
336504,G,T,0/1,192,155,348
336535,TGTTGG,GGGTGT,0/1,170,120,292
336546,T,G,0/1,168,123,291
336557,CGGTTACA,CTGGCTATGGCA,0/1,150,63,218
342146,A,C,0/1,94,121,215
343281,G,C,0/1,86,72,158
343453,G,T,0/1,86,110,196
344288,C,G,0/1,86,62,148
346275,C,G,1/1,0,166,166
351875,G,A,0/1,85,95,180
356528,A,G,1/1,0,147,147
357582,G,A,0/1,102,72,175
361081,G,A,0/1,114,103,217
376774,T,C,1/1,0,187,187
378357,T,G,0/1,111,106,217
378939,G,C,0/1,91,70,161
381030,A,G,0/1,105,99,204
382822,G,A,0/1,97,101,198
384380,A,C,1/1,0,149,149
386432,C,G,1/1,0,162,162
390828,T,C,1/1,0,166,167
391853,A,G,0/1,83,67,151
392261,T,C,0/1,94,51,145
393941,C,T,0/1,92,104,197
396750,G,A,0/1,86,73,159
397071,A,G,0/1,92,90,182
403980,G,A,1/1,6,179,185
404326,T,C,1/1,0,197,197
406023,G,C,0/1,103,77,180
406274,T,C,0/1,97,68,165
406599,G,A,0/1,103,86,189
408723,C,T,0/1,81,87,168
412280,T,G,0/1,113,89,202
414486,C,T,1/1,3,198,201
416475,CAG,CAAG,0/1,103,77,184
420008,A,G,1/1,0,161,162
420405,C,T,0/1,83,104,187
424250,A,G,0/1,98,89,187
437128,G,A,0/1,54,82,136
438271,G,A,0/1,99,70,170
439711,T,C,0/1,77,101,178
440510,G,T,0/1,119,86,205
442988,G,A,0/1,91,84,175
444351,G,T,0/1,62,96,158
445400,C,T,0/1,99,81,180
445780,C,T,0/1,104,67,171
446747,C,T,0/1,89,89,178
447442,C,T,0/1,84,83,167
447525,G,C,0/1,102,93,195
451029,C,A,0/1,100,97,197
452288,C,T,0/1,84,63,147
453659,C,A,0/1,105,64,169
454295,T,C,1/1,0,151,153
455325,CGGGT,GGGGC,0/1,118,93,212
456487,C,A,0/1,114,85,200
456511,G,A,0/1,113,71,184
457452,T,G,1/1,0,165,166
459399,A,C,1/1,0,122,122
468357,A,G,0/1,82,85,167
469042,C,T,0/1,84,115,200
471666,A,G,0/1,109,73,182
472705,T,C,0/1,77,99,177
478358,C,T,0/1,123,95,218
483935,T,G,0/1,91,103,194
485230,C,T,0/1,108,149,257
485584,G,T,0/1,97,114,212
485785,T,G,0/1,78,144,222
489935,G,C,1/1,2,219,221
491742,T,C,0/1,95,114,209
492150,G,C,0/1,78,72,150
492655,G,A,0/1,92,95,187
495198,A,G,0/1,101,68,169
495473,C,T,0/1,94,81,175
498531,A,G,0/1,126,95,221
498557,C,A,1/1,1,203,205
500523,GT,AC,0/1,122,15,137
502589,C,G,1/1,2,193,198
503354,G,C,1/1,1,219,220
505974,G,A,0/1,91,83,174
508435,C,T,0/1,79,87,168
510831,TCCGGGGGGCGCAC,TC,0/1,75,68,144
513257,T,C,1/1,1,143,144
514657,T,G,0/1,98,84,182
517358,T,C,0/1,94,87,181
517411,A,G,0/1,91,85,177
519185,T,G,0/1,84,81,165
522081,A,G,0/1,97,93,190
524891,C,A,0/1,88,69,157
526385,G,T,0/1,91,82,173
527050,G,A,0/1,81,89,170
527316,C,G,0/1,92,57,149
528354,C,A,0/1,104,79,183
528781,G,A,0/1,100,87,187
532367,T,C,0/1,111,69,180
534427,T,A,0/1,97,89,186
534691,C,T,0/1,129,103,232
534864,G,T,0/1,103,110,213
541201,A,G,1/1,0,192,192
542959,C,T,0/1,92,71,163
546357,A,G,0/1,97,90,188
549251,C,T,0/1,82,106,188
551525,A,C,1/1,0,168,168
554523,C,T,0/1,107,73,180
555945,T,C,0/1,110,92,202
555991,A,G,0/1,100,95,196
556035,G,T,0/1,88,82,170
557133,G,A,0/1,86,98,184
560664,CAA,TAG,0/1,82,85,167
562497,C,T,0/1,91,111,202
563420,T,C,0/1,87,105,192
564723,C,T,0/1,82,90,172
565404,G,T,0/1,96,78,174
565655,A,G,0/1,112,89,201
566980,C,T,0/1,120,79,199
567065,C,G,0/1,99,77,176
568693,G,T,0/1,90,80,170
571943,G,A,0/1,85,89,175
573262,A,G,1/1,0,161,161
573384,T,G,0/1,91,77,168
574757,G,T,0/1,84,66,150
575368,T,C,0/1,99,70,169
584171,T,C,0/1,82,97,179
584438,G,A,0/1,92,83,175
584511,G,T,0/1,88,99,187
589536,G,A,0/1,66,80,146
590436,T,C,1/1,0,177,177
590763,G,C,0/1,98,102,200
591965,G,A,0/1,98,100,198
592584,A,G,0/1,86,110,196
595374,T,C,0/1,149,147,297
595432,C,T,0/1,246,36,282
595501,G,A,0/1,83,76,159
596833,CGGGGGGCT,CGGGGGCT,0/1,109,87,197
597816,A,G,1/1,0,192,192
598020,TTAC,CTAT,0/1,210,25,236
598029,AT,GG,0/1,211,25,236
598043,GCG,CAC,0/1,209,27,236
598076,TTCA,ATCG,0/1,190,67,258
598095,GA,CG,0/1,185,46,231
598104,T,C,0/1,192,39,231
598111,T,C,0/1,190,36,226
598117,A,G,0/1,176,25,201
598128,CA,GG,0/1,177,23,200
598475,G,A,1/1,2,182,187
599868,A,G,0/1,78,105,183
610120,T,G,1/1,0,200,200
615938,G,A,0/1,105,83,188
621390,G,A,0/1,103,92,195
627350,C,G,0/1,84,85,169
632330,G,T,0/1,65,86,151
637319,G,A,1/1,0,187,187
637922,C,T,0/1,82,103,185
638558,A,C,0/1,94,93,187
639835,C,T,0/1,100,101,202
640233,C,T,0/1,108,74,182
641791,G,T,0/1,96,77,173
643101,A,G,0/1,73,108,182
643449,C,T,0/1,82,73,155
643483,G,A,0/1,89,72,161
645445,C,T,0/1,89,97,186
646163,C,A,0/1,86,87,174
646531,A,T,0/1,73,99,172
648002,T,G,1/1,0,210,210
648856,T,C,0/1,104,72,176
649345,C,T,0/1,95,52,147
654996,C,T,0/1,84,91,175
655707,G,A,0/1,73,68,141
655986,T,G,0/1,95,91,186
657578,A,G,0/1,65,81,146
659341,T,C,0/1,92,73,165
662911,T,C,0/1,84,84,168
663410,A,C,0/1,152,26,178
663418,AGC,CAA,0/1,142,26,171
663429,T,G,0/1,158,28,186
663907,G,A,0/1,88,93,181
664249,C,T,0/1,103,110,213
665293,A,G,1/1,0,194,194
667659,C,T,0/1,97,103,200
669398,T,C,1/1,0,172,172
670545,G,A,0/1,118,88,206
678440,C,T,0/1,111,93,205
682713,C,A,0/1,91,93,184
684290,A,G,0/1,114,99,213
685461,C,G,1/1,0,185,185
685608,T,C,1/1,0,189,189
685955,G,A,0/1,101,110,211
686066,A,G,0/1,74,62,136
686972,T,C,1/1,0,182,182
687602,C,A,0/1,79,73,153
688792,TGGGGCGG,TGGGGGCGG,0/1,88,84,174
690248,C,A,0/1,68,67,135
690450,A,C,0/1,82,59,141
690465,T,G,1/1,0,136,136
698968,G,A,1/1,0,194,194
700776,T,C,0/1,103,68,171
703945,A,T,0/1,92,87,179
704997,G,A,0/1,76,65,141
705602,T,C,0/1,82,66,148
705609,G,A,0/1,86,66,152
709226,G,A,0/1,87,102,189
712192,GCCC,GACCC,0/1,79,59,138
712693,A,G,0/1,94,73,167
713310,T,C,0/1,84,81,165
715266,A,G,0/1,90,101,191
716324,G,A,0/1,77,68,146
717537,C,T,0/1,92,82,174
717588,A,G,0/1,84,82,166
718984,G,A,0/1,92,66,158
720049,C,A,0/1,91,81,172
720863,G,T,0/1,121,87,208
722852,G,A,0/1,81,70,151
724712,TGGGCGCG,TGGCGCG,0/1,59,79,138
726498,C,A,0/1,65,56,121
726703,C,A,0/1,114,88,202
727020,G,T,0/1,77,43,120
730087,G,A,0/1,129,83,212
733798,G,C,0/1,85,113,198
734116,T,C,0/1,106,106,212
736710,T,C,0/1,92,104,196
740281,C,A,0/1,91,96,187
749968,T,C,0/1,91,91,182
751017,T,C,0/1,85,83,168
751264,C,T,0/1,107,88,195
752046,C,T,0/1,118,106,225
752343,A,G,0/1,91,98,189
753392,T,C,0/1,83,100,183
753668,C,T,0/1,78,96,174
754186,A,G,1/1,2,176,178
754387,G,A,0/1,71,59,130
757182,A,G,0/1,104,91,195
761140,A,T,0/1,82,75,157
761155,C,T,0/1,76,89,165
761345,G,A,0/1,81,92,173
763031,T,C,0/1,91,92,183
763531,G,C,0/1,104,94,198
763884,CCC,TCA,0/1,96,70,166
764809,C,T,0/1,109,75,184
764817,T,C,0/1,74,104,178
764995,C,G,0/1,105,101,206
767414,G,A,0/1,94,65,159
767480,C,G,0/1,76,89,165
767609,A,G,0/1,125,102,227
769962,GCCCTA,GCCTA,0/1,68,68,136
770657,G,A,0/1,71,88,159
772089,C,T,0/1,84,87,171
773449,G,A,0/1,111,85,196
773809,G,A,0/1,84,93,178
775639,T,C,1/1,0,190,190
776100,G,A,0/1,82,70,152
781395,T,C,1/1,0,183,183
784440,G,T,0/1,96,105,202
786137,A,C,0/1,78,68,146
790083,C,T,0/1,102,102,204
790180,A,G,0/1,94,106,200
793702,C,T,0/1,98,93,191
796509,G,T,0/1,71,93,164
797597,C,T,0/1,85,92,177
799136,ACCCCCCCTAC,ACCCCCCTAC,0/1,76,68,145
800357,C,A,0/1,87,76,163
810287,C,G,0/1,87,99,186
811492,C,G,0/1,88,104,192
812502,C,T,0/1,98,96,194
815236,T,C,0/1,132,101,233
815851,A,G,0/1,80,62,142
817696,G,A,0/1,96,89,185
819213,T,C,0/1,95,93,188
820483,G,T,1/1,0,142,142
820752,C,T,0/1,85,84,169
821907,T,C,0/1,80,56,136
824429,C,T,0/1,112,95,207
829719,G,A,0/1,66,75,141
830868,GGCGCGCGCGT,GGCGCGCGCGCGT,0/1,116,80,203
835526,G,A,0/1,88,72,160
838439,G,T,0/1,81,92,174
841494,CA,GG,0/1,103,61,164
841764,G,C,1/1,0,173,173
843391,G,A,0/1,102,86,188
847995,T,C,0/1,85,91,176
850985,A,G,0/1,96,81,177
852289,G,A,0/1,87,89,176
852910,C,T,1/1,0,141,141
854252,GCCCCCCCCCAGG,GCCCCCCCCAGG,1/1,3,175,180
857696,A,G,1/1,1,184,185
859131,CGGTA,CAGGTA,0/1,84,74,158
864166,C,T,0/1,94,82,177
865761,C,T,0/1,90,64,156
871271,A,C,0/1,107,78,185
874835,CCA,CCGCA,1/1,0,169,177
880562,G,T,1/1,0,176,177
882257,T,C,1/1,0,171,171
884134,C,G,0/1,86,83,169
885542,G,C,0/1,93,79,172
885689,G,T,0/1,92,86,179
888774,G,A,0/1,157,60,217
893733,T,G,1/1,0,203,203
894888,T,C,0/1,78,80,158
895082,A,G,0/1,102,84,186
895120,C,T,0/1,78,74,152
898477,A,G,0/1,109,64,173
900221,T,C,1/1,0,141,141
903550,T,C,1/1,0,195,195
903913,T,C,1/1,0,164,164
906857,A,G,1/1,0,224,224
910015,C,A,0/1,91,102,193
911261,T,C,0/1,90,75,165
913274,C,G,0/1,107,96,203
916046,T,G,0/1,84,65,149
919466,C,A,0/1,91,90,181
923267,G,A,0/1,97,97,194
930496,C,G,0/1,90,68,159
931123,T,C,0/1,93,89,182
932280,T,C,0/1,76,76,152
933699,G,T,0/1,85,85,170
934230,C,G,0/1,94,100,194
934611,G,T,0/1,91,67,158
938246,A,G,0/1,98,81,179
940486,G,A,0/1,105,65,172
941503,G,T,0/1,125,108,233
941845,C,A,0/1,78,95,173
942479,T,C,0/1,107,86,193
945214,G,A,1/1,0,204,204
945972,C,T,0/1,81,86,168
947176,C,G,0/1,116,75,191
948294,T,C,0/1,94,81,176
949535,T,C,1/1,1,172,173
951142,C,A,0/1,110,86,196
952597,C,T,0/1,107,103,211
952810,CTTCC,CTCC,0/1,82,44,126
955524,A,G,1/1,0,169,169
957117,T,C,0/1,121,98,219
959346,C,T,0/1,88,91,179
960367,A,G,0/1,80,61,141
967599,CGCGA,CGCGGCGA,0/1,70,56,127
970476,C,G,0/1,77,69,147
976043,G,T,0/1,95,61,156
979704,G,C,1/1,1,164,165
980501,G,C,0/1,98,63,161
986463,G,C,1/1,1,169,170
987601,C,T,0/1,121,99,220
990001,G,C,1/1,2,162,164
990383,G,A,0/1,85,47,132
990521,G,A,0/1,96,77,173
990533,T,C,0/1,75,94,169
991640,G,A,0/1,119,95,214
993346,A,C,1/1,0,223,223
996219,G,A,0/1,102,142,244
997143,CGGAT,CGGGAT,0/1,84,98,186
1002342,T,C,0/1,101,103,204
1009490,C,T,0/1,103,103,206
1010204,CGGTT,CGGGTT,1/1,0,175,178
1011198,G,C,0/1,93,94,187
1011286,T,C,0/1,76,103,179
1014815,T,G,0/1,121,87,208
1022613,G,A,0/1,78,89,167
1024346,A,G,0/1,84,88,172
1025106,T,C,1/1,0,222,222
1029997,A,G,0/1,86,83,169
1032241,G,T,0/1,94,107,201
1032524,T,C,0/1,96,100,196
1032913,G,T,0/1,103,103,206
1036484,G,A,0/1,99,96,195
1037012,T,C,1/1,0,167,167
1037355,T,C,0/1,76,101,178
1037911,C,T,1/1,0,179,179
1038500,T,G,0/1,88,106,194
1040067,CGGTC,CGTC,0/1,91,84,175
1040706,A,C,0/1,94,69,163
1041129,C,T,0/1,86,92,178
1041445,C,T,0/1,124,97,222
1043136,C,T,0/1,99,90,189
1047051,G,A,0/1,79,95,174
1047165,T,C,1/1,0,207,207
1048102,G,A,0/1,106,89,195
1054784,C,G,0/1,104,97,201
1055049,C,T,0/1,69,100,170
1055126,C,T,0/1,95,98,193
1057788,T,G,0/1,86,110,196
1061386,T,C,0/1,80,35,115
1061676,GTGCT,GT,0/1,116,95,212
1061858,C,T,0/1,126,92,219
1063602,A,C,0/1,75,123,198
1063765,G,A,0/1,120,100,220
1063922,C,T,0/1,101,64,165
1065742,G,A,0/1,93,78,172
1066038,A,G,0/1,97,64,161
1068151,T,C,1/1,0,201,201
1068432,A,G,1/1,0,155,155
1070381,A,G,0/1,68,58,127
1070702,T,C,1/1,0,140,140
1071797,C,G,0/1,90,98,188
1072342,A,G,0/1,89,64,153
1074558,G,A,1/1,0,176,176
1075167,GCATC,GC,0/1,61,88,149
1075279,T,C,1/1,0,183,183
1076309,G,T,1/1,2,177,181
1077312,A,G,1/1,0,143,143
1077624,GCCCCCGGCA,GCCCCGGCA,0/1,71,90,161
1077754,C,T,0/1,86,95,181
1078398,G,A,0/1,96,102,198
1079927,C,A,1/1,0,168,168
1080192,G,A,0/1,120,71,191
1081211,T,G,0/1,85,92,177
1081681,T,C,1/1,0,168,168
1083755,A,G,0/1,114,86,200
1085623,A,G,0/1,90,70,161
1086648,C,A,0/1,97,89,188
1087193,G,C,1/1,1,192,193
1088502,G,A,0/1,80,77,157
1090188,AGGGCCA,AGGGGCCA,0/1,75,67,145
1093322,C,T,0/1,57,83,140
1094472,G,A,0/1,90,27,117
1094538,T,G,0/1,93,81,174
1097023,G,A,0/1,86,85,172
1098523,T,A,0/1,96,105,201
1099212,C,T,0/1,94,79,173
1100234,T,C,1/1,0,193,193
1103249,C,T,0/1,145,112,257
1104634,C,T,0/1,93,141,234
1104690,T,G,0/1,96,132,228
1105284,G,A,0/1,113,145,258
1106422,T,C,1/1,0,183,183
1107434,A,T,0/1,91,107,198
1107917,G,T,0/1,88,105,193
1107940,A,C,0/1,105,88,193
1109163,C,G,0/1,78,78,156
1109975,A,G,1/1,0,156,157
1110514,C,T,0/1,89,101,190
1110956,T,G,0/1,81,108,190
1111518,T,C,0/1,69,86,156
1111784,C,T,0/1,47,111,158
1113290,G,C,0/1,115,85,200
1117405,C,T,0/1,100,103,203
1119739,C,T,0/1,94,62,156
1121074,CCGCA,TCGCC,0/1,89,35,126
1121623,C,T,0/1,69,49,118
1123597,A,G,0/1,70,83,153
1126889,G,C,1/1,0,164,164
1127648,C,A,1/1,0,164,164
1128814,G,A,0/1,104,88,193
1131229,CGA,CGGA,0/1,97,67,165
1131300,G,A,0/1,101,60,161
1132368,C,T,0/1,119,97,217
1136017,A,G,0/1,83,93,176
1139222,G,A,0/1,92,97,189
1142266,A,C,0/1,59,97,156
1143832,A,C,0/1,103,71,174
1144585,A,G,0/1,93,83,176
1148259,A,G,0/1,82,86,168
1149551,C,T,1/1,0,153,153
1150321,TGCCCGACAGCAAGG,TG,0/1,90,73,164
1150585,G,A,1/1,2,150,152
1151485,CGTGTGTC,CGTGTC,0/1,86,66,154
1154174,G,A,0/1,106,93,199
1155700,C,T,0/1,81,112,193
1157771,G,C,0/1,83,91,174
1164336,G,A,0/1,90,76,167
1164521,C,T,0/1,89,74,163
1164571,A,G,0/1,61,93,154
1168323,A,G,0/1,123,81,204
1168715,CTTCC,CTTTCC,1/1,0,139,142
1171364,C,T,0/1,90,102,192
1177641,ACCCCCAAAT,ACCCCAAAT,0/1,89,94,183
1178116,T,C,1/1,0,197,198
1184826,G,T,0/1,108,78,187
1186461,G,A,0/1,88,61,149
1192830,G,A,0/1,111,89,200
1196889,A,G,0/1,96,114,210
1197877,TGGGAT,TGGAT,0/1,82,76,162
1199019,T,C,0/1,109,73,182
1199547,G,A,0/1,71,76,147
1200418,A,G,1/1,0,199,200
1201291,A,G,0/1,98,122,220
1203824,T,C,0/1,106,107,213
1205936,A,G,0/1,108,106,214
1207431,A,G,0/1,70,101,171
1211369,A,C,0/1,109,110,219
1220570,G,T,0/1,91,81,172
1220680,T,C,1/1,0,157,157
1224331,CTG,CG,0/1,100,12,113
1224340,C,G,0/1,102,13,115
1224347,CGT,CAGT,0/1,90,10,100
1224367,T,C,1/1,0,119,119
1225126,G,A,0/1,91,81,172
1228116,A,G,0/1,98,66,164
1230778,G,A,0/1,84,88,172
1235446,T,C,0/1,96,66,162
1237403,G,A,0/1,91,66,157
1244768,G,A,0/1,103,88,191
1246231,TTCGACG,TTCGACTCGACG,0/1,84,43,128
1248382,A,G,0/1,79,69,148
1248936,G,C,0/1,63,106,169
1248978,T,C,1/1,0,156,156
1250340,A,G,0/1,78,59,137
1250357,T,G,0/1,72,65,137
1251199,C,T,0/1,84,76,160
1254562,A,G,0/1,89,82,171
1257032,G,A,0/1,85,84,169
1257343,C,G,0/1,126,73,199
1258324,A,G,0/1,86,90,177
1262230,C,T,0/1,84,74,158
1266565,C,T,0/1,94,103,197
1268649,C,T,0/1,79,88,167
1271143,AGGAA,AGGGAA,0/1,84,70,164
1273250,GCT,GACT,0/1,109,79,191
1275957,T,C,0/1,88,75,163
1280439,C,T,0/1,98,92,190
1281118,T,C,1/1,0,206,206
1281443,C,G,0/1,86,85,171
1281515,G,A,0/1,114,90,204
1281771,T,C,0/1,82,92,174
1287112,T,C,0/1,77,98,175
1287160,A,C,0/1,105,95,200
1287234,A,C,0/1,89,87,176
1292102,A,G,1/1,2,157,159
1297327,G,A,0/1,88,83,171
1297397,G,A,0/1,92,77,169
1297999,T,G,0/1,88,84,172
1302821,G,A,0/1,103,106,209
1306259,A,G,0/1,112,107,219
1307373,G,A,0/1,84,84,169
1307598,C,G,1/1,0,170,170
1310316,C,T,0/1,85,60,145
1313337,AA,AGC,1/1,0,67,67
1314617,C,T,0/1,109,91,201
1315191,A,C,1/1,0,179,179
1315746,G,A,0/1,98,67,165
1315884,G,A,1/1,0,171,171
1316480,G,C,0/1,79,92,171
1317059,C,A,0/1,76,55,131
1320508,G,A,0/1,84,108,192
1320614,C,G,0/1,93,123,216
1327890,G,A,1/1,0,169,169
1327942,C,G,0/1,87,101,188
1328687,G,C,1/1,0,199,199
1338794,TCGGCGGCGGCGGT,TCGGCGGCGGT,0/1,83,90,175
1344857,C,T,0/1,96,55,152
1348518,GCCAG,GG,0/1,80,73,155
1348554,G,A,0/1,115,73,188
1351172,A,G,0/1,105,71,176
1353658,G,C,0/1,85,88,173
1354437,A,C,0/1,106,88,195
1356648,C,T,0/1,86,85,171
1358940,C,A,0/1,104,79,183
1360209,T,C,1/1,0,166,166
1362006,T,C,0/1,92,95,187
1363194,G,A,0/1,113,109,222
1367484,T,G,0/1,104,91,195
1368947,A,G,0/1,78,67,145
1369389,C,T,0/1,99,75,174
1369735,G,A,0/1,75,76,151
1373170,G,C,0/1,73,78,151
1374065,T,C,1/1,0,186,186
1374578,C,T,0/1,87,93,180
1374639,T,A,0/1,94,80,174
1375724,A,C,1/1,0,167,167
1378958,C,T,0/1,132,104,237
1382628,T,C,1/1,0,147,147
1387211,G,A,0/1,99,81,180
1389738,G,A,0/1,85,64,149
1389866,C,T,0/1,109,97,206
1390763,C,T,0/1,92,107,199
1393208,G,A,0/1,117,97,215
1393626,A,G,1/1,0,156,156
1395010,A,G,0/1,68,76,144
1396922,T,C,1/1,0,162,162
1397201,A,G,0/1,104,75,179
1397215,C,G,0/1,107,77,184
1400396,A,G,0/1,113,86,201
1401206,G,A,0/1,98,68,166
1404169,T,G,0/1,65,93,158
1406312,A,G,0/1,118,87,207
1409030,CGGATTTCTATTT,CT,0/1,103,60,164
1410062,G,C,0/1,84,92,176
1411210,T,G,1/1,0,163,163
1413148,C,T,1/1,0,134,134
1414021,C,T,1/1,0,206,206
1414621,C,A,0/1,161,71,232
1414629,T,A,0/1,157,59,217
1414653,C,T,0/1,159,66,225
1415097,C,G,0/1,147,60,207
1416222,A,G,0/1,172,57,229
1416232,ACA,GCC,0/1,169,59,229
1416898,G,A,0/1,102,96,198
1417019,C,T,0/1,86,71,157
1417554,G,C,0/1,115,104,219
1417793,G,A,0/1,97,77,174
1419602,T,C,0/1,112,116,228
1424699,T,C,0/1,110,112,222
1426928,C,T,0/1,93,93,186
1428506,G,T,0/1,45,70,117
1440469,C,G,1/1,0,153,153
1443354,C,T,0/1,110,89,199
1443428,G,A,0/1,158,36,194
1443899,T,C,0/1,80,70,150
1444188,CGGCTGGCTG,CGGCTG,0/1,76,80,157
1445474,G,A,0/1,94,87,181
1445781,A,G,1/1,0,174,174
1445977,C,T,0/1,85,112,197
1446923,T,G,0/1,78,106,185
1447774,C,T,0/1,70,83,153
1448907,A,G,0/1,82,82,164
1452071,C,A,0/1,106,101,207
1453165,C,G,0/1,113,75,188
1453996,C,G,0/1,101,76,177
1457144,C,T,1/1,0,151,151
1458144,C,A,0/1,90,54,144
1460907,T,C,0/1,68,84,152
1462661,C,G,0/1,80,81,161
1468150,C,T,0/1,87,124,211
1471659,C,T,1/1,2,204,206
1472359,A,T,0/1,74,87,161
1473080,C,G,0/1,95,99,194
1478222,C,G,0/1,83,82,165
1479085,T,C,0/1,76,63,139
1482627,T,C,1/1,0,198,198
1484708,A,C,1/1,0,147,147
1488114,CA,TG,0/1,92,12,105
1490905,A,G,0/1,101,106,207
1490911,G,A,0/1,106,97,203
1491543,G,A,0/1,97,78,175
1492194,T,C,0/1,115,69,184
1496964,G,T,0/1,94,83,177
1499274,C,G,1/1,0,156,156
1505194,T,C,0/1,90,81,171
1505973,G,A,0/1,94,90,184
1509283,G,A,0/1,113,51,164
1510649,C,T,0/1,76,81,157
1512031,T,G,0/1,89,75,164
1514010,G,T,0/1,90,83,173
1516380,T,C,0/1,103,66,169
1521526,T,C,0/1,83,104,187
1521776,T,G,0/1,93,80,173
1522862,C,T,0/1,85,88,174
1523175,A,C,0/1,90,87,177
1523791,A,G,0/1,99,108,207
1525160,G,A,0/1,92,119,211
1526819,C,A,1/1,0,219,220
1527449,GTG,GTTG,0/1,114,73,189
1533999,G,C,0/1,126,86,212
1534548,G,A,0/1,90,120,210
1535643,C,T,0/1,119,101,220
1536251,G,T,1/1,0,151,151
1540141,T,C,0/1,78,79,157
1541129,C,T,0/1,102,96,198
1544255,C,T,0/1,89,99,188
1546703,C,T,0/1,120,80,200
1547125,T,C,1/1,0,197,197
1548087,G,A,0/1,93,95,189
1552547,G,A,1/1,1,137,138
1553855,C,T,0/1,101,86,187
1558450,G,A,0/1,89,95,184
1559562,C,A,0/1,111,70,181
1560912,G,A,0/1,91,66,157
1563686,G,T,0/1,89,74,163
1563717,C,T,1/1,0,153,153
1567985,A,G,0/1,88,46,134
1568178,C,T,0/1,106,77,183
1569878,G,T,0/1,91,85,176
1570513,G,T,0/1,85,82,167
1570566,C,A,1/1,1,175,178
1574206,T,C,0/1,78,105,183
1575793,A,G,0/1,115,63,178
1578829,T,G,0/1,89,43,132
1579825,G,A,0/1,84,101,185
1580181,G,A,0/1,106,61,167
1580283,A,G,0/1,86,64,150
1581377,C,T,0/1,107,110,217
1584379,A,C,0/1,65,62,127
1585283,A,C,0/1,89,70,159
1585404,G,A,0/1,89,52,141
1586249,C,T,0/1,105,105,210
1588456,A,G,0/1,74,75,149
1588899,G,T,1/1,0,167,167
1589739,C,T,0/1,92,81,174
1590555,C,T,0/1,108,90,199
1592538,A,G,0/1,116,94,210
1594698,C,T,0/1,88,95,183
1600164,C,T,0/1,98,70,168
1600685,C,T,0/1,101,64,165
1601528,C,T,0/1,109,88,197
1604290,A,T,0/1,104,93,198
1606357,GTTGC,GTGC,0/1,97,57,155
1608276,A,C,0/1,114,86,201
1609840,A,G,1/1,0,177,177
1611283,T,C,0/1,93,102,195
1612595,C,G,0/1,145,22,167
1612600,GGGGATT,CGGTATC,0/1,131,20,153
1612621,CGGTATCGGTACCGGTGCGCCAGGGA,AGGGATCGGTACCGGTGCGCCAGGGA,0/1,47,31,104
1612648,T,C,0/1,113,82,195
1613035,T,C,1/1,0,190,190
1613355,T,G,0/1,119,86,206
1613927,C,A,0/1,84,65,150
1613960,G,T,0/1,89,94,183
1616831,A,G,0/1,78,87,165
1617833,C,T,0/1,89,67,156
1623789,C,T,0/1,68,71,139
1624791,C,G,1/1,0,152,152
1625259,A,C,0/1,82,87,169
1625347,CGGGCA,CGGGGCA,0/1,89,85,177
1627351,T,C,0/1,103,81,184
1629128,G,C,0/1,48,93,141
1630148,A,C,1/1,0,198,198
1639418,A,G,0/1,91,87,178
1639594,C,A,1/1,1,137,138
1639643,T,C,0/1,77,55,132
1640442,C,T,0/1,107,77,186
1645802,T,C,1/1,2,220,222
1647830,G,A,0/1,78,85,163
1650072,A,G,1/1,0,171,171
1652831,C,T,0/1,66,86,152
1657843,G,A,0/1,115,70,185
1658535,G,T,0/1,87,77,164
1659902,T,C,0/1,80,66,146
1659994,C,T,0/1,94,72,166
1668914,C,G,0/1,114,97,211
1673425,C,T,0/1,100,76,176
1674162,C,T,0/1,93,97,190
1676290,C,A,1/1,3,218,222
1676308,T,C,0/1,105,107,214
1676662,C,G,0/1,81,80,161
1677765,C,T,0/1,104,105,209
1679833,C,A,0/1,91,74,165
1688300,T,C,0/1,87,65,152
1689349,C,T,1/1,2,167,170
1691520,T,G,0/1,80,105,186
1691799,C,T,0/1,95,132,228
1692141,A,C,1/1,1,251,254
1692795,G,C,0/1,92,87,179
1693262,GAAAAACAC,GAAAACAC,0/1,74,122,197
1693561,A,G,1/1,0,191,192
1694547,A,C,0/1,83,94,177
1695674,G,A,0/1,105,115,220
1696499,GGGTGC,GCGGTGGTGC,0/1,104,110,216
1697633,T,C,0/1,114,98,212
1698911,G,A,1/1,1,199,200
1699744,T,C,0/1,105,77,182
1699849,G,A,0/1,93,92,188
1706119,T,C,1/1,0,185,185
1706746,C,A,0/1,105,96,201
1709432,C,T,0/1,94,96,190
1709899,A,C,0/1,94,92,186
1712671,G,A,0/1,128,92,220
1713192,A,G,0/1,90,84,174
1714837,C,T,0/1,96,90,186
1715799,C,A,0/1,71,94,167
1716472,A,G,0/1,92,79,171
1716649,C,T,0/1,106,77,183
1718444,T,C,0/1,80,63,143
1718761,C,T,0/1,87,87,174
1719322,G,A,1/1,0,95,95
1721428,GAAAAAAACCG,GAAAAAACCG,0/1,86,50,138
1721490,C,G,0/1,89,56,145
1721831,G,T,0/1,110,98,208
1724120,G,A,0/1,70,76,146
1726816,G,T,0/1,70,66,136
1727763,A,C,0/1,47,83,130
1728615,A,C,0/1,88,76,164
1728837,A,G,1/1,0,180,180
1731563,A,T,0/1,69,72,141
1734994,C,T,0/1,75,129,205
1735903,A,G,0/1,102,89,191
1736638,C,T,0/1,82,100,182
1739390,A,G,0/1,80,57,137
1740771,A,C,0/1,73,96,169
1745446,T,A,0/1,110,106,216
1753519,GCCCCGT,GCCCCCGT,1/1,0,123,126
1754016,GCCCCCGGC,GCCCCCCGGC,0/1,104,79,185
1754299,A,C,0/1,81,96,177
1754983,C,T,0/1,104,96,200
1755599,C,T,0/1,73,117,190
1756732,G,A,0/1,76,55,131
1757029,GAT,GT,0/1,87,96,183
1758180,T,C,0/1,84,76,160
1758790,C,T,0/1,87,69,156
1759252,G,T,1/1,0,145,145
1760292,A,G,1/1,0,149,149
1760460,C,T,0/1,109,114,223
1760923,T,C,0/1,100,118,218
1766689,GCAC,GC,0/1,97,96,193
1769099,C,A,0/1,95,102,197
1771320,G,A,0/1,81,101,182
1777213,C,G,0/1,38,105,143
1778430,T,C,1/1,0,176,176
1791823,T,C,0/1,82,57,139
1792777,TT,CC,0/1,100,100,201
1793769,C,T,0/1,81,98,179
1797577,A,G,0/1,93,84,177
1798355,G,A,1/1,0,157,157
1803265,G,A,1/1,0,170,170
1804409,C,A,1/1,0,190,190
1805948,C,T,0/1,85,86,171
1817976,A,T,1/1,0,141,141
1826054,T,C,0/1,125,99,224
1826343,C,T,0/1,101,98,199
1826624,G,A,0/1,118,78,196
1827553,C,G,0/1,91,80,171
1828826,CGTACCCGA,CGGGTACGA,0/1,87,17,104
1829576,C,T,0/1,119,72,191
1832293,G,C,0/1,110,93,203
1832642,GG,TC,0/1,93,67,160
1836286,G,C,1/1,0,152,152
1839260,T,G,0/1,81,64,145
1839329,G,A,0/1,105,59,164
1839759,G,C,0/1,91,88,179
1841313,G,A,0/1,87,100,187
1847811,A,C,0/1,116,104,220
1847919,C,G,1/1,0,215,215
1848147,C,A,0/1,94,67,161
1849191,T,C,0/1,97,89,186
1849609,T,C,0/1,100,89,189
1851048,A,C,0/1,97,97,194
1853974,C,T,0/1,82,75,157
1854300,T,C,1/1,0,132,132
1856777,G,C,1/1,0,184,184
1859559,C,A,0/1,92,87,179
1859989,C,T,0/1,77,75,153
1861274,G,A,0/1,89,85,174
1866104,GA,TT,0/1,60,60,120
1872959,A,G,0/1,102,51,153
1873954,G,T,0/1,77,46,123
1874993,CGGGGGAC,CGGGGAC,0/1,69,52,122
1875295,C,T,0/1,95,86,181
1875881,TGGGCC,TA,0/1,58,53,112
1876739,T,G,0/1,85,99,184
1885772,G,A,1/1,1,191,192
1885858,C,T,0/1,101,50,152
1886263,C,G,0/1,92,97,189
1886859,C,A,0/1,97,112,209
1887284,G,A,0/1,71,80,151
1889073,G,C,0/1,81,85,166
1894300,GGC,GGTCTTGCCGCGC,1/1,2,142,147
1894422,A,G,0/1,93,70,163
1897646,G,C,0/1,117,104,221
1897852,A,T,0/1,133,15,148
1897938,G,A,0/1,74,50,124
1899351,T,C,0/1,104,96,200
1900800,A,G,0/1,85,95,180
1901493,T,C,1/1,0,136,136
1902156,G,A,0/1,78,72,150
1902386,CC,AA,0/1,118,69,187
1903050,C,T,0/1,83,103,186
1906336,A,G,0/1,75,98,173
1907177,C,T,0/1,95,92,187
1907296,G,C,1/1,1,157,158
1916137,A,G,0/1,76,76,152
1917972,A,G,1/1,0,160,160
1920120,G,T,0/1,103,76,179
1923985,G,A,0/1,100,83,183
1924959,T,C,0/1,110,86,196
1929302,G,A,0/1,85,81,166
1931179,C,A,1/1,0,150,150
1931470,G,A,0/1,89,86,175
1933988,G,A,1/1,1,194,195
1935695,T,G,0/1,90,100,190
1936525,G,A,0/1,96,68,164
1939044,G,T,0/1,112,98,210
1940307,G,T,0/1,90,71,161
1943039,C,T,0/1,82,82,164
1943592,C,T,0/1,82,94,176
1943991,A,T,0/1,101,88,191
1944107,A,G,1/1,0,172,172
1944402,T,C,1/1,0,183,183
1944642,CTG,CG,0/1,82,87,170
1944723,G,T,0/1,85,70,155
1945465,CCGAGT,CT,0/1,84,64,149
1945836,G,A,0/1,99,75,174
1947903,G,T,0/1,95,59,154
1950767,T,C,1/1,1,146,147
1952160,T,C,0/1,84,72,157
1956930,T,G,0/1,105,120,225
1960284,C,A,1/1,0,210,210
1963383,G,A,0/1,104,88,193
1963957,T,C,0/1,91,88,179
1964837,G,A,0/1,110,83,194
1964913,C,T,0/1,111,77,188
1965869,GAAGC,GAAAGC,0/1,104,76,185
1967237,C,A,1/1,0,159,159
1971725,G,C,0/1,107,81,188
1978807,G,T,0/1,81,83,164
1979026,C,T,0/1,100,94,194
1981056,C,T,0/1,80,82,163
1993652,C,T,1/1,0,92,92
1993808,A,T,1/1,0,88,88
2000536,C,T,0/1,99,71,170
2005944,A,C,0/1,79,110,189
2007785,C,T,0/1,78,91,169
2008044,C,T,0/1,105,103,209
2011542,T,C,0/1,61,58,119
2013872,A,C,0/1,97,83,180
2013943,G,C,0/1,94,77,171
2017291,T,C,0/1,90,76,166
2017560,A,T,0/1,101,131,232
2019236,T,G,0/1,99,73,172
2019942,A,G,0/1,97,98,195
2022868,T,C,1/1,0,140,140
2023211,G,T,0/1,132,85,217
2023976,C,T,0/1,83,80,164
2030355,A,G,0/1,85,92,177
2030521,T,C,0/1,106,32,138
2035937,G,A,0/1,85,90,175
2047425,GCGCTAACTTCCCGTCTC,GA,1/1,0,37,37
2052960,TGCAGACCTATGAG,TGCAGACCTATGAGCAGACCTATGAG,0/1,99,53,153
2053411,G,C,0/1,87,101,188
2053682,C,T,0/1,70,95,165
2055271,A,G,1/1,0,154,154
2055550,A,C,0/1,85,101,186
2057774,A,T,1/1,0,151,151
2062922,T,C,0/1,69,82,151
2066471,T,C,0/1,90,72,163
2072190,A,C,0/1,87,95,182
2073203,G,A,0/1,102,98,201
2074754,C,T,0/1,111,91,202
2075067,T,C,0/1,92,71,163
2080182,G,T,0/1,67,88,155
2083124,T,C,0/1,106,63,169
2084526,G,A,0/1,100,74,174
2090306,G,A,0/1,86,79,165
2090400,TCG,TCGCCAACGCCACCG,0/1,88,42,130
2092391,G,T,0/1,103,81,184
2092970,C,T,0/1,78,64,142
2093715,T,C,0/1,88,125,213
2094911,ACAGCGTCAGCGTC,ACAGCGTC,1/1,0,150,151
2096094,C,T,0/1,98,70,168
2096186,A,G,1/1,0,176,176
2096430,A,C,0/1,80,78,158
2097144,G,C,0/1,99,90,189
2097990,A,C,0/1,85,75,161
2104779,C,T,0/1,98,101,199
2108141,T,C,1/1,0,157,157
2108890,A,C,0/1,81,74,155
2109523,CGGTA,CGGGTA,1/1,2,135,137
2110365,A,C,0/1,92,95,187
2115746,C,G,0/1,110,83,193
2116903,C,T,1/1,4,173,178
2118162,GCCCCCGCGG,GCCCCGCGG,0/1,69,65,134
2119485,G,A,0/1,87,97,184
2120796,T,A,0/1,88,110,198
2121332,C,T,0/1,109,73,183
2122625,A,G,0/1,81,83,166
2122976,C,G,0/1,105,69,174
2123987,G,A,0/1,109,110,219
2126366,G,C,0/1,58,99,157
2127523,G,A,0/1,95,84,179
2127755,C,T,0/1,94,93,187
2128372,A,G,0/1,90,82,172
2128870,A,G,1/1,0,172,172
2129281,C,A,0/1,96,104,200
2130529,A,G,0/1,94,76,170
2132062,C,G,0/1,98,98,196
2133468,TTC,TTCGCATGCCGTCACCTC,0/1,34,92,126
2133475,A,G,0/1,145,53,198
2134215,T,C,0/1,86,89,175
2135870,T,C,1/1,0,132,132
2137521,ACA,ACTCCGATCACCA,1/1,3,120,130
2138767,G,C,0/1,90,74,164
2143328,G,C,1/1,0,177,177
2143523,CTA,CTTA,0/1,82,70,157
2145878,A,G,0/1,63,77,140
2147022,A,C,1/1,0,225,225
2147641,CGTTAGTTCATGCGTAG,CGTTAGTTCATGCGTAGTTAGTTCATGCGTAG,0/1,101,46,151
2151678,G,T,0/1,105,100,206
2154724,C,A,0/1,99,79,178
2155168,C,G,0/1,91,95,186
2158109,T,C,0/1,84,84,168
2158563,GTTTTTGGGGT,GTTTTGGGGT,0/1,83,70,155
2160998,G,A,0/1,94,71,165
2161343,GTTTTAC,GTTTTTAC,0/1,81,58,140
2174216,A,G,0/1,92,76,168
2177073,T,C,0/1,95,118,213
2177968,G,T,0/1,100,92,192
2179708,C,A,0/1,75,79,154
2185358,G,A,0/1,105,92,197
2185741,C,T,0/1,91,86,177
2187156,A,G,0/1,85,73,159
2198526,A,C,0/1,119,67,186
2199052,C,G,0/1,77,79,157
2199416,A,G,0/1,127,94,221
2207525,C,T,0/1,94,81,175
2207591,TTC,TCTC,1/1,0,179,180
2209465,G,A,0/1,88,74,162
2211455,C,A,0/1,74,85,159
2211826,A,G,1/1,0,185,185
2213265,G,A,0/1,81,65,146
2215712,G,A,0/1,85,90,175
2216248,C,G,0/1,62,92,154
2216370,G,C,0/1,86,56,142
2216443,C,A,1/1,0,137,137
2216538,T,C,0/1,68,91,159
2216973,A,G,0/1,101,58,159
2218012,A,G,0/1,87,68,155
2218488,G,C,0/1,100,45,146
2219955,CGGCA,CGCA,0/1,86,94,180
2220512,T,G,1/1,0,181,181
2222308,T,C,0/1,90,97,187
2223293,T,C,1/1,0,187,187
2228967,A,G,1/1,0,226,226
2229801,C,G,0/1,73,69,142
2231132,G,A,0/1,134,122,256
2231486,A,G,0/1,83,75,158
2232237,G,C,0/1,82,87,169
2237053,G,A,0/1,71,70,141
2237497,G,C,1/1,0,83,83
2238930,A,C,1/1,0,96,96
2239055,C,T,1/1,0,89,89
2239160,G,C,1/1,0,100,100
2240062,C,G,1/1,0,82,82
2241646,C,T,0/1,92,75,167
2241742,A,G,0/1,95,72,168
2242808,G,A,0/1,108,119,227
2243034,T,G,0/1,107,73,180
2244336,G,A,0/1,106,66,172
2245532,T,C,0/1,111,88,199
2246960,G,C,0/1,106,85,191
2247677,A,C,0/1,105,107,214
2248786,C,T,0/1,99,69,168
2249035,A,G,0/1,96,55,151
2251999,A,G,1/1,0,189,189
2255942,G,T,0/1,88,100,188
2257780,T,G,0/1,72,91,163
2260100,C,T,0/1,106,113,219
2260151,ACGC,GCGT,0/1,229,50,280
2260171,TAGC,CAGT,0/1,213,60,274
2260196,CAAC,CAAAT,0/1,203,51,256
2260212,GTG,TTC,0/1,202,43,245
2260220,CAC,TAG,0/1,208,40,250
2260231,T,C,0/1,206,39,245
2260525,C,T,1/1,0,139,139
2264782,C,A,1/1,0,193,194
2265059,T,G,1/1,0,218,218
2265401,G,T,0/1,87,83,170
2266487,G,C,0/1,162,171,333
2266504,TGGGATCGTC,TAGGGTTCGC,0/1,167,127,302
2266517,T,C,0/1,189,138,327
2266550,GCCC,TCCG,0/1,170,189,362
2266583,C,G,0/1,185,203,389
2266598,G,C,0/1,187,196,383
2266604,C,G,0/1,185,192,377
2266613,GCG,GCCG,0/1,181,172,357
2266624,G,T,0/1,182,174,356
2267372,A,G,0/1,122,89,211
2267681,C,T,0/1,92,114,207
2269780,T,C,1/1,0,183,183
2270065,T,C,0/1,102,108,210
2270102,A,G,1/1,0,179,179
2277350,C,T,0/1,99,67,166
2278442,C,G,0/1,74,109,183
2278507,G,A,0/1,87,66,153
2282130,C,A,0/1,95,73,168
2282376,CC,TT,0/1,99,66,165
2282787,C,T,1/1,0,156,156
2283030,A,G,0/1,75,94,169
2285251,C,A,1/1,0,204,204
2287121,A,G,1/1,1,182,184
2309356,G,A,0/1,98,77,175
2311099,C,G,0/1,86,53,139
2315005,C,T,0/1,81,110,191
2321358,G,C,0/1,77,86,163
2324087,C,A,0/1,72,61,133
2327492,C,T,0/1,85,84,169
2327903,ATGATG,AG,0/1,88,74,162
2328543,T,C,0/1,100,66,166
2329533,A,G,1/1,0,109,109
2331255,C,T,0/1,91,78,169
2331620,A,C,0/1,86,57,143
2331789,G,T,0/1,96,62,158
2334007,A,G,1/1,0,185,185
2335075,A,G,1/1,0,156,156
2335494,A,G,1/1,0,182,182
2335500,C,T,0/1,84,100,184
2341030,G,A,0/1,93,66,159
2341636,C,G,1/1,0,153,153
2342202,CG,CTC,0/1,102,74,176
2342649,AGA,AGGCGTACACACGA,0/1,115,49,166
2345037,C,A,1/1,0,189,189
2348635,T,C,0/1,82,89,171
2348804,T,C,0/1,81,90,171
2350186,A,G,0/1,88,66,154
2357268,TGCCGCCGCCGCCGCCGCCGA,TGCCGCCGCCGCCGCCGA,1/1,0,99,104
2358029,TGGCC,TGGGCC,0/1,90,70,162
2361604,C,G,1/1,0,165,165
2362041,C,A,1/1,0,158,158
2362756,GGAGATCCTGGAAG,GG,0/1,79,50,129
2368564,TAATAT,TATAT,1/1,0,218,219
2368596,C,T,0/1,111,110,221
2369186,G,C,0/1,106,103,209
2369326,C,G,0/1,76,110,186
2373356,A,C,0/1,116,84,200
2374442,G,A,0/1,99,100,199
2376425,A,G,0/1,101,82,185
2379743,C,G,0/1,106,105,211
2381030,GCTACCCTAGTTAT,GCTACCCTAGTTACTACCCTAGTTAT,0/1,61,56,121
2385695,C,T,0/1,86,105,191
2386389,G,A,1/1,2,180,182
2388641,G,A,0/1,94,74,168
2390299,A,G,0/1,107,90,197
2394761,C,T,0/1,91,87,178
2397445,C,T,0/1,100,89,190
2397760,C,G,0/1,93,62,155
2398305,C,T,0/1,83,78,161
2400031,G,A,0/1,88,62,150
2400726,C,T,0/1,86,86,172
2401883,C,T,0/1,71,23,94
2413175,C,G,0/1,84,70,154
2413246,C,A,0/1,105,81,186
2415656,G,C,1/1,0,132,132
2419142,A,G,0/1,107,68,175
2420535,C,A,0/1,74,99,173
2421816,A,G,0/1,84,80,164
2421975,GCA,GGGAACA,0/1,91,51,142
2424864,A,G,0/1,83,65,148
2424925,A,G,1/1,0,147,147
2425097,A,C,0/1,67,69,136
2425471,T,C,0/1,97,92,189
2428081,G,A,0/1,86,58,144
2433579,T,C,0/1,119,100,219
2434750,G,A,0/1,55,82,137
2437259,G,T,0/1,95,72,167
2440926,G,T,1/1,0,204,204
2443188,G,A,0/1,100,90,190
2445494,GCACC,GC,0/1,79,67,146
2447539,A,G,0/1,98,66,164
2448288,G,A,0/1,101,104,205
2448458,C,T,0/1,114,84,198
2449295,G,A,0/1,104,90,194
2450045,G,A,0/1,118,86,204
2451081,C,G,0/1,73,96,169
2451355,C,A,0/1,74,81,155
2451927,GCAGCC,GCAGCCAGCC,0/1,85,63,149
2462700,C,A,0/1,120,87,207
2462850,G,A,0/1,82,77,159
2462871,G,A,1/1,2,163,166
2463094,G,A,0/1,102,108,210
2470485,G,T,0/1,82,100,182
2470591,A,C,0/1,106,65,171
2472956,T,C,0/1,88,62,150
2482469,T,C,0/1,110,84,194
2484255,T,G,0/1,89,102,191
2486342,C,T,0/1,69,59,128
2487829,T,G,0/1,79,91,170
2488091,G,A,0/1,106,103,209
2490551,C,T,0/1,103,82,186
2495500,T,C,0/1,103,82,185
2499726,G,A,1/1,0,187,187
2500892,C,T,0/1,101,93,194
2501147,GT,GCC,0/1,101,60,163
2502073,C,T,0/1,86,71,157
2503549,C,A,0/1,87,80,167
2503625,C,T,0/1,69,89,158
2505750,C,T,0/1,86,112,198
2508395,G,A,0/1,80,76,156
2509140,G,C,1/1,0,184,184
2509181,C,G,0/1,91,86,177
2509722,A,G,1/1,0,169,169
2511712,G,T,0/1,109,71,181
2516567,G,C,0/1,90,75,165
2518132,C,T,0/1,110,74,184
2519048,G,A,0/1,101,59,160
2521342,T,C,1/1,0,184,184
2522481,TGGGGGGGCAC,TGGGGGGGGCAC,0/1,82,75,162
2523205,GCG,GCGCCG,1/1,3,35,38
2525722,CGGGGGAGG,CGGGGAGG,1/1,0,138,141
2526974,T,C,0/1,89,112,201
2527676,G,A,0/1,105,71,176
2528187,G,C,0/1,93,89,182
2528378,C,A,0/1,102,117,219
2528931,G,A,0/1,95,73,168
2529680,A,G,1/1,0,178,178
2530434,G,T,0/1,75,67,142
2534562,GGAG,GG,1/1,0,174,174
2538760,G,A,0/1,47,95,142
2538793,G,A,0/1,95,68,163
2544979,T,A,0/1,109,79,188
2547274,A,G,0/1,110,100,210
2547529,AGGGGGCGA,AGGGGGGCGA,0/1,91,83,176
2551429,C,A,0/1,109,107,216
2553682,C,T,0/1,93,91,184
2562783,T,C,0/1,129,65,194
2563958,A,C,0/1,102,76,178
2564368,GCA,GCCA,0/1,98,81,183
2566766,CGA,CGGC,0/1,100,96,197
2569593,A,G,0/1,100,68,168
2573434,G,T,0/1,88,86,174
2573756,C,A,1/1,1,161,162
2574598,C,T,0/1,87,66,153
2577246,A,G,0/1,129,71,200
2578626,A,G,0/1,98,91,189
2580310,G,A,0/1,103,99,202
2581109,C,A,0/1,88,88,176
2582324,G,A,0/1,101,96,197
2586127,A,G,1/1,0,147,147
2587048,C,T,0/1,88,82,170
2589216,G,C,0/1,102,82,184
2590827,T,G,0/1,80,66,147
2590919,C,T,0/1,96,67,163
2592063,GTTTTTCCA,GTTTTCCA,0/1,84,64,148
2598400,A,G,1/1,0,151,151
2599821,C,A,0/1,82,82,164
2602575,G,A,0/1,111,65,176
2605293,G,T,0/1,90,89,179
2605507,T,C,0/1,86,89,175
2605848,G,C,0/1,106,90,196
2606797,GGT,GCGT,0/1,88,78,166
2608117,C,A,0/1,102,66,168
2608488,T,C,0/1,107,101,208
2608579,CTGTTGTTGTTGTTGA,CTGTTGTTGTTGA,0/1,68,57,125
2611675,T,C,0/1,98,131,229
2611704,A,C,0/1,138,97,235
2612632,C,A,1/1,0,180,180
2617632,AC,ATT,0/1,110,82,192
2619271,T,C,0/1,104,99,203
2621058,G,A,0/1,95,86,183
2622508,C,T,0/1,111,91,202
2625245,TCGCGCGCGCGGA,TCGCGCGCGGA,0/1,89,59,152
2625757,G,A,0/1,84,72,158
2628069,G,C,0/1,94,99,193
2630158,CCGA,GCGG,0/1,193,69,263
2630173,CAAC,GAAG,0/1,190,51,245
2630182,GATGTGC,AAAGTGT,0/1,175,47,226
2630206,T,G,0/1,201,41,242
2630211,GGCAA,AGCAG,0/1,188,37,229
2630224,T,G,0/1,191,34,225
2631556,C,G,0/1,163,36,199
2631565,T,C,0/1,164,39,204
2631574,T,C,0/1,179,44,223
2631583,G,A,0/1,184,45,229
2631599,G,A,0/1,195,59,254
2631620,A,G,0/1,191,60,251
2631641,T,G,0/1,77,85,162
2631962,T,G,0/1,203,39,242
2631967,GACAA,AGCAG,0/1,188,39,231
2631977,G,C,0/1,192,43,235
2632341,CAAAACT,CAAAAACT,0/1,89,70,162
2632500,A,G,0/1,74,66,141
2637541,C,T,0/1,96,95,192
2639868,A,G,0/1,95,91,186
2641840,A,G,0/1,124,85,210
2642383,C,T,0/1,63,77,140
2642555,C,T,0/1,64,82,146
2643653,G,A,0/1,124,63,187
2649353,A,G,0/1,82,88,170
2652908,C,G,0/1,101,87,188
2654371,G,A,0/1,69,86,155
2654696,G,A,0/1,89,71,160
2656225,A,G,1/1,0,178,178
2663210,G,A,0/1,73,64,137
2664299,G,C,0/1,91,91,182
2672514,C,G,0/1,131,105,236
2673701,C,T,0/1,66,112,178
2677499,G,T,0/1,99,94,193
2679840,G,C,0/1,93,74,167
2680658,T,G,1/1,0,194,194
2688225,G,C,0/1,88,81,169
2691713,T,C,0/1,91,77,168
2695378,C,G,1/1,1,172,173
2696977,G,C,0/1,90,99,189
2698585,C,T,0/1,82,89,171
2699058,C,G,0/1,82,79,161
2703968,A,G,0/1,70,36,107
2704291,G,A,0/1,91,68,159
2704884,ACG,ACAGCGACCATATCGCCGAGCTCG,1/1,2,67,102
2706890,G,C,0/1,92,87,179
2709795,A,G,0/1,95,85,180
2712913,C,A,0/1,72,69,141
2713795,C,T,1/1,0,213,213
2717710,C,T,0/1,84,97,181
2718852,T,G,1/1,0,178,178
2718938,A,C,0/1,98,96,194
2723506,T,C,0/1,120,85,206
2723923,ATA,AA,0/1,108,106,214
2724180,TCACGATCGGGTCTCCTCTAGC,TC,0/1,97,36,133
2724953,C,A,0/1,128,82,210
2726051,G,A,0/1,89,108,197
2727037,A,T,0/1,91,74,165
2731741,G,A,0/1,114,129,243
2732591,C,G,0/1,105,135,240
2733047,G,C,0/1,108,107,215
2734074,T,C,1/1,0,161,161
2736434,C,A,0/1,75,87,162
2737201,A,C,0/1,93,92,185
2737393,G,A,0/1,77,66,143
2737572,C,A,0/1,104,41,146
2740693,T,C,0/1,95,83,178
2745739,G,A,0/1,126,142,268
2745839,G,A,0/1,106,89,195
2745889,C,T,0/1,76,85,161
2751804,C,T,1/1,3,152,155
2752698,C,A,1/1,0,198,198
2753536,T,C,0/1,86,101,187
2755112,G,A,0/1,89,102,191
2759534,C,G,0/1,107,82,189
2760152,A,G,1/1,0,207,209
2764206,A,G,0/1,115,71,186
2764939,G,A,0/1,82,62,144
2773955,G,C,0/1,64,92,156
2777480,C,A,0/1,88,62,150
2779136,T,C,1/1,0,158,158
2786952,A,G,1/1,0,160,160
2790458,A,C,0/1,97,84,181
2791098,C,T,0/1,79,85,164
2791257,A,T,0/1,83,84,167
2791475,A,G,0/1,75,101,176
2799488,CCGCAAT,CT,0/1,91,58,150
2807486,C,A,0/1,130,137,267
2809621,T,C,1/1,0,193,193
2809895,G,A,0/1,77,95,173
2817158,C,A,0/1,109,74,184
2818837,A,G,1/1,0,160,160
2821342,C,T,1/1,1,189,190
2824432,G,A,0/1,86,89,175
2825466,G,A,0/1,93,70,164
2827984,G,T,1/1,1,223,226
2828019,T,C,1/1,0,231,231
2828104,C,T,0/1,98,83,181
2830525,C,A,1/1,0,162,162
2840849,G,C,0/1,93,67,160
2841022,A,G,0/1,111,85,196
2841549,G,T,0/1,86,84,170
2842043,C,G,0/1,102,69,171
2844546,C,A,0/1,74,101,175
2847281,A,G,0/1,95,77,172
2855259,A,G,1/1,0,160,160
2855317,CCGGCGTAGAAAGCCGACCGCATGTCACCGAAAGAGCTGGCGTCGTCGGGGC,CC,0/1,34,18,53
2857014,G,A,0/1,109,96,205
2858669,G,T,0/1,104,76,180
2865760,A,G,1/1,0,158,158
2865882,T,C,1/1,0,227,227
2868659,C,G,0/1,121,90,211
2869151,G,A,0/1,90,68,158
2869242,T,C,0/1,102,75,177
2870386,C,T,0/1,54,93,147
2871048,C,T,0/1,53,84,137
2878980,C,T,0/1,106,74,181
2880702,G,C,1/1,0,182,182
2881244,A,G,0/1,99,101,200
2881455,A,G,0/1,96,98,195
2881597,AGGGGGGCA,AGGGGGCA,1/1,0,173,176
2882331,ACGC,ACGCGC,0/1,83,79,162
2884634,C,T,0/1,106,84,190
2886570,A,G,0/1,77,93,170
2888201,T,C,1/1,0,228,228
2888379,G,C,0/1,97,67,164
2889633,T,C,1/1,0,145,145
2891267,C,T,1/1,2,181,183
2891728,A,G,1/1,0,161,161
2893238,C,A,0/1,87,80,169
2894208,G,A,1/1,0,160,160
2894594,G,A,0/1,93,68,161
2894642,A,G,0/1,74,65,139
2894854,C,T,0/1,82,87,169
2897528,G,A,0/1,97,81,178
2897871,A,G,0/1,64,110,176
2899890,G,T,0/1,113,98,211
2900943,A,C,0/1,68,76,144
2906918,A,T,0/1,70,69,139
2910461,G,T,1/1,0,173,173
2911293,C,G,1/1,0,168,168
2912061,G,A,0/1,95,78,173
2912294,T,G,1/1,0,140,140
2917091,C,A,0/1,97,76,173
2923391,T,C,1/1,1,136,137
2925683,G,A,0/1,95,83,178
2925962,T,C,0/1,73,81,154
2926882,C,T,0/1,84,85,169
2927511,G,T,0/1,101,79,180
2927939,T,C,1/1,0,179,179
2939373,G,C,1/1,0,153,153
2939657,T,C,1/1,0,145,145
2939807,G,A,0/1,72,81,153
2940608,C,T,0/1,89,73,162
2945167,G,T,0/1,264,62,326
2945490,G,A,0/1,99,69,168
2946157,T,C,0/1,111,79,190
2948650,T,C,0/1,87,113,200
2953307,G,T,0/1,94,110,204
2954439,T,C,1/1,0,185,185
2955233,C,T,0/1,85,106,191
2957568,CTTGA,CTGA,0/1,129,81,212
2958570,G,A,0/1,93,79,172
2959324,A,G,0/1,84,76,160
2959714,T,C,0/1,101,87,188
2968913,T,C,0/1,120,73,194
2970434,G,A,0/1,89,60,149
2971122,T,C,0/1,95,53,148
2976564,C,T,0/1,81,48,129
2976575,G,A,0/1,87,44,131
2984740,A,G,1/1,0,141,142
2985216,G,A,0/1,71,76,147
2987098,C,T,0/1,86,84,170
2987918,G,A,0/1,77,74,152
2988630,C,G,0/1,108,71,179
2992564,G,A,0/1,88,61,150
2993523,T,C,0/1,57,70,127
2994187,T,C,0/1,87,68,156
3000362,T,C,0/1,99,109,208
3001907,T,C,0/1,102,112,214
3003115,C,G,0/1,90,75,165
3005185,G,T,1/1,2,162,165
3009692,A,G,1/1,0,189,189
3010420,A,G,0/1,101,99,200
3013469,T,C,0/1,77,94,171
3015119,CTTTTTGGGTGC,CTTTTGGGTGC,0/1,75,96,174
3015379,G,A,0/1,82,75,157
3017465,T,C,1/1,0,167,167
3025431,C,T,0/1,111,119,230
3027606,C,G,0/1,91,82,173
3027798,T,C,0/1,104,75,181
3028074,G,T,0/1,98,87,185
3028101,ACCGA,ACCCGA,0/1,97,95,193
3029610,G,A,0/1,93,103,196
3029969,G,A,0/1,138,93,231
3030990,T,C,0/1,93,67,160
3031168,A,G,0/1,95,90,185
3031285,A,T,0/1,94,94,188
3035533,G,A,0/1,87,102,189
3037377,T,C,0/1,110,50,160
3040077,G,C,0/1,72,85,157
3041871,G,T,1/1,2,168,171
3045429,G,T,0/1,84,103,187
3056658,G,T,0/1,91,60,151
3065293,A,G,0/1,102,75,178
3069167,A,G,0/1,87,99,186
3069805,G,C,0/1,83,113,196
3073868,T,C,0/1,126,101,227
3074830,C,T,0/1,95,81,176
3076281,A,G,0/1,111,73,184
3078089,CCTCTATTGATCTCTATTGATC,CCTCTATTGATCTCTATTGATCTCTATTGATC,0/1,92,30,127
3080795,A,G,1/1,0,184,184
3085119,GCCTCCTG,GCCCTCCTG,0/1,111,117,230
3086261,T,C,0/1,79,80,159
3086728,C,G,0/1,98,92,190
3086788,T,C,1/1,0,182,182
3088625,A,G,0/1,94,91,185
3089679,G,A,0/1,92,87,179
3095130,G,A,0/1,91,116,207
3097349,C,T,0/1,94,87,181
3099269,A,C,0/1,76,88,164
3103682,T,C,1/1,0,180,180
3104189,A,G,0/1,81,82,163
3105144,C,A,0/1,108,84,192
3105914,G,T,0/1,94,70,164
3108055,C,T,0/1,100,100,201
3108674,A,C,0/1,52,85,138
3114814,G,A,0/1,105,91,196
3118449,A,G,0/1,107,76,184
3129675,C,T,0/1,91,112,203
3131469,TTG,TTGTCGGCGATG,0/1,44,117,164
3131473,A,C,0/1,159,48,207
3137058,G,A,1/1,0,183,183
3137237,T,C,0/1,116,120,236
3137343,C,A,0/1,81,91,172
3137681,G,A,0/1,83,58,141
3138129,G,C,0/1,75,81,156
3141349,A,G,0/1,107,116,223
3144835,G,A,0/1,79,62,141
3148984,C,T,0/1,88,89,177
3154414,A,G,0/1,88,70,158
3158935,G,C,0/1,33,69,102
3165074,T,C,0/1,84,80,164
3169993,A,G,0/1,85,84,169
3170496,A,T,0/1,63,66,129
3173446,G,C,0/1,77,98,175
3174496,A,G,0/1,106,75,182
3175702,T,C,0/1,104,88,192
3177884,C,A,1/1,0,143,143
3178445,C,G,0/1,104,122,226
3180988,C,A,0/1,94,85,179
3186860,T,G,1/1,0,127,128
3188428,C,T,0/1,107,72,179
3188769,A,G,0/1,84,66,151
3189242,A,G,0/1,98,103,201
3189580,T,C,0/1,85,62,147
3190145,TCCCCCCAT,TCCCCCAT,1/1,0,156,159
3190342,G,A,0/1,107,77,184
3190556,G,A,0/1,91,93,184
3191027,G,A,0/1,90,105,195
3197917,G,A,0/1,98,90,188
3200304,A,G,0/1,96,68,164
3202629,C,T,0/1,94,89,183
3207297,G,T,0/1,66,91,157
3211032,G,A,0/1,72,84,156
3214377,A,C,0/1,115,75,190
3214481,G,T,0/1,85,79,165
3214790,C,T,0/1,73,75,148
3217883,C,T,0/1,93,102,195
3219194,G,A,0/1,91,78,169
3226181,A,C,1/1,0,165,165
3228143,G,T,1/1,0,191,191
3229692,G,A,0/1,78,85,163
3229743,C,T,0/1,78,80,158
3231464,T,C,0/1,100,89,189
3233605,G,A,0/1,93,67,160
3236230,C,A,0/1,84,100,184
3241244,G,A,0/1,80,79,159
3243630,G,A,0/1,122,126,248
3244126,G,A,0/1,95,99,194
3244414,A,G,0/1,85,92,178
3256494,A,G,1/1,0,218,219
3260301,A,G,0/1,98,108,206
3266030,A,G,0/1,103,89,192
3267743,A,G,0/1,68,94,162
3269581,A,G,1/1,0,188,188
3270784,A,G,1/1,0,174,174
3271037,A,G,0/1,103,70,173
3273138,C,G,0/1,94,108,202
3274545,G,A,0/1,94,104,198
3276017,C,T,0/1,115,136,251
3280132,G,A,0/1,90,81,171
3285318,C,T,0/1,91,84,175
3293423,A,G,0/1,82,60,142
3293601,T,C,0/1,82,75,157
3295124,C,T,0/1,88,75,163
3295263,G,A,0/1,95,71,166
3295639,CGGGCGC,CGGGGCGC,0/1,90,89,179
3296371,GCCGCGGCC,GCCGCGGCCCGCGGCC,0/1,91,58,150
3296721,C,G,0/1,72,87,159
3296843,A,G,1/1,0,140,140
3298563,C,T,0/1,105,116,221
3299413,G,A,0/1,80,144,224
3302484,A,G,0/1,84,87,171
3302683,C,T,0/1,79,128,207
3306163,CGGCACTGTGGCGG,CG,0/1,109,86,197
3306594,T,G,0/1,97,85,182
3308446,T,C,0/1,75,68,143
3308606,G,A,1/1,1,195,196
3311119,G,C,0/1,86,89,175
3312632,C,T,0/1,141,105,246
3312942,G,A,0/1,91,107,200
3314412,A,G,0/1,89,94,183
3326150,A,G,0/1,90,81,171
3326554,A,C,0/1,92,158,250
3328495,G,C,0/1,74,63,137
3331361,ACGCGCGCCGG,ACGCGCCGG,0/1,75,57,133
3336825,T,C,1/1,0,169,169
3338603,G,C,1/1,0,175,175
3339417,A,G,0/1,106,80,186
3351012,C,T,0/1,94,73,167
3351472,G,A,0/1,87,72,159
3352127,G,A,0/1,90,109,200
3352932,CG,AA,0/1,89,83,173
3354896,C,T,0/1,76,95,171
3356403,G,A,0/1,84,69,153
3358235,A,T,1/1,0,179,179
3359584,G,A,0/1,77,55,136
3363338,A,G,1/1,1,160,164
3365841,G,A,0/1,88,101,189
3366409,GATCACATCACCA,GA,0/1,87,76,163
3367765,G,A,1/1,0,169,169
3369869,G,T,0/1,74,60,134
3371260,T,C,0/1,91,64,156
3375719,C,T,0/1,87,65,152
3378828,C,A,0/1,82,76,158
3385067,G,C,0/1,101,92,193
3388593,T,C,0/1,63,127,190
3389054,G,C,0/1,98,81,179
3393374,G,C,0/1,108,83,191
3393927,A,G,0/1,72,54,126
3398940,T,C,0/1,89,55,144
3400230,C,T,0/1,86,96,183
3401850,G,A,0/1,103,73,176
3401871,A,G,0/1,110,72,182
3402816,C,T,1/1,0,142,142
3404376,C,G,0/1,88,96,184
3406798,G,A,0/1,82,97,179
3407028,C,T,0/1,77,74,151
3407729,G,T,0/1,105,72,177
3408971,C,T,0/1,152,87,239
3414556,C,T,0/1,129,89,218
3415180,ACACCTAGGGGGTGGC,AC,0/1,28,116,145
3415332,A,G,0/1,93,65,159
3417404,G,T,0/1,101,88,189
3418328,TCG,GCA,0/1,96,88,184
3420825,A,G,0/1,114,105,219
3422742,C,T,0/1,89,85,174
3424462,C,T,0/1,93,62,155
3425854,C,T,1/1,0,176,176
3426795,C,G,0/1,106,80,186
3427632,C,T,0/1,90,79,170
3428088,G,A,0/1,112,80,192
3428917,C,A,1/1,0,180,180
3429202,T,G,0/1,104,94,198
3430420,G,A,0/1,104,94,199
3431407,G,T,0/1,93,67,160
3440464,TGTGG,GGTGC,1/1,0,149,149
3440542,A,G,0/1,90,84,174
3442240,C,A,0/1,77,91,168
3442704,G,C,0/1,83,93,176
3443994,A,G,0/1,82,80,162
3447480,A,C,0/1,68,95,163
3448714,G,C,0/1,94,70,164
3450725,T,C,0/1,77,76,153
3453382,C,T,0/1,75,67,142
3454263,C,G,0/1,99,103,202
3455686,G,C,0/1,115,78,193
3456666,A,G,1/1,0,163,163
3460765,G,C,0/1,118,104,222
3460986,G,A,0/1,92,95,187
3461239,T,C,0/1,73,70,143
3462135,G,C,1/1,2,143,145
3464629,A,G,0/1,82,80,162
3465363,G,T,0/1,95,80,176
3467405,C,T,0/1,99,81,180
3467465,C,G,0/1,85,93,179
3473996,GAG,GAAG,1/1,0,149,151
3474597,C,A,0/1,104,83,187
3475159,A,G,0/1,99,105,204
3475304,C,A,0/1,108,91,199
3478698,G,A,0/1,256,70,326
3478719,G,A,0/1,270,67,337
3479545,C,A,0/1,71,116,187
3479561,G,A,0/1,79,121,200
3480386,G,A,0/1,67,122,189
3480474,G,A,0/1,99,122,221
3480789,T,C,0/1,81,131,212
3483155,A,C,0/1,87,97,184
3486977,A,G,1/1,0,154,154
3493996,G,A,0/1,108,127,235
3494295,GGCG,GG,0/1,99,79,180
3494820,CGGGGGTC,CGGGGTC,0/1,108,96,205
3497586,C,G,0/1,76,96,172
3498418,A,G,0/1,79,101,180
3498967,T,C,0/1,127,65,192
3503231,G,C,0/1,83,108,191
3503895,C,T,1/1,0,156,156
3504418,C,T,0/1,90,62,152
3504930,C,T,0/1,84,94,178
3505005,A,C,0/1,92,62,154
3509091,G,C,0/1,90,66,156
3514512,G,C,0/1,78,92,170
3518167,A,G,1/1,0,167,167
3518555,A,G,1/1,0,159,159
3521044,A,G,0/1,71,58,129
3526986,A,G,0/1,98,73,171
3530023,C,T,0/1,100,85,185
3530145,C,A,0/1,84,77,163
3530955,C,G,0/1,110,68,178
3533759,G,A,0/1,113,90,203
3536008,G,T,0/1,88,81,169
3539139,CGGGGGGGACA,CGGGGGGACA,0/1,77,67,145
3545438,G,A,0/1,64,70,134
3548641,T,C,0/1,86,97,183
3555699,A,G,0/1,115,63,178
3556275,A,G,1/1,0,185,185
3556606,G,A,0/1,99,94,193
3558777,TT,AA,0/1,111,12,124
3560645,C,T,0/1,83,97,181
3561155,G,A,0/1,107,99,206
3561229,C,A,0/1,99,106,205
3566923,ACGCTTGTCGGC,ACGCTTGTCGGCGCTTGTCGGC,0/1,92,37,131
3566943,A,G,0/1,143,19,162
3567606,G,A,0/1,85,100,185
3568488,GCCCCAG,GCCCAG,0/1,77,78,156
3571834,T,G,0/1,86,76,162
3573636,T,C,0/1,83,76,159
3576656,G,A,0/1,85,67,152
3577958,A,G,0/1,83,106,189
3579118,C,T,0/1,86,100,186
3580636,CTTTGC,CTTGC,1/1,0,153,154
3581414,A,G,1/1,0,182,182
3581794,C,A,0/1,89,84,174
3590686,GTC,GCTC,1/1,0,70,70
3591063,T,C,1/1,0,205,205
3594124,C,T,0/1,97,76,173
3595483,ACTGGCAGCGTAGTG,ACTGGCAGCGTAGTCTGGCAGCGTAGTG,0/1,83,41,126
3597682,C,T,0/1,99,93,192
3598321,C,T,0/1,89,88,177
3598382,T,C,0/1,102,65,167
3604821,G,C,1/1,0,140,140
3610391,AGT,ACGT,0/1,130,73,203
3610441,C,T,0/1,89,114,203
3610586,C,T,0/1,87,65,152
3610668,GGGGTCC,GC,0/1,86,56,142
3611192,C,T,0/1,114,106,220
3612009,C,T,0/1,72,97,169
3614982,T,C,1/1,0,202,202
3619806,C,G,0/1,100,93,194
3619854,A,G,0/1,98,114,212
3620552,AGGAGT,ATGGAGT,0/1,82,65,147
3621423,A,G,0/1,123,132,255
3622441,A,C,1/1,0,166,166
3624486,T,C,0/1,75,82,157
3625065,T,G,1/1,0,191,191
3628694,G,A,0/1,103,103,206
3629612,G,A,0/1,92,88,180
3638093,G,A,0/1,86,93,179
3640557,T,C,0/1,121,95,217
3643582,T,C,0/1,91,69,160
3647041,A,G,0/1,118,91,209
3647591,A,G,0/1,95,118,213
3653324,G,A,0/1,87,68,155
3658266,C,G,0/1,70,70,140
3661802,C,T,0/1,106,85,191
3670040,C,T,0/1,84,88,172
3670118,G,T,0/1,85,100,185
3671532,G,C,0/1,99,85,184
3671843,A,C,0/1,72,98,171
3672105,G,C,0/1,92,125,217
3675767,C,T,0/1,96,100,196
3676977,G,A,0/1,70,67,137
3677719,C,G,0/1,71,65,136
3678091,G,A,0/1,122,101,224
3679949,A,G,0/1,103,72,175
3681548,A,C,0/1,100,81,181
3683237,G,T,0/1,94,70,164
3683715,T,G,0/1,106,76,183
3687372,A,G,0/1,96,91,187
3688969,G,A,0/1,89,85,174
3689523,G,T,1/1,0,188,188
3690016,A,G,0/1,95,60,155
3693681,A,C,0/1,82,74,157
3696181,A,G,0/1,93,82,175
3697708,A,G,0/1,101,84,185
3704261,C,A,0/1,98,89,187
3704596,G,C,1/1,0,198,198
3705806,A,C,0/1,90,90,182
3714211,G,T,1/1,0,165,165
3714757,A,C,1/1,0,189,189
3717192,C,T,0/1,70,80,150
3718357,C,T,1/1,0,178,178
3720792,T,G,0/1,92,86,178
3721806,G,C,1/1,0,189,189
3723901,GTTTTGTC,GTTTTTGTC,0/1,78,69,154
3742991,AGGGGGGGATT,AGGGGGGATT,1/1,1,153,156
3743517,C,A,1/1,3,87,90
3743549,A,G,1/1,0,90,90
3770325,C,T,0/1,92,63,155
3771132,C,T,0/1,94,94,189
3771628,A,C,0/1,75,56,131
3772616,G,A,0/1,91,84,175
3774506,G,A,0/1,101,120,221
3776706,C,T,0/1,93,95,188
3781220,C,T,0/1,93,67,160
3785946,A,G,0/1,65,78,143
3786033,A,G,0/1,105,81,186
3788365,T,G,0/1,65,92,157
3791770,G,A,0/1,83,129,212
3793634,A,G,0/1,95,129,224
3794867,CCG,CCACG,0/1,112,119,233
3794884,G,A,0/1,138,111,249
3798095,A,C,1/1,0,232,232
3798126,G,A,0/1,111,98,209
3805330,G,A,0/1,70,112,182
3808103,T,C,0/1,115,79,194
3810888,G,A,0/1,63,56,119
3811629,G,A,0/1,92,104,196
3815477,G,T,0/1,107,85,192
3816540,A,G,0/1,100,79,179
3817117,C,A,1/1,2,177,180
3820407,A,G,0/1,109,40,149
3820444,CGGCTT,CCAGCCTG,0/1,163,34,197
3820501,CCAGCCTG,CGGCTT,0/1,165,25,192
3820545,A,G,0/1,120,71,191
3823159,A,T,1/1,2,150,152
3825560,C,G,0/1,86,84,170
3826684,C,T,1/1,0,221,221
3829152,G,A,0/1,59,62,121
3829770,T,C,1/1,0,157,157
3830566,G,A,0/1,101,70,172
3830695,A,G,0/1,92,64,156
3838871,A,G,1/1,0,173,173
3842959,GAAA,AAAC,0/1,135,25,163
3842971,G,A,0/1,132,27,159
3842978,CGA,CAGA,0/1,127,27,156
3842983,TTA,ATG,0/1,129,25,157
3842992,CT,GC,0/1,137,30,167
3843001,G,A,0/1,142,49,191
3843024,AA,CG,0/1,135,46,181
3843032,G,A,0/1,131,47,178
3843749,GTGAG,TTTGA,0/1,123,47,170
3843760,T,C,0/1,116,56,172
3851084,A,G,0/1,72,41,113
3851887,AT,CC,0/1,66,29,97
3854899,T,C,0/1,75,71,147
3858400,G,C,0/1,86,77,163
3859376,C,T,0/1,86,87,173
3859893,C,T,1/1,0,168,168
3861125,G,T,0/1,89,83,172
3861914,C,T,0/1,103,76,179
3862181,C,T,0/1,76,87,163
3862472,GAACC,GACC,1/1,0,139,140
3863530,G,T,0/1,126,93,219
3864041,G,A,0/1,89,84,173
3864995,T,C,1/1,0,147,147
3868738,C,A,0/1,126,73,200
3869557,G,A,0/1,117,85,202
3871093,G,A,0/1,83,77,160
3871246,T,C,0/1,88,63,151
3871333,G,A,0/1,96,66,163
3873392,T,G,0/1,82,86,168
3874191,T,C,0/1,84,96,180
3874722,ATTTAC,ATTAC,0/1,94,111,206
3876953,G,A,0/1,94,49,143
3877421,A,G,1/1,0,171,172
3877554,C,T,0/1,99,73,172
3881187,G,A,0/1,104,87,191
3883467,A,G,0/1,82,91,173
3885886,T,C,1/1,1,164,165
3892671,A,G,1/1,0,173,173
3893480,G,A,0/1,98,94,193
3895727,C,A,0/1,102,68,170
3896340,T,G,1/1,0,170,170
3898408,A,G,1/1,0,177,179
3898869,C,A,0/1,102,85,187
3899654,C,A,0/1,111,93,204
3909235,G,C,0/1,101,79,180
3913737,G,A,0/1,103,125,228
3917852,G,T,0/1,102,95,198
3919764,G,A,0/1,117,70,187
3920109,G,T,0/1,95,102,197
3921094,C,T,0/1,107,67,174
3922836,T,C,0/1,101,102,203
3930807,A,T,0/1,100,93,193
3952800,G,A,1/1,1,130,131
3956434,A,G,0/1,103,66,169
3957406,G,T,0/1,105,88,193
3958007,C,T,0/1,84,83,167
3958403,A,G,1/1,0,210,210
3959418,C,T,1/1,0,132,132
3964463,AGGGTTT,AGGTTT,0/1,115,84,200
3968771,C,A,0/1,83,87,170
3974142,G,A,0/1,90,48,138
3974868,G,A,0/1,110,81,192
3976276,T,G,0/1,75,91,166
3977226,G,A,0/1,110,93,203
3982925,C,T,0/1,121,55,176
3983271,T,G,0/1,90,115,205
3984321,G,A,0/1,92,117,210
3984926,G,A,0/1,96,104,200
3989107,C,T,0/1,74,103,177
3989914,G,T,0/1,111,63,174
3994898,A,G,0/1,107,82,190
4003645,C,T,0/1,88,73,161
4004878,A,C,0/1,90,93,183
4005114,G,C,0/1,77,70,147
4005607,T,C,1/1,0,185,186
4008747,A,G,0/1,85,78,163
4012219,T,C,0/1,89,100,189
4013076,G,A,0/1,90,51,141
4013388,G,A,0/1,114,72,186
4014376,C,A,0/1,102,67,169
4014431,C,T,0/1,95,55,150
4015856,C,T,0/1,96,75,171
4019103,G,T,0/1,108,112,220
4020169,C,A,0/1,100,85,186
4020702,G,A,0/1,115,74,189
4022652,G,A,0/1,103,73,176
4024079,T,C,0/1,95,87,182
4024273,T,C,1/1,0,165,165
4024368,C,T,0/1,89,83,172
4026800,G,C,0/1,92,77,169
4026899,G,A,1/1,0,175,175
4028752,A,G,0/1,98,67,165
4034827,C,T,1/1,1,171,172
4036411,G,C,0/1,109,66,175
4038287,G,A,0/1,87,89,176
4040517,A,G,0/1,100,83,183
4040951,G,T,0/1,94,10,104
4042761,G,A,0/1,80,74,154
4043365,G,T,0/1,111,98,209
4045670,G,A,0/1,80,83,163
4049254,G,A,0/1,91,91,182
4054637,A,G,0/1,94,92,186
4055801,G,A,1/1,0,201,201
4056416,C,A,0/1,111,94,206
4057081,A,G,0/1,81,95,176
4058711,T,C,0/1,98,122,220
4059904,A,G,1/1,0,170,170
4067152,G,A,0/1,106,85,191
4069292,G,A,1/1,0,203,203
4069797,C,T,0/1,96,84,180
4073186,C,A,0/1,110,101,211
4081987,G,C,0/1,97,59,156
4081996,G,C,0/1,93,54,147
4083360,T,G,0/1,69,65,134
4085200,G,C,0/1,115,78,193
4086468,G,A,0/1,88,82,170
4088346,G,A,0/1,57,84,141
4089058,T,C,0/1,104,73,177
4093719,G,A,0/1,84,51,135
4093879,TGGGGGCGCCT,TGGGGCGCCT,0/1,43,92,135
4094535,G,T,0/1,85,84,169
4095001,CGA,CA,1/1,0,121,122
4095295,T,C,0/1,96,100,197
4096190,G,A,0/1,122,90,212
4100835,G,C,0/1,93,101,194
4100975,T,C,1/1,0,201,201
4101018,C,T,0/1,105,78,184
4105757,C,T,0/1,107,113,220
4106154,C,T,0/1,89,77,166
4107074,T,C,0/1,108,98,206
4107264,C,T,0/1,111,74,185
4109354,A,C,0/1,80,109,189
4111303,G,C,1/1,0,169,169
4112429,T,C,0/1,97,85,182
4113833,C,T,0/1,91,90,182
4115001,G,C,0/1,79,69,148
4115029,G,A,0/1,85,76,161
4116682,T,C,0/1,82,96,178
4116758,C,T,0/1,119,91,210
4117161,C,A,0/1,118,90,208
4118601,A,G,0/1,76,86,162
4118620,G,T,0/1,93,78,171
4119246,T,C,0/1,84,67,151
4123325,C,T,0/1,84,90,174
4125549,G,C,0/1,85,113,198
4126087,T,G,0/1,81,76,157
4126530,G,A,0/1,86,96,183
4126557,T,G,0/1,94,117,211
4130711,G,C,0/1,96,79,175
4133907,G,A,0/1,104,104,208
4135112,G,A,0/1,84,72,156
4137190,T,C,0/1,107,85,193
4138377,A,G,0/1,100,78,178
4142689,G,A,0/1,81,71,152
4145737,A,G,0/1,109,87,196
4146330,A,G,0/1,78,106,184
4150036,G,T,0/1,83,71,154
4151855,A,G,0/1,80,95,176
4155903,G,T,0/1,84,66,150
4156099,C,A,1/1,0,148,148
4156239,A,G,0/1,87,77,164
4156503,C,T,0/1,100,68,168
4158361,A,G,0/1,88,84,172
4159195,T,C,0/1,104,76,180
4160533,TGCGCCCGGCG,TG,0/1,101,61,167
4162339,A,G,1/1,1,224,225
4163558,G,C,0/1,91,107,198
4163944,A,G,0/1,71,90,161
4163954,T,C,0/1,98,58,156
4169666,GTTTCCC,GTTCCC,0/1,112,95,208
4169719,C,T,0/1,99,86,185
4170964,GGGT,GAGGT,0/1,94,80,175
4171454,G,A,0/1,132,82,214
4174564,T,C,0/1,83,88,171
4176931,C,T,0/1,104,117,221
4179089,C,T,0/1,101,92,193
4182695,G,A,1/1,0,207,207
4187063,G,A,0/1,102,92,194
4187485,T,C,1/1,0,150,150
4187523,A,G,0/1,107,68,175
4187817,A,G,1/1,0,168,168
4190532,A,C,0/1,97,92,189
4190596,A,C,0/1,87,81,168
4195938,G,A,0/1,103,81,184
4197138,CTTGC,CTTTGC,1/1,2,120,122
4197189,A,G,0/1,95,68,163
4198611,CGGGGGTGGA,CGGGGTGGA,1/1,0,164,164
4198899,T,C,0/1,75,92,167
4200220,A,G,0/1,91,91,182
4201105,G,A,0/1,112,91,203
4202383,A,C,0/1,103,88,192
4204441,A,G,1/1,0,216,216
4205120,A,G,0/1,73,89,162
4210274,A,G,1/1,0,186,186
4210876,T,C,0/1,76,88,164
4215484,G,C,0/1,78,82,160
4216255,C,G,0/1,120,79,199
4217557,A,G,0/1,95,99,194
4218350,T,C,0/1,102,81,183
4220174,G,A,0/1,75,86,161
4221490,C,G,1/1,1,166,167
4221746,C,T,0/1,104,77,181
4222073,A,G,1/1,0,161,161
4222882,A,G,1/1,0,144,145
4223172,T,C,0/1,111,62,173
4231150,G,A,0/1,87,91,179
4231530,C,A,0/1,67,75,143
4232327,A,G,0/1,106,81,187
4233299,G,A,0/1,92,94,186
4236844,G,A,0/1,100,83,183
4237383,C,A,0/1,83,76,159
4237958,A,T,0/1,157,16,173
4237963,GGCA,TGCC,0/1,156,17,174
4237971,A,T,0/1,160,18,180
4239763,C,T,0/1,87,91,178
4240671,C,T,0/1,94,52,146
4241042,A,G,0/1,86,102,188
4242643,C,T,1/1,2,166,168
4243580,G,A,0/1,92,68,160
4244420,G,C,0/1,99,76,175
4245969,C,T,0/1,111,87,199
4247429,A,G,0/1,83,73,156
4247578,G,A,0/1,96,76,172
4247646,A,C,0/1,87,78,165
4250966,G,A,0/1,125,77,203
4251297,G,C,0/1,92,100,192
4254345,ATT,AA,0/1,76,25,103
4255922,A,G,1/1,0,176,176
4257220,A,G,1/1,0,172,172
4261499,G,A,0/1,101,87,189
4263279,A,G,0/1,90,83,173
4263367,G,C,0/1,75,74,149
4264218,CT,AG,0/1,90,79,169
4264560,G,A,0/1,103,82,185
4269387,T,G,0/1,98,86,184
4269606,A,G,0/1,85,100,185
4269864,GCCCCCGCCGA,GCCCCGCCGA,0/1,107,70,177
4275935,A,G,0/1,94,90,184
4276306,C,T,0/1,96,86,183
4280441,C,A,0/1,84,80,164
4281143,C,G,0/1,88,92,180
4281272,G,A,0/1,111,67,178
4287164,A,G,0/1,108,96,204
4287361,C,T,0/1,95,92,187
4288405,G,T,0/1,101,107,208
4289055,A,G,0/1,91,102,193
4289953,A,G,0/1,83,104,187
4290564,G,T,0/1,103,121,224
4290827,C,G,0/1,81,103,184
4293072,G,A,0/1,126,97,223
4293107,G,A,0/1,92,128,220
4296015,G,A,0/1,105,106,211
4296381,G,T,0/1,108,73,181
4303407,A,C,0/1,101,92,193
4306155,C,T,1/1,0,143,143
4306339,G,T,0/1,98,86,184
4307021,C,T,0/1,98,89,187
4307179,G,A,1/1,0,180,181
4307344,C,G,0/1,99,100,199
4310743,TGGCGT,TGGGCGT,0/1,99,104,207
4311871,G,A,0/1,61,66,127
4313128,C,T,0/1,108,95,204
4314645,A,G,0/1,89,94,183
4314843,G,A,0/1,92,76,168
4315384,T,C,0/1,101,99,200
4316566,C,G,0/1,76,95,171
4319652,G,A,0/1,60,96,156
4320050,A,G,0/1,88,97,185
4323006,G,A,0/1,116,97,213
4323354,CGGGGGGGTCT,CGGGGGGTCT,0/1,94,107,204
4329782,G,A,0/1,112,79,191
4334425,G,C,0/1,105,83,188
4336090,AAC,ATAC,0/1,89,54,143
4336597,C,A,0/1,106,97,203
4336774,C,T,0/1,85,94,179
4337574,A,G,0/1,78,59,137
4338361,C,T,0/1,93,68,161
4338595,GCT,GT,1/1,0,168,168
4338603,G,A,0/1,76,101,177
4338732,G,A,1/1,0,160,160
4339684,C,G,0/1,103,75,178
4340330,T,G,0/1,95,93,188
4341396,AAG,AAGGCGCGGCCGCAG,0/1,120,43,164
4344058,T,C,0/1,88,86,174
4345682,C,T,0/1,113,91,205
4348418,G,A,0/1,96,103,199
4351039,G,T,1/1,1,142,143
4356110,G,C,1/1,1,163,164
4357597,C,G,0/1,97,78,175
4357773,G,A,0/1,107,89,196
4357946,C,T,0/1,100,63,163
4359135,T,C,0/1,144,36,181
4360119,C,G,0/1,71,92,163
4361141,G,A,0/1,90,106,196
4363243,A,C,0/1,78,69,147
4363484,ACCAACGC,AC,0/1,70,45,115
4366195,T,C,0/1,92,81,173
4366272,G,C,1/1,2,194,198
4367090,G,A,0/1,82,119,201
4367649,A,G,0/1,83,81,165
4369499,G,A,0/1,81,81,163
4372353,G,C,0/1,95,84,180
4372661,T,C,0/1,86,112,198
4373475,C,G,0/1,72,87,159
4373496,C,G,0/1,83,92,175
4374228,T,C,0/1,88,68,157
4377033,G,C,0/1,83,81,164
4377447,G,A,0/1,77,97,174
4377609,G,C,0/1,94,82,176
4377654,G,C,0/1,82,84,166
4379680,C,G,1/1,0,183,183
4382054,T,C,1/1,0,168,168
4382275,G,T,1/1,0,157,157
4383094,A,G,0/1,107,76,183
4383144,CCCGT,CCGGGGCCGT,1/1,0,150,151
4383442,T,C,0/1,88,53,141
4383632,T,C,0/1,83,87,170
4383655,A,G,0/1,87,82,169
4384007,C,G,0/1,87,85,172
4385031,CGGGGGGCCGT,CGGGGGCCGT,0/1,78,69,149
4385187,A,G,0/1,82,53,135
4385897,T,C,0/1,206,56,262
4385916,C,G,0/1,226,78,305
4385933,ACGGC,GCGGT,0/1,207,87,296
4385946,C,T,0/1,211,100,311
4386228,T,C,0/1,74,151,225
4386288,C,T,0/1,180,55,235
4386562,GC,AT,0/1,195,26,221
4386569,T,C,0/1,191,28,219
4386580,A,G,0/1,208,38,246
4386587,CTGA,TTGT,0/1,200,37,237
4386599,A,G,0/1,196,53,249
4386604,G,C,0/1,201,56,257
4386629,GGTCGTAGCCGGT,GGGC,0/1,171,56,230
4386702,G,C,0/1,225,102,327
4386768,G,A,0/1,224,94,318
4386774,C,T,0/1,217,86,304
4390106,C,G,0/1,74,43,117
4390380,A,G,0/1,71,69,140
4390879,G,A,0/1,94,80,174
4391553,C,T,0/1,82,109,191
4393178,A,G,0/1,97,90,187
4394210,G,C,0/1,126,54,180
4395387,A,G,0/1,64,56,120
4395964,C,A,0/1,78,73,152
4398732,G,A,0/1,98,93,191
4399137,G,A,0/1,84,66,150
4400660,ACCCGCCCGGA,ACCGCCCGGA,1/1,0,119,119
4401400,A,G,0/1,74,54,129
4403900,A,G,0/1,129,128,257
4407588,T,C,0/1,91,80,171
4407873,C,A,0/1,73,77,150
4408156,A,C,0/1,79,83,162
4408920,AGGC,GGGT,0/1,82,54,136
4410386,G,T,0/1,125,120,245
4411016,G,A,0/1,89,93,182
