1302,93,95
1977,0,247
2532,68,130
4013,0,183
6112,87,127
7362,0,189
7585,0,162
8452,66,103
9143,76,106
9260,82,94
9304,0,171
11879,0,188
13175,76,82
13298,70,95
13460,56,87
14251,104,62
14401,66,113
14785,0,205
15088,68,90
15117,70,101
16526,55,74
17608,94,78
21795,1,167
21819,85,93
22961,78,88
23174,74,83
24698,62,24
26347,89,96
26959,2,196
27199,58,99
27469,70,89
27996,80,76
29789,76,109
30980,84,80
31142,84,92
33457,100,74
33551,101,72
34044,1,211
34926,51,87
35097,146,73
36538,75,77
37031,0,172
39623,87,97
39758,104,94
40162,87,82
41151,56,87
42281,73,108
42967,0,169
43945,80,100
46735,93,117
49976,89,104
50854,127,89
51949,77,116
54394,72,81
55540,0,51,46
59816,80,87
59896,69,70
60821,85,69
62049,0,155
63771,111,74
64028,80,141
65159,69,107
65663,78,99
66892,78,78
68174,63,119
69989,0,140
70267,62,98
70816,0,161
71336,1,118
71584,59,5
74059,88,69
74737,65,101
75233,67,94
75421,99,87
75940,0,156
79281,68,70
79479,99,117
79504,41,42
80616,0,133
82843,72,110
83343,101,93
89200,91,95
89871,91,85
92199,0,166
97696,62,109
98966,71,83
101119,92,77
101727,88,72
103352,66,70
103600,75,74
103756,56,49
103836,0,12,4
103968,0,2
104712,0,114
104824,96,67
104830,90,52
104838,2,144
104856,162,11
104915,234,20
104941,121,72
104962,121,74
105045,0,157
106126,71,75
109106,103,81
115499,72,95
116000,0,156
122109,0,186
123520,83,128
123740,85,101
125830,2,168
126803,67,115
126853,68,103
131174,1,177
132417,0,157
132646,67,93
133839,0,172
133862,100,77
135542,112,84
137233,70,151
137673,76,105
139556,78,99
139756,75,120
139954,93,141
143129,157,9
143207,74,110
144433,74,67
144564,84,110
146087,0,159
146788,76,90
146872,70,102
147970,88,127
149499,141,12
149510,134,18
149983,58,60
150602,72,39
150609,68,40
154191,74,83
154283,0,208
157292,129,86
157663,101,73
160976,71,96
162226,79,108
162581,102,69
167986,66,60
168787,103,83
170523,56,86
176303,101,70
177175,79,109
177857,0,204
180025,76,75
188800,0,118
189948,54,96
194040,84,131
194305,75,74
194681,0,166
195360,89,131
196642,0,207
196874,85,111
199470,71,88
200379,99,144
202886,73,98
203269,128,84
206339,0,166
206481,42,104
207226,117,71
208316,76,86
208321,75,85
211993,65,87
212353,95,63
215238,73,89
217201,80,78
223747,81,92
223942,1,163
225315,98,77
225323,0,176
225668,78,103
226676,78,84
227098,1,161
230576,77,91
231114,0,149
233358,60,86
233364,71,90
234051,93,64
234477,3,106
234496,0,87
235681,75,93
236275,113,6
236512,94,133
241465,79,98
243598,63,103
244550,70,85
251575,75,98
251669,98,106
251938,96,56
254903,77,132
255970,153,15
256256,121,18
256260,121,9
256270,118,7
257301,80,59
257788,85,16
260282,63,74
261869,0,138
263057,75,73
263149,67,50
264298,80,108
264984,75,96
265170,70,89
265554,0,185
267552,131,12
272678,85,118
273568,57,80
278681,0,161
281454,78,104
282188,145,87
282604,58,112
282822,104,62
283614,2,197
285772,0,141
285871,0,152
290374,73,67
291977,79,114
293628,63,65
293704,93,59
294170,83,120
297396,76,97
302615,107,84
303414,59,119
304923,91,100
307533,143,9
308312,63,50
309097,82,93
309765,90,95
310973,0,168
311613,0,171
316129,89,73
320180,60,104
325505,72,95
326002,68,82
331588,74,92
333212,65,65
333292,63,112
333546,136,9
333556,123,10
333569,122,19
333580,118,44
333637,126,115
333672,101,59
333683,109,63
333786,94,81
333892,0,100
334641,129,90
334654,110,12
334724,153,17
334751,194,21
335261,116,57
335275,111,63
335280,113,63
335288,122,67
335527,109,8
335597,105,30
335606,95,34
335642,84,15
335651,68,13
335696,101,45
335705,107,46
335712,150,10
335724,126,10
335732,83,52
335739,80,44
335749,90,45
335810,22,13
335847,42,10
335885,69,32
335906,79,40
335919,96,39
335927,101,39
335971,124,85
336005,149,138
336047,159,50
336074,168,69
336081,162,58
336113,152,27
336140,164,9
336257,215,12
336369,166,10
336380,166,85
336400,149,78
336504,192,145
336535,173,109
336546,172,111
336557,148,63
336590,154,159
336611,145,161
336617,142,138
336680,0,3,6
336706,0,7,3
336728,83,68
336931,111,6
337152,136,17
337175,116,20
337820,4,95
337959,0,90
338020,0,44
338100,0,61
338124,51,3
338135,51,3
338293,37,3
338321,53,7
338324,53,6
338330,52,6
338338,38,7
338348,39,3
338401,113,21
338407,122,21
338408,128,18
338435,97,20
338451,0,40,31
338561,45,8
338618,73,27
338810,189,36
338844,135,95
338876,143,124
338903,154,154
338960,106,140
338984,256,42
338990,256,37
338997,251,37
339508,63,82
340372,0,114
340511,86,6
342146,74,140
343281,75,88
343453,111,83
344288,72,81
346275,0,181
350489,88,81
351875,67,98
356528,0,145
357582,82,101
361081,80,130
361825,55,48
361837,55,4
361869,41,4
361874,38,4
362007,86,55
367471,69,68
368087,111,68
368353,82,128
368948,86,101
369290,189,11
369306,185,11
372149,82,170
372913,74,97
373282,0,182
374502,199,19
374514,205,24
374523,214,24
374546,203,11
375095,73,87
376774,0,180
378357,83,120
378939,79,97
381030,89,110
382822,79,125
384380,0,140
386432,0,150
390828,0,163
391853,68,81
392261,78,72
393941,89,124
396750,65,91
397071,82,97
399909,69,67
403980,5,169
404326,0,192
406023,86,97
406274,78,82
406599,75,108
408723,104,70
411439,167,11
412280,87,119
414486,3,192
416475,69,101
420008,0,154
420405,68,117
424250,79,98
424320,3,153
424790,83,78
424932,84,91
425342,0,6
426768,75,81
427310,81,47
428384,85,104
428698,60,121
432364,87,105
434327,64,74
437128,65,68
437130,126,7
438271,69,97
439711,61,132
440510,84,104
442988,70,94
444351,80,81
445400,88,96
445780,88,76
446747,75,108
447442,76,96
447525,89,109
451029,85,116
452288,70,81
453659,82,83
454295,0,144
455325,106,113
456487,98,106
456511,93,92
457291,186,11
457452,0,157
459399,0,137
466848,60,41
467497,3,142
467508,1,135
467516,0,147
467526,0,154
467546,0,149
467557,0,154
467564,0,142
467585,2,146
467590,0,148
467621,0,153
467638,0,148
468357,72,106
469042,65,134
471666,87,83
472705,85,73
475071,138,8
475076,139,8
475081,134,8
475178,0,194
478358,139,65
479177,161,9
483935,82,120
485230,87,165
485584,72,146
485785,69,162
489935,0,226
491742,72,127
492150,61,82
492655,74,123
495198,71,92
495473,65,93
498531,110,96
498557,1,183
500523,124,15
502589,2,176
503354,1,225
505974,75,106
508435,65,101
510831,81,61
513257,1,136
514657,85,95
517358,70,94
517411,70,90
519185,72,97
522081,74,121
524891,58,93
526385,73,96
527050,62,97
527316,74,70
528354,89,99
528781,73,105
531580,104,23
532367,86,88
534427,83,113
534691,136,95
534864,78,107
539834,174,13
541201,0,192
542959,72,99
546357,85,113
549251,69,124
551525,0,154
554523,93,79
555945,82,101
555991,78,106
556035,65,88
557133,104,85
560664,70,113
562497,79,134
563420,115,80
564723,61,88
565404,64,96
565655,94,100
566980,111,92
567065,88,91
567896,126,7
568693,73,94
569897,65,19
569953,72,5
571943,102,63
573262,0,149
573384,69,76
573388,145,8
574757,67,78
575368,86,81
576123,167,10
580008,77,108
580336,69,95
580772,3,85
584171,68,120
584438,99,69
584511,72,113
589536,81,69
590436,0,171
590763,87,119
591965,82,119
592584,72,136
595374,143,186
595432,250,44
595501,70,94
596833,131,77
597816,0,196
598005,200,14
598020,209,24
598029,215,25
598043,211,26
598076,190,71
598095,172,48
598104,182,39
598111,176,36
598117,162,25
598128,166,23
598140,167,16
598147,169,15
598475,0,197
599868,60,132
608037,83,63
610120,0,208
615938,80,97
621023,173,12
621390,78,115
623021,65,57
623406,80,45
623422,141,31
623472,1,177
623508,5,156
624174,71,67
624349,52,35
627350,73,90
630722,0,134
632330,74,72
637319,0,190
637922,100,82
638558,69,98
639835,88,126
640233,88,93
641791,78,98
643101,91,89
643449,76,87
643483,79,93
645445,57,108
646163,71,104
646531,55,119
648002,0,202
648856,84,89
649345,81,74
654996,63,107
655707,49,87
655986,72,106
657578,55,94
659341,69,85
662911,71,87
663410,127,24
663418,121,24
663429,136,28
663907,103,80
664249,120,86
665293,0,192
667659,108,83
669398,0,166
670545,99,113
672259,73,84
672491,0,93
672627,130,8
672729,55,36
673066,70,56
673238,0,134
673344,78,58
678440,88,114
682713,77,105
684290,96,121
685461,0,190
685608,0,187
685955,83,131
686066,66,71
686972,0,182
687602,60,88
688792,67,85
690248,62,81
690450,67,75
690465,0,136
698968,0,174
700627,150,8
700776,79,88
703945,69,101
704997,62,79
705602,63,86
705609,68,86
706545,107,7
709226,96,73
712192,65,78
712693,78,85
713310,69,96
715266,75,118
716324,54,85
717537,85,106
717588,72,107
718984,69,78
720049,72,99
720863,92,99
722852,63,82
724712,60,65
726498,50,60
726703,124,69
727020,72,49
728972,173,10
728978,166,10
730087,115,99
733798,102,99
734116,91,126
736710,115,89
740281,75,125
746638,124,8
749968,69,115
751017,100,70
751264,89,109
752046,80,133
752343,105,86
753392,65,115
753668,61,125
754186,2,176
754387,58,64
757182,90,106
761140,66,76
761155,76,74
761345,66,103
763031,59,109
763531,80,112
763884,81,86
764809,91,89
764817,90,91
764995,126,84
767414,61,77
767480,91,71
767609,106,116
769962,84,66
770657,58,96
772089,72,108
773449,85,97
773809,95,81
775639,0,202
776100,72,90
776702,217,26
776726,215,25
776732,182,15
781395,2,183
784440,113,82
786137,56,81
790083,121,87
790180,118,95
793240,76,5
793246,65,7
793702,72,110
796509,80,78
797597,75,104
799136,61,91
800357,79,87
806215,88,7
810287,51,126
811492,86,121
812502,87,108
815236,94,107
815851,62,71
817696,78,103
819213,82,115
820483,0,147
820752,76,93
821907,64,68
824429,104,121
829719,59,87
830868,89,88
832201,51,68
832246,35,51
833415,49,11
833421,51,6
833431,58,5
835526,68,98
836272,0,122
836291,0,126
836426,0,131
836454,2,133
836468,55,30
836538,0,133
836658,0,166
837033,0,157
837248,37,29
837451,65,95
837666,77,59
837911,93,59
838439,101,86
838822,125,19
838828,112,18
838839,123,22
838849,122,26
838987,7,102
838998,117,23
839005,107,28
839015,99,23
839020,96,28
839046,101,28
839077,102,42
839083,99,50
839090,110,55
839101,126,44
839123,0,129
839129,0,134
839194,0,125
839257,173,10
839262,220,17
839269,126,75
839279,168,130
839284,244,61
839291,189,76
839305,277,39
839309,244,68
839334,0,122
839348,0,133
839515,161,106
839534,171,103
839692,144,9
839790,141,42
839799,144,45
839806,134,51
839819,109,39
839949,57,42
840081,49,58
840178,117,7
840179,121,8
840217,105,45
840229,99,120
840235,95,143
840241,242,78
840244,263,77
840271,263,48
840272,175,103
840278,80,20
840283,77,10
840297,79,10
840307,80,10
840329,90,13
840334,97,11
840341,91,11
840349,93,8
840355,86,7
840373,80,7
840382,84,5
840389,76,4
840454,86,5
840496,13,104
840515,126,11
841494,91,83
841764,0,177
843391,114,70
846996,82,117
847995,69,109
848407,59,113
848998,190,59
850985,77,101
852289,75,107
852910,0,133
854252,1,170
857696,0,183
859131,99,62
864166,78,107
865761,78,78
871271,82,88
874835,0,171
880562,0,176
882257,0,179
884134,77,107
885542,123,60
885689,66,106
888774,168,53
889003,90,87
889021,4,5
891404,33,48
893733,0,196
894888,54,98
895082,80,99
895120,67,84
898477,82,83
900221,1,168
903076,150,9
903550,0,185
903913,0,167
906857,0,208
909280,39,29
910015,79,109
911261,73,81
913274,87,108
916046,67,76
919466,106,80
921813,0,169
923267,83,117
925342,49,40
927110,0,109
927303,102,6
927385,0,132
928483,67,53
929748,67,61
930496,80,80
931123,72,107
932280,61,91
933699,77,105
934230,77,107
934611,68,77
938246,72,90
940486,96,76
941503,107,124
941845,61,117
942479,116,68
945214,0,203
945972,75,97
947176,87,97
947429,80,70
948294,76,102
949535,1,164
951142,89,120
952597,87,124
952810,65,54
955524,0,166
957117,101,119
959346,80,113
960367,65,74
967031,138,11
967599,58,68
968426,32,87
970476,65,93
976043,87,74
976896,2,154
977196,77,108
977915,78,87
979704,1,163
980501,89,87
986463,0,161
987601,96,118
990001,2,168
990383,67,66
990399,119,7
990521,75,97
990533,95,73
991640,148,73
993346,0,238
996219,85,172
997143,70,110
1002342,82,121
1009490,89,124
1010204,0,164
1011198,109,69
1011286,66,126
1014815,96,97
1022613,73,97
1024346,70,93
1025106,0,208
1027727,73,106
1029997,76,96
1032241,79,130
1032524,73,127
1032913,109,81
1036484,80,117
1037012,0,167
1037355,92,71
1037911,0,171
1038500,70,127
1040067,99,71
1040706,66,75
1041129,102,70
1041445,143,73
1043136,82,108
1047051,61,111
1047165,0,205
1048102,79,102
1054784,75,111
1055049,79,80
1055126,62,106
1057788,107,85
1061111,136,10
1061386,57,56
1061676,148,76
1061858,114,105
1063602,102,96
1063765,85,125
1063922,86,90
1065742,70,102
1066038,84,81
1067669,129,7
1068151,0,202
1068432,0,147
1070322,113,6
1070381,56,62
1070702,0,132
1071797,110,71
1072342,63,84
1074558,0,168
1075167,49,113
1075279,0,197
1076309,2,172
1077312,0,160
1077624,65,109
1077754,72,114
1078398,77,124
1078518,75,5
1079741,84,9
1079927,0,178
1080192,87,88
1081211,109,73
1081681,0,174
1083755,91,101
1085623,77,87
1086648,83,102
1087193,0,170
1088502,68,88
1090188,66,73
1091045,57,40
1092316,103,112
1093322,80,65
1093406,0,127
1093641,101,19
1093649,90,16
1093666,97,23
1093886,140,57
1093907,148,44
1093925,34,61,45
1094382,27,2
1094472,59,32
1094538,68,100
1095490,179,23
1095497,190,27
1095644,67,64
1095661,132,7
1095678,63,66
1095981,4,11
1095990,3,11
1096245,6,71
1096299,0,21
1096323,1,5
1096508,0,10
1096633,36,114
1097023,70,97
1098523,85,124
1099212,74,94
1099267,130,7
1100234,0,193
1103249,162,99
1104634,75,157
1104690,74,157
1105284,90,159
1106422,0,186
1107434,103,91
1107917,107,92
1107940,89,106
1109163,66,98
1109417,76,8,10
1109975,0,154
1110514,75,110
1110956,60,120
1111518,51,99
1111784,60,91
1113290,102,108
1117405,77,117
1119739,70,71
1121074,76,43
1121087,85,5
1121623,63,72
1123597,61,100
1126889,0,159
1127648,0,156
1128814,75,96
1130116,117,8
1131229,76,75
1131300,79,81
1132368,137,82
1136017,71,108
1139222,69,113
1142266,70,78
1143832,90,89
1144585,74,95
1148259,66,101
1149551,0,155
1150321,109,62
1150585,1,150
1151485,65,82
1154174,79,108
1155700,63,144
1157771,65,107
1159161,97,59
1159850,74,74
1160770,3,5
1160894,22,3
1163134,0,164
1164336,69,102
1164521,75,92
1164571,82,78
1165521,2,119
1168323,87,95
1168715,0,132
1171364,115,79
1177641,102,75
1178116,0,195
1184826,88,105
1186461,98,58
1188582,12,9
1188917,75,50
1189137,65,18
1189184,44,65
1189253,13,12
1189431,41,42
1190093,0,50
1191741,7,15
1191817,43,43
1192830,91,106
1196889,110,91
1197877,63,93
1199019,83,82
1199547,83,65
1200418,0,200
1201291,83,155
1203824,89,120
1205936,125,90
1207431,94,84
1210379,142,8
1211369,86,130
1212076,62,41
1212626,41,51
1213007,67,21
1213406,123,51
1213497,52,48
1213693,89,9
1215049,84,115
1217655,40,20
1218122,65,4
1218426,80,29
1218434,109,20
1218737,72,72
1220570,77,101
1220680,0,157
1224331,91,12
1224340,91,13
1224347,86,10
1224367,0,120
1225126,80,97
1228116,85,87
1230778,75,115
1235446,89,77
1237403,75,82
1238086,152,12
1244768,94,110
1246231,68,54
1248382,54,82
1248936,53,125
1248978,0,148
1250340,62,72
1250357,52,77
1251199,53,96
1252164,72,93
1254562,77,111
1257032,76,109
1257343,97,92
1258324,79,104
1262230,74,85
1266565,66,123
1268649,66,105
1271143,70,81
1273250,91,100
1275957,82,98
1276938,105,32
1277869,1,119
1280439,126,78
1281118,0,213
1281443,104,73
1281515,90,108
1281771,75,105
1287112,67,103
1287160,85,95
1287234,105,77
1292102,2,150
1297327,101,57
1297397,75,99
1297999,95,64
1302821,91,130
1305593,100,12
1306259,90,116
1307373,64,104
1307598,0,173
1310316,66,73
1313337,0,68
1313376,74,4
1314617,83,98
1315191,0,167
1315746,78,90
1315884,0,171
1316480,70,106
1317059,83,46
1320508,77,126
1320614,78,138
1327890,1,176
1327942,107,80
1328687,0,181
1338794,63,101
1339741,145,21
1340052,95,109
1340135,156,45
1340155,162,66
1340208,91,160
1340256,173,55
1340274,103,69
1340313,132,8
1340775,33,89
1340830,75,8
1340916,47,4
1341040,4,69
1341064,87,5
1341073,92,11
1341174,193,21
1341254,98,38
1342581,9,3
1344857,81,75
1348518,63,89
1348554,133,56
1351172,88,89
1353658,103,73
1354437,121,70
1356648,71,103
1358940,85,103
1360209,0,182
1362006,76,107
1363194,100,139
1365837,1,68,57
1367484,83,124
1368947,57,81
1369389,88,95
1369735,56,90
1373170,89,67
1374065,0,158
1374578,76,115
1374639,77,104
1375724,0,164
1378958,106,118
1382628,0,142
1385216,56,6
1385768,68,4
1385777,70,4
1387211,81,93
1389738,97,59
1389866,106,114
1390763,76,126
1393208,89,102
1393626,0,151
1395010,58,90
1396922,0,161
1397201,86,100
1397215,90,97
1400396,87,116
1401206,82,85
1403476,126,7
1404169,79,62
1406312,100,107
1409030,83,62
1410062,64,104
1411210,0,158
1413148,0,126
1414021,0,203
1414621,150,73
1414629,141,61
1414653,152,70
1415097,143,77
1416222,159,43
1416232,157,45
1416898,97,112
1417019,77,82
1417554,85,115
1417793,77,89
1419602,87,130
1424699,93,137
1426928,77,111
1428506,63,51
1429165,177,12
1429168,132,11
1440469,0,158
1441533,102,78
1443354,85,108
1443428,170,47
1443899,71,85
1444188,86,65
1445474,105,68
1445781,0,172
1445977,64,135
1446923,90,83
1447774,86,65
1448907,99,65
1451009,63,131
1451888,37,2
1452071,142,78
1453165,83,96
1453996,88,95
1457094,171,10
1457144,0,153
1458144,79,72
1460907,59,97
1462661,69,102
1468150,66,141
1468208,108,36
1468233,62,26
1468420,2,7
1471659,2,211
1472359,61,103
1473080,79,112
1474425,162,9
1477026,112,7
1478222,57,103
1479085,53,70
1480024,91,72
1480174,153,52
1480184,141,45
1480195,138,45
1480204,146,45
1480219,148,49
1480231,155,36
1480242,163,29
1480713,176,13
1480741,182,10
1480757,146,9
1480773,170,9
1480945,167,133
1480972,252,91
1481185,0,276
1481602,224,118
1482627,0,183
1484708,0,145
1488114,83,11
1488433,116,94
1488645,61,62
1489398,39,40
1489453,107,16
1489463,101,8
1490905,63,121
1490911,66,112
1491543,75,106
1492194,88,88
1496964,81,92
1499274,0,151
1505194,71,104
1505973,63,120
1509283,112,60
1510649,102,65
1512031,98,44
1514010,80,94
1516380,121,50
1521526,72,120
1521776,119,58
1522862,66,102
1523175,83,99
1523791,82,127
1525160,64,150
1526819,0,231
1527449,123,61
1533208,66,78
1533241,2,103
1533583,86,65
1533999,109,107
1534548,73,143
1535643,93,124
1536251,1,139
1540141,66,90
1541129,91,124
1541952,0,2
1544255,74,110
1546703,92,102
1547125,0,203
1548087,83,115
1552547,1,147
1553855,78,99
1558450,106,72
1559270,134,9
1559562,94,81
1560912,77,69
1563686,73,93
1563717,0,151
1567985,75,56
1568178,84,95
1569878,76,99
1570513,105,66
1570566,1,164
1572851,57,66
1572959,60,57
1573456,134,9
1573483,134,20
1573497,131,20
1573506,144,18
1573517,140,14
1573527,140,14
1573660,0,158
1574206,69,130
1575793,85,79
1578829,64,57
1579825,69,121
1580181,91,70
1580283,67,75
1581377,92,133
1584379,50,65
1585283,78,85
1585404,73,65
1586249,130,84
1588456,93,50
1588899,0,163
1589739,73,95
1590555,97,92
1592538,92,115
1594698,75,114
1600164,75,77
1600685,83,84
1601528,82,106
1604290,80,112
1606357,83,70
1608276,98,114
1609840,0,184
1611283,82,113
1612595,158,21
1612600,146,19
1612621,51,29
1612648,116,82
1613035,0,177
1613355,100,96
1613927,75,77
1613960,97,88
1616831,61,97
1617833,83,81
1618466,64,21
1618491,107,8,10
1618673,27,17
1618681,28,24
1618978,54,62
1623789,60,92
1624791,0,144
1625259,72,100
1625347,102,60
1627351,79,94
1629128,64,68
1630148,0,193
1632327,149,26
1632333,142,24
1632518,73,11
1634580,135,36
1634586,128,36
1634609,144,37
1634633,152,29
1636143,169,31
1636153,157,34
1636172,73,36
1636724,68,24
1636826,3,127,34
1636918,64,111
1636927,82,75
1636934,101,73
1636944,114,71
1636958,182,57
1636966,193,62
1636980,122,126
1636991,157,116
1636996,159,104
1637006,146,74
1637025,188,76
1637034,183,79
1637059,189,85
1637192,71,7
1637197,67,7
1637204,30,3,4,2
1637228,19,17
1637234,21,10
1637249,18,8
1637255,15,7
1637263,14,7
1637280,13,3
1638020,0,11
1638211,142,16
1638235,145,10
1638236,142,8
1638364,57,104
1639418,72,103
1639594,1,139
1639643,67,62
1640442,98,86
1644250,133,77
1644362,145,56
1645802,2,215
1647830,66,97
1650072,0,160
1652831,85,77
1656178,164,42
1656182,107,110
1656191,104,98
1657843,92,78
1658535,71,83
1659902,68,77
1659994,76,106
1668914,93,113
1673425,78,95
1674162,74,118
1676290,1,222
1676308,90,125
1676662,65,97
1677765,85,115
1679833,77,97
1688300,72,76
1689349,2,167
1691520,67,125
1691799,114,101
1692141,1,252
1692795,122,61
1693262,68,137
1693561,0,187
1694547,63,112
1695674,87,140
1696499,83,129
1697633,99,120
1698911,1,224
1699265,187,14
1699744,80,93
1699849,82,122
1706119,0,198
1706746,92,113
1709432,69,117
1709899,113,64
1712671,106,116
1713192,80,110
1714837,77,115
1715799,57,109
1716472,78,89
1716649,94,102
1718444,61,76
1718761,106,64
1719322,0,83
1720897,57,3
1721428,70,59
1721490,73,69
1721831,133,84
1724120,81,67
1726816,60,74
1727763,60,61
1728615,69,109
1728837,0,181
1731563,58,82
1734994,98,104
1735903,77,107
1736638,95,75
1739390,60,66
1740771,86,75
1743404,176,10
1743409,173,10
1745446,87,125
1752561,0,149
1753519,0,110
1754016,88,91
1754299,62,105
1754983,89,116
1755599,86,97
1756732,64,78
1757029,77,116
1758180,100,71
1758790,74,90
1759252,0,155
1760292,0,142
1760460,129,89
1760923,84,130
1766689,86,128
1769099,111,80
1771320,102,84
1774036,87,7,8
1774057,112,16
1774064,124,10
1777213,44,91
1778430,0,168
1779370,0,89
1779537,69,4
1780586,1,77
1780800,0,86
1781389,92,5
1786135,0,83
1788570,0,57
1788613,2,30
1788627,2,22
1789446,0,5
1789516,0,11
1789559,16,2
1789564,0,15
1789591,28,6
1789650,29,104
1789671,38,175
1789742,300,25
1789756,272,20
1791823,75,76
1792777,75,117
1793769,92,83
1797577,89,106
1798355,0,157
1803265,0,167
1804409,0,183
1805948,98,77
1817976,0,134
1826054,106,107
1826343,90,114
1826624,90,102
1827553,77,97
1828826,77,20
1829576,97,85
1832293,80,110
1832642,94,80
1836286,0,151
1836630,168,9
1839260,66,80
1839329,78,67
1839759,80,103
1841313,75,112
1847811,144,79
1847919,0,197
1848147,78,76
1849191,79,110
1849609,85,103
1851048,77,105
1853974,70,89
1854300,0,132
1856777,0,165
1859559,80,102
1859989,66,88
1861274,107,72
1863660,76,83
1864544,66,78
1864924,65,11
1866104,65,50
1872959,86,53
1873954,53,60
1874993,49,64
1875278,160,11
1875295,76,95
1875881,49,59
1876739,67,117
1885772,1,177
1885858,103,41
1886263,86,105
1886859,68,136
1887284,53,101
1889073,70,94
1894300,1,131
1894422,80,90
1897646,89,117
1897852,138,13
1897938,62,59
1899351,126,80
1900800,67,110
1901493,0,139
1902156,58,92
1902386,94,79
1903050,69,126
1906336,57,125
1907177,79,114
1907296,0,172
1916137,65,80
1917972,0,162
1920120,81,82
1923985,82,96
1924959,93,102
1927417,85,152
1929302,97,60
1931179,0,135
1931470,71,101
1931718,63,60
1933988,1,183
1935695,66,121
1936525,79,86
1939044,101,113
1940307,64,89
1943039,99,65
1943592,95,85
1943991,83,95
1944107,0,167
1944402,0,175
1944642,109,66
1944723,72,81
1945465,66,75
1945836,82,96
1947903,112,45
1950767,0,155
1952160,68,83
1955638,449,40
1956930,80,138
1960284,0,220
1963383,79,109
1963957,69,108
1964837,91,103
1964913,80,93
1965869,77,93
1967237,0,155
1968164,113,8
1971725,85,104
1971805,169,10
1978807,74,97
1979026,85,108
1981056,93,70
1983057,32,3
1983195,0,14
1983213,39,4
1983313,1,201
1987716,6,2
1989054,0,3
1989370,1,101
1990182,67,6
1990256,0,72
1990361,0,95
1990525,35,2
1990775,67,4
1990789,74,5
1990795,73,5
1990822,63,5
1990835,64,5
1991277,51,5
1991286,45,4
1991294,46,3
1991705,80,7
1991714,79,8
1991729,62,8
1991738,54,8
1991753,58,7
1991759,55,6
1991765,46,6
1991779,44,6
1991789,42,13
1991798,41,12
1991819,43,13
1991834,45,8
1991840,43,6
1992161,75,6
1992323,0,67
1993652,0,103
1993808,0,108
1998701,0,116
2000536,74,74
2001677,86,19
2001687,143,19
2001692,149,19
2005944,64,125
2007785,100,78
2008044,80,119
2010614,73,116
2011542,57,70
2013872,83,97
2013943,72,90
2017291,71,100
2017560,81,149
2019236,92,93
2019942,118,65
2022868,0,138
2023211,103,108
2023976,68,93
2025364,93,5
2028967,74,104
2028992,111,67
2030355,76,112
2030521,92,33
2030756,184,12
2030765,189,13
2035937,66,106
2038820,73,4
2039884,71,88
2042623,78,5
2045310,0,87
2045849,0,108
2047425,0,45
2049065,1,96
2049097,0,108
2050061,101,72
2050822,69,54
2051734,81,79
2051746,0,151
2052035,2,158
2052687,89,116
2052960,80,64
2053411,113,79
2053682,93,84
2055271,0,163
2055550,65,121
2057774,0,150
2061433,30,27
2061660,42,53
2061958,55,57
2062328,74,73
2062468,59,71
2062922,61,110
2066471,68,91
2072190,67,110
2073203,92,116
2074509,38,32
2074565,38,27
2074570,64,8
2074754,92,111
2075067,101,50
2080182,60,105
2082962,153,9
2083124,88,81
2084526,119,62
2090306,69,104
2090400,75,48
2092391,72,104
2092970,63,70
2093715,69,152
2094911,0,131
2096094,82,81
2096186,0,168
2096430,70,103
2097144,84,100
2097990,102,66
2104779,74,108
2107792,153,11
2107798,153,12
2107804,150,10
2108141,0,147
2108890,67,95
2109523,2,133
2110365,77,112
2115746,94,97
2116903,3,174
2118162,52,77
2119485,74,113
2120796,70,122
2121332,88,92
2122625,62,103
2122976,88,92
2123987,93,124
2126366,83,88
2127523,71,102
2127755,78,111
2128372,69,84
2128870,0,165
2129281,73,127
2130529,80,87
2132062,76,107
2133468,36,102
2133475,159,59
2134215,104,76
2135870,0,128
2137521,2,113
2138767,76,91
2143328,0,163
2143523,56,78
2145878,52,91
2146098,132,11
2147022,0,209
2147641,83,45
2151678,87,121
2154724,80,97
2155168,101,80
2156868,75,90
2158109,68,95
2158563,74,84
2160998,81,84
2161343,62,77
2163352,358,20
2163375,366,369
2163400,812,120
2163412,603,302
2163444,387,612
2163493,201,41
2163504,210,37
2163510,211,31
2163517,201,20
2163790,2,125
2165256,77,102
2165286,0,181
2165353,160,9
2165428,55,57
2165503,34,99
2165554,134,83
2165938,473,284
2165953,195,38
2167926,65,78
2170048,135,9
2174216,98,54
2177073,87,136
2177968,81,108
2179708,63,94
2185358,75,114
2185741,73,101
2187156,64,90
2197065,103,24
2197148,56,71
2198526,95,86
2199052,62,92
2199416,114,107
2207525,115,56
2207591,0,191
2209465,72,82
2211455,98,61
2211826,0,181
2213265,103,56
2214460,137,11
2215712,70,105
2216248,71,72
2216370,56,78
2216443,0,123
2216538,83,72
2216973,75,68
2218012,73,80
2218488,78,58
2219955,71,113
2220512,0,168
2222308,74,109
2223293,1,174
2228967,0,227
2229801,65,71
2231132,172,95
2231486,72,85
2232237,89,75
2237053,80,48
2237497,0,100
2238930,0,125
2239055,0,107
2239160,0,103
2240062,0,95
2241646,70,88
2241742,60,80
2242808,95,132
2243034,87,87
2244336,84,79
2245532,128,65
2246960,94,101
2247677,76,126
2248786,70,73
2249035,68,71
2251999,0,192
2255942,76,125
2257780,83,76
2260100,86,121
2260151,218,59
2260171,204,80
2260196,191,70
2260212,185,56
2260220,189,54
2260231,191,52
2260525,0,143
2261479,80,87
2262193,8,3
2264782,0,209
2265059,0,218
2265401,78,99
2266442,187,16
2266487,160,163
2266504,164,118
2266517,192,126
2266550,182,185
2266583,186,202
2266598,184,190
2266604,187,190
2266613,183,175
2266624,177,179
2267372,149,71
2267681,82,143
2268721,173,10
2269780,0,182
2270065,88,125
2270102,0,196
2277350,80,84
2278442,95,77
2278507,72,82
2279761,166,9
2282130,72,94
2282376,85,87
2282787,0,161
2283030,97,80
2285251,0,204
2287121,1,183
2296042,0,219
2296057,177,12
2297366,104,77
2297766,60,97
2299196,120,74
2299232,126,10
2300237,60,161
2300546,0,103
2300552,0,100
2300562,54,55
2301089,80,114
2302033,0,30
2302147,26,4
2302154,30,4
2309356,84,101
2311099,66,69
2315005,65,135
2317123,109,7
2321358,59,100
2324087,61,76
2327492,99,72
2327903,67,97
2328543,88,77
2329533,0,109
2331255,79,88
2331620,74,75
2331789,72,71
2334007,0,182
2335075,0,175
2335494,0,177
2335500,58,117
2338194,0,41,16
2339255,76,131
2339719,75,77
2340621,0,143
2341030,73,79
2341636,0,147
2342202,75,83
2342649,97,53
2345037,0,180
2348446,1,143
2348482,91,81
2348635,70,109
2348804,62,102
2350186,67,82
2357268,0,99
2357810,140,9
2358029,85,85
2361604,0,157
2362041,0,166
2362756,69,58
2366768,0,4
2368564,0,208
2368596,94,128
2369186,77,117
2369326,52,131
2372493,51,18
2373356,101,98
2374442,85,102
2376425,69,95
2379743,99,117
2381030,77,50
2382085,113,92
2385695,108,80
2386389,4,173
2387544,100,14,7
2387553,105,8
2387733,0,137
2388641,80,89
2390299,96,100
2394761,70,97
2397445,82,107
2397760,74,73
2398305,64,97
2400031,70,71
2400726,96,65
2401883,106,20
2413175,74,79
2413246,85,93
2415656,0,137
2419142,73,80
2420535,94,70
2421816,82,94
2421975,72,69
2423540,49,53
2423785,55,80
2423800,40,25
2424864,68,76
2424925,0,147
2425097,59,85
2425471,82,102
2428081,68,62
2431471,0,2
2433579,95,112
2434750,72,70
2437259,79,90
2439204,72,47
2439401,97,32
2439519,0,56
2439573,14,2
2440790,162,9
2440797,173,12
2440804,166,13
2440926,0,199
2443188,125,77
2445494,74,82
2447539,82,88
2448288,82,120
2448458,103,93
2449212,95,6
2449215,97,13
2449295,88,100
2450045,98,107
2451081,63,103
2451355,57,94
2451927,83,68
2462700,91,99
2462850,66,102
2462871,2,170
2463094,125,83
2464055,173,10
2464060,169,11
2470485,62,118
2470591,70,78
2472956,68,81
2482469,88,99
2484255,94,82
2484285,135,14
2486342,58,77
2487829,66,115
2488091,78,108
2490551,83,96
2495500,88,90
2499726,0,181
2500892,83,106
2501147,86,69
2502073,104,58
2503549,71,96
2503625,83,77
2505750,104,93
2508395,55,96
2508540,134,8
2509140,0,192
2509181,73,104
2509722,0,171
2511712,85,84
2516567,69,80
2518132,81,84
2519048,92,72
2521342,0,181
2522481,101,66
2523205,5,33
2523208,73,4
2525722,0,147
2526974,73,123
2527676,121,56
2528187,81,108
2528378,82,134
2528931,75,91
2529680,0,178
2530434,65,74
2531742,0,161
2532017,88,13
2532070,42,9
2532123,63,23
2534562,0,163
2538760,59,71
2538793,63,79
2544979,89,98
2547274,80,115
2547529,77,110
2551429,95,129
2553682,71,98
2562783,107,83
2563958,88,90
2564368,82,99
2566766,71,118
2569593,87,85
2573434,70,99
2573756,1,157
2574598,65,81
2577246,104,99
2578626,74,115
2580310,85,122
2581109,69,106
2582324,77,112
2586127,0,145
2586931,118,9
2587048,69,94
2589216,78,99
2590827,64,78
2590919,75,86
2592063,71,75
2598400,0,153
2599821,90,75
2602575,92,81
2605293,80,114
2605507,62,102
2605848,91,101
2606797,81,87
2608117,84,87
2608488,89,112
2608579,50,63
2611675,126,105
2611704,112,122
2612632,0,165
2617632,129,70
2617717,71,147
2618378,72,75
2619271,90,132
2621058,108,73
2622508,88,101
2625245,68,82
2625757,70,88
2625924,69,50
2626004,71,10
2626011,82,15
2626026,96,7
2626056,128,7
2626062,131,7
2626068,132,7
2626077,131,7
2626095,130,7
2626105,86,40
2626189,50,41
2626196,48,42
2626204,43,41
2626244,54,8
2626271,45,7
2626280,46,6
2626288,49,6
2626295,48,4
2626304,47,3
2626348,58,8
2628069,80,123
2630158,190,76
2630173,190,56
2630182,175,52
2630206,209,45
2630211,196,41
2630224,202,36
2630233,202,27
2631556,163,49
2631565,162,54
2631574,181,60
2631583,186,62
2631599,197,83
2631620,191,82
2631641,68,92
2631905,195,13
2631914,185,14
2631962,185,46
2631967,175,46
2631977,174,51
2632341,82,85
2632500,64,88
2635577,3,5
2636927,4,11
2637088,65,88
2637541,80,111
2638997,283,103
2639868,81,114
2641840,102,108
2642383,52,91
2642555,79,57
2643653,99,83
2649353,95,74
2652908,83,101
2654371,81,73
2654696,68,86
2656225,0,182
2660319,0,102,87
2663210,52,79
2664299,105,72
2672514,101,117
2673701,55,124
2677499,80,108
2679840,82,82
2680658,0,194
2688225,65,102
2691713,80,99
2693377,47,52
2695378,1,180
2696977,69,129
2698585,100,72
2699058,74,93
2703968,56,47
2704291,79,88
2704884,2,60
2706890,80,108
2709795,79,106
2712913,65,88
2713795,0,215
2717710,102,81
2718852,0,166
2718938,109,71
2721562,98,106
2723506,99,105
2723923,74,110
2724180,77,38
2724202,118,8
2724953,118,88
2726051,77,133
2727037,74,88
2731741,95,151
2732591,84,164
2733047,82,130
2734074,0,153
2736434,90,65
2737201,79,98
2737393,56,73
2737572,84,43
2740590,144,10
2740693,81,94
2742041,138,9
2745739,100,165
2745839,70,115
2745889,100,66
2751626,110,11
2751804,2,136
2752698,0,209
2753536,101,79
2755112,72,115
2759534,96,105
2760152,0,196
2764206,93,96
2764939,64,77
2765470,123,7
2773955,61,116
2777480,76,89
2779136,0,164
2784617,0,2
2786952,0,162
2790458,81,107
2791098,67,102
2791257,66,108
2791475,53,114
2796550,87,5
2796792,91,74
2799488,64,75
2803421,64,72
2803867,59,87
2807486,106,154
2809621,0,195
2809895,58,107
2817158,86,90
2818837,0,163
2821342,0,173
2824432,67,95
2825466,78,69
2827984,1,224
2828019,0,226
2828104,77,107
2829779,7,10
2830525,0,166
2836812,90,84
2839491,121,8
2839498,127,8
2839512,140,9
2840849,73,81
2841022,95,98
2841549,99,66
2842043,87,78
2844546,64,111
2847118,146,9
2847281,78,96
2847974,157,9
2855259,1,180
2855317,27,19
2857014,137,76
2858669,84,84
2865760,0,152
2865882,0,217
2867333,93,115
2867547,72,102
2868659,149,78
2869151,80,85
2869242,79,94
2870386,38,109
2871048,63,66
2878980,84,84
2880702,0,182
2881244,92,114
2881455,111,83
2881597,0,170
2882331,57,96
2884634,82,101
2886570,66,110
2888201,0,225
2888379,69,85
2889633,0,149
2891267,2,182
2891728,0,166
2893238,97,70
2894208,0,162
2894594,74,94
2894642,64,87
2894854,107,68
2897528,83,94
2897871,51,125
2899890,93,116
2900943,59,89
2906918,86,57
2910461,0,181
2911293,0,156
2912061,81,93
2912294,0,134
2917091,82,98
2922984,95,97
2923091,57,40
2923115,88,35
2923136,149,9
2923391,0,139
2925683,74,99
2925962,50,95
2926882,66,107
2927511,83,91
2927939,0,182
2939373,0,143
2939657,0,141
2939807,91,67
2940608,83,81
2943711,44,50
2943732,147,11
2944384,125,29
2944416,95,14
2944515,9,6
2944524,9,3
2944769,1,2
2944779,1,2
2944932,9,14
2945004,75,49
2945167,287,55
2945490,73,86
2946157,116,68
2948650,69,131
2948994,125,10
2953307,74,141
2954439,0,188
2955233,67,118
2957568,112,96
2958570,67,93
2959324,66,90
2959714,85,112
2960689,72,59
2961099,63,63
2961500,146,29
2961511,144,9
2961605,58,69
2968913,142,55
2970434,70,65
2971122,75,59
2973463,23,3
2974933,1,125
2975227,56,129
2976564,57,67
2976575,61,61
2976616,68,88
2976638,73,96
2976799,85,98
2977022,129,8
2977410,76,73
2983095,6,6
2983732,20,2
2984740,0,150
2985216,56,96
2987098,71,106
2987918,72,104
2988630,94,82
2992564,70,68
2993523,47,78
2994187,65,94
2999942,127,10
2999953,125,10
3000362,86,123
3001907,79,123
3003115,75,83
3005185,2,163
3006767,67,76
3006898,73,83
3007238,67,95
3009692,0,196
3010420,88,117
3013469,93,72
3015119,59,101
3015379,65,102
3017465,1,166
3025431,98,145
3025543,81,7
3027606,72,104
3027798,79,95
3028074,78,100
3028101,106,78
3029610,112,86
3029969,96,115
3030990,75,89
3031168,77,105
3031285,78,110
3035533,72,118
3037377,81,61
3040077,87,59
3041871,2,173
3045429,72,116
3053973,66,90
3054081,0,137
3054321,1,165
3054724,0,100
3055062,67,56
3056658,76,75
3065293,121,61
3069167,72,113
3069805,71,136
3073868,152,89
3074830,85,102
3076281,100,85
3077039,114,81
3078089,98,26
3078178,82,97
3078826,71,104
3078858,70,93
3079877,64,82
3080282,62,132
3080795,0,202
3085119,85,126
3086261,70,93
3086728,82,121
3086788,0,191
3088625,72,97
3089679,101,81
3095130,76,141
3097349,75,109
3099269,90,74
3101119,105,88
3103682,0,170
3104189,73,96
3105144,87,100
3105914,81,89
3108055,122,73
3108674,72,66
3112877,67,92
3113872,0,167
3114814,84,108
3118000,2,192
3118449,92,96
3118528,161,22
3118546,165,11
3119513,77,134
3119945,95,64
3123477,191,11
3129675,73,136
3131469,40,112
3131473,149,49
3132956,42,56
3132963,42,44
3132975,49,59
3133016,121,38
3133054,75,104
3133536,0,200
3135852,59,45
3135859,59,32
3135871,64,42
3135950,73,8
3135961,0,77
3137058,0,186
3137237,88,137
3137343,72,103
3137681,74,68
3138129,65,96
3141349,87,132
3144835,68,80
3148984,71,100
3154414,62,84
3158935,44,57
3161515,155,10
3162804,0,54,60
3164031,68,84
3165074,99,69
3169993,68,103
3170496,55,85
3173446,60,121
3174496,74,94
3174982,127,11
3175702,114,70
3177884,0,137
3178445,116,100
3180988,66,109
3186860,0,120
3188428,87,79
3188769,72,82
3189242,80,120
3189580,78,72
3190145,0,149
3190342,77,87
3190556,84,99
3191027,102,91
3194241,49,34
3194392,49,60
3194569,70,74
3195731,83,106
3197917,78,116
3200304,88,89
3202629,71,112
3207297,82,75
3211032,60,94
3214377,95,104
3214481,67,92
3214790,89,59
3217883,76,122
3219194,74,89
3226181,0,169
3228143,0,177
3229692,65,90
3229743,72,106
3231464,116,65
3232662,137,16
3232718,75,75
3232774,101,24
3232815,0,55
3233605,63,84
3236230,110,85
3241244,64,87
3243630,145,103
3244126,80,113
3244414,69,107
3247089,85,114
3247316,0,128
3247851,0,67
3247864,0,64
3247874,0,67
3247883,0,135
3248074,5,162
3248308,84,20
3248316,82,19
3254758,73,132
3254880,63,82
3256494,0,211
3257102,155,9
3258350,101,6
3260301,112,91
3266030,68,108
3267743,77,83
3269254,141,8
3269581,0,186
3270784,1,168
3271037,84,89
3273138,83,130
3274545,75,132
3276017,85,145
3280132,64,88
3285318,83,103
3291446,259,26
3293423,67,91
3293601,68,74
3295124,67,100
3295263,115,56
3295639,61,109
3296371,83,72
3296721,56,96
3296843,0,136
3298563,121,86
3299413,63,157
3301858,171,9
3301863,170,11
3301868,166,11
3302484,75,113
3302683,76,147
3306163,88,98
3306594,76,97
3308446,68,95
3308606,0,204
3311119,76,101
3312632,177,91
3312942,78,116
3314412,80,111
3323920,173,10
3323931,170,12
3326150,73,92
3326554,76,193
3328495,63,79
3331361,67,72
3335708,86,143
3336528,51,37
3336561,47,15
3336587,14,32
3336620,38,4
3336646,34,58
3336679,147,22
3336705,233,28
3336738,255,21
3336825,0,173
3338603,0,164
3339417,86,94
3351012,81,79
3351472,78,83
3352127,104,82
3352932,76,108
3354896,86,72
3356403,74,67
3358235,0,181
3359584,67,71
3363338,0,157
3365841,70,110
3366409,76,90
3367765,0,172
3369869,51,75
3371260,72,81
3375719,66,80
3376516,93,6
3377271,15,18
3377281,21,18
3377289,26,16
3377305,40,34
3377314,50,36
3377320,56,37
3377326,61,37
3377347,83,45
3377786,15,12
3378828,65,97
3379390,53,107
3379677,1,12
3379708,1,17
3379718,1,18
3379726,1,17
3379742,1,40
3379751,1,91
3379757,1,94
3379763,1,101
3379784,0,127
3380226,7,7
3380439,0,5
3385067,79,101
3388593,79,99
3389054,84,88
3393374,142,78
3393927,63,73
3398940,75,73
3400230,64,117
3401850,81,95
3401871,89,89
3402816,0,144
3404376,76,120
3406571,174,12
3406579,159,14
3406587,167,12
3406798,63,115
3407028,68,86
3407729,85,87
3408971,107,104
3414556,155,70
3415180,30,122
3415332,82,93
3417404,87,118
3418328,119,65
3420825,98,128
3422375,164,10
3422384,162,9
3422742,110,65
3423249,78,5
3424462,83,76
3425854,0,183
3426795,126,63
3427632,72,87
3428088,91,93
3428917,0,175
3429202,129,73
3430420,86,112
3431407,67,98
3440464,0,139
3440542,63,98
3442240,62,124
3442704,68,102
3443994,69,100
3447480,59,106
3448714,83,80
3450725,53,96
3453382,58,73
3454263,75,128
3455686,101,104
3456666,0,154
3460765,105,121
3460986,116,71
3461239,64,92
3462135,2,151
3464629,67,95
3465363,85,99
3466919,68,108
3467405,86,109
3467465,75,119
3473996,0,152
3474597,87,95
3475159,83,118
3475304,89,92
3478698,273,65
3478719,278,61
3479545,52,136
3479561,59,141
3480386,53,152
3480474,85,143
3480789,63,154
3481475,7,5
3483155,70,112
3484012,58,35
3486977,0,174
3493996,91,157
3494295,80,80
3494820,90,117
3497586,61,117
3498418,66,131
3498967,129,58
3501225,56,3
3501723,77,8
3503231,102,86
3503895,0,153
3504418,76,78
3504930,94,69
3505005,75,75
3509091,77,85
3510120,77,83
3510935,66,73
3514512,94,67
3518167,0,167
3518555,0,165
3521044,53,74
3526986,82,90
3528064,145,8
3528072,144,11
3528084,134,13
3528099,140,22
3528117,158,30
3528129,158,39
3528140,154,49
3528158,142,59
3528165,139,61
3528189,150,54
3528198,158,53
3528971,135,77
3529067,55,245
3530023,83,102
3530145,73,96
3530955,84,80
3533759,93,107
3536008,77,93
3537829,140,14
3539139,62,82
3545438,91,50
3548641,110,81
3552584,0,2
3555699,90,71
3556275,0,191
3556606,83,125
3557634,83,73
3558777,105,12
3560156,118,9
3560645,74,117
3561155,122,85
3561229,85,124
3566923,92,44
3566943,147,21
3567606,97,77
3568488,59,98
3571834,69,96
3573636,81,93
3576656,75,72
3577958,68,121
3579118,74,116
3580636,0,168
3581414,0,190
3581794,70,104
3586146,144,9
3586152,149,10
3586158,149,9
3590659,87,5
3590686,0,65
3590689,71,4
3591063,0,191
3594124,114,63
3595483,83,39
3597682,76,110
3598321,63,99
3598382,77,92
3604821,0,140
3610391,85,93
3610441,104,81
3610586,67,90
3610668,64,76
3611192,94,122
3612009,87,83
3614982,0,180
3617544,120,7
3619806,112,84
3619854,89,130
3620552,71,82
3621423,92,151
3622441,0,163
3624486,69,102
3625065,0,188
3628694,76,117
3629612,75,113
3638093,67,107
3638242,142,9
3638247,145,9
3640557,102,109
3643582,68,83
3647041,92,93
3647591,79,128
3653324,69,89
3656657,168,12
3658266,59,86
3661802,83,98
3670040,65,108
3670118,70,109
3671532,88,109
3671843,59,128
3672105,79,146
3675767,74,116
3676977,80,58
3677719,61,75
3678091,96,123
3679949,79,83
3680760,147,14
3681548,86,100
3683237,70,88
3683715,84,92
3687372,79,107
3688969,107,59
3689523,0,189
3690016,69,69
3693681,67,81
3696181,79,91
3697708,76,116
3704261,84,108
3704596,0,205
3705806,108,74
3707609,61,4
3711910,8,9
3712372,0,2
3714211,0,171
3714757,0,164
3717192,46,91
3718357,0,178
3720792,69,99
3721806,0,189
3723901,67,82
3730327,89,72
3730411,122,38
3730466,24,51
3730582,95,5
3730741,8,59
3730978,299,37
3732113,185,57
3732118,174,64
3732310,56,218
3732344,78,328
3732469,76,64
3732706,121,10
3733684,80,125
3734121,85,107
3735709,214,31
3735899,79,84
3735925,67,16
3735931,66,11
3735967,0,80
3736179,68,41
3736628,0,162
3737466,30,26
3738416,32,67
3738465,103,8
3738512,1,14
3738540,67,4
3738567,45,50
3738584,69,4
3738675,50,6
3738683,52,31
3738986,71,48
3739358,126,11
3739472,60,40
3739913,102,92
3740168,75,55
3740765,57,3
3741281,63,16
3741963,62,28
3742991,1,157
3743517,3,93
3743549,0,103
3744790,122,8
3745358,0,108
3745483,0,121
3745816,0,93
3746409,0,82
3746578,110,30
3746590,102,49
3746660,7,153
3746702,0,125
3746845,0,126
3746854,1,123
3746869,0,76
3746917,74,64
3746972,122,46
3746986,116,28
3748572,140,14
3748612,118,30
3748627,121,29
3748636,126,28
3748678,114,25
3748687,111,7
3750177,0,118
3750185,0,114
3750193,0,122
3750205,0,147
3750407,5,224
3750417,5,198
3750584,222,139
3750805,98,87
3750853,119,86
3750860,120,94
3751022,112,85
3751031,117,81
3751037,114,73
3751046,108,61
3751052,105,56
3751061,80,37
3751097,69,6
3751112,68,6
3751127,74,6
3751166,93,57
3751198,109,65
3752207,0,102
3752975,0,65
3752984,51,4
3752997,40,3
3753116,4,59
3753164,4,107
3753410,0,23
3756478,83,5
3757026,0,39
3757047,0,35
3757052,0,31
3757058,0,37
3757080,62,4
3757151,0,6
3757251,0,5
3757262,0,18
3757323,0,26
3757349,33,7
3757365,0,30
3757371,0,27
3757378,0,29
3757395,0,52
3757413,2,64
3760422,159,9
3763539,0,80
3765678,0,127
3766240,2,100
3770325,74,81
3771132,119,84
3771628,60,76
3772616,74,115
3774506,98,142
3775263,125,10
3776706,117,72
3779671,10,53
3779700,123,7
3779899,41,50
3780188,121,8
3780199,90,12
3780209,93,7
3781220,77,84
3785946,49,100
3786033,81,98
3788365,43,112
3791770,78,158
3793634,89,149
3794867,88,143
3794884,164,93
3796409,0,2
3798095,0,229
3798126,137,78
3802368,47,17
3802392,47,3
3802722,50,3
3802763,60,4
3802811,59,4
3803028,0,17,18
3803283,93,6
3803686,131,7
3805330,60,132
3808103,96,101
3810888,52,69
3811629,70,119
3815477,97,95
3816540,71,93
3817117,3,161
3820407,98,48
3820444,174,26
3820501,148,26
3820545,108,65
3823159,2,154
3825560,102,67
3826684,0,222
3829152,71,49
3829770,0,167
3830566,69,101
3830695,67,74
3838871,0,165
3841652,240,19
3841662,245,24
3842394,0,2
3842425,3,10
3842445,10,5
3842452,10,49
3842461,51,9
3842537,0,2
3842555,0,5
3842566,0,9
3842620,39,107
3842625,43,112
3842669,122,7
3842959,154,26
3842971,150,28
3842978,151,28
3842983,153,26
3842992,157,32
3843001,165,52
3843024,153,50
3843032,152,52
3843242,164,12
3843249,157,12
3843354,151,70
3843361,148,70
3843407,0,131
3843418,140,8
3843423,139,8
3843441,137,8
3843520,124,66
3843531,129,70
3843536,124,70
3843555,109,45
3843572,124,43
3843579,129,43
3843678,132,49
3843696,152,65
3843704,152,72
3843714,154,79
3843749,149,57
3843760,140,69
3844756,0,126
3844992,0,104
3845328,0,140
3845695,0,139
3846580,258,43
3846591,285,56
3846605,204,113
3846622,195,111
3846687,162,85
3846704,145,66
3846716,131,9
3846727,128,10
3846741,140,12
3846764,150,63
3846773,131,51
3846840,9,11
3846851,8,11
3846866,8,13
3846881,4,13
3846897,3,13
3847010,16,2
3847022,19,2
3847039,23,3
3847052,27,3
3847073,35,3
3847087,48,3
3847099,55,3
3847351,64,261
3847364,257,63
3847378,253,69
3847507,167,62
3847546,186,36
3847551,171,33
3847562,85,98
3847578,86,83
3851084,58,57
3851887,52,32
3854899,59,80
3858400,63,89
3859376,107,66
3859893,0,166
3861125,98,67
3861914,83,82
3862181,61,111
3862472,0,137
3863530,98,111
3864041,69,104
3864995,0,153
3868738,98,84
3869557,103,98
3871093,63,87
3871246,62,75
3871333,80,70
3873392,89,75
3874191,105,78
3874722,72,128
3876953,77,64
3877421,0,181
3877554,79,85
3878599,94,5
3878609,84,8
3881187,131,68
3883467,56,108
3883626,63,42
3883683,33,10
3883707,22,5,2
3883796,5,3
3884748,0,2
3884787,2,5
3884871,44,34
3884906,58,69
3885886,1,157
3892133,0,2
3892671,0,164
3893480,71,107
3894967,40,53
3895244,82,18
3895257,86,17
3895269,85,14
3895281,80,6
3895304,68,6
3895727,85,87
3896340,0,176
3898408,0,182
3898869,84,94
3899654,107,110
3909235,76,90
3913737,81,135
3917852,76,102
3919764,99,83
3920109,74,130
3921094,90,84
3922836,81,118
3927381,89,8
3928196,69,5
3928257,49,8
3928281,20,5
3928784,47,22
3928892,63,49
3929084,133,46
3929680,67,58
3929996,63,73
3930174,85,17
3930213,102,6
3930432,116,14
3930449,103,12
3930453,95,12
3930466,49,22
3930476,18,23,52
3930651,76,8
3930679,118,27
3930807,83,116
3931556,34,2
3931730,8,6
3932146,73,89
3932525,133,22
3932549,132,22
3932559,134,25
3932564,136,25
3932579,121,22
3932600,116,8
3932771,89,11
3932919,79,6
3933458,25,11
3933482,13,20
3933493,36,2
3933537,5,7
3934542,0,58
3934699,3,149
3934733,63,171
3934878,52,11
3934888,62,6
3935494,0,2
3935771,2,3
3936696,74,77
3940802,0,96
3940947,78,69
3941497,10,27
3941515,14,30
3941532,46,11
3941534,59,4
3941723,0,11
3941828,29,42
3941878,121,47
3941935,103,38
3941940,80,32
3942239,69,63
3942377,54,68
3942481,1,120
3942640,3,134
3943019,2,142
3943144,38,32
3943153,44,27
3943351,51,3
3943398,48,3
3943479,60,4
3943680,1,86
3943858,137,11
3943885,157,11
3944807,66,82
3946519,12,6
3946879,0,4
3947125,12,27
3947386,84,4,13,10
3947557,46,4
3947995,1,2
3948008,1,2
3948013,1,2
3948362,0,2
3948404,0,3
3948414,0,4
3948562,29,2
3948576,31,2
3948612,44,11
3948711,42,20
3948924,5,5
3948933,5,5
3948937,2,5
3948942,12,2
3949000,25,49
3949453,33,2
3949587,50,34
3949749,2,2
3949806,1,2
3949897,29,2
3952800,1,128
3956434,64,77
3957406,82,97
3958007,66,109
3958403,0,199
3959418,0,138
3964463,132,73
3968771,67,101
3970112,66,98
3970764,80,91
3974142,57,68
3974868,88,100
3976276,92,75
3977226,127,77
3978684,83,88
3979151,73,118
3982925,128,38
3983271,107,88
3984321,74,148
3984926,77,113
3989107,56,115
3989914,87,80
3994898,79,105
3996417,181,10
3998059,70,60
3998895,66,97
4003645,81,85
4004878,97,87
4005114,65,77
4005607,0,185
4008747,71,95
4012219,75,119
4013076,75,66
4013388,84,85
4014376,80,83
4014431,66,79
4015856,84,89
4019103,82,141
4020169,75,97
4020702,88,82
4022652,87,94
4024079,80,98
4024273,0,172
4024368,74,99
4026800,82,94
4026899,0,174
4028752,78,80
4032454,70,7
4032463,60,6
4032732,59,48
4033049,69,61
4034827,1,164
4036411,92,75
4037187,63,9
4037283,0,150
4038287,98,71
4040517,75,99
4040951,87,5
4042761,103,63
4043365,126,86
4045670,58,102
4049254,65,101
4053161,2,2
4054637,80,105
4055801,0,191
4056416,83,104
4057081,71,107
4058711,98,137
4059904,0,172
4060100,10,13
4060201,4,6
4060210,4,6
4060230,5,4
4061113,89,100
4067152,85,96
4069292,0,210
4069797,74,105
4073186,85,122
4075957,89,65
4076639,70,80
4077177,56,90
4078863,81,85
4081987,79,72
4081996,75,66
4083324,138,8
4083327,126,9
4083335,115,11
4083360,54,78
4085200,104,95
4086468,101,67
4088287,137,8
4088346,67,70
4089058,78,86
4093719,70,71
4093879,64,78
4094535,75,95
4095001,0,127
4095295,79,120
4096190,96,116
4100835,111,83
4100975,0,190
4101018,87,97
4105757,82,131
4106154,74,96
4107074,85,120
4107264,87,91
4109354,102,99
4111303,0,171
4112429,75,99
4113833,74,104
4115001,61,78
4115029,69,90
4116682,62,109
4116758,94,107
4117161,97,95
4118601,92,74
4118620,80,94
4119246,59,79
4120926,167,47
4120983,48,258
4123325,68,108
4123529,145,12
4125549,119,86
4126087,70,95
4126530,73,106
4126557,83,131
4130711,72,99
4133907,93,119
4135112,103,58
4137190,94,105
4138377,84,83
4142689,67,86
4145737,89,95
4146330,95,89
4147274,181,17
4150036,69,85
4151855,70,123
4155055,68,106
4155266,98,89
4155903,77,79
4156099,0,148
4156239,71,100
4156503,73,84
4158361,70,109
4159195,89,95
4160533,87,73
4162339,1,220
4163558,76,123
4163944,87,68
4163954,73,72
4169666,83,111
4169719,73,103
4170964,70,99
4171454,117,112
4174564,93,71
4176931,118,91
4179089,74,113
4182695,0,203
4187063,85,107
4187485,0,147
4187523,81,84
4187817,0,169
4189721,68,89
4190285,79,108
4190532,84,109
4190596,77,99
4194000,131,9
4195938,83,96
4197138,2,115
4197189,74,74
4198611,0,154
4198899,80,79
4200220,78,110
4201105,93,100
4202383,79,101
4204441,0,218
4205120,61,102
4210274,0,189
4210876,59,101
4215484,56,102
4216255,95,97
4217557,71,127
4218350,126,71
4220174,84,70
4221490,1,166
4221746,79,92
4222073,0,158
4222882,0,139
4223172,85,74
4231150,80,110
4231530,65,92
4232327,85,94
4233299,113,74
4236844,77,105
4237383,64,83
4237958,158,10
4237963,152,11
4237971,155,11
4239763,102,81
4240671,83,65
4241042,66,120
4242643,2,176
4243580,76,75
4244420,74,97
4245969,80,104
4246544,124,10
4246563,147,8
4247055,120,10
4247429,98,56
4247578,76,89
4247646,74,84
4250966,106,89
4251297,78,107
4254265,35,13
4254290,18,41
4254330,60,33
4254345,62,33
4255922,0,174
4257220,0,169
4259021,165,9
4261499,85,105
4263279,71,98
4263367,92,60
4264218,105,66
4264560,77,89
4269387,74,117
4269606,72,111
4269864,85,90
4275935,73,104
4276306,84,101
4277032,69,88
4280441,69,92
4280684,167,9
4281143,76,113
4281272,91,81
4287164,86,115
4287361,74,103
4288405,127,86
4289055,75,124
4289953,68,120
4290564,92,137
4290827,67,110
4293072,144,84
4293107,82,142
4296015,87,127
4296381,86,87
4301972,64,67
4302036,0,128
4303407,79,102
4306155,0,145
4306339,76,109
4307021,81,109
4307179,0,168
4307344,92,118
4310743,75,120
4311871,74,51
4313128,88,113
4314645,77,115
4314843,68,99
4315384,118,75
4316566,58,117
4318420,37,34
4319652,80,71
4320050,96,80
4323006,93,112
4323354,80,117
4329782,104,97
4334425,92,95
4336090,115,52
4336597,87,116
4336774,79,119
4337574,69,79
4338361,72,80
4338595,0,164
4338603,65,107
4338732,0,150
4339684,83,85
4340330,121,82
4340998,115,7
4341396,94,58
4341402,175,13
4344058,77,102
4345682,78,105
4346265,174,11
4348418,83,124
4351039,1,134
4351759,68,76
4353201,40,20
4353360,118,11
4353866,118,18
4353871,113,13
4354013,59,75
4354404,70,71
4354462,69,82
4354895,108,80
4356110,1,162
4357597,76,95
4357773,92,107
4357946,89,80
4359135,147,41
4359147,213,17
4359165,0,34,47
4360119,82,80
4361059,142,18
4361141,74,115
4363243,59,86
4363484,46,62
4366195,78,94
4366272,3,190
4367090,66,134
4367649,66,90
4369499,60,88
4371253,147,17
4372353,79,100
4372661,104,93
4373475,87,73
4373496,98,80
4374228,69,87
4375318,59,74
4375628,0,153
4377033,68,107
4377447,95,65
4377609,97,78
4377654,80,95
4378760,189,14
4379680,0,183
4382054,0,152
4382275,0,155
4383094,115,58
4383144,0,140
4383372,167,12
4383442,72,60
4383632,95,74
4383655,70,99
4384007,71,97
4385031,67,79
4385187,64,60
4385897,201,66
4385916,233,92
4385933,208,107
4385946,211,122
4386228,61,186
4386288,178,59
4386562,199,30
4386569,202,32
4386580,217,42
4386587,210,42
4386599,204,63
4386604,204,68
4386629,169,68
4386702,218,123
4386768,221,103
4386774,216,92
4390106,76,35
4390380,53,79
4390879,114,59
4391553,97,89
4393178,78,104
4394210,100,74
4395387,52,66
4395964,88,67
4398732,81,109
4399137,54,83
4400660,0,106
4401400,62,64
4403900,156,113
4407588,82,106
4407873,64,94
4408156,104,71
4408920,68,65
4410386,98,137
4411016,68,114
