1849	C	A	0/1	8,39
1977	A	G	1/1	0,38
2532	T	C	0/1	57,12
4013	T	C	1/1	0,56
6112	G	C	0/1	42,17
6124	C	T	0/1	38,17
7362	G	C	1/1	0,77
7585	G	C	1/1	0,94
8452	C	T	0/1	71,16
9143	T	C	0/1	63,12
9304	G	A	1/1	0,89
10375	A	G	0/1	90,11
11820	C	G	0/1	18,75
11879	A	G	1/1	0,93
12234	C	G	0/1	92,12
13298	G	C	0/1	57,18
13460	A	G	0/1	58,12
14401	A	G	0/1	100,19
14658	G	A	0/1	14,94
14785	T	C	1/1	0,79
14861	G	T	0/1	10,70
15117	C	G	1/1	0,83
16119	C	A	0/1	15,44
17654	T	G	0|1	11,92
17657	T	C	0|1	10,91
18142	C	T	0/1	81,16
20312	T	G	0/1	58,18
20544	G	C	0/1	64,16
21795	G	A	1/1	0,109
21819	A	C	0/1	92,15
22961	T	G	0/1	93,16
23174	C	A	0/1	81,16
24698	GCCGCGTTGCTCGGGGTAA	G	1/1	1,84
25610	G	C	0/1	10,85
26347	C	G	0/1	75,14
26959	C	G	1/1	0,108
27469	A	G	0/1	76,12
27495	CG	C	0/1	73,13
27996	T	C	0/1	95,18
28366	AT	A	0/1	20,116
29113	A	ATGTGG	0|1	87,13
29115	C	CGTCGACAACAATG	0|1	88,13
30980	C	CCGAT	0/1	77,23
34044	T	C	1/1	0,63
35608	C	T	0/1	14,73
36008	G	C	0/1	21,114
36538	T	C	0/1	72,12
36587	ACCCCGCAAGGAG	A	0/1	19,67
37031	C	G	1/1	0,97
37305	C	G	0/1	12,61
37334	A	T	0/1	9,67
39158	C	G	0/1	11,106
39758	A	G	0/1	79,16
42281	C	A	1/1	0,134
42967	G	C	1/1	0,98
43945	A	G	0/1	71,11
44768	A	G	0/1	14,71
46988	C	T	0/1	49,18
48503	T	C	0/1	22,91
49036	C	T	0/1	84,15
49360	C	T	0/1	17,92
49690	GCC	G	0/1	18,86
50557	T	C	1/1	0,65
51949	A	G	1/1	0,74
54394	A	G	1/1	0,72
55418	A	G	0/1	77,8
55546	G	GCCT	1|1	0,70
55553	C	CCGCCGT	1|1	0,71
62049	A	G	1/1	0,86
63146	G	T	0/1	14,55
64028	C	T	0/1	31,14
65150	C	T	0/1	9,66
65159	G	A	0/1	65,9
65663	C	G	0/1	88,13
66892	C	G	0/1	104,21
68174	T	C	0/1	68,17
68337	T	TC	0/1	18,87
69989	G	A	1/1	0,72
70267	G	T	1/1	0,85
70816	A	G	1/1	0,63
71336	G	C	1/1	0,45
71584	C	CCGAGCGCTGTTCTGGCGCTAATCTGACGCTAGAATAG	1/1	0,70
74737	T	G	0/1	72,8
75233	C	A	0/1	15,63
75940	G	C	1/1	0,96
79281	C	CCCACAT	0/1	72,15
79479	T	C	0/1	52,15
79480	T	C	0/1	15,51
79504	T	TCGGTGGACCCGGTGGACC	1/1	0,26
81558	T	G	1/1	0,13
82843	TC	T	1/1	0,12
84528	T	G	0/1	84,11
87468	C	T	0/1	15,63
89200	G	T	0/1	77,13
89452	G	T	0/1	73,15
89498	GC	G	0/1	70,14
89871	C	T	0/1	87,13
92199	T	G	1/1	0,120
92937	G	C	0/1	124,17
94388	G	A	0/1	20,80
95487	C	T	0/1	94,20
96894	C	T	0/1	18,80
97350	A	C	0/1	16,51
97696	T	C	0/1	62,11
97952	C	T	0/1	66,14
98966	G	C	0/1	68,20
99162	TCGGTGTGCG	T	0/1	14,79
101539	C	T	0/1	12,103
103600	A	G	0/1	86,14
107632	G	T	0/1	9,51
108184	C	T	0/1	44,11
108904	C	T	0/1	61,13
115499	T	G	0/1	66,13
116000	T	G	1/1	0,103
117295	G	A	0/1	73,14
122109	A	G	1/1	0,86
123454	C	T	0/1	18,73
123520	T	C	1/1	0,96
123623	C	A	0/1	78,16
123740	TG	T	0/1	92,13
125830	G	GA	1/1	0,88
126803	A	G	0/1	110,18
127606	C	G	0/1	91,15
131174	T	TG	1/1	0,68
131313	C	G	0/1	14,68
133839	C	T	1/1	0,92
135329	C	T	0/1	19,93
137233	C	T	0/1	32,6
139297	G	T	0/1	11,72
139556	A	AC	0/1	68,14
139756	T	C	0/1	67,13
139954	A	C	0/1	88,12
141623	G	A	0/1	17,85
143207	T	C	1/1	0,139
144564	C	T	0/1	99,22
146087	T	C	1/1	0,97
146236	C	G	0/1	17,79
146872	C	T	0/1	71,9
147262	G	T	0/1	17,93
154283	T	C	1/1	0,101
156304	G	A	0/1	61,16
160976	C	G	0/1	122,16
162151	GT	G	0/1	18,73
162226	G	A	0/1	77,20
163668	C	T	0/1	63,21
163705	C	T	0|1	18,71
163706	C	T	0|1	18,73
166565	A	G	0/1	17,74
168787	C	T	0/1	94,13
170755	G	T	0/1	69,21
172966	G	A	0/1	93,22
177150	G	C	0/1	69,19
182824	G	A	0/1	16,89
183091	C	G	0/1	17,86
190816	A	C	0/1	19,85
194305	C	CGG	1/1	0,100
194681	G	C	1/1	0,88
195360	T	C	0/1	53,14
195682	C	G	0/1	14,61
196642	C	T	1/1	0,60
196874	C	T	0/1	55,12
197268	G	A	0/1	90,18
199470	T	G	1/1	0,88
199857	G	A	0|1	49,15
199859	C	A	0|1	52,15
203038	T	C	0/1	14,76
204094	G	T	0/1	12,65
206339	T	C	1/1	0,67
206481	C	G	1|1	0,73
206484	G	T	1|1	0,74
208316	AT	A	0|1	49,16
208321	G	GC	0|1	49,16
208322	T	G	0|1	49,16
208590	A	C	0/1	18,70
208692	G	A	0/1	69,13
211993	C	A	0/1	97,19
213147	C	A	0/1	12,85
213281	C	T	0/1	14,80
214956	T	G	0/1	88,19
215238	C	T	0/1	89,20
215977	C	T	0/1	24,76
217201	T	C	1/1	0,90
219722	G	T	0/1	86,19
222783	G	T	0/1	109,16
222925	G	A	0/1	11,116
223942	T	C	1/1	0,103
225039	G	A	0/1	62,23
225323	T	C	1/1	0,48
225668	C	T	0/1	59,16
226676	G	A	0/1	41,14
227098	T	C	1/1	0,84
227741	G	A	0/1	87,19
230170	C	T	0/1	14,80
230576	G	GT	1/1	0,73
231114	C	G	1/1	0,66
233358	A	C	0|1	91,15
233364	G	C	0|1	97,15
234268	G	T	0/1	72,21
234477	T	G	1/1	0,105
234496	C	CGT	1/1	0,103
241073	G	A	0/1	78,25
243598	A	G	0/1	86,12
244550	A	G	0/1	91,19
247972	G	A	0/1	62,11
249522	T	C	1/1	0,141
251575	G	A	1/1	0,114
251669	T	C	0/1	70,11
254903	C	A	0/1	47,20
255932	C	T	0/1	15,60
257788	G	GAGGATCATCAAGGGTGCGTCGCGGAAGTA	0/1	52,10
260282	G	T	0/1	93,21
261869	T	C	1/1	0,77
262268	A	T	0/1	9,56
263149	A	C	0/1	79,15
264129	G	A	0/1	12,60
264298	C	A	0/1	65,12
264984	C	G	0/1	82,14
265170	CG	C	0/1	64,10
265554	A	C	1/1	0,72
267751	G	C	0/1	13,90
270430	G	C	0/1	13,97
272678	C	T	0/1	100,19
278021	T	C	0/1	11,55
278681	C	G	1/1	0,101
281208	C	T	0/1	84,13
282892	C	T	0/1	11,84
283610	G	A	1/1	5,96
283614	T	C	1/1	0,102
285751	C	T	0/1	13,104
285772	A	C	1/1	0,116
285871	A	G	1/1	0,99
288260	C	T	0/1	14,73
290374	T	C	0/1	72,10
293628	A	AC	1/1	0,84
295731	T	C	0/1	17,62
296312	C	T	0/1	17,65
304923	A	G	1/1	0,84
305188	G	T	0/1	12,86
305363	C	T	0/1	73,19
310973	G	A	1/1	0,84
311613	G	T	1/1	0,100
311889	C	T	0/1	16,64
320180	A	G	0/1	103,17
325505	T	C	1/1	0,66
326002	A	G	0/1	79,14
331588	G	A	0/1	66,18
333212	G	C	0/1	72,11
333292	A	G	0/1	81,11
336322	CAA	C	0|1	12,26
336325	T	G	0|1	12,26
336327	C	CGG	0|1	12,26
336332	G	C	0|1	12,27
336344	A	G	0|1	15,31
336345	T	C	0|1	15,31
336353	C	T	0|1	14,32
336356	GGAA	G	0|1	15,32
336360	C	CCTCCCCG	0|1	15,32
336369	C	T	0|1	16,37
336370	A	G	0|1	16,37
336380	A	T	0|1	17,54
336400	C	G	0|1	19,54
336403	C	G	0|1	19,54
336405	A	G	0|1	19,53
336422	TTG	T	0|1	18,52
336428	A	G	0|1	16,39
336431	C	T	0|1	15,41
336439	A	G	0|1	15,41
336441	C	T	0|1	15,41
336442	G	A	0|1	15,41
336449	T	C	0|1	15,43
336451	T	G	0|1	15,43
336452	A	G	0|1	14,43
336459	G	A	0|1	14,43
336468	G	GCGTCC	0|1	13,39
336472	C	CAG	0|1	13,38
336473	T	G	0|1	13,38
336476	A	AGTCG	0|1	13,38
336480	A	G	0|1	13,36
336504	G	T	0|1	9,60
336535	T	G	0|1	11,55
336537	T	G	0|1	11,56
336540	G	T	0|1	10,56
336546	T	G	0|1	7,56
336557	C	CT	0|1	8,54
336560	T	C	0|1	8,50
342146	A	C	1/1	0,96
343281	G	C	0/1	94,17
344288	C	G	0/1	75,14
346275	C	G	1/1	0,110
346600	C	A	0/1	101,14
353309	G	A	0/1	23,94
353365	G	A	0/1	15,101
356528	A	G	1/1	0,117
357582	G	A	0/1	107,25
358926	A	C	0/1	71,11
363464	G	A	0/1	17,80
364854	C	G	0/1	20,87
376774	T	C	1/1	0,84
377014	C	T	0/1	15,59
378357	T	G	0/1	53,15
378939	G	C	0/1	65,7
379528	G	T	0/1	13,80
380772	G	A	0/1	84,21
383716	C	T	1/1	4,96
384380	A	C	1/1	0,98
386432	C	G	1/1	0,116
388389	C	A	0/1	55,19
390828	T	C	1/1	0,87
391853	A	G	1/1	0,104
392261	T	C	1/1	0,84
393941	C	T	0/1	71,13
396199	T	C	0/1	13,67
396374	C	T	0/1	80,13
396750	G	A	0/1	74,17
403980	G	A	1/1	0,115
404075	A	G	0/1	29,80
404326	T	C	1/1	0,95
406274	T	C	0/1	91,17
406389	G	A	0/1	104,22
406992	G	T	0/1	116,25
412280	T	G	0/1	60,7
414486	C	T	1/1	0,100
415061	G	A	0/1	97,15
420008	A	G	1/1	0,90
420405	C	T	0/1	59,11
422288	G	T	0/1	70,15
422304	C	T	0/1	67,18
423334	G	A	0/1	84,12
424141	G	GAGCGAACGGCGC	0|1	85,56
424145	T	TGGCACCAGCCGGTG	0|1	89,28
424250	A	G	0/1	81,8
438271	G	A	0/1	73,17
439711	T	C	0/1	57,10
441823	C	T	0/1	19,50
445668	C	T	0/1	101,19
445780	C	T	1/1	0,128
447442	C	T	0/1	99,21
447525	G	C	0/1	80,17
452288	C	T	0/1	70,28
454295	T	C	1/1	0,137
454333	T	G	0/1	22,120
455325	C	G	0|1	101,22
455329	T	C	0|1	103,22
456511	G	A	0/1	102,16
456594	T	C	1/1	12,111
457452	T	G	1/1	0,109
459399	A	C	1/1	0,102
460413	C	T	0/1	22,88
465300	C	T	0/1	21,83
465697	G	C	0/1	86,15
468357	A	G	0/1	98,10
469042	C	T	0/1	53,13
471666	A	G	0/1	65,15
472711	TTTGTGGGCC	T	0/1	17,63
477234	T	G	1/1	12,115
481705	A	G	0/1	49,15
483935	T	G	1/1	0,46
484005	G	T	0/1	12,41
484221	C	G	0/1	41,10
484596	C	T	0/1	7,28
485230	C	T	0/1	34,7
485785	T	G	0/1	29,15
485810	CA	C	0/1	12,27
489935	G	C	1/1	0,71
491742	T	C	1/1	0,80
492150	G	C	1/1	0,98
492241	C	G	0/1	84,15
492655	G	A	0/1	76,14
495473	C	T	0/1	66,19
497491	G	A	0/1	8,77
498010	T	C	0/1	108,17
498531	A	G	1/1	0,98
498557	C	A	1/1	0,99
499196	C	T	0/1	84,14
502589	C	G	1/1	0,93
503354	G	C	1/1	0,105
503647	G	A	0/1	75,19
505974	G	A	1/1	0,96
507028	GC	G	0/1	14,73
513257	T	C	1/1	0,99
514657	T	G	0/1	110,10
517358	T	C	1/1	0,97
517411	A	G	0/1	85,9
518987	C	T	0/1	20,75
519185	T	G	0/1	89,16
522081	A	G	0/1	70,14
524891	C	A	1/1	1,94
527316	C	G	0/1	107,17
528354	C	A	0/1	77,15
532502	GCTACCGCCCGACCCCCAGCGCCAACAGCATTGCGTGGCTGCTCT	G	0/1	105,19
533547	C	G	0/1	15,76
540081	G	A	0/1	37,11
541201	A	G	1/1	0,50
542014	C	G	0/1	11,45
542514	C	G	0/1	18,95
546357	A	G	1/1	0,91
549251	C	T	0/1	66,14
549363	C	G	0/1	20,79
549731	GT	G	0|1	84,11
549733	ACC	A	0|1	85,11
551525	A	C	1/1	0,71
555366	C	T	0/1	17,73
555945	T	C	0/1	82,20
555991	A	G	1/1	0,94
556035	G	T	0/1	75,15
556185	T	G	0/1	79,18
559350	G	A	0/1	75,11
560664	C	T	0|1	41,10
560666	A	G	0|1	44,10
561776	C	T	0|1	16,73
561777	C	T	0|1	16,71
564723	C	T	0/1	78,16
565404	G	T	0/1	50,15
565415	C	T	0/1	49,17
565655	A	G	1/1	0,69
567446	G	A	0/1	88,16
568693	G	T	0/1	98,18
572591	C	T	0/1	17,75
573262	A	G	1/1	0,87
573811	T	C	0/1	14,72
575907	C	T	0/1	18,102
583171	A	C	0/1	17,89
584171	T	C	1/1	0,121
590436	T	C	1/1	0,100
590763	G	C	0/1	63,9
591965	G	A	0/1	82,19
595501	G	A	0/1	99,18
597816	A	G	1/1	0,77
598475	G	A	1/1	0,61
599868	A	G	1/1	0,65
605150	G	A	0/1	12,79
610120	T	G	1/1	0,101
611048	T	G	0/1	18,73
613623	G	A	0/1	66,14
620625	A	G	0/1	15,72
621598	C	T	0/1	22,96
627350	C	G	0/1	85,13
627485	G	A	0/1	14,99
628864	T	C	0/1	18,81
637319	G	A	1/1	0,99
640954	A	G	0/1	20,86
645373	C	G	0/1	90,12
646531	A	T	0/1	94,17
648002	T	G	1/1	0,87
648856	T	C	1/1	0,79
649345	C	T	0/1	68,15
653287	G	A	0/1	68,16
655707	G	A	0/1	93,21
655986	T	G	1/1	0,90
657081	C	T	0/1	16,49
657142	C	T	0/1	15,53
657578	A	G	0/1	62,17
659341	T	C	1/1	0,77
662201	G	A	0/1	18,94
662911	T	C	1/1	1,114
665293	A	G	1/1	1,69
668242	C	T	0/1	81,15
669033	T	A	1/1	5,85
669398	T	C	1/1	0,104
670545	G	A	1/1	0,110
678440	C	T	0/1	66,19
683829	C	T	0/1	10,90
683910	C	T	0/1	75,10
684290	A	G	0/1	66,21
685153	A	G	0/1	77,17
685461	C	G	1/1	0,96
685608	T	C	1/1	0,112
685955	G	A	0/1	97,18
686264	G	A	0/1	11,83
686972	T	C	1/1	0,11
688792	T	TG	1/1	0,91
690248	C	A	0/1	91,13
690450	A	C	1/1	0,124
690465	T	G	1/1	0,121
694531	A	G	0/1	19,57
696879	C	T	0/1	90,14
696917	G	T	0/1	11,86
698968	G	A	1/1	0,98
699693	G	A	0/1	80,19
699840	A	C	0/1	17,94
700776	T	C	0/1	91,20
704997	G	A	0/1	100,15
705570	C	T	0/1	93,21
705602	T	C	0/1	98,19
707334	T	C	1/1	5,92
711155	G	A	0/1	82,21
712192	G	GA	0/1	89,9
712693	A	G	1/1	0,89
713310	T	C	1/1	0,103
715266	A	G	0/1	90,13
717588	A	G	0/1	113,11
720863	G	T	0/1	103,16
721373	T	G	0/1	11,95
725190	G	A	1/1	9,124
726498	C	A	0/1	112,17
730087	G	A	0/1	61,9
734116	T	C	0/1	71,13
734555	A	G	0/1	66,19
738522	T	G	0/1	17,52
742634	C	CTCGGTTGGCCCGCTGCTGGGCCGGAGGCGTTCCTTTATCGCAACGATTGGTCGCCGTAAGGTGCGGTCATGCGGGTGGTTTCGGCGGAATCGACCGAGCTTTTCGTCGGCCCGTCG	1/1	0,45
744701	C	G	0/1	98,13
745876	C	G	0/1	71,9
749968	T	C	0/1	62,22
752046	C	T	0/1	54,16
753668	C	T	0/1	74,19
754186	A	G	1/1	0,101
754387	G	A	0/1	101,18
757139	C	A	0/1	9,58
757182	A	G	1/1	0,67
761155	C	T	1/1	0,84
763031	T	C	1/1	0,92
763884	C	T	0|1	103,18
763886	C	A	0|1	106,17
764841	T	C	0/1	16,78
765171	C	T	0/1	79,15
765358	G	A	0/1	64,13
766645	A	C	0/1	11,73
767414	G	A	1/1	0,113
767516	G	T	0/1	86,21
767609	A	G	0/1	72,17
773497	C	A	0/1	13,87
775639	T	C	1/1	0,106
776100	G	A	1/1	0,108
776182	C	T	0/1	21,85
779615	G	C	0/1	11,87
781395	T	C	1/1	0,90
781687	A	G	0/1	18,81
782559	C	T	0/1	52,12
783399	G	A	0/1	13,54
786137	A	C	0/1	66,13
790945	G	T	0/1	13,87
791249	C	T	0/1	21,65
794482	G	C	0/1	80,11
797597	C	T	0/1	79,17
797736	C	T	0/1	18,76
798355	G	C	0/1	15,71
799136	AC	A	0/1	63,13
799666	A	G	0/1	16,73
800357	C	A	0/1	66,12
804824	T	C	0/1	70,9
809234	T	C	0/1	74,11
810287	C	G	0/1	42,14
811492	C	G	0/1	57,12
811753	C	T	0/1	15,44
812502	C	T	0/1	68,14
815236	T	C	0/1	90,22
815851	A	G	0/1	99,22
817696	G	A	0/1	92,14
819213	T	C	0/1	81,16
820483	G	T	1/1	0,104
820752	C	T	1/1	0,112
821907	T	C	0/1	111,18
829719	G	A	0/1	100,21
830868	G	GGC	1/1	0,107
835611	C	T	0/1	19,131
841494	C	G	0|1	91,16
841495	A	G	0|1	91,17
841764	G	C	1/1	0,102
842030	C	T	0/1	11,76
847995	T	C	1/1	0,81
850985	A	G	0/1	93,20
852361	G	A	0/1	70,12
852910	C	T	1/1	0,109
854252	GC	G	1/1	1,63
856563	G	T	0/1	64,9
857696	A	G	1/1	0,88
861216	T	G	0/1	13,92
862371	C	T	0/1	7,58
865761	C	T	0/1	88,18
866051	G	A	0/1	11,76
871271	A	C	0/1	88,25
874835	C	CCG	1/1	0,66
876141	G	T	0/1	16,51
880562	G	T	1/1	0,79
882257	T	C	1/1	0,138
885689	G	T	0/1	68,18
888647	C	T	0/1	13,87
892272	G	A	0/1	12,46
892416	C	T	0/1	11,59
893733	T	G	1/1	0,147
894888	T	C	0/1	92,9
895082	A	G	0/1	74,15
895120	C	T	0/1	83,19
899389	G	A	0/1	78,19
900221	T	C	1/1	0,87
903537	G	T	0/1	14,72
903550	T	C	1/1	0,89
903913	T	C	1/1	0,100
906857	A	G	1/1	0,92
910015	C	A	0/1	100,17
911261	T	C	0/1	78,15
913274	C	G	0/1	63,13
916046	T	G	0/1	124,16
919351	A	C	0/1	17,77
931123	T	C	1/1	0,96
932280	T	C	1/1	0,112
933699	G	T	0/1	94,17
934230	C	G	1/1	0,82
934611	G	T	1/1	0,94
937710	T	G	0/1	15,81
938246	A	G	0/1	76,15
940602	C	G	0/1	24,90
941722	T	G	1/1	7,79
941845	C	A	1/1	0,101
945214	G	A	1/1	0,112
948294	T	C	0/1	91,11
949087	C	T	0/1	82,22
949535	T	C	1/1	0,106
951142	C	A	0/1	48,13
951702	C	T	0/1	16,56
952597	C	T	0/1	68,14
952810	CT	C	0/1	63,14
954101	C	T	0/1	16,92
954468	C	G	0/1	18,120
955524	A	G	1/1	0,114
955892	G	T	0/1	88,38
957117	T	C	1/1	0,105
960367	A	G	1/1	0,119
962271	GC	G	0/1	19,99
972980	C	T	0/1	24,122
973565	C	T	0/1	91,14
976043	G	T	0/1	75,16
979704	G	C	1/1	0,88
984824	T	C	0/1	112,22
986463	G	C	1/1	0,71
987527	GT	G	0/1	73,14
987585	A	AG	0/1	15,66
987601	C	T	0/1	76,14
990001	G	C	1/1	0,92
991183	C	T	0/1	83,16
991896	T	C	0/1	14,64
993346	A	C	1/1	0,78
996205	T	C	1/1	4,39
996346	G	A	0/1	15,38
1002342	T	C	0/1	100,23
1010204	C	CG	1/1	2,79
1011511	A	C	0/1	13,68
1014815	T	G	0/1	51,12
1022003	A	C	0/1	21,36
1022613	G	A	0/1	57,11
1024346	A	G	1/1	0,122
1025106	T	C	1/1	0,53
1029358	C	T	0/1	83,17
1029997	A	G	0/1	121,11
1032524	T	C	0/1	82,10
1034208	CGCT	C	0/1	12,90
1034713	GT	G	0/1	59,17
1034758	C	T	0/1	18,62
1037012	T	C	1/1	0,99
1037911	C	T	1/1	0,101
1040251	C	A	0/1	18,48
1040358	T	C	0/1	10,66
1040706	A	C	0/1	58,20
1042349	G	A	0/1	14,72
1043136	C	T	0/1	91,22
1047165	T	C	1/1	0,80
1048102	G	A	0/1	76,16
1049458	C	T	0/1	13,96
1050367	C	T	0/1	106,14
1052717	G	A	0/1	13,81
1054784	C	G	1/1	0,102
1061386	T	C	0/1	96,17
1063765	G	A	0/1	44,9
1063922	C	T	0/1	54,11
1066038	A	G	0/1	106,11
1066705	G	C	0/1	89,9
1066921	G	T	0/1	20,73
1068151	T	C	1/1	0,97
1068432	A	G	1/1	0,100
1069256	T	C	0/1	14,100
1070702	T	C	1/1	0,116
1071966	A	G	0/1	13,109
1072342	A	G	0/1	112,22
1073716	C	T	0/1	82,11
1074558	G	A	1/1	0,79
1074798	C	T	0/1	60,15
1075167	GCAT	G	0/1	68,20
1075279	T	C	1/1	0,80
1075434	C	T	0/1	60,16
1076309	G	T	1/1	0,103
1076689	A	C	1/1	11,107
1076880	C	T	0/1	14,126
1077312	A	G	1/1	0,115
1077624	GC	G	0/1	90,20
1077754	C	T	0/1	108,17
1079927	C	A	1/1	0,108
1080192	G	A	1/1	0,141
1081681	T	C	1/1	0,95
1083755	A	G	0/1	91,15
1085043	C	T	0/1	77,19
1086648	C	A	0/1	82,17
1086879	C	T	0/1	96,16
1087193	G	C	1/1	0,86
1090188	A	AG	1/1	0,110
1097023	G	A	0/1	96,16
1097220	C	T	0/1	22,98
1097442	C	T	0/1	17,86
1098523	T	A	1/1	0,95
1099058	G	A	0/1	11,69
1100234	T	C	1/1	0,102
1102117	G	A	0/1	10,21
1102468	C	A	0/1	9,24
1102646	G	A	0/1	8,27
1103656	C	T	0/1	6,33
1104690	T	G	1/1	0,22
1105284	G	A	0/1	18,14
1105686	C	G	0|1	8,29
1105687	T	C	0|1	8,29
1106422	T	C	1/1	0,55
1107940	A	C	1/1	0,124
1108521	G	A	0/1	13,87
1109163	C	G	0/1	106,17
1109975	A	G	1/1	0,103
1110956	T	G	0/1	96,20
1111518	T	C	0/1	100,13
1111678	G	A	0/1	21,85
1111824	C	T	0/1	99,17
1113290	G	C	0/1	78,14
1117405	C	T	0/1	92,14
1123597	A	G	0/1	91,13
1126889	G	C	1/1	0,101
1127493	T	C	0/1	16,91
1127648	C	A	1/1	0,85
1131229	C	CG	0/1	105,16
1131300	G	A	0/1	82,17
1134628	T	G	0/1	70,16
1139222	G	A	0/1	78,15
1143832	A	C	0/1	87,16
1144585	A	G	1/1	0,106
1145848	A	C	0/1	21,81
1148259	A	G	1/1	0,103
1148454	T	C	0/1	90,12
1148930	C	T	0/1	10,96
1149551	C	T	1/1	0,103
1150585	G	A	1/1	0,122
1151054	C	G	0/1	11,102
1151304	C	A	0/1	7,71
1151485	CGT	C	0/1	65,13
1155700	C	T	0/1	64,14
1157771	G	C	0/1	56,15
1164336	G	A	1/1	0,96
1168009	GC	G	0/1	15,63
1168715	C	CT	1/1	0,96
1168776	T	G	0/1	13,88
1171903	C	T	0/1	79,18
1172085	C	A	0/1	26,77
1173750	G	T	0/1	15,94
1174114	A	T	0/1	13,88
1175343	C	T	0/1	15,99
1175537	T	C	0/1	97,13
1177157	G	A	0/1	18,53
1178116	T	C	1/1	0,87
1184826	G	T	0/1	77,17
1192830	G	A	0/1	96,19
1194475	C	A	0/1	92,15
1195358	T	G	0/1	78,14
1197157	T	G	0/1	9,61
1199019	T	C	0/1	68,9
1199077	C	T	0/1	77,13
1200418	A	G	1/1	0,92
1201581	A	C	0/1	20,84
1203824	T	C	0/1	67,15
1211369	A	C	1/1	0,103
1215742	G	A	0|1	14,67
1215743	C	A	0|1	14,67
1220570	G	T	0/1	59,14
1220680	T	C	1/1	0,92
1224367	T	C	1/1	0,89
1227830	G	T	0/1	11,102
1228116	A	G	0/1	85,18
1228526	G	T	0/1	115,24
1230778	G	A	1/1	0,77
1235446	T	C	0/1	96,28
1237403	G	A	0/1	108,15
1248382	A	G	1/1	0,127
1248936	G	C	1/1	0,101
1248978	T	C	1/1	0,104
1250340	A	G	1/1	0,101
1250357	T	G	0/1	81,20
1251199	C	T	1/1	0,94
1254562	A	G	1/1	0,67
1262230	C	T	0/1	103,20
1264623	T	C	0/1	67,15
1265070	G	T	0/1	10,65
1267599	G	C	0/1	84,13
1271143	A	AG	0/1	79,10
1273250	G	GA	1/1	0,82
1275957	T	C	1/1	0,81
1278835	C	A	0/1	98,15
1281118	T	C	1/1	0,78
1281307	C	T	0/1	65,11
1281771	T	C	1/1	0,103
1285001	A	C	0/1	8,71
1286766	G	C	0/1	28,100
1287160	A	C	0/1	101,23
1288698	G	A	0/1	10,64
1291410	G	A	0/1	57,21
1292102	A	G	1/1	0,117
1293333	C	G	0/1	7,80
1306259	A	G	1/1	0,76
1306444	T	C	0/1	76,8
1307598	C	G	1/1	0,120
1310316	C	T	0/1	103,18
1313337	A	AG	1|1	0,103
1313338	A	C	1|1	0,102
1314617	C	T	0/1	70,10
1315191	A	C	1/1	0,81
1315884	G	A	1/1	0,80
1317655	C	T	0/1	10,71
1320508	G	A	0/1	52,11
1320614	C	G	0/1	51,10
1322741	A	G	0/1	17,78
1323479	G	T	0/1	48,15
1327890	G	A	1/1	0,84
1328687	G	C	1/1	0,95
1329234	G	A	0/1	19,104
1333661	C	CG	0/1	17,96
1333669	T	G	1/1	11,110
1336164	C	T	0/1	13,102
1344857	C	T	0/1	95,18
1346730	A	G	1/1	11,112
1348252	C	A	0/1	87,13
1348518	GCCA	G	0/1	117,12
1349733	G	C	0/1	12,92
1351172	A	G	1/1	0,98
1356648	C	T	0/1	72,22
1358940	C	A	0/1	76,16
1360209	T	C	1/1	0,123
1361190	G	A	0/1	20,114
1361285	C	T	0/1	17,113
1361350	A	C	0/1	105,17
1362006	T	C	1/1	0,100
1362545	G	A	0/1	63,17
1363680	G	A	0/1	116,21
1364706	G	A	0/1	12,59
1365837	C	CGG	1/1	0,103
1366054	G	T	0/1	10,78
1367484	T	G	1/1	0,95
1368322	C	CG	0/1	23,89
1368947	A	G	0/1	89,12
1369735	G	A	0/1	114,15
1370852	T	G	0/1	20,78
1374065	T	C	1/1	0,102
1374201	A	G	0/1	16,128
1374578	C	T	0/1	92,22
1374639	T	A	0/1	94,14
1375044	C	G	0/1	10,90
1375724	A	C	1/1	0,109
1382628	T	C	1/1	0,80
1389866	C	T	0/1	54,10
1390763	C	T	1/1	0,80
1393626	A	G	1/1	0,72
1395010	A	G	0/1	62,15
1396922	T	C	1/1	0,119
1397199	G	A	0|1	101,10
1397201	A	G	0|1	102,9
1397215	C	G	0/1	98,11
1400396	A	G	0/1	74,16
1406760	T	TG	0/1	23,91
1409030	CGGATTTCTATT	C	0/1	82,15
1410062	G	C	0/1	92,9
1410748	A	C	0/1	108,15
1411210	T	G	1/1	2,113
1413129	CG	C	0/1	11,65
1413148	C	T	1/1	0,79
1414021	C	T	1/1	0,107
1414621	C	A	0|1	110,13
1414629	T	A	0|1	107,14
1414653	C	T	0/1	107,16
1415097	C	G	0/1	94,16
1417019	C	T	0/1	78,17
1417554	G	C	0/1	55,9
1417793	G	A	0/1	69,12
1418863	C	CGGGAGCCA	0/1	16,63
1424699	T	C	0/1	58,19
1426928	C	T	0/1	83,11
1440469	C	G	1/1	0,96
1443199	G	A	0/1	68,21
1443354	C	T	0/1	66,26
1443428	G	GGGTTAGATTGCCCGGCTCCTCAACCCGCCGTTTCGGCGTGCATCGTCGCCGGGCTA	0/1	7,8
1443484	A	AGGTTAGATTGCCCGGCTCCTCAACCC	0|1	72,11
1443489	T	TTTCGGCGTGCATCGTCGCCGGGCTAGGTTAGATTGCCCGG	0|1	78,11
1445781	A	G	1/1	0,102
1445824	CGAGTGAA	C	0/1	90,17
1445977	C	T	0/1	71,16
1446733	G	A	0/1	18,74
1457144	C	T	1/1	0,86
1458144	C	A	0/1	80,14
1470261	G	A	0/1	62,14
1471659	C	T	1/1	0,44
1477596	C	T	0/1	12,73
1479085	T	C	1/1	1,99
1482627	T	C	1/1	0,71
1484708	A	C	1/1	0,85
1486462	C	T	0/1	70,12
1490905	A	G	1|1	0,73
1490911	G	A	0|1	63,13
1492194	T	C	0/1	62,14
1496964	G	T	0/1	81,16
1498951	G	T	0/1	23,80
1499274	C	G	1/1	0,119
1501700	G	A	0/1	13,97
1505194	T	C	0/1	70,14
1505973	G	A	0/1	50,16
1509067	C	T	0/1	85,15
1511545	C	T	0/1	81,17
1513107	A	G	0/1	20,80
1514010	G	T	0/1	105,14
1514777	T	C	0/1	10,77
1521526	T	C	0/1	71,15
1522862	C	T	0/1	56,14
1523175	A	C	0/1	52,20
1523791	A	G	0/1	68,9
1523817	C	T	0/1	9,66
1525160	G	A	0/1	38,20
1526311	G	T	0/1	12,49
1526819	C	A	1/1	0,73
1529133	CCGA	C	0/1	13,48
1536251	G	T	1/1	0,109
1537947	C	T	0/1	73,11
1540141	T	C	1/1	0,95
1541798	C	T	0/1	8,55
1544255	C	T	1/1	0,55
1545119	C	T	0/1	72,15
1546703	C	T	1/1	0,76
1547125	T	C	1/1	0,63
1548087	G	A	0/1	60,17
1552547	G	A	1/1	0,118
1556787	T	C	0/1	15,81
1559562	C	A	0/1	79,10
1563686	G	T	0/1	79,22
1563717	C	T	1/1	0,91
1568178	C	T	0/1	80,20
1570566	C	A	1/1	0,87
1574206	T	C	0/1	74,18
1575275	C	A	0/1	84,18
1575793	A	G	0/1	93,19
1576481	T	G	0/1	12,89
1576527	G	T	0/1	11,81
1577241	G	A	0/1	20,73
1580181	G	A	0/1	108,15
1581377	C	T	0/1	95,20
1585283	A	C	0/1	114,14
1585404	G	A	0/1	107,23
1588899	G	T	1/1	0,88
1589739	C	T	0/1	107,20
1590555	C	T	0/1	71,15
1593331	G	A	0/1	13,74
1594906	G	A	0/1	15,85
1595342	T	C	0/1	20,82
1596515	C	T	0/1	59,11
1599819	G	GC	0/1	12,75
1600685	C	T	0/1	64,14
1604290	A	T	0/1	90,14
1608276	A	C	1/1	0,53
1608671	G	A	0/1	58,22
1609840	A	G	1/1	0,115
1611283	T	C	0/1	99,19
1612624	T	TATCGGTACCGGTGCGCCAGGG	1/1	0,113
1613035	T	C	1/1	0,101
1616061	C	T	0/1	16,72
1616831	A	G	0/1	65,13
1616899	C	T	0/1	77,15
1617035	G	A	0/1	81,15
1617302	G	T	0/1	15,84
1617496	A	G	0/1	67,11
1617833	C	T	0/1	65,13
1620181	C	G	0/1	16,89
1624791	C	G	1/1	0,120
1625259	A	C	0/1	88,14
1625332	C	CGGT	0/1	17,71
1627351	T	C	1/1	0,106
1628827	C	T	0/1	100,14
1630148	A	C	1/1	1,112
1639418	A	G	0/1	64,12
1639430	C	T	0/1	66,15
1639594	C	A	1/1	0,99
1639643	T	C	0/1	86,15
1640442	C	T	0/1	73,12
1641899	C	G	0/1	108,12
1645802	T	C	1/1	0,124
1647436	G	A	0/1	10,62
1647830	G	A	0/1	57,13
1650072	A	G	1/1	0,94
1651308	A	G	1/1	7,77
1653509	G	A	0/1	8,80
1654730	T	G	0/1	13,65
1658535	G	T	0/1	99,21
1659902	T	C	0/1	86,11
1659994	C	T	0/1	73,13
1669158	T	C	1/1	8,76
1675173	C	T	0/1	9,87
1676290	C	A	1/1	0,95
1678706	A	C	0/1	14,74
1688064	A	G	0/1	16,74
1688300	T	C	1/1	0,124
1689349	C	T	1/1	0,88
1691520	T	G	0/1	32,9
1692141	A	C	1/1	0,21
1693561	A	G	1/1	0,43
1694547	A	C	0/1	58,12
1695037	G	A	0/1	17,45
1695674	G	A	0/1	40,8
1695796	C	T	0/1	7,28
1696499	G	GCGGT	0/1	58,14
1696671	CA	C	0/1	13,34
1697267	T	C	0/1	33,10
1697896	C	T	0/1	7,28
1698911	G	A	1/1	0,64
1699849	G	A	1/1	0,65
1700415	CG	C	1/1	0,44
1701215	C	T	0/1	10,67
1706119	T	C	1/1	0,76
1706685	C	A	0/1	14,67
1706746	C	A	0/1	57,10
1709220	TG	T	0/1	50,16
1709432	C	T	1/1	0,49
1710187	AC	A	0/1	22,67
1711670	C	T	0/1	11,51
1713192	A	G	1/1	0,65
1716472	A	G	1/1	0,86
1717380	A	AT	0/1	66,9
1718444	T	C	0/1	75,20
1721490	C	G	0/1	56,13
1722200	C	G	0/1	14,75
1722228	A	C	0/1	13,78
1724890	C	T	0/1	87,20
1726816	G	T	0/1	105,17
1728603	C	T	0/1	6,42
1728615	A	C	0/1	43,5
1728837	A	G	1/1	0,54
1731563	A	T	0/1	65,23
1732372	C	G	0/1	84,9
1733134	C	T	0/1	17,82
1733325	C	G	0/1	10,72
1735903	A	G	0/1	61,15
1739390	A	G	0/1	85,24
1739559	T	C	0/1	19,78
1741352	C	T	0/1	23,89
1745446	T	A	0/1	45,16
1753483	T	C	0/1	12,90
1753519	G	GC	1/1	0,76
1754016	G	GC	0/1	67,18
1754299	A	C	0/1	76,11
1754983	C	T	0/1	79,17
1756358	CG	C	0/1	12,80
1758790	C	T	0/1	66,22
1759252	G	T	1/1	0,88
1760292	A	G	1/1	0,95
1760923	T	C	0/1	64,16
1762939	G	A	0/1	71,12
1766689	GCA	G	0/1	74,13
1768527	T	G	0/1	21,72
1774659	C	T	0/1	19,70
1778430	T	C	1/1	0,138
1791823	T	C	0/1	94,12
1792777	T	C	1|1	0,76
1792778	T	C	1|1	0,76
1797577	A	G	0/1	80,13
1798355	G	A	1/1	0,66
1803265	G	A	1/1	0,90
1804409	C	A	1/1	0,102
1807097	T	C	0/1	14,77
1807640	C	G	0/1	62,11
1811375	G	T	0/1	23,80
1814135	A	G	0/1	68,17
1815474	G	C	0/1	23,84
1817976	A	T	1/1	0,64
1826054	T	C	0/1	48,13
1826624	G	A	0/1	67,11
1827431	C	T	0/1	52,8
1827553	C	G	0/1	71,17
1829576	C	T	0/1	83,15
1831220	A	C	0|1	18,69
1831226	A	G	0|1	18,68
1831288	C	T	0/1	14,72
1831531	G	A	0/1	107,20
1832642	G	T	0|1	83,15
1832643	G	C	0|1	85,15
1834177	A	C	0/1	19,64
1836286	G	C	1/1	0,118
1838762	G	C	0/1	93,22
1839260	T	G	0/1	74,15
1839306	A	G	0|1	85,15
1839329	G	A	0|1	84,14
1839759	G	C	1/1	0,112
1841115	C	T	0/1	84,22
1847919	C	G	1/1	0,100
1848147	C	A	0/1	95,12
1849051	C	T	0/1	13,87
1849191	T	C	0/1	70,11
1849609	T	C	1/1	0,86
1849934	A	G	0/1	18,70
1853974	C	T	0/1	74,12
1854045	A	G	0/1	88,14
1854300	T	C	1/1	0,124
1856777	G	C	1/1	0,123
1859559	C	A	1/1	0,99
1859989	C	T	0/1	65,19
1872959	A	G	0/1	108,13
1873954	G	T	0/1	86,21
1874993	CG	C	0/1	75,13
1876393	C	T	0/1	87,14
1876739	T	G	0/1	102,13
1877163	T	C	0/1	107,19
1877744	A	C	0/1	19,87
1882239	T	C	0/1	82,13
1885385	T	G	0/1	16,79
1885772	G	A	1/1	0,76
1886263	C	G	0/1	63,9
1887060	C	G	0/1	14,54
1887284	G	A	0/1	62,10
1888373	T	C	1/1	6,81
1889073	G	C	0/1	91,13
1892017	T	C	0/1	16,85
1894300	G	GGTCTTGCCGC	1/1	0,117
1894422	A	G	1/1	0,132
1897608	C	T	0/1	21,91
1897646	G	C	0/1	83,19
1900800	A	G	0/1	81,23
1901493	T	C	1/1	0,104
1901623	G	T	0/1	62,16
1902156	G	A	0/1	73,19
1902337	A	C	0/1	26,77
1906078	A	G	0/1	16,85
1906336	A	G	0/1	58,9
1907177	C	T	0/1	60,13
1907296	G	C	1/1	0,78
1916137	A	G	1/1	1,118
1917972	A	G	1/1	0,110
1920120	G	T	0/1	89,18
1923985	G	A	0/1	65,13
1924008	G	A	0/1	12,67
1924959	T	C	0/1	55,21
1931179	C	A	1/1	0,76
1931470	G	A	0/1	95,18
1933988	G	A	1/1	0,68
1935695	T	G	0/1	68,15
1936525	G	A	0/1	73,13
1940307	G	T	0/1	69,17
1943723	C	T	0/1	93,15
1944107	A	G	1/1	0,116
1944402	T	C	1/1	0,94
1948548	G	T	0/1	92,26
1948644	G	A	0/1	84,21
1950276	G	T	0/1	90,17
1950767	T	C	1/1	0,58
1952160	T	C	0/1	101,15
1953358	C	T	0/1	104,16
1955672	C	CGGCGCGCATCGTCACCGGGCGTCGTCTGATTGCCCGGTTCCTCCTCGCGCCG	0/1	64,42
1955760	CGAA	C	0/1	10,87
1955913	CCCGGAAG	C	0|1	10,58
1955921	TCGATGACCGTTG	T	0|1	10,59
1955941	G	C	0|1	10,60
1956930	T	G	0/1	52,10
1960284	C	A	1/1	0,79
1961735	A	G	0/1	14,70
1963383	G	A	0/1	97,17
1963957	T	C	0/1	81,13
1967026	C	T	0/1	18,62
1967237	C	A	1/1	0,99
1967543	C	A	0/1	18,74
1967783	A	G	0/1	75,19
1971725	G	C	1/1	0,96
1978807	G	T	0/1	69,17
1979026	C	T	0/1	62,13
1980652	G	T	0/1	14,69
1986638	G	GTGAAC	0|1	17,19
1986641	C	CCCCGG	0|1	18,16
1986643	G	GAGTCCGGAGACTCT	0|1	18,16
1986646	G	GATCTGAGACCT	0|1	18,7
1986648	A	AGCCGGCGGCTGGT	0|1	18,5
1993808	A	T	1/1	0,5
2003105	C	T	0/1	21,77
2003827	A	C	0/1	14,98
2007586	C	T	0/1	63,14
2008669	T	A	0/1	82,21
2008732	T	C	0/1	21,75
2009290	GC	G	0/1	18,98
2009848	C	G	0/1	13,78
2013943	G	C	0/1	99,23
2017291	T	C	0/1	76,22
2017560	A	T	0/1	71,17
2019236	T	G	0/1	74,13
2022643	G	T	0/1	111,23
2022868	T	C	1/1	0,111
2023211	G	T	0/1	80,17
2023628	C	G	0/1	14,74
2030419	A	C	0/1	65,14
2030486	G	GT	0|1	61,11
2030488	AT	A	0|1	60,10
2030521	T	C	0/1	55,11
2035937	G	A	0/1	64,13
2047425	GCGCT	G	0|1	46,14
2047430	AACTTCCCGTCTC	A	0|1	52,14
2052960	T	TGCAGACCTATGA	0/1	44,13
2053320	G	T	0/1	87,17
2055271	A	G	1/1	0,108
2057593	G	A	0/1	66,16
2057774	A	T	1/1	0,78
2058391	C	T	0/1	62,10
2062922	T	C	0/1	79,29
2066471	T	C	0/1	69,17
2067416	G	C	0/1	57,13
2067684	G	A	0/1	14,54
2068353	G	A	0/1	65,16
2069771	C	A	0/1	15,85
2072190	A	C	0/1	57,15
2072313	C	A	0/1	11,60
2074754	C	T	1/1	0,99
2078246	C	G	0/1	15,64
2078964	G	C	0/1	65,9
2082053	A	G	1/1	7,73
2083124	T	C	0/1	85,14
2083610	G	C	0/1	93,16
2086672	C	T	0/1	13,58
2090306	G	A	0/1	65,14
2090400	T	TCGCCAACGCCAC	0/1	69,7
2092391	G	T	0/1	98,18
2093715	T	C	0/1	75,8
2094911	ACAGCGT	A	1/1	0,84
2095716	C	T	0/1	13,78
2096186	A	G	1/1	0,88
2096430	A	C	0/1	71,15
2097144	G	C	0/1	76,18
2097270	C	T	0/1	14,81
2104779	C	T	0/1	79,14
2108141	T	C	1/1	0,111
2108890	A	C	1/1	0,96
2109523	C	CG	1/1	0,94
2110365	A	C	0/1	81,9
2110812	G	T	0/1	73,11
2112092	G	C	0/1	57,12
2112832	A	C	0/1	23,73
2116903	C	T	1/1	0,75
2120953	C	G	0/1	62,14
2122395	C	T	0/1	14,67
2122625	A	G	0/1	63,18
2122826	G	A	0/1	82,18
2122976	C	G	1/1	0,74
2123160	C	T	0/1	52,10
2123169	T	G	1/1	0,62
2125218	G	GA	0/1	65,20
2127682	CT	C	0/1	14,75
2128372	A	G	0/1	88,18
2128870	A	G	1/1	0,81
2130529	A	G	0/1	74,17
2131540	C	T	0/1	90,18
2132062	C	G	0/1	49,11
2133468	T	TTCGCATGCCGTCACC	1/1	0,81
2135154	G	T	0/1	12,57
2135870	T	C	1/1	0,65
2137521	A	ACTCCGATCAC	1/1	0,71
2138436	A	G	0/1	9,65
2138453	C	T	0/1	8,59
2138767	G	C	0/1	63,16
2139414	T	C	0/1	55,15
2142266	C	A	0/1	10,73
2143328	G	C	1/1	1,87
2143523	C	CT	0/1	55,18
2143973	A	G	0/1	54,9
2145878	A	G	0/1	41,9
2146065	C	CGGCGGTCGCGGCGGGGCGGGCGGTAGAGGCGGCGACGGCGGGCAA	1/1	0,5
2147022	A	C	1/1	0,82
2147429	G	C	0/1	80,13
2147641	C	CGTTAGTTCATGCGTA	0/1	79,12
2151222	T	G	0/1	14,68
2151678	G	T	0/1	68,18
2153725	CTCATCCCCGTCTCG	C	0/1	10,70
2154724	C	A	1/1	0,76
2155168	C	G	1/1	0,55
2158109	T	C	1/1	0,74
2158563	GT	G	0/1	89,14
2160998	G	A	1/1	0,75
2161343	G	GT	1/1	0,87
2161919	C	T	0/1	66,12
2172380	A	C	0/1	15,66
2173860	A	C	0/1	18,56
2175697	G	T	0/1	13,64
2177073	T	C	0/1	53,13
2177366	C	T	0/1	10,56
2177968	G	T	0/1	71,15
2179825	G	C	0/1	8,69
2183461	C	A	0/1	75,13
2185358	G	A	0/1	105,20
2185674	A	G	0/1	12,106
2187587	G	C	0/1	9,73
2191498	G	T	0/1	16,86
2199052	C	G	1/1	0,57
2199416	A	G	0/1	50,18
2202500	C	T	0/1	10,64
2205323	T	G	0/1	13,70
2207591	T	TC	1/1	0,94
2209465	G	A	1/1	0,80
2211826	A	G	1/1	0,102
2215319	CGTGCT	C	0/1	11,76
2216370	G	C	0/1	78,22
2216443	C	A	1/1	0,111
2216963	C	G	0/1	14,107
2218012	A	G	0/1	73,10
2218051	C	T	0/1	66,9
2218488	G	C	0/1	82,16
2219955	CG	C	0/1	96,11
2220512	T	G	1/1	0,88
2221584	G	C	0/1	10,42
2222308	T	C	0/1	42,15
2223293	T	C	1/1	0,60
2225365	T	C	0/1	15,55
2228182	G	A	0/1	55,13
2228967	A	G	1/1	0,66
2229801	C	G	1/1	0,85
2230045	G	A	0/1	15,74
2231486	A	G	0/1	89,12
2235087	G	A	0/1	13,77
2237497	G	C	0/1	96,15
2238930	A	C	0/1	51,17
2239055	C	T	0/1	52,9
2240062	C	G	0/1	70,18
2241031	AG	A	0/1	15,61
2241742	A	G	0/1	89,19
2242808	G	A	0/1	61,19
2243034	T	G	0/1	41,13
2244421	G	T	0/1	8,89
2245149	G	T	0/1	75,11
2245864	C	A	0/1	13,59
2246960	G	C	0/1	63,16
2247677	A	C	1/1	0,83
2249035	A	G	0/1	99,11
2249789	G	A	0/1	98,15
2251605	G	A	0/1	12,54
2251999	A	G	1/1	0,70
2253925	A	C	0/1	13,52
2255942	G	T	0/1	65,12
2259816	G	A	0/1	19,52
2260100	C	T	1/1	0,74
2260525	C	T	1/1	0,103
2264782	C	A	1/1	0,68
2265059	T	G	1|1	0,67
2265068	A	G	0|1	49,14
2266487	G	C	0|1	72,27
2266504	T	TA	0|1	73,29
2266508	A	T	0|1	74,26
2266511	GT	G	0|1	74,26
2266517	T	C	0|1	72,27
2266550	G	T	0|1	73,34
2266553	C	G	0|1	74,32
2266583	C	G	0|1	64,18
2266598	G	C	0|1	61,19
2266604	C	G	0|1	59,20
2266613	G	GC	0|1	60,20
2266624	G	T	0|1	59,20
2267015	T	C	0/1	18,67
2268433	C	A	0/1	13,71
2268627	G	C	0/1	11,51
2269545	G	A	0/1	25,84
2269780	T	C	1/1	0,104
2270102	A	G	1/1	0,85
2273733	TC	T	0/1	17,79
2274708	C	T	0/1	86,14
2278318	C	T	0/1	104,14
2282376	C	T	0|1	68,14
2282377	C	T	0|1	67,14
2282787	C	T	1/1	0,75
2283191	G	C	0/1	9,75
2285251	C	A	1/1	0,56
2287121	A	G	1/1	0,66
2288085	G	C	0/1	8,85
2288820	T	G	0/1	15,87
2290018	G	A	0/1	72,21
2294007	T	C	0/1	21,54
2307313	A	AC	0/1	89,16
2309356	G	A	0/1	86,13
2309481	G	A	0/1	82,12
2311099	C	G	1/1	0,110
2314689	C	A	0/1	14,66
2315386	C	A	0/1	12,68
2316123	C	A	0/1	9,84
2318725	C	T	0/1	16,103
2320320	C	T	0/1	13,99
2321358	G	C	0/1	86,18
2321975	T	C	0/1	19,98
2327903	ATGAT	A	0/1	107,20
2328543	T	C	1/1	0,121
2329533	A	G	1/1	0,132
2331255	C	T	0/1	108,21
2331620	A	C	1/1	0,104
2331789	G	T	1/1	0,114
2334007	A	G	1/1	0,74
2335075	A	G	1/1	0,84
2335494	A	G	1/1	0,92
2335500	C	T	0/1	73,20
2337179	C	T	0/1	13,56
2338324	A	C	0/1	67,12
2341030	G	A	0/1	111,24
2341636	C	G	1/1	0,113
2341692	C	T	0/1	18,98
2342403	C	G	0/1	85,17
2342649	A	AGGCGTACACAC	1/1	0,85
2342781	A	G	0/1	96,15
2344246	G	C	0/1	10,69
2344499	T	G	0/1	12,61
2345037	C	A	1/1	0,98
2346318	G	A	0/1	11,79
2347147	C	A	0/1	104,16
2349634	C	T	0/1	81,17
2350186	A	G	0/1	74,11
2351015	A	G	0/1	86,14
2352065	C	CCTCGCCTGGGCTGGCGAGCAGACGCAAAATCCCCCGCACGCCCGGCGTGTCGGGGGATTTTGCGTCTG	0/1	18,91
2354791	A	G	0/1	17,80
2357268	TGCC	T	1/1	0,59
2358029	T	TG	1/1	0,108
2361604	C	G	1/1	0,102
2362041	C	A	1/1	0,109
2364475	T	C	0/1	20,80
2367208	A	ATGAACCGCCCCGGTGAGTCCGGAGACTCTCTGATCTGAGACCTCAGCCGGCGGCTGGT	0/1	19,10
2368564	TA	T	1/1	0,40
2368647	C	T	0/1	38,18
2369186	G	C	1/1	0,69
2369326	C	G	1/1	0,75
2374442	G	A	0/1	63,15
2376425	A	G	0/1	62,15
2379743	C	G	0/1	89,13
2386389	G	A	1/1	0,98
2388641	G	A	1/1	0,86
2390299	A	G	0/1	56,16
2397760	C	G	0/1	90,12
2399734	G	A	0/1	9,65
2399887	C	T	0/1	71,13
2400031	G	A	0/1	64,17
2401825	TGGCTCCTCCTCACCCCGTTACCCGGGGCGCATCGTCGCCGAGCTCGATTTGATTGCCC	T	0/1	73,8
2401928	A	C	0|1	50,26
2401929	G	GATTTGATTGCCCGGCTCCTCCTCACCCC	0|1	50,25
2401932	T	TACCC	0|1	52,6
2402322	G	A	0/1	17,34
2406842	AC	A	1/1	3,54
2411496	G	A	0/1	22,88
2413246	C	A	1/1	0,129
2415656	G	C	1/1	0,71
2421816	A	G	1/1	0,121
2421823	T	C	0/1	105,17
2421975	G	GGGAA	1/1	0,95
2424864	A	G	0/1	82,16
2424925	A	G	1/1	0,110
2425097	A	C	0/1	82,11
2425471	T	C	1/1	0,96
2432019	T	C	0/1	76,22
2440926	G	T	1/1	0,69
2442468	C	T	0/1	11,78
2445921	C	T	0/1	89,18
2447539	A	G	0/1	41,18
2448288	G	A	0/1	65,18
2448458	C	T	1/1	0,79
2449295	G	A	0/1	82,24
2451081	C	G	0/1	73,13
2451700	A	C	0/1	17,63
2451927	G	GCAGC	0/1	96,15
2462871	G	A	1/1	0,70
2469561	C	G	0/1	15,91
2469889	T	C	0/1	18,106
2470485	G	T	0/1	87,12
2470591	A	C	1/1	0,109
2472610	C	T	0/1	14,99
2472956	T	C	0/1	80,19
2474815	C	A	0/1	105,13
2491597	G	T	1/1	7,101
2495500	T	C	0/1	75,18
2497777	C	T	0/1	67,13
2499726	G	A	1/1	0,116
2500892	C	T	0/1	74,14
2501147	G	GC	0|1	75,19
2501148	T	C	0|1	75,19
2503549	C	A	0/1	94,16
2505085	G	A	0/1	12,81
2506465	C	T	0/1	14,99
2507161	C	T	0/1	91,21
2509140	G	C	1/1	0,101
2509181	C	G	0/1	91,17
2509722	A	G	1/1	0,101
2510350	C	G	0/1	17,66
2511712	G	T	0/1	100,20
2513645	G	A	0/1	10,33
2516567	G	C	1/1	0,86
2517610	G	A	0/1	76,13
2518132	C	T	0/1	66,17
2521342	T	C	1/1	0,85
2521428	A	G	0/1	19,70
2522955	T	G	0/1	23,81
2523205	G	GCGC	1/1	0,102
2525722	CG	C	1/1	0,111
2526974	T	C	1/1	0,92
2528931	G	A	0/1	81,12
2529680	A	G	1/1	0,97
2530434	G	T	0/1	82,22
2533377	T	C	0/1	21,85
2534562	GGA	G	1/1	0,92
2536599	C	T	0|1	18,97
2536628	G	GA	0|1	25,90
2536892	T	C	0/1	12,78
2538793	G	A	0/1	82,11
2542712	C	G	0/1	45,9
2543395	T	C	0/1	14,54
2544979	T	A	0/1	74,12
2546684	C	A	0/1	10,57
2547274	A	G	0/1	47,12
2547529	A	AG	0/1	63,17
2548700	C	T	0/1	19,49
2551576	C	G	0|1	18,90
2551577	T	C	0|1	18,87
2552592	A	C	0/1	77,13
2553682	C	T	0/1	68,11
2561367	C	T	0/1	82,23
2562644	G	T	0/1	15,68
2562783	T	C	0/1	50,17
2563958	A	C	0/1	65,12
2564368	G	GC	1/1	0,59
2566766	C	CG	1/1	0,84
2566768	A	C	1/1	3,83
2569593	A	G	0/1	76,10
2573434	G	T	0/1	67,13
2573756	C	A	1/1	0,105
2574598	C	T	0/1	68,17
2577246	A	G	0/1	75,17
2578626	A	G	1/1	0,85
2579856	A	G	0/1	40,11
2581015	G	A	0/1	55,15
2581052	G	A	0/1	16,54
2581109	C	A	0/1	59,14
2582324	G	A	0/1	88,11
2586076	C	G	0/1	15,90
2586127	A	G	1/1	0,106
2589036	G	C	0/1	10,63
2589216	G	C	1/1	0,79
2592310	G	A	0/1	84,74
2598400	A	G	1/1	0,115
2598648	C	A	0/1	99,16
2600260	A	G	0/1	23,112
2602575	G	A	0/1	60,27
2605230	C	T	0/1	68,12
2605293	G	T	0/1	67,10
2608117	C	A	1/1	0,96
2608256	G	A	0/1	78,13
2608488	T	C	0/1	66,10
2611704	A	C	0/1	46,12
2612256	G	T	0/1	16,59
2612632	C	A	1/1	0,86
2613949	G	A	0/1	31,7
2614909	GC	G	0/1	9,47
2619271	T	C	1/1	0,98
2622402	G	A	0/1	86,14
2622508	C	T	0/1	99,18
2627618	C	A	0/1	6,42
2627946	A	G	0/1	11,52
2630740	T	C	0/1	9,46
2631371	C	T	0/1	12,49
2631472	C	T	0/1	54,17
2631641	T	G	0/1	71,12
2632341	C	CA	1/1	0,62
2632500	A	G	0/1	53,20
2634282	T	G	0/1	20,36
2637541	C	T	1/1	0,68
2642383	C	T	1/1	0,98
2643653	G	A	0/1	101,16
2644814	T	C	0/1	88,13
2647905	G	A	0/1	16,85
2652083	T	A	0/1	72,10
2652131	G	A	0/1	15,89
2652908	C	G	0/1	106,22
2656225	A	G	1/1	0,79
2663210	G	A	0/1	110,18
2663795	G	A	0/1	23,97
2668467	G	A	0/1	17,101
2673818	C	G	0/1	16,95
2680658	T	G	1/1	1,69
2683822	G	A	0/1	68,15
2688225	G	C	0/1	75,16
2691713	T	C	0/1	73,19
2692100	C	T	0/1	16,80
2695378	C	G	1/1	0,61
2696977	G	C	0/1	56,15
2697489	C	T	0/1	15,67
2703902	C	CG	0/1	11,108
2704291	G	A	0/1	87,18
2704588	C	T	0/1	88,28
2704884	A	ACAGCGACCATATCGCCGAGCT	1/1	0,97
2705561	A	G	0/1	85,15
2709795	A	G	0/1	60,20
2711722	T	G	0/1	18,111
2712055	C	T	0/1	88,21
2712316	A	C	0/1	89,16
2712913	C	A	0/1	111,15
2713795	C	T	1/1	0,103
2718852	T	G	1/1	0,111
2719850	G	A	0/1	86,13
2723506	T	C	1/1	0,100
2723572	G	A	0/1	78,22
2724180	TCACGATCGGGTCTCCTCTAG	T	1/1	0,84
2726051	G	A	0/1	91,16
2727037	A	T	0/1	63,15
2729058	A	C	0/1	11,83
2729772	G	C	1/1	0,8
2731741	G	A	0/1	52,17
2734074	T	C	1/1	0,108
2734481	TA	T	0/1	19,93
2737572	C	A	1/1	0,88
2738274	A	C	0/1	17,102
2739385	T	C	0/1	91,15
2740693	T	C	1/1	0,64
2741209	G	A	0/1	23,57
2743616	C	T	0/1	61,13
2745739	G	A	0/1	83,17
2745839	G	A	0/1	88,12
2751804	C	T	1/1	0,138
2752122	G	C	0/1	10,90
2752698	C	A	1/1	0,59
2753041	C	T	0/1	75,16
2755112	G	A	0/1	66,20
2759534	C	G	0/1	72,8
2760152	A	G	1/1	0,117
2764206	A	G	0/1	63,22
2764939	G	A	0/1	54,12
2773955	G	C	0/1	76,14
2774555	T	C	1/1	10,99
2775361	C	T	0/1	11,76
2775744	CCCG	C	0/1	69,14
2779136	T	C	1/1	0,97
2782761	C	T	0/1	74,10
2786952	A	G	1/1	0,96
2787989	C	T	0/1	65,13
2788966	G	T	0/1	93,18
2789661	C	A	0/1	91,14
2789798	G	T	0/1	12,67
2790458	A	C	0/1	62,12
2791098	C	T	1/1	0,86
2791257	A	T	0/1	84,13
2791475	A	G	0/1	102,21
2793810	C	A	0/1	17,96
2794071	G	A	0/1	15,69
2799488	CCGCAA	C	0/1	92,24
2800087	G	A	0/1	10,83
2806915	G	T	0/1	45,10
2807486	C	A	1/1	0,54
2808452	T	C	0/1	22,82
2808475	C	T	0/1	95,20
2809621	T	C	1/1	0,99
2809633	A	C	0/1	19,89
2809895	G	A	0/1	98,16
2812798	C	T	0/1	80,18
2815277	C	T	0/1	94,13
2817158	C	A	0/1	79,21
2817502	A	C	0/1	22,73
2818837	A	G	1/1	0,84
2821342	C	T	1/1	0,79
2824432	G	A	0/1	79,14
2825466	G	A	1/1	0,74
2825581	T	G	0/1	7,60
2827984	G	T	1/1	0,87
2828019	T	C	1/1	0,86
2828058	G	A	0/1	68,22
2828104	C	T	0/1	80,23
2830126	A	G	0/1	46,22
2830525	C	A	1/1	0,68
2833329	G	A	0/1	15,59
2838897	C	G	0/1	13,87
2841022	A	G	1/1	0,101
2844573	C	T	0/1	13,70
2847281	A	G	1/1	0,107
2847511	G	A	0/1	11,91
2850631	T	C	0/1	17,77
2851160	GAA	G	0|1	18,104
2851164	CATT	C	0|1	19,104
2855259	A	G	1/1	0,71
2856952	T	G	0/1	59,11
2858669	G	T	0/1	113,19
2865372	C	A	0/1	85,15
2865760	A	G	1/1	0,95
2865882	T	C	1/1	0,107
2867880	TA	T	0/1	11,91
2869242	T	C	0/1	76,21
2870386	C	T	0/1	60,19
2873218	T	G	0/1	93,11
2877735	G	A	0/1	7,83
2878550	G	A	0/1	18,94
2880702	G	C	1/1	0,95
2881244	A	G	0/1	68,10
2881597	AG	A	1/1	0,77
2881974	G	A	0/1	23,54
2884068	A	C	0/1	19,86
2886570	A	G	1/1	0,110
2888201	T	C	1/1	0,125
2889633	T	C	1/1	0,104
2891267	C	T	1/1	0,95
2891728	A	G	1/1	0,82
2893883	A	G	0/1	76,15
2894208	G	A	1/1	0,78
2894594	G	A	0/1	98,22
2894642	A	G	0/1	93,19
2897871	A	G	0/1	113,19
2898522	T	C	0/1	16,88
2899890	G	T	0/1	59,20
2900997	G	A	0/1	61,14
2903439	G	A	0/1	21,62
2906008	C	T	0/1	79,20
2906363	T	G	0/1	58,15
2906982	G	A	0/1	71,14
2910461	G	T	1/1	0,110
2911293	C	G	1/1	0,111
2912294	T	G	1/1	0,81
2913949	C	T	0/1	54,19
2915482	C	A	0/1	79,9
2923391	T	C	1/1	0,106
2925683	G	A	0/1	63,18
2925962	T	C	1/1	0,93
2926882	C	T	0/1	67,17
2927939	T	C	1/1	0,82
2939373	G	C	1/1	0,117
2939657	T	C	1/1	0,101
2940608	C	T	0/1	67,23
2948230	G	A	0/1	14,81
2948275	G	A	0/1	96,14
2948650	T	C	0/1	103,14
2953307	G	T	0/1	74,11
2954439	T	C	1/1	0,56
2955233	C	T	0/1	57,17
2955957	A	C	0/1	13,44
2957568	CT	C	0/1	69,18
2959324	A	G	0/1	64,17
2963892	G	A	0/1	59,15
2964622	C	T	0/1	18,96
2969197	A	G	0/1	11,52
2976557	C	T	1/1	0,93
2980861	A	G	1/1	0,52
2984740	A	G	1/1	0,108
2985216	G	A	0/1	93,17
2987918	G	A	0/1	100,21
2988630	C	G	1/1	0,101
2990752	A	C	0/1	104,10
2993523	T	C	0/1	92,10
2994187	T	C	1/1	0,117
2996912	C	T	0/1	97,19
3000362	T	C	0/1	67,15
3003115	C	G	1/1	0,90
3005185	G	T	1/1	0,98
3009692	A	G	1/1	0,99
3009834	A	G	0/1	20,79
3010420	A	G	1/1	0,110
3010993	C	T	0/1	13,65
3011102	C	T	0/1	73,16
3011506	T	C	0/1	65,12
3015119	CT	C	0/1	56,8
3015379	G	A	0/1	70,14
3017465	T	C	1/1	0,78
3021892	GTTCGACGAC	G	0/1	14,71
3022359	A	G	0/1	14,97
3023479	A	AGCGGCGGGCATACCGCTGCGGTGGG	0/1	12,59
3024021	C	A	0/1	19,83
3024343	G	A	0/1	15,89
3024551	A	G	0/1	98,13
3025431	C	T	0/1	72,14
3027606	C	G	0/1	63,13
3027798	T	C	1/1	0,92
3031168	A	G	1/1	0,107
3031285	A	T	0/1	112,16
3032887	G	A	0/1	64,25
3033189	G	A	0/1	17,68
3035120	G	A	0/1	36,12
3036826	C	T	0/1	16,42
3037377	T	C	1/1	0,89
3041859	C	T	0/1	78,13
3041871	G	T	1/1	0,93
3048912	C	G	0/1	11,115
3049685	T	C	0/1	8,61
3056767	G	T	0/1	15,110
3064960	G	A	0/1	72,11
3065334	G	C	0/1	68,11
3069167	A	G	1/1	0,57
3069805	G	C	0/1	50,10
3070311	C	A	0/1	44,12
3074830	C	T	0/1	92,13
3076716	A	G	0/1	102,13
3080795	A	G	1/1	0,101
3085119	G	GC	0/1	53,10
3086261	T	C	0/1	72,14
3086788	T	C	1/1	0,80
3091752	G	A	0/1	88,16
3092402	A	C	0/1	69,13
3098389	C	T	0/1	79,17
3100154	A	ACCC	0/1	70,11
3103682	T	C	1/1	0,129
3104189	A	G	1/1	0,105
3105144	C	A	0/1	89,12
3105403	G	T	0/1	98,12
3110140	G	T	0/1	17,82
3110260	G	T	0/1	84,14
3111476	C	T	0/1	17,100
3114814	G	A	0/1	51,17
3115384	G	C	0/1	13,62
3131469	T	TTGTCGGCGA	1/1	1,99
3135606	A	G	0/1	14,99
3136335	G	A	0/1	85,12
3137058	G	A	1/1	0,94
3137237	T	C	0/1	107,19
3137736	G	T	0/1	16,116
3144623	C	T	0/1	18,107
3151232	G	T	0/1	107,14
3153631	A	G	0/1	65,16
3153849	A	G	0/1	56,14
3156201	C	CG	0/1	25,83
3164730	G	A	0/1	94,14
3165636	G	A	0/1	14,75
3169993	A	G	0/1	77,13
3174496	A	G	1/1	0,81
3174692	AC	A	0/1	15,81
3177452	C	A	0/1	6,67
3177884	C	A	1/1	0,102
3179239	C	T	0/1	85,13
3180988	C	A	1/1	0,86
3186588	ACGG	A	0/1	60,20
3186860	T	G	1/1	0,100
3188428	C	T	0/1	67,12
3189242	A	G	1/1	1,105
3189580	T	C	0/1	81,22
3190145	TC	T	1/1	0,100
3192621	C	A	0/1	83,11
3197917	G	A	0/1	86,14
3200282	C	T	0/1	19,87
3200304	A	G	0/1	101,20
3202130	G	A	0/1	93,25
3202629	C	T	0/1	94,20
3208394	G	A	0/1	105,17
3209156	G	A	0/1	20,77
3210631	G	A	0/1	67,13
3210815	C	T	0/1	66,19
3211164	G	A	0/1	67,16
3214481	G	T	0/1	66,15
3214869	A	G	0/1	19,102
3215622	CG	C	0/1	23,96
3215684	T	C	0/1	81,19
3224131	T	C	0/1	105,14
3226181	A	C	1/1	1,98
3228143	G	T	1/1	0,99
3229692	G	A	0/1	108,20
3230682	T	C	0/1	15,70
3232564	A	C	0/1	15,84
3233605	G	A	0/1	90,28
3238119	CGTG	C	0/1	9,92
3242138	A	C	0/1	55,17
3244414	A	G	0/1	59,12
3256494	A	G	1/1	0,104
3266030	A	G	1/1	0,121
3266812	T	C	0/1	15,101
3269581	A	G	1/1	0,93
3270784	A	G	1/1	0,86
3271037	A	G	0/1	87,13
3272080	G	C	0/1	64,14
3273138	C	G	0/1	65,15
3273177	C	T	0/1	70,18
3274545	G	A	0/1	36,7
3276703	T	G	0/1	17,94
3280132	G	A	0/1	91,16
3284640	A	G	0/1	15,63
3284855	C	T	0/1	10,54
3285860	A	C	0/1	17,99
3291502	G	GTCCCGCCAAATTGCCCGC	0|1	93,18
3291504	T	TCCTC	0|1	93,13
3291505	A	ACTCGCGCCATTCCGGCGCTCGCCGTCGCCGGGCCCCGCCAAATTGCCCGCCTCCTCACTCGCGCCATTCCGGCGCTCGCCGTCGCCG	0|1	91,13
3291582	C	T	0/1	74,22
3293423	A	G	0/1	93,16
3293601	T	C	0/1	85,14
3293700	C	CG	1/1	10,108
3295124	C	T	0/1	87,19
3296371	G	GCCGCGGC	1/1	0,115
3296721	C	G	0/1	104,11
3296843	A	G	1/1	0,94
3299413	G	A	0/1	43,9
3300345	T	C	0/1	32,8
3302683	C	T	0/1	67,10
3304966	G	A	0/1	15,59
3306163	CGGCACTGTGGCG	C	0/1	62,16
3306594	T	G	0/1	66,10
3308446	T	C	0/1	58,9
3308606	G	A	1/1	0,77
3309009	C	A	0/1	32,12
3310174	G	A	0/1	16,66
3310427	T	C	0/1	10,67
3310626	T	C	1/1	4,78
3311119	G	C	0/1	72,24
3312942	G	A	0/1	59,18
3313772	A	AC	0/1	93,23
3314243	G	A	0/1	81,15
3314412	A	G	1/1	0,86
3316955	A	C	0/1	16,60
3326150	A	G	0/1	57,13
3326554	A	C	1/1	0,78
3328495	G	C	0/1	84,18
3328610	G	A	0/1	89,22
3331361	ACG	A	1/1	0,118
3337635	G	T	0/1	79,17
3338603	G	C	1/1	0,114
3339062	G	A	0/1	103,17
3339799	T	C	0/1	108,13
3351472	G	A	0/1	97,19
3352932	C	G	1/1	0,131
3353037	G	A	0/1	115,21
3356135	A	C	1/1	10,90
3358235	A	T	1/1	0,95
3358940	G	A	0/1	18,76
3360819	C	A	0/1	66,19
3363222	G	A	0/1	66,14
3363338	A	G	1/1	0,108
3365841	G	A	0/1	64,20
3366409	GATCACATCACC	G	0/1	70,17
3366874	G	C	0/1	17,57
3367765	G	A	1/1	0,97
3369869	G	T	0/1	102,16
3371260	T	C	0/1	92,18
3375165	A	C	0/1	17,113
3379027	G	GTGAACCGCCCCGGCATGTCCGGAGACTCCAGTTCTTGGAAAGGATGGGGTCATGTCAGGTGGTTCAT	0/1	16,22
3387022	GC	G	0/1	63,17
3393361	C	G	0/1	77,9
3394177	C	T	0/1	81,12
3396324	G	A	0/1	103,18
3401850	G	A	0/1	104,15
3401871	A	G	1/1	0,115
3402816	C	T	1/1	0,92
3404376	C	G	1/1	0,94
3406798	G	A	0/1	82,13
3406826	T	G	0/1	87,15
3407028	C	T	0/1	84,16
3408150	T	C	0/1	15,52
3412611	T	C	0/1	11,46
3415180	ACACCTAGGGGGTGG	A	1/1	0,50
3415332	A	G	0/1	69,12
3420825	A	G	1/1	0,81
3423249	C	CGCGAGCAGACGCAGAATCGCCCAAAATCCAAGATTTTGAGGCGATTCTGCGTCTGCTCGCGCAACCGG	1/1	1,67
3424462	C	T	0/1	100,15
3425854	C	T	1/1	1,122
3427632	C	T	0/1	87,13
3428917	C	A	1/1	0,101
3431407	G	T	0/1	101,13
3440464	T	G	1|1	0,119
3440468	G	C	1|1	0,118
3440542	A	G	0/1	100,12
3442240	C	A	0/1	83,17
3446699	C	G	0/1	18,84
3447293	T	G	0/1	14,85
3447480	A	C	0/1	86,18
3448714	G	C	0/1	55,21
3450725	T	C	1/1	0,130
3451207	C	A	0/1	97,14
3454263	C	G	1/1	0,110
3455686	G	C	1/1	0,124
3456666	A	G	1/1	0,108
3459485	G	A	0/1	101,16
3460765	G	C	0/1	103,22
3462135	G	C	1/1	0,100
3464629	A	G	0/1	74,19
3467465	C	G	1/1	0,73
3473996	G	GA	1/1	0,137
3475159	A	G	0/1	100,19
3477942	A	G	0/1	4,35
3478242	G	C	0|1	37,18
3478244	C	A	0|1	38,18
3478245	T	C	0|1	38,18
3478248	T	C	0|1	36,18
3478251	C	T	0|1	36,18
3478254	G	C	0|1	37,17
3478257	A	G	0|1	38,16
3478260	C	G	0|1	37,16
3478263	G	A	0|1	36,16
3478272	G	A	0|1	37,16
3478452	A	C	0|1	41,4
3478455	G	C	0|1	41,4
3478480	C	A	0|1	41,4
3478482	T	G	0|1	40,4
3478485	A	G	0|1	41,4
3478488	G	A	0|1	41,4
3478489	T	C	0|1	41,4
3478504	T	A	0|1	39,4
3478506	A	C	0|1	39,4
3478512	G	A	0|1	39,4
3478519	T	C	0|1	40,4
3478521	G	T	0|1	39,4
3479561	G	A	0/1	38,15
3480474	G	A	1/1	0,47
3480789	T	C	1/1	0,80
3486977	A	G	1/1	0,91
3487108	C	T	0/1	12,67
3493873	G	A	0/1	30,13
3493907	T	TCGATGAACCACCTGACATGACCCCATCCTTTCCAAGAACTGGAGTCTCCGGACATGCCGGGGCGGTTCA	0/1	15,3
3494295	GGC	G	0/1	100,11
3494820	CG	C	0/1	76,17
3496406	G	A	0/1	88,15
3497586	C	G	0/1	106,16
3498198	C	T	0/1	13,85
3498418	A	G	0/1	70,17
3500110	C	T	0/1	96,13
3500149	G	A	0/1	12,88
3500243	G	C	0/1	10,92
3503895	C	T	1/1	0,124
3505005	A	C	0/1	85,11
3507844	T	C	0/1	22,94
3508970	A	G	0/1	10,90
3509091	G	C	0/1	86,20
3509626	C	A	0/1	9,55
3514463	G	A	0/1	15,97
3516248	C	T	0/1	106,25
3517657	C	A	0/1	94,17
3518167	A	G	1/1	0,153
3518555	A	G	1/1	0,120
3521044	A	G	0/1	80,13
3525374	A	G	0/1	86,13
3526986	A	G	0/1	86,22
3529180	CCTA	C	0|1	101,21
3529186	G	GCGCGC	0|1	100,20
3529190	GTC	G	0|1	101,19
3529195	GGCCA	G	0|1	104,16
3529205	T	A	0|1	96,13
3529210	CAACG	C	0|1	99,12
3529216	T	TTCGC	0|1	98,11
3529221	GT	G	0|1	95,10
3529224	T	TA	0|1	95,10
3529227	G	C	0|1	97,7
3529228	T	C	0|1	99,7
3530145	C	A	0/1	84,15
3530955	C	G	1/1	0,87
3531706	A	G	0/1	100,11
3534233	C	T	0/1	85,15
3536008	G	T	0/1	113,19
3539139	CG	C	0/1	118,23
3542049	G	A	0/1	14,66
3542219	G	A	0/1	17,71
3542500	G	T	0/1	113,22
3543031	G	A	0/1	12,101
3547956	G	A	0/1	100,22
3550347	C	T	0/1	19,121
3550789	C	G	0/1	13,110
3554354	A	G	0/1	75,11
3555699	A	G	0/1	52,9
3556275	A	G	1/1	0,93
3560645	C	T	0/1	117,20
3566923	A	ACGCTTGTCGG	0/1	81,15
3571356	A	G	0/1	116,22
3571828	G	C	0|1	13,114
3571834	T	G	0|1	112,12
3573636	T	C	0/1	75,16
3576231	T	C	0/1	18,104
3577497	C	T	0/1	16,116
3577958	A	G	0/1	107,21
3580636	CT	C	1/1	0,145
3581414	A	G	1/1	0,111
3587446	G	A	0/1	13,76
3590686	G	GC	1/1	0,84
3591063	T	C	1/1	0,101
3597249	C	G	0/1	22,66
3597682	C	T	0/1	57,13
3600576	C	T	1/1	7,102
3604821	G	C	1/1	0,115
3608865	C	T	0/1	102,20
3610391	A	AC	1/1	0,98
3610668	GGGGTC	G	0/1	115,12
3612813	T	C	0/1	22,85
3613985	G	A	0/1	74,20
3614982	T	C	1/1	0,99
3621423	A	G	1/1	0,123
3622441	A	C	1/1	1,137
3625065	T	G	1/1	0,102
3626562	G	A	0/1	13,83
3628520	G	A	0/1	13,83
3638093	G	A	1/1	0,127
3643985	A	C	0/1	10,71
3647041	A	G	0/1	129,21
3647591	A	G	0/1	111,17
3653988	G	A	0/1	18,107
3654374	A	G	0/1	20,89
3658001	G	A	0/1	96,15
3658266	C	G	0/1	110,11
3661802	C	T	0/1	75,14
3664457	C	A	0/1	17,99
3664603	A	T	0/1	93,13
3665753	G	A	0/1	17,100
3670040	C	T	1/1	0,119
3670118	G	T	0/1	95,23
3671532	G	C	0/1	89,16
3671843	A	C	0/1	60,10
3672105	G	C	0/1	69,15
3674157	T	A	0/1	17,110
3675504	G	T	0/1	14,85
3678249	A	C	0/1	13,105
3679949	A	G	0/1	118,17
3680932	G	A	0/1	20,114
3681548	A	C	1/1	1,104
3683237	G	T	0/1	78,16
3683715	T	G	0/1	76,12
3687372	A	G	0/1	89,21
3689523	G	T	1/1	0,106
3690016	A	G	1/1	0,112
3690950	T	TAGCTCGGCGACGATGCACGCCGCGCAGCGGCGTGAGGAGGAGCCGAGCAGTCCAACAC	1/1	0,0
3691146	G	C	0/1	93,16
3693681	A	C	1/1	1,130
3694422	G	A	0/1	124,23
3696181	A	G	0/1	87,13
3697708	A	G	0/1	77,10
3698640	G	A	0/1	79,19
3704261	C	A	0/1	72,12
3704596	G	C	1/1	0,99
3704770	A	G	0/1	14,88
3714211	G	T	1/1	0,132
3714757	A	C	1/1	0,107
3716996	T	C	0/1	113,24
3717489	C	T	0/1	120,21
3718357	C	T	1/1	0,120
3721697	G	C	0/1	82,11
3721806	G	C	1/1	0,87
3728437	T	C	0/1	138,18
3743549	A	G	0/1	96,21
3743656	G	A	0/1	17,97
3770325	C	T	0/1	104,18
3771628	A	C	0/1	123,14
3772616	G	A	0/1	84,17
3774506	G	A	0/1	97,20
3775409	T	C	0/1	19,116
3775441	A	C	0/1	26,116
3778011	G	A	0|1	15,111
3778012	G	T	0|1	15,110
3778396	C	T	0/1	15,115
3784975	G	A	0/1	100,17
3785946	A	G	0/1	74,18
3786033	A	G	0/1	81,25
3788365	T	G	0/1	105,11
3793634	A	G	0/1	60,9
3794867	C	CCA	1/1	0,75
3796808	G	C	0/1	69,17
3798095	A	C	1/1	0,72
3798596	A	G	0/1	14,40
3804299	G	A	0/1	17,88
3808103	T	C	0/1	68,16
3811629	G	A	0/1	97,14
3811672	G	T	0|1	16,95
3811675	A	G	0|1	16,94
3813266	C	T	0/1	11,95
3815268	G	A	0/1	81,16
3815477	G	T	1/1	0,112
3817117	C	A	1/1	0,91
3820722	G	A	0/1	103,18
3821845	G	T	0/1	15,83
3823159	A	T	1/1	0,104
3826501	C	T	0/1	10,83
3826684	C	T	1/1	0,109
3829770	T	C	1/1	0,113
3830349	C	T	0/1	13,108
3830695	A	G	1/1	1,127
3834486	T	C	0/1	19,112
3838871	A	G	1/1	0,127
3851084	A	G	0/1	83,13
3851887	A	C	1|1	0,10
3851888	T	C	1|1	0,10
3854899	T	C	0/1	75,18
3859893	C	T	1/1	1,127
3861914	C	T	0/1	91,17
3862472	GA	G	1/1	0,100
3863138	G	A	0/1	14,92
3863326	G	A	0|1	98,13
3863327	G	A	0|1	97,12
3863681	C	G	0/1	9,101
3864995	T	C	1/1	0,94
3870010	A	G	0/1	18,116
3871246	T	C	1/1	0,122
3874722	AT	A	1/1	0,85
3876953	G	A	0/1	89,15
3877421	A	G	1/1	0,110
3878875	G	A	1/1	0,98
3879882	G	A	0/1	70,9
3883178	A	C	0/1	15,70
3883467	A	G	0/1	73,25
3885886	T	C	1/1	0,86
3892671	A	G	1/1	0,54
3893480	G	A	1/1	0,92
3895727	C	A	1/1	0,108
3896340	T	G	1/1	0,81
3897374	G	A	0/1	86,18
3898408	A	G	1/1	0,91
3898869	C	A	0/1	77,15
3899654	C	A	0/1	67,15
3900403	G	A	0/1	55,13
3902318	A	AT	0/1	17,88
3903179	G	A	0/1	21,79
3906311	G	A	0/1	24,73
3907535	A	C	0/1	11,55
3908465	A	G	0/1	12,76
3909235	G	C	1/1	0,99
3913737	G	A	0/1	59,10
3916386	G	T	0/1	22,80
3919052	G	A	0/1	45,10
3920109	G	T	0/1	49,12
3920452	A	G	0/1	23,71
3921094	C	T	0/1	73,14
3922836	T	C	0/1	66,11
3938643	G	A	0/1	67,12
3952800	G	A	1/1	0,110
3958007	C	T	0/1	77,21
3958403	A	G	1/1	0,81
3959418	C	T	1/1	0,106
3959730	T	C	0/1	17,71
3961802	A	G	0/1	64,15
3962187	G	A	0/1	13,102
3963621	C	A	0/1	58,17
3964518	G	A	0/1	11,47
3967223	G	A	0/1	61,13
3968006	A	C	0/1	26,66
3970594	C	G	0/1	17,91
3974142	G	A	0/1	97,20
3974658	G	C	0/1	88,18
3976595	G	T	0/1	21,58
3979990	C	G	0/1	17,64
3981983	G	A	0/1	15,90
3984321	G	A	1/1	0,94
3984926	G	A	0/1	71,20
3987370	CG	C	0/1	19,67
3988745	C	G	0/1	84,13
3989107	C	T	0/1	80,14
3989914	G	T	0/1	87,14
3993058	G	A	0/1	21,68
3993529	G	T	0/1	88,18
3994898	A	G	0/1	68,21
4001622	T	C	0/1	25,116
4005114	G	C	1/1	0,141
4005607	T	C	1/1	0,109
4008655	G	A	0/1	62,15
4008747	A	G	1/1	0,83
4012219	T	C	0/1	81,24
4014431	C	T	0/1	86,24
4019103	G	T	0/1	67,12
4020756	C	G	0/1	114,20
4022388	G	A	0/1	12,99
4024079	T	C	0/1	83,16
4024273	T	C	1/1	0,127
4024967	C	G	0/1	69,8
4026800	G	C	0/1	93,13
4026899	G	A	1/1	0,112
4028752	A	G	1/1	0,106
4029469	C	T	0/1	78,21
4033577	A	G	0/1	17,110
4034827	C	T	1/1	0,61
4040517	A	G	0/1	98,22
4041581	C	T	0/1	10,49
4045263	G	T	0/1	93,20
4046007	C	T	0/1	16,109
4046176	G	T	0/1	84,15
4046576	G	A	0/1	109,18
4047879	C	T	0/1	96,16
4050811	G	A	0/1	15,102
4054637	A	G	0/1	73,16
4055801	G	A	1/1	0,97
4056416	C	A	1/1	0,46
4056693	G	T	0/1	12,33
4057081	A	G	0/1	29,9
4058711	T	C	0/1	74,8
4059143	A	C	0/1	18,89
4059904	A	G	1/1	0,91
4064270	G	T	0/1	132,22
4065480	C	T	0/1	83,18
4067152	G	A	0/1	94,18
4068468	C	A	0/1	27,94
4069292	G	A	1/1	0,87
4069797	C	T	0/1	80,18
4081987	G	C	0|1	89,21
4081996	G	C	0|1	87,22
4083360	T	G	0/1	115,16
4085200	G	C	0/1	87,20
4085225	G	A	0/1	83,21
4088378	T	C	0/1	84,12
4089058	T	C	1/1	0,117
4095001	CG	C	1/1	0,123
4095295	T	C	1/1	0,100
4096190	G	A	0/1	102,23
4100975	T	C	1/1	0,95
4101018	C	T	0/1	73,17
4105757	C	T	0/1	73,12
4106154	C	T	0/1	100,17
4107074	T	C	1/1	0,71
4108445	G	A	0/1	77,13
4111303	G	C	1/1	0,99
4112429	T	C	1/1	0,93
4115029	G	A	0/1	101,18
4115137	G	A	0/1	81,18
4115890	G	C	0/1	18,72
4116610	G	A	0/1	11,60
4116682	T	C	0/1	56,12
4117161	C	A	0/1	51,15
4119246	T	C	0/1	64,14
4121112	C	A	0/1	10,93
4122287	G	T	0/1	8,90
4123770	G	A	0/1	16,70
4124349	GCC	G	0/1	15,75
4126087	T	G	0/1	101,13
4130711	G	C	0/1	101,16
4133316	A	T	0/1	18,92
4133907	G	A	0/1	72,18
4136558	A	G	0/1	21,99
4137190	T	C	0/1	70,21
4137829	C	T	0/1	17,103
4138377	A	G	0/1	91,16
4141864	C	A	0/1	89,13
4142689	G	A	0/1	100,19
4145220	T	C	0/1	63,18
4145581	C	T	0/1	17,86
4145737	A	G	1/1	0,116
4151855	A	G	1/1	0,110
4156099	C	A	1/1	0,100
4156239	A	G	0/1	84,16
4156503	C	T	1/1	0,99
4157259	G	A	0/1	120,22
4158361	A	G	0/1	84,14
4158493	C	T	0/1	15,88
4159195	T	C	1/1	0,88
4160371	C	A	0/1	18,100
4160533	TGCGCCCGGC	T	0/1	113,16
4162339	A	G	1/1	0,70
4163558	G	C	0/1	53,16
4166441	G	A	0/1	18,103
4167642	G	T	0/1	61,21
4167656	A	G	0/1	18,65
4168464	CGGG	C	0|1	65,21
4168468	AACGCGGACG	A	0|1	68,21
4169666	GT	G	0/1	56,9
4169719	C	T	0/1	67,12
4169852	G	T	0/1	16,69
4170739	G	C	0/1	24,83
4170823	C	T	0/1	93,19
4170964	G	GA	1/1	0,84
4174131	G	C	0/1	10,47
4176559	G	A	0/1	97,17
4179089	C	T	1/1	0,98
4179832	G	C	0/1	17,67
4182387	G	C	0/1	13,72
4182695	G	A	1/1	0,75
4186678	G	A	0/1	10,87
4187063	G	A	0/1	52,17
4187485	T	C	1/1	0,72
4187817	A	G	1/1	0,104
4189210	G	T	0/1	24,89
4190532	A	C	0/1	56,16
4190596	A	C	0/1	57,18
4190962	G	A	0/1	68,17
4193241	T	C	0/1	68,12
4194501	G	A	0/1	11,88
4197138	C	CT	1/1	0,61
4197189	A	G	0/1	53,11
4198611	CG	C	1/1	0,68
4200220	A	G	0/1	77,13
4201105	G	A	0/1	106,15
4202383	A	C	0/1	67,22
4204168	T	C	0/1	17,83
4204441	A	G	1/1	0,76
4205120	A	G	1/1	0,75
4205325	A	G	0/1	12,62
4206176	G	A	0/1	68,11
4208651	G	A	0/1	57,12
4210274	A	G	1/1	0,121
4210876	T	C	0/1	87,13
4212832	GACC	G	0/1	10,64
4214988	G	A	0/1	22,79
4215433	C	T	0/1	19,91
4215484	G	C	1/1	0,100
4216255	C	G	0/1	98,10
4217557	A	G	1/1	0,86
4218416	C	A	0/1	20,87
4218941	G	A	0/1	13,76
4221070	AC	A	0/1	10,96
4221423	C	T	0/1	12,110
4221490	C	G	1/1	0,102
4222073	A	G	1/1	0,107
4222882	A	G	1/1	0,98
4223172	T	C	1/1	0,85
4229167	T	C	0/1	21,70
4231859	CGCGGTCTGTGCGCCGGGCGCACGCACCGAATTCGAGCTATTAGCGGCCGCGGCAAGGGACGCATTCGGCCTGGACGTCCACCCAGCGGT	C	0/1	25,97
4232327	A	G	0/1	94,23
4234960	A	C	0/1	11,90
4236237	C	T	0/1	14,80
4238675	C	T	0/1	16,88
4240671	C	T	0/1	84,21
4241042	A	G	0/1	96,13
4242643	C	T	1/1	0,127
4242856	C	G	0/1	103,33
4243460	C	T	0/1	21,103
4245969	C	T	0/1	76,23
4247429	A	G	0/1	14,113
4247646	A	C	0/1	105,23
4251297	G	C	1/1	0,78
4252066	T	C	0/1	18,92
4254345	AT	A	0|1	85,14
4254347	T	A	0|1	84,14
4254431	G	A	0/1	21,90
4255922	A	G	1/1	0,99
4256210	G	T	0/1	12,87
4257220	A	G	1/1	0,107
4257855	C	T	0/1	101,16
4258106	G	A	0/1	14,95
4261499	G	A	0/1	80,23
4262388	C	T	0/1	10,84
4263279	A	G	0/1	50,7
4264381	G	GC	0/1	19,77
4267647	T	C	0/1	9,63
4269387	T	G	0/1	69,16
4269606	A	G	0/1	78,12
4274541	C	A	0/1	14,98
4275686	TG	T	0/1	77,13
4276306	C	T	0/1	95,25
4280441	C	A	0/1	75,11
4280708	G	A	0/1	15,90
4281143	C	G	0/1	104,15
4281272	G	A	0/1	77,15
4283016	G	C	0/1	81,21
4284429	G	A	0/1	11,50
4285268	G	C	0/1	55,14
4286156	T	C	0/1	59,8
4287164	A	G	1/1	0,75
4287361	C	T	0/1	50,16
4289953	A	G	0/1	79,15
4290135	C	T	0/1	13,64
4290564	G	T	0/1	52,13
4290827	C	G	0/1	45,10
4291364	G	A	0/1	57,15
4294831	T	G	0/1	68,10
4296015	G	A	1/1	0,77
4296381	G	T	0/1	61,9
4298076	A	G	0/1	72,16
4298097	C	G	0/1	81,14
4298896	G	A	0/1	68,20
4303407	A	C	0/1	67,16
4303498	T	TG	0/1	13,59
4305063	G	GA	0/1	21,67
4306155	C	T	1/1	0,84
4306339	G	T	0/1	57,13
4307179	G	A	1/1	0,88
4307344	C	G	0/1	80,12
4308395	G	A	0/1	18,88
4309927	T	G	0/1	12,75
4310743	T	TG	0/1	78,11
4311664	C	T	0/1	20,89
4313077	A	C	0/1	78,23
4313128	C	T	1/1	0,101
4314645	A	G	1/1	0,96
4314800	G	A	0/1	14,73
4314843	G	A	0/1	69,14
4316566	C	G	0/1	77,8
4317034	AT	A	0/1	58,16
4319985	G	C	0/1	24,51
4321559	C	T	0/1	39,7
4322039	AC	A	0/1	17,64
4323006	G	A	0/1	75,10
4323302	T	C	0/1	60,16
4325923	G	A	0/1	62,10
4329782	G	A	1/1	0,48
4331903	G	A	0/1	44,15
4332306	G	C	0/1	74,14
4334425	G	C	0/1	57,16
4336597	C	A	0/1	62,18
4337574	A	G	0/1	89,17
4338595	GC	G	1/1	0,87
4338603	G	A	0/1	74,13
4338732	G	A	1/1	0,80
4340028	G	C	0/1	12,53
4340984	T	TTCCCCGGGTTCCCCTCCCTACCCGGTTTCCCCGGGC	0/1	51,13
4341396	A	AAGGCGCGGCCGC	0/1	57,19
4344058	T	C	0/1	93,13
4345166	C	T	0/1	73,16
4348724	A	ACCCGCGCCGGCGACGATGCAAAGCGCAGCGATGAGGAGGAGCGGCGCCAACGG	1/1	0,0
4349129	C	T	0/1	45,13
4350305	G	A	0/1	16,63
4351039	G	T	1/1	0,103
4356110	G	C	1/1	0,90
4356864	C	CTG	1/1	0,18
4357597	C	G	1/1	0,107
4357804	T	G	0/1	11,85
4357946	C	T	0/1	85,11
4359147	G	GGTGATCGGGGTTCCCGGC	0/1	33,4
4359164	G	GC	0/1	11,21
4359165	G	GTGATCGGGGTTCCCGGGGTGATCGGGGTTCCCGGC	0/1	7,22
4359177	T	TCCCGGCGTGATCGGGGTTCCCGGTGTG	0/1	60,10
4359653	C	T	0/1	12,66
4359828	G	A	0/1	9,76
4362568	T	G	0/1	17,104
4366195	T	C	1/1	0,95
4366272	G	C	1/1	0,84
4367649	A	G	0/1	84,11
4368084	G	C	0/1	26,76
4368090	G	A	0/1	80,27
4368728	G	T	0/1	96,16
4369499	G	A	0/1	75,20
4369848	G	A	0/1	70,16
4372353	G	C	1/1	0,81
4374228	T	C	0/1	57,10
4377033	G	C	0/1	70,18
4378504	T	C	0/1	12,49
4379044	CG	C	0/1	14,79
4379680	C	G	1/1	0,96
4382054	T	C	1/1	0,96
4382275	G	T	1/1	0,99
4383144	C	CCGGGG	1/1	0,92
4383655	A	G	1/1	0,98
4383724	G	A	0/1	18,94
4384007	C	G	1/1	0,104
4385031	CG	C	0/1	90,17
4385187	A	G	0/1	89,18
4385916	C	G	0/1	103,11
4385933	A	G	0/1	103,15
4385937	C	T	0/1	87,36
4385946	C	T	0/1	97,15
4386108	A	G	0/1	75,16
4386142	A	G	0/1	75,17
4386228	T	C	1/1	0,101
4390380	A	G	0/1	86,12
4391076	C	G	0/1	84,12
4393178	A	G	1/1	0,91
4393590	C	G	0/1	18,95
4393962	G	A	0/1	96,17
4394210	G	C	0/1	85,15
4394348	G	A	0/1	94,23
4395387	A	G	0/1	98,19
4397736	C	T	0/1	19,87
4399888	A	G	0/1	74,17
4400660	AC	A	1/1	0,92
4401400	A	G	0/1	109,14
4404247	G	A	0/1	56,14
4407588	T	C	1/1	0,79
4407873	C	A	0/1	67,9
4407927	T	G	0/1	12,80
4408144	C	G	0/1	86,19
4408920	A	G	0/1	119,14
4408923	C	T	1/1	1,131
4410386	G	T	0/1	43,9
4411016	G	A	0/1	44,9
4411400	G	T	0/1	42,14
