1849	C	A	0/1	6,48
1977	A	G	1/1	0,45
3446	C	T	1/1	4,50
4013	T	C	1/1	0,46
6112	G	C	0/1	55,17
6124	C	T	0/1	57,17
7362	G	C	1/1	0,70
7585	G	C	1/1	0,45
8234	T	G	0/1	57,11
9304	G	A	1/1	0,44
10419	C	T	0/1	63,8
11879	A	G	1/1	0,74
12204	G	A	0/1	12,44
12234	C	G	0/1	44,10
13298	G	C	0/1	50,8
13460	A	G	0/1	62,7
14401	A	G	0/1	67,19
14785	T	C	1/1	0,77
15117	C	G	1/1	1,76
16111	G	C	0/1	59,7
20544	G	C	0/1	49,6
21795	G	A	1/1	1,58
21819	A	C	0/1	46,7
22961	T	G	0/1	50,16
23174	C	A	0/1	47,11
24007	G	T	0/1	12,51
24698	GCCGCGTTGCTCGGGGTAA	G	1/1	0,46
26347	C	G	0/1	53,12
26747	GC	G	0/1	6,44
26957	C	G	1|1	3,52
26959	C	G	1|1	0,55
27469	A	G	0/1	42,8
27487	G	A	0/1	8,47
27495	CG	C	0/1	51,8
27996	T	C	0/1	62,8
30980	C	CCGAT	0/1	50,5
33439	G	A	1/1	3,55
34044	T	C	1/1	0,49
34568	TC	T	0/1	6,42
34605	C	A	1/1	4,42
36538	T	C	0/1	54,9
37031	C	G	1/1	0,74
38982	C	CTCGCGCGCTCGGCGCGCTCATCGACCGGGGCTTGGGTTGATTGGCCCCGGCTCTCT	0/1	11,14
39030	C	T	0/1	58,7
42281	C	A	1/1	0,85
42967	G	C	1/1	0,59
43074	C	T	0/1	41,8
43945	A	G	0/1	43,5
49360	C	T	1/1	3,60
49690	GCC	G	0/1	6,51
50557	T	C	1/1	0,43
51949	A	G	1/1	1,47
53422	G	A	0/1	17,67
54394	A	G	1/1	0,58
54842	G	T	0/1	7,73
55418	A	G	0/1	46,12
55546	G	GCCT	1/1	0,60
56001	G	A	0/1	11,54
56723	T	C	0/1	56,12
60003	C	T	0/1	21,45
62049	A	G	1/1	0,60
64028	C	T	0/1	57,9
65083	G	A	0/1	9,50
65159	G	A	0/1	34,9
66632	C	T	0/1	15,57
66892	C	G	0/1	70,11
67012	C	T	0/1	9,61
68174	T	C	0/1	57,8
69984	C	A	0/1	5,57
69989	G	A	1/1	0,62
70267	G	T	1/1	0,39
70816	A	G	1/1	0,79
71336	G	C	1/1	0,80
71584	C	CCGAGCGCTGTTCTGGCGCTAATCTGACGCTAGAATAG	1/1	0,57
72549	C	T	1/1	2,30
74737	T	G	0/1	47,13
75233	C	A	1/1	0,72
75940	G	C	1/1	0,72
79281	C	CCCACAT	0/1	48,6
79479	T	C	0/1	32,5
82335	G	A	0/1	60,15
84528	T	G	0/1	66,8
89871	C	T	0/1	62,9
92199	T	G	1/1	0,70
97696	T	C	0/1	48,8
108184	C	T	0/1	48,7
115499	T	G	0/1	27,5
116000	T	G	1/1	0,61
117295	G	A	0/1	41,10
117389	C	T	0/1	11,54
117637	C	T	0/1	44,8
120746	C	T	0/1	75,12
122109	A	G	1/1	0,49
123198	T	C	0/1	6,46
123520	T	C	1/1	0,54
123740	TG	T	0|1	57,6
123745	G	A	0|1	6,58
125830	G	GA	1/1	0,66
126803	A	G	0/1	66,9
129576	A	C	0/1	6,41
131174	T	TG	1/1	0,73
133839	C	T	1/1	0,52
137233	C	T	0/1	39,10
143207	T	C	1/1	0,70
144564	C	T	0/1	38,6
144865	C	T	1/1	1,56
146087	T	C	1/1	0,58
146872	C	T	0/1	40,6
149407	G	A	0/1	44,8
154283	T	C	1/1	0,62
156304	G	A	0|1	57,11
156307	ATACCTACCTGC	A	0|1	60,10
157129	C	T	0/1	8,50
157756	G	A	0/1	49,9
160976	C	G	0/1	45,6
162226	G	A	0/1	59,9
168787	C	T	0/1	44,12
170671	G	A	0/1	10,45
172492	C	G	0/1	6,51
176534	TG	T	0/1	6,26
177150	G	C	0/1	46,6
181090	C	T	0/1	10,66
185760	C	G	0/1	52,9
194030	G	A	0/1	11,72
194305	C	CGG	1/1	0,76
194681	G	C	1/1	0,55
196642	C	T	1/1	0,75
196874	C	T	0/1	62,12
198401	G	T	0/1	10,71
199050	A	C	0/1	41,7
199470	T	G	1/1	0,55
199857	G	A	0|1	34,9
199859	C	A	0|1	33,9
201949	G	A	0/1	11,51
203555	G	C	0/1	44,10
206339	T	C	1/1	0,56
206481	C	G	1|1	0,33
206484	G	T	1|1	0,34
207079	G	C	0/1	10,65
207221	C	T	0/1	58,11
208316	AT	A	0|1	50,10
208321	G	GC	0|1	50,10
208322	T	G	0|1	51,10
210624	C	T	0/1	12,71
217201	T	C	1/1	0,62
218599	T	C	0/1	12,59
223747	C	CG	0/1	57,9
223942	T	C	1/1	0,61
224338	C	T	0/1	8,57
225039	G	A	0/1	37,10
225323	T	C	1/1	0,59
225668	C	T	0/1	50,13
226676	G	A	0/1	41,7
227098	T	C	1/1	0,73
230576	G	GT	1/1	0,55
230920	TC	T	1/1	2,37
231114	C	G	1/1	0,54
231424	A	G	0/1	41,8
233358	A	C	0|1	49,9
233364	G	C	0|1	50,8
234268	G	T	0/1	56,11
234477	T	G	1/1	0,46
234496	C	CGT	1/1	0,38
243281	TG	T	0/1	52,7
243598	A	G	0/1	43,6
243923	CG	C	0/1	6,33
249522	T	C	1/1	0,69
251575	G	A	1/1	0,69
251669	T	C	0/1	55,10
253141	G	A	0/1	13,36
255373	T	C	1/1	3,44
257071	C	T	0/1	10,55
257788	G	GAGGATCATCAAGGGTGCGTCGCGGAAGTA	0/1	36,5
260282	G	T	0/1	45,8
261869	T	C	1/1	0,75
262268	A	T	0/1	9,68
263149	A	C	0/1	66,9
264298	C	A	0/1	36,7
264984	C	G	0|1	49,6
264992	T	C	0|1	6,48
265170	CG	C	0/1	46,7
265554	A	C	1/1	0,48
266405	C	T	0/1	9,51
272678	C	T	0/1	35,13
274463	C	A	0/1	13,56
276539	G	C	0/1	6,50
278681	C	G	1/1	0,53
281208	C	T	0/1	56,7
283503	G	A	0/1	6,60
283614	T	C	1/1	0,74
285772	A	C	1/1	0,91
285871	A	G	1/1	0,102
287141	GC	G	0/1	8,51
289253	C	T	0/1	8,62
289720	A	G	0/1	48,8
293628	A	AC	0|1	9,63
296484	C	G	0/1	10,53
301341	C	A	0/1	11,55
304065	G	A	0/1	55,7
304923	A	G	1/1	0,64
310973	G	A	1/1	0,60
311613	G	T	1/1	0,57
319524	C	T	0/1	4,36
320180	A	G	0/1	46,7
324812	C	T	0/1	8,64
325505	T	C	1/1	0,52
328569	G	C	0/1	5,43
333212	G	C	0/1	47,10
333292	A	G	0/1	45,12
336322	CAA	C	0|1	112,11
336325	T	G	0|1	112,12
336327	C	CGG	0|1	109,11
336332	G	C	0|1	110,12
336344	A	G	0|1	111,15
336345	T	C	0|1	111,16
336353	C	T	0|1	108,15
336356	GGAA	G	0|1	113,17
336360	C	CCTCCCCG	0|1	111,17
336369	C	T	0|1	111,17
336370	A	G	0|1	110,18
336380	A	T	0|1	113,29
336400	C	G	0|1	111,33
336403	C	G	0|1	113,33
336405	A	G	0|1	109,34
336422	TTG	T	0|1	92,36
336428	A	G	0|1	86,29
336431	C	T	0|1	89,30
336439	A	G	0|1	91,33
336441	C	T	0|1	92,34
336442	G	A	0|1	91,33
336449	T	C	0|1	89,32
336451	T	G	0|1	89,32
336452	A	G	0|1	89,33
336459	G	A	0|1	92,34
336468	G	GCGTCC	0|1	92,30
336472	C	CAG	0|1	91,33
336473	T	G	0|1	92,32
336476	A	AGTCG	0|1	91,32
336480	A	G	0|1	91,38
336504	G	T	0/1	92,55
336535	T	G	0|1	99,67
336537	T	G	0|1	97,66
336540	G	T	0|1	94,68
336546	T	G	0|1	95,66
336557	C	CT	0|1	92,62
336560	T	C	0|1	92,57
339088	T	G	0|1	72,9
339090	C	CGG	0|1	74,9
339095	G	C	0|1	73,4
339230	G	C	0/1	11,65
342146	A	C	1/1	0,64
342873	C	T	1/1	1,36
344288	C	G	0/1	51,7
346275	C	G	1/1	0,59
346852	T	C	0/1	65,7
351872	C	T	0/1	56,9
353197	C	T	0/1	6,52
356528	A	G	1/1	0,65
357582	G	A	0/1	52,8
358473	G	C	1/1	4,55
358926	A	C	0/1	53,10
360720	C	T	0/1	63,15
363563	G	A	0/1	5,48
376774	T	C	1/1	0,62
378357	T	G	0/1	44,12
378939	G	C	0/1	34,5
384380	A	C	1/1	0,76
386432	C	G	1/1	0,69
390828	T	C	1/1	0,71
391853	A	G	1/1	0,66
392261	T	C	1/1	0,52
393941	C	T	0/1	45,10
396199	T	C	0/1	11,69
396750	G	A	0/1	49,14
402836	G	A	0/1	8,55
403980	G	A	1/1	0,50
404326	T	C	1/1	0,64
406251	T	C	0/1	12,60
406274	T	C	0/1	60,11
406389	G	A	0/1	66,8
406992	G	T	0/1	87,13
408072	C	T	1/1	2,65
410044	CG	C	0/1	7,41
412280	T	G	0/1	63,9
414486	C	T	1/1	0,52
415061	G	A	0/1	63,10
420008	A	G	1/1	0,62
422678	G	A	1/1	2,53
424250	A	G	0/1	49,9
438271	G	A	0/1	65,9
438470	C	T	0/1	15,62
439711	T	C	0/1	37,5
440365	G	A	0/1	7,55
440878	C	T	0/1	6,58
445668	C	T	0/1	47,13
445780	C	T	1/1	0,68
447442	C	T	0/1	81,12
447525	G	C	0/1	57,11
447642	G	C	0/1	14,62
449245	G	T	0/1	11,53
452288	C	T	0/1	57,11
454295	T	C	1/1	0,51
454333	T	G	1/1	3,49
455024	G	A	1/1	4,64
455325	C	G	0|1	42,8
455329	T	C	0|1	46,9
455623	CT	C	0/1	6,44
457452	T	G	1/1	0,84
459399	A	C	1/1	0,63
461142	G	A	0/1	10,47
465697	G	C	0/1	70,13
468357	A	G	0/1	48,6
469042	C	T	0/1	51,11
476612	G	A	0/1	14,46
479137	G	C	0/1	69,13
481526	AG	A	0/1	9,58
482114	A	C	0/1	12,49
483935	T	G	1/1	0,55
484504	C	G	0/1	11,61
485230	C	T	0/1	51,11
485561	A	C	1/1	2,52
485730	C	T	1/1	3,53
485810	CA	C	1/1	5,67
489935	G	C	1/1	0,76
491742	T	C	1/1	0,55
492150	G	C	1/1	0,61
492748	C	T	0/1	52,7
496882	C	G	0/1	44,8
498010	T	C	0/1	61,11
498531	A	G	1/1	0,61
498557	C	A	1/1	0,60
499196	C	T	0/1	39,7
502589	C	G	1/1	0,63
503354	G	C	1/1	0,73
505974	G	A	1/1	0,64
509959	G	A	0/1	68,10
513257	T	C	1/1	0,66
514657	T	G	0/1	66,10
517358	T	C	1/1	0,72
517389	C	A	0/1	11,72
517411	A	G	0/1	68,10
522081	A	G	0/1	46,8
523654	C	T	0/1	7,42
524891	C	A	1/1	0,71
527316	C	G	0/1	47,8
534427	T	A	0/1	37,6
541201	A	G	1/1	0,66
546357	A	G	1/1	0,50
548326	T	C	0/1	7,68
549251	C	T	0/1	45,9
549731	GT	G	0|1	65,7
549733	ACC	A	0|1	68,7
551525	A	C	1/1	0,59
555945	T	C	0/1	51,10
555991	A	G	1/1	2,58
556035	G	T	0/1	41,9
557706	G	A	0/1	7,54
559350	G	A	0/1	40,7
560540	ACTTTTC	A	0/1	4,41
562062	GGCCA	G	0/1	11,65
564723	C	T	0/1	38,7
565404	G	T	0/1	44,8
565415	C	T	0/1	41,7
565655	A	G	1/1	0,50
567446	G	A	0/1	53,8
569045	C	T	0/1	61,10
569955	C	G	0/1	8,72
572591	C	T	0/1	8,50
573262	A	G	1/1	0,78
573384	T	G	0/1	73,9
579284	T	C	0/1	12,65
584171	T	C	1/1	0,67
584511	G	T	0/1	58,8
590436	T	C	1/1	0,61
590763	G	C	0/1	54,8
591965	G	A	0/1	57,16
595501	G	A	0/1	69,18
597816	A	G	1/1	0,73
597920	C	T	0/1	8,53
598475	G	A	1/1	0,69
599868	A	G	1/1	0,67
610120	T	G	1/1	0,61
611977	C	T	0/1	8,62
621390	G	A	0/1	52,11
627350	C	G	0/1	59,13
629714	G	A	0/1	5,56
633562	C	T	0/1	9,64
635139	G	C	0/1	12,83
637319	G	A	1/1	0,73
643126	C	A	0/1	72,9
643483	G	A	0/1	69,11
648002	T	G	1/1	0,74
648856	T	C	1/1	0,44
652950	T	C	0/1	12,69
655707	G	A	0/1	54,14
655986	T	G	1/1	0,43
657081	C	T	0/1	6,54
659341	T	C	1/1	0,69
662911	T	C	1/1	0,77
665293	A	G	1/1	0,54
669398	T	C	1/1	0,85
670545	G	A	1/1	0,88
671706	C	T	0/1	70,10
677427	T	C	0/1	49,8
678440	C	T	0/1	56,9
680965	G	A	0/1	45,7
683910	C	T	0/1	53,7
684290	A	G	0/1	42,5
684376	T	C	1/1	5,54
685153	A	G	0/1	65,9
685461	C	G	1/1	0,72
685608	T	C	1/1	0,76
686123	C	A	0/1	9,51
686972	T	C	1/1	0,56
688792	T	TG	1/1	2,64
690248	C	A	0/1	54,13
690450	A	C	1/1	0,78
690465	T	G	1/1	0,80
691773	C	T	0/1	4,36
691887	G	GC	1/1	2,28
698612	T	TCGG	0/1	46,7
698911	C	A	0/1	6,53
698968	G	A	1/1	0,69
699581	A	C	0|1	76,12
699582	T	G	0|1	74,12
699693	G	A	0/1	67,10
703521	G	A	0/1	16,56
704997	G	A	0/1	49,8
705570	C	T	0/1	52,8
705602	T	C	0/1	66,8
707358	C	G	0/1	11,75
708056	T	C	0/1	15,68
709364	C	CT	0/1	6,52
712192	G	GA	0/1	57,11
712693	A	G	1/1	0,95
713310	T	C	1/1	0,68
714422	C	T	1/1	5,95
715266	A	G	0/1	50,7
717588	A	G	0/1	48,15
720863	G	T	0/1	76,10
722852	G	A	0/1	73,12
725190	G	A	0/1	11,69
726498	C	A	0/1	73,15
729685	C	T	1/1	4,51
734116	T	C	0|1	57,15
734118	C	T	0|1	57,14
744646	C	T	0/1	79,19
745876	C	G	0/1	97,13
750027	C	CA	0|1	8,64
750033	C	G	0|1	9,64
752046	C	T	0/1	51,10
753174	C	A	1/1	5,60
753668	C	T	0/1	31,9
754186	A	G	1/1	0,62
754387	G	A	0/1	59,12
757182	A	G	1/1	0,61
759746	C	T	0/1	4,45
760490	C	T	0/1	63,12
762434	T	G	1/1	6,62
763031	T	C	1/1	0,65
763884	C	T	0|1	40,9
763886	C	A	0|1	42,9
767339	A	G	0/1	8,72
767414	G	A	1/1	0,85
767516	G	T	0/1	67,16
767609	A	G	0/1	55,16
767831	C	T	0/1	69,11
773961	A	G	1/1	6,71
775639	T	C	1/1	0,61
776100	G	A	1/1	0,70
780345	T	C	0|1	57,8
780346	G	T	0|1	56,8
781395	T	C	1/1	0,56
788615	G	C	0/1	5,53
791671	T	C	1/1	4,70
794482	G	C	0/1	42,7
798779	T	C	1/1	3,51
798934	C	A	0/1	5,47
799136	AC	A	0/1	37,7
807405	C	T	0/1	6,64
810287	C	G	0/1	40,7
815236	T	C	0/1	34,7
815851	A	G	0/1	51,8
817696	G	A	0/1	45,6
819213	T	C	0/1	49,6
820483	G	T	1/1	0,46
820734	A	G	0/1	12,74
820752	C	T	1/1	0,87
821907	T	C	0/1	46,6
830868	G	GGC	1/1	0,61
834857	C	T	0/1	8,52
841289	GAA	G	0/1	7,45
841764	G	C	1/1	0,84
847995	T	C	1/1	0,71
851380	G	A	0/1	13,62
852361	G	A	0/1	53,7
852564	T	C	0/1	17,22
852910	C	T	1/1	0,66
852933	G	C	0/1	53,12
854252	GC	G	1/1	0,43
856563	G	T	0/1	56,7
857643	C	G	0/1	8,37
857696	A	G	1/1	0,57
858464	A	G	0/1	13,63
861532	G	T	0/1	64,10
866376	G	C	1/1	4,68
871271	A	C	0/1	69,11
874835	C	CCG	1/1	0,63
875363	C	G	0/1	9,46
876141	G	T	0/1	11,67
880562	G	T	1/1	0,52
882257	T	C	1/1	0,71
885689	G	T	0/1	48,7
893733	T	G	1/1	0,48
894888	T	C	0/1	46,7
896979	T	C	1/1	5,58
897836	G	T	0/1	55,8
899389	G	A	0/1	49,8
900221	T	C	1/1	0,40
902281	G	A	0/1	56,8
903537	G	T	0/1	6,37
903550	T	C	1/1	0,45
903913	T	C	1/1	0,52
906742	T	C	1/1	6,70
906857	A	G	1/1	0,71
911261	T	C	0/1	51,7
913274	C	G	0/1	51,9
913918	C	G	1/1	4,52
916046	T	G	0/1	53,8
919551	C	T	0/1	7,64
921909	C	T	0/1	7,62
931017	C	T	0/1	7,60
931123	T	C	1/1	0,59
932280	T	C	1/1	0,79
933378	AC	A	0/1	41,9
933699	G	T	0/1	42,9
934230	C	G	1/1	0,53
934611	G	T	1/1	1,58
935764	C	G	0/1	7,57
936620	CCCA	C	0/1	6,40
938246	A	G	0/1	44,6
941845	C	A	1/1	0,52
942616	C	A	0/1	6,52
945214	G	A	1/1	0,67
945238	G	T	0/1	7,62
945258	C	G	0/1	56,6
949535	T	C	1/1	0,64
950116	C	G	0/1	9,53
952810	CT	C	0/1	54,8
955524	A	G	1/1	0,56
957117	T	C	1/1	0,61
957306	C	T	0/1	9,67
958362	C	G	1/1	4,50
960367	A	G	1/1	0,71
961598	C	G	1/1	4,53
976043	G	T	0/1	52,7
979704	G	C	1/1	0,48
984316	C	T	0/1	9,66
986463	G	C	1/1	0,57
990001	G	C	1/1	0,66
991939	G	A	0/1	13,51
993016	G	A	1/1	3,48
993346	A	C	1/1	0,77
996263	G	A	0/1	9,54
997083	C	T	0/1	6,34
1002172	G	A	0/1	10,71
1002342	T	C	0/1	53,8
1007198	A	G	0/1	9,65
1008460	C	T	0/1	10,78
1009429	C	G	0/1	6,57
1009500	C	T	0/1	7,60
1010204	C	CG	1/1	0,57
1012815	C	G	0/1	11,52
1014815	T	G	0/1	43,5
1022613	G	A	0/1	46,7
1023911	C	G	0/1	12,59
1024346	A	G	1/1	0,74
1025106	T	C	1/1	0,66
1026916	C	CG	1/1	3,38
1029586	G	A	1/1	5,55
1029997	A	G	0/1	44,15
1034381	G	A	0/1	6,43
1034713	GT	G	0/1	60,11
1037012	T	C	1/1	0,57
1037911	C	T	1/1	0,51
1038108	C	G	0/1	7,54
1044762	G	A	0/1	39,9
1046468	C	T	0/1	48,9
1047165	T	C	1/1	0,42
1048102	G	A	0/1	55,8
1050367	C	T	0/1	46,7
1052756	C	T	0/1	9,45
1054630	A	G	0/1	54,13
1054784	C	G	1/1	0,59
1061386	T	C	0/1	62,7
1063922	C	T	0/1	38,7
1065557	A	T	0/1	38,7
1066038	A	G	0/1	45,8
1068151	T	C	1/1	0,80
1068432	A	G	1/1	0,67
1070702	T	C	1/1	0,72
1071349	G	C	0/1	8,78
1073716	C	T	0/1	62,11
1074558	G	A	1/1	0,55
1075167	GCAT	G	0/1	51,9
1075279	T	C	1/1	0,62
1076309	G	T	1/1	0,56
1077312	A	G	1/1	1,54
1079927	C	A	1/1	0,65
1080192	G	A	1/1	0,74
1081681	T	C	1/1	0,76
1081759	CG	C	0/1	70,11
1082050	C	T	0/1	9,71
1082375	G	A	0/1	6,61
1086648	C	A	0/1	36,9
1087193	G	C	1/1	0,51
1090188	A	AG	1/1	0,83
1097023	G	A	0/1	59,9
1097195	C	T	0/1	63,15
1097220	C	T	0/1	16,61
1098523	T	A	1/1	0,73
1099058	G	A	0/1	5,48
1100234	T	C	1/1	0,46
1104690	T	G	1/1	0,66
1104724	C	G	0/1	58,11
1104928	C	T	0/1	52,9
1106099	C	T	1/1	3,55
1106422	T	C	1/1	0,65
1107548	C	A	0/1	5,46
1107940	A	C	1/1	0,59
1109163	C	G	0/1	73,11
1109975	A	G	1/1	0,82
1110721	T	C	0/1	7,67
1110956	T	G	0/1	45,8
1111228	G	A	0/1	41,12
1111852	G	T	0/1	6,52
1113733	C	A	1/1	4,55
1121663	GGGGATGCCGATGCCC	G	1/1	3,41
1123597	A	G	0/1	76,9
1123814	G	A	0/1	55,10
1126889	G	C	1/1	0,79
1127346	C	T	0/1	58,11
1127648	C	A	1/1	0,49
1131300	G	A	0/1	49,11
1138348	G	A	0/1	53,7
1139089	G	C	0/1	8,53
1143832	A	C	0/1	72,9
1144409	T	G	0/1	10,47
1144585	A	G	1/1	0,49
1148259	A	G	1/1	0,54
1149551	C	T	1/1	0,68
1150585	G	A	1/1	0,68
1151054	C	G	0/1	7,53
1151485	CGT	C	0/1	44,10
1152805	T	A	0/1	9,46
1152863	A	G	0/1	9,43
1153388	C	T	0/1	6,53
1157771	G	C	0/1	45,7
1164336	G	A	1/1	0,77
1164571	A	G	0/1	6,54
1166351	G	A	0/1	11,56
1168715	C	CT	1/1	0,66
1169140	C	A	0/1	11,59
1173750	G	T	0/1	7,47
1177184	C	A	0/1	6,45
1178116	T	C	1/1	0,52
1190669	T	C	1/1	0,72
1192830	G	A	0/1	51,8
1193463	T	A	0/1	11,60
1195358	T	G	0/1	50,8
1200418	A	G	1/1	0,72
1203824	T	C	0/1	52,6
1205014	C	A	0/1	19,35
1209662	C	T	0/1	69,9
1211369	A	C	1/1	0,73
1216319	C	A	0/1	6,59
1220570	G	T	0/1	42,6
1220680	T	C	1/1	0,53
1224367	T	C	1/1	0,42
1227830	G	T	0/1	10,64
1230778	G	A	1/1	0,66
1235446	T	C	0/1	46,11
1236433	A	C	0/1	4,37
1237403	G	A	0/1	38,6
1237818	C	G	0/1	6,57
1240744	C	A	0/1	8,51
1241572	A	G	1/1	3,37
1247391	A	C	0/1	12,52
1248382	A	G	1/1	0,88
1248936	G	C	1/1	0,56
1248978	T	C	1/1	0,58
1250340	A	G	1/1	0,66
1250357	T	G	0/1	63,12
1251199	C	T	1/1	0,70
1253330	C	T	0/1	7,71
1253841	A	C	0/1	38,5
1254562	A	G	1/1	0,75
1257404	C	T	0/1	13,40
1265828	G	A	1/1	5,62
1269028	G	C	0/1	7,49
1271187	C	G	0/1	5,57
1273250	G	GA	1/1	0,62
1275957	T	C	1/1	0,84
1280097	C	T	0/1	8,59
1281118	T	C	1/1	0,62
1281771	T	C	1/1	0,55
1281984	G	A	0/1	7,56
1282316	T	C	0/1	68,14
1287160	A	C	0/1	63,10
1287372	G	C	0/1	12,61
1292102	A	G	1/1	0,62
1292375	C	A	0/1	11,58
1306259	A	G	1/1	0,63
1306444	T	C	0/1	54,12
1307598	C	G	1/1	0,65
1308317	T	C	0/1	13,57
1310316	C	T	0/1	55,13
1313337	A	AG	1|1	0,48
1313338	A	C	1|1	0,50
1314617	C	T	0/1	46,8
1315191	A	C	1/1	0,57
1315884	G	A	1/1	0,54
1317786	G	T	0/1	11,45
1320508	G	A	0/1	61,9
1325650	G	A	0/1	8,36
1327890	G	A	1/1	0,62
1328687	G	C	1/1	0,71
1333661	C	CG	0/1	75,11
1335168	A	C	0/1	10,60
1344857	C	T	0/1	40,8
1345016	C	T	0/1	7,47
1348064	A	G	1/1	5,54
1351172	A	G	1/1	0,60
1356648	C	T	0/1	41,7
1358940	C	A	0/1	49,9
1360209	T	C	1/1	0,57
1361190	G	A	1/1	5,53
1361350	A	C	0/1	58,10
1362006	T	C	1/1	0,66
1364490	T	C	0/1	11,63
1365837	C	CGG	1/1	0,65
1367484	T	G	1/1	0,61
1368947	A	G	0/1	51,12
1369389	C	T	0/1	63,11
1370229	C	T	0/1	7,64
1371470	G	A	1/1	3,56
1374065	T	C	1/1	0,77
1374578	C	T	0/1	45,8
1374639	T	A	0/1	45,10
1375724	A	C	1/1	0,54
1377294	T	G	1/1	4,45
1377568	A	G	0/1	10,50
1379917	G	T	0/1	48,11
1382628	T	C	1/1	0,56
1387211	G	A	0/1	50,7
1388627	A	G	0/1	7,55
1390763	C	T	1/1	0,41
1392699	C	G	0/1	12,63
1393626	A	G	1/1	0,56
1395010	A	G	0/1	50,12
1396618	C	A	0/1	6,52
1396922	T	C	1/1	0,57
1397199	G	A	0|1	66,10
1397201	A	G	0|1	65,11
1397215	C	G	0/1	70,12
1400396	A	G	0/1	41,8
1401033	C	T	1/1	4,57
1410062	G	C	0/1	56,6
1411210	T	G	1/1	0,48
1413148	C	T	1/1	0,39
1414021	C	T	1/1	0,75
1414621	C	A	0|1	77,11
1414629	T	A	0|1	74,11
1414653	C	T	0/1	76,10
1416222	A	G	0|1	63,8
1416232	A	G	0|1	67,8
1416234	A	C	0|1	67,8
1417019	C	T	0/1	49,7
1417554	G	C	0/1	67,8
1418880	G	A	0/1	48,10
1422666	C	T	0|1	7,53
1422667	C	T	0|1	7,53
1424699	T	C	0/1	53,7
1426589	C	T	0/1	53,14
1426928	C	T	0/1	42,12
1440090	C	T	0/1	6,47
1440469	C	G	1/1	0,69
1440637	C	T	0/1	8,56
1442872	G	A	0/1	56,12
1445781	A	G	1/1	0,61
1445977	C	T	0/1	51,7
1450316	C	T	1/1	6,67
1453959	T	C	0/1	11,67
1457144	C	T	1/1	0,61
1462845	G	A	0/1	8,49
1470261	G	A	0/1	44,13
1471659	C	T	1/1	0,70
1478357	G	T	0/1	7,55
1479085	T	C	1/1	0,60
1482627	T	C	1/1	0,75
1484708	A	C	1/1	0,60
1490905	A	G	1|1	0,38
1490911	G	A	0|1	31,6
1492194	T	C	0/1	36,7
1495836	G	A	0/1	5,52
1496964	G	T	0/1	52,9
1498951	G	T	1/1	5,65
1499211	GCT	G	0|1	8,68
1499215	AGGCCGG	A	0|1	9,70
1499274	C	G	1/1	0,71
1499347	C	G	0/1	63,7
1501700	G	A	0/1	11,45
1505194	T	C	0/1	51,7
1505973	G	A	0/1	54,10
1509067	C	T	0/1	47,12
1513189	C	T	0/1	11,49
1514160	A	G	0/1	50,7
1521526	T	C	0/1	61,7
1522862	C	T	0/1	38,12
1523175	A	C	0/1	58,7
1525160	G	A	0/1	43,9
1526507	C	T	0/1	54,11
1526819	C	A	1/1	0,62
1534551	C	T	0|1	6,52
1536251	G	T	1/1	0,67
1539445	T	A	0/1	44,9
1540141	T	C	1/1	0,58
1540484	C	G	0/1	11,43
1544255	C	T	1/1	0,65
1545315	C	CGTTTGGCGACGGGTGCGCGGCGTTGGT	0|1	5,25
1545318	T	TCGGCGCCAGCCAGGTTCAGGAGA	0|1	5,12
1545320	T	G	0|1	5,3
1546021	G	A	0/1	43,6
1546703	C	T	1/1	0,44
1547125	T	C	1/1	0,80
1548087	G	A	0/1	41,7
1552547	G	A	1/1	0,81
1554216	C	T	0/1	13,52
1560912	G	A	0/1	66,11
1563717	C	T	1/1	0,49
1565020	C	T	0/1	9,65
1565915	G	T	0/1	73,9
1568178	C	T	0/1	42,8
1570566	C	A	1/1	1,73
1574206	T	C	0/1	69,16
1575793	A	G	0/1	55,7
1583792	C	T	0/1	45,12
1584379	A	C	0/1	44,13
1584501	G	GT	0/1	48,11
1585283	A	C	0/1	72,12
1587003	A	C	0/1	54,9
1588899	G	T	1/1	0,60
1590555	C	T	0/1	55,8
1593331	G	A	0/1	4,39
1595342	T	C	1/1	7,65
1599557	C	G	0/1	11,62
1600685	C	T	0/1	53,12
1601528	C	T	0/1	46,7
1604290	A	T	0/1	36,9
1605198	G	C	0/1	53,6
1608276	A	C	1/1	1,72
1609840	A	G	1/1	0,69
1611283	T	C	0/1	54,11
1612624	T	TATCGGTACCGGTGCGCCAGGG	1/1	0,51
1613035	T	C	1/1	0,61
1614143	G	A	0/1	10,50
1617833	C	T	0/1	77,14
1624791	C	G	1/1	0,66
1625259	A	C	0/1	62,8
1627351	T	C	1/1	0,71
1630148	A	C	1/1	0,62
1639418	A	G	0/1	50,11
1639594	C	A	1/1	0,58
1640442	C	T	0/1	68,9
1645802	T	C	1/1	0,64
1647022	G	A	0/1	46,9
1650072	A	G	1/1	0,53
1650406	C	A	0/1	8,46
1655148	A	G	0/1	13,77
1658535	G	T	0/1	59,9
1659902	T	C	0/1	60,8
1659994	C	T	0/1	46,6
1660237	G	A	0/1	16,47
1676290	C	A	1/1	0,63
1676880	A	G	1/1	6,58
1681147	G	A	1/1	3,59
1688300	T	C	1/1	0,49
1689349	C	T	1/1	0,73
1690563	G	T	0/1	5,42
1691520	T	G	0/1	42,6
1692141	A	C	1/1	0,60
1692960	T	C	0/1	8,66
1693561	A	G	1/1	0,67
1695674	G	A	0/1	67,11
1697413	C	A	0/1	8,58
1698911	G	A	1/1	0,48
1699849	G	A	1/1	0,53
1703718	C	G	0/1	10,46
1706119	T	C	1/1	0,54
1706746	C	A	0/1	42,16
1708792	T	C	0/1	10,55
1709432	C	T	1/1	0,80
1713192	A	G	1/1	0,60
1713923	A	G	1/1	3,46
1716472	A	G	1/1	0,59
1718444	T	C	0/1	47,7
1726816	G	T	0/1	66,8
1728161	G	T	0/1	5,55
1728837	A	G	1/1	0,70
1733047	G	A	0/1	76,13
1735739	T	C	0/1	10,59
1735903	A	G	0/1	74,11
1739390	A	G	0/1	47,9
1748439	C	T	1/1	2,50
1753519	G	GC	1/1	0,46
1754983	C	T	0/1	51,10
1757871	A	G	0/1	43,7
1758790	C	T	0/1	63,11
1759252	G	T	1/1	0,51
1760292	A	G	1/1	0,59
1763482	G	A	1/1	4,53
1764225	C	T	1/1	4,60
1766689	GCA	G	0/1	43,8
1772903	G	A	0/1	48,16
1776407	A	G	0/1	13,63
1778430	T	C	1/1	0,72
1789933	G	A	0/1	7,48
1792777	T	C	1|1	0,58
1792778	T	C	1|1	0,59
1797577	A	G	0/1	45,8
1798355	G	A	1/1	0,64
1802047	C	G	0/1	3,32
1803265	G	A	1/1	0,56
1804409	C	A	1/1	0,54
1810127	G	A	0/1	63,11
1811375	G	T	0/1	5,57
1812448	C	T	1/1	2,41
1814135	A	G	0/1	47,9
1817976	A	T	1/1	0,46
1818286	C	T	0/1	9,59
1823579	C	T	0/1	33,8
1826054	T	C	0/1	41,12
1826343	C	T	0/1	40,9
1827468	C	A	0/1	9,59
1827553	C	G	0/1	52,9
1828935	T	G	1/1	6,64
1829576	C	T	0/1	50,10
1832509	C	G	0/1	5,54
1832642	G	T	0|1	72,8
1832643	G	C	0|1	73,8
1833025	C	T	0/1	14,42
1836286	G	C	1/1	0,67
1836417	C	A	0/1	6,59
1839260	T	G	0/1	57,13
1839306	A	G	0/1	41,6
1839759	G	C	1/1	0,65
1847919	C	G	1/1	0,79
1849191	T	C	0/1	49,8
1849609	T	C	1/1	0,56
1852877	A	C	0/1	12,74
1853974	C	T	0/1	48,11
1854045	A	G	0/1	65,9
1854300	T	C	1/1	0,85
1856777	G	C	1/1	1,60
1859559	C	A	1/1	0,39
1866289	G	C	0/1	57,8
1867636	A	G	0/1	49,7
1872959	A	G	0/1	61,7
1873700	G	A	0/1	12,53
1875603	G	A	0/1	38,13
1876393	C	T	0/1	64,11
1876739	T	G	0/1	54,8
1884110	C	CGCCCCGTGCGATTTGCCGAGGG	0/1	5,41
1885772	G	A	1/1	0,47
1886263	C	G	0/1	56,7
1887284	G	A	0/1	37,6
1889073	G	C	0/1	48,7
1894300	G	GGTCTTGCCGC	1/1	0,32
1894422	A	G	1/1	0,35
1901493	T	C	1/1	0,59
1901623	G	T	0/1	49,8
1907177	C	T	0/1	59,8
1907296	G	C	1/1	0,70
1908598	G	A	0/1	11,55
1914217	C	A	0/1	6,55
1916137	A	G	1/1	0,69
1916998	A	T	0/1	62,19
1917972	A	G	1/1	0,68
1920120	G	T	0/1	64,9
1923985	G	A	0/1	56,12
1925136	G	A	0/1	5,54
1926029	T	C	1/1	5,50
1931179	C	A	1/1	0,50
1933988	G	A	1/1	0,57
1935695	T	G	0/1	55,9
1936525	G	A	0/1	40,8
1939366	T	C	1/1	2,46
1942097	C	T	0/1	65,12
1943723	C	T	0/1	48,9
1944107	A	G	1/1	0,73
1944402	T	C	1/1	0,55
1946986	C	T	0/1	10,55
1946999	T	G	0/1	7,60
1950767	T	C	1/1	0,69
1952743	G	A	1/1	4,43
1960284	C	A	1/1	0,62
1961798	A	G	0/1	7,63
1963383	G	A	0/1	40,8
1963957	T	C	0/1	71,12
1967237	C	A	1/1	0,86
1971725	G	C	1/1	0,70
1972901	C	T	1/1	1,53
1977646	G	A	1/1	3,57
1978807	G	T	0/1	41,6
1986796	C	T	0/1	7,64
1992751	T	A	1/1	6,58
1993561	T	C	0/1	7,44
1993808	A	T	1/1	0,51
1993999	G	A	0/1	49,9
1995528	A	G	1/1	1,56
2003252	C	T	0/1	7,59
2003827	A	C	0/1	8,58
2008669	T	A	0/1	56,8
2010880	T	G	1/1	2,46
2011568	G	C	0/1	8,30
2013943	G	C	0/1	63,12
2017291	T	C	0/1	46,6
2017560	A	T	0/1	45,7
2019236	T	G	0/1	34,10
2020120	C	T	0/1	10,58
2022643	G	T	0/1	59,13
2022868	T	C	1/1	0,65
2023211	G	T	0/1	54,12
2023628	C	G	0/1	5,53
2034676	C	T	0/1	8,53
2035937	G	A	0/1	43,9
2047425	GCGCT	G	0|1	60,7
2047430	AACTTCCCGTCTC	A	0|1	61,7
2055271	A	G	1/1	0,62
2056184	C	T	0/1	6,54
2057774	A	T	1/1	0,45
2058949	GC	G	0/1	11,51
2062922	T	C	0/1	55,9
2066471	T	C	0/1	39,8
2072190	A	C	0/1	44,5
2074754	C	T	1/1	0,89
2083124	T	C	0/1	66,10
2083610	G	C	0/1	61,8
2084697	G	T	1/1	5,62
2087652	C	T	1/1	7,78
2090306	G	A	0/1	45,8
2090400	T	TCGCCAACGCCAC	0/1	39,6
2092391	G	T	0/1	55,12
2094911	ACAGCGT	A	1/1	0,63
2096094	C	T	0/1	59,10
2096186	A	G	1/1	0,62
2097144	G	C	0/1	53,9
2104779	C	T	0/1	54,13
2108141	T	C	1/1	0,52
2108890	A	C	1/1	0,74
2109523	C	CG	1/1	0,53
2110365	A	C	0/1	66,11
2110812	G	T	0/1	54,12
2116903	C	T	1/1	0,44
2118936	G	A	0/1	14,58
2120226	A	G	0/1	43,7
2120796	T	A	0/1	50,8
2122625	A	G	0/1	45,6
2122826	G	A	0/1	49,9
2122976	C	G	1/1	0,58
2123169	T	G	1/1	0,49
2128372	A	G	0/1	51,6
2128870	A	G	1/1	0,53
2132062	C	G	0/1	64,8
2133468	T	TTCGCATGCCGTCACC	1/1	0,41
2135870	T	C	1/1	0,56
2137521	A	ACTCCGATCAC	1/1	0,46
2138453	C	T	0/1	8,55
2142250	C	T	1/1	3,42
2143327	CG	C	1/1	2,79
2143973	A	G	0/1	54,8
2144679	G	A	0/1	53,8
2146065	C	CGGCGGTCGCGGCGGGGCGGGCGGTAGAGGCGGCGACGGCGGGCAA	1/1	0,21
2147022	A	C	1/1	0,52
2147429	G	C	0/1	37,10
2151678	G	T	0/1	47,7
2151780	G	T	0/1	12,58
2153184	T	G	1/1	3,60
2154724	C	A	1/1	0,76
2158109	T	C	1/1	0,62
2158563	GT	G	0/1	38,7
2158905	C	A	1/1	4,61
2160998	G	A	1/1	0,45
2161343	G	GT	1/1	0,58
2162402	C	T	0/1	8,51
2172526	A	C	0/1	4,37
2173860	A	C	1/1	3,50
2185538	G	A	1/1	3,53
2186127	G	A	0/1	9,61
2186236	C	T	0/1	9,63
2187587	G	C	1/1	3,60
2198265	C	T	0/1	10,54
2199052	C	G	1/1	0,63
2207591	T	TC	1/1	0,60
2209465	G	A	1/1	0,46
2211826	A	G	1/1	0,82
2216345	C	A	0/1	6,41
2216443	C	A	1/1	0,69
2218012	A	G	0/1	42,5
2218488	G	C	0/1	42,11
2219955	CG	C	0/1	63,10
2219985	G	T	0/1	11,64
2220512	T	G	1/1	0,58
2220787	A	C	1/1	3,45
2220940	CGCCACGAT	C	0/1	6,56
2221584	G	C	0/1	7,40
2223293	T	C	1/1	0,53
2228967	A	G	1/1	0,47
2229801	C	G	1/1	0,60
2235169	GACAATCCGACGTTTTGCACCATGATCTGCCGCGAGCGCCGGGCATGGTCTAGGGCTTGGGGCA	G	0/1	11,57
2237386	T	C	0/1	64,10
2237497	G	C	0/1	77,10
2241742	A	G	0/1	48,6
2242808	G	A	0/1	46,12
2243034	T	G	0/1	39,7
2244421	G	T	0/1	8,55
2244883	C	A	0/1	28,12
2245499	C	T	0/1	6,54
2245916	T	G	0/1	11,54
2247677	A	C	1/1	0,67
2249035	A	G	0/1	78,10
2251999	A	G	1/1	0,51
2260100	C	T	1/1	0,45
2260151	A	G	0|1	43,7
2260154	C	T	0|1	43,7
2260171	T	C	0|1	48,9
2260174	C	T	0|1	48,9
2260196	C	CA	0|1	49,11
2260199	C	T	0|1	49,11
2260212	G	T	0|1	51,9
2260214	G	C	0|1	51,9
2260220	C	T	0|1	52,9
2260222	C	G	0|1	53,9
2260231	T	C	0|1	52,8
2260467	G	A	0/1	46,12
2260525	C	T	1/1	0,60
2264782	C	A	1/1	0,39
2265059	T	G	1/1	0,60
2266487	G	C	0|1	71,51
2266504	T	TA	0|1	73,57
2266508	A	T	0|1	69,52
2266511	GT	G	0|1	69,54
2266517	T	C	0|1	68,57
2266550	G	T	0|1	71,75
2266553	C	G	0|1	71,78
2266583	C	G	0|1	71,33
2266598	G	C	0|1	73,35
2266604	C	G	0|1	70,36
2266613	G	GC	0|1	72,37
2266624	G	T	0|1	73,37
2269780	T	C	1/1	0,57
2270102	A	G	1/1	0,52
2271143	G	A	0/1	10,55
2273858	G	A	0/1	10,47
2275764	G	A	0/1	7,37
2282190	C	T	1/1	4,58
2282787	C	T	1/1	0,51
2284456	T	G	0/1	9,52
2285251	C	A	1/1	0,50
2285558	G	A	0/1	6,52
2287121	A	G	1/1	0,54
2289047	G	A	1/1	4,55
2289365	CG	C	0/1	4,41
2289425	T	TGAA	0|1	20,14
2289426	C	CCGCCCCGGTGAGTCCGGAGACTCTCTG	0|1	20,13
2289429	C	CTGAGACCTCAGCCG	0|1	21,9
2307586	CGTCG	C	0/1	8,58
2309203	G	A	0/1	6,51
2310831	C	T	0/1	96,18
2311099	C	G	1/1	0,112
2314361	C	T	1/1	2,51
2321358	G	C	0/1	67,8
2325320	T	C	0/1	8,56
2327903	ATGAT	A	0/1	49,10
2328543	T	C	1/1	0,70
2329533	A	G	1/1	0,82
2331620	A	C	1/1	0,82
2331789	G	T	1/1	0,75
2333215	C	T	0/1	5,38
2334007	A	G	1/1	0,52
2335075	A	G	1|1	0,61
2335080	T	C	1|1	6,54
2335494	A	G	1/1	0,67
2335500	C	T	0/1	55,7
2338181	G	T	0/1	29,15
2338194	AC	A	1/1	0,44
2338275	G	C	0/1	34,39
2338416	C	G	0|1	45,53
2338422	C	T	0|1	49,47
2338425	A	G	0|1	53,45
2338428	G	A	0|1	56,46
2338431	A	G	0|1	56,47
2338434	C	T	0|1	53,45
2338457	G	A	0|1	56,35
2338464	C	G	0|1	58,27
2338466	A	G	0|1	56,27
2338469	TCG	T	0|1	57,26
2338476	A	ACG	0|1	56,25
2338477	A	C	0|1	56,23
2338479	C	CGGT	0|1	53,23
2338484	ACAAC	A	0|1	57,18
2338491	G	GA	0|1	57,16
2338495	T	C	0|1	57,16
2338497	C	T	0|1	56,16
2338499	C	CGGG	0|1	56,15
2338500	AAAC	A	0|1	60,14
2338504	A	G	0|1	60,14
2338512	A	G	0|1	61,13
2338677	T	C	0|1	77,7
2338679	C	T	0|1	77,8
2338692	C	G	0|1	79,10
2338701	C	T	0|1	78,14
2338702	A	G	0|1	78,14
2338704	C	G	0|1	77,14
2338707	C	T	0|1	73,14
2341030	G	A	0/1	64,12
2341636	C	G	1/1	0,85
2342649	A	AGGCGTACACAC	1/1	0,64
2344246	G	C	0/1	10,47
2345037	C	A	1/1	0,63
2345085	A	C	1/1	4,56
2346929	C	T	0/1	5,54
2348708	G	A	1/1	3,44
2349634	C	T	0/1	49,7
2351857	G	A	0/1	51,11
2352065	C	CCTCGCCTGGGCTGGCGAGCAGACGCAAAATCCCCCGCACGCCCGGCGTGTCGGGGGATTTTGCGTCTG	1/1	4,46
2353385	G	C	0/1	13,79
2355631	C	T	0/1	55,11
2357268	TGCC	T	1/1	0,32
2357820	G	C	0|1	69,7
2357824	T	C	0|1	68,3
2358029	T	TG	1/1	0,72
2361604	C	G	1/1	0,63
2362041	C	A	1/1	0,46
2365328	G	A	0/1	43,10
2367060	TA	T	1/1	3,62
2368564	TA	T	1/1	0,48
2368647	C	T	0/1	43,10
2369186	G	C	1/1	0,52
2369326	C	G	1/1	0,39
2374442	G	A	0/1	40,9
2376425	A	G	0/1	46,6
2378572	G	A	0/1	5,50
2379743	C	G	0/1	62,13
2384873	C	G	0/1	50,8
2386389	G	A	1/1	0,59
2388641	G	A	1/1	0,66
2390299	A	G	0/1	53,7
2390933	A	G	0/1	10,49
2397760	C	G	0/1	48,9
2402765	G	A	0/1	6,44
2404085	G	A	0/1	65,9
2413246	C	A	1/1	0,87
2415656	G	C	1/1	0,103
2419142	A	G	0/1	49,15
2421816	A	G	1/1	0,89
2421975	G	GGGAA	1/1	0,82
2424925	A	G	1/1	0,75
2425097	A	C	0/1	71,9
2425471	T	C	1/1	0,54
2434749	C	T	0/1	7,55
2437259	G	T	0/1	52,8
2440926	G	T	1/1	0,57
2440935	G	C	1/1	4,56
2448288	G	A	0/1	62,9
2448458	C	T	1/1	0,59
2449826	C	G	0/1	9,66
2451081	C	G	0/1	60,10
2452452	G	A	0/1	11,88
2462871	G	A	1/1	0,65
2470591	A	C	1/1	0,58
2472029	T	G	0/1	13,72
2472956	T	C	0/1	70,10
2477984	G	A	0/1	10,45
2478619	G	A	0/1	15,66
2480809	G	C	0/1	13,53
2484657	C	T	0/1	60,10
2490874	T	C	1/1	4,50
2494430	C	G	1/1	4,53
2495500	T	C	0/1	64,9
2499726	G	A	1/1	0,76
2503549	C	A	0/1	54,15
2504177	C	T	0/1	7,48
2508395	G	A	0/1	52,9
2509140	G	C	1/1	0,86
2509181	C	G	0/1	74,11
2509722	A	G	1/1	0,50
2516271	T	C	0/1	9,54
2516567	G	C	1/1	0,36
2517288	C	T	0/1	62,11
2521342	T	C	1/1	0,59
2523205	G	GCGC	1/1	0,48
2525593	G	C	0/1	64,12
2525722	CG	C	1/1	0,77
2526974	T	C	1/1	0,56
2528931	G	A	0/1	39,9
2529680	A	G	1/1	0,66
2530434	G	T	0/1	50,12
2533377	T	C	0/1	6,42
2533770	C	A	0/1	60,12
2534562	GGA	G	1/1	0,77
2536312	C	T	0/1	10,65
2536625	C	CG	0/1	6,27
2540554	T	C	0/1	10,58
2541477	C	G	0/1	7,49
2541779	G	A	0/1	8,52
2542543	G	A	0/1	7,51
2547274	A	G	0/1	43,6
2552592	A	C	0/1	67,12
2556137	G	C	0/1	7,67
2562644	G	T	0/1	9,48
2563958	A	C	0/1	44,9
2564368	G	GC	1/1	0,59
2566766	C	CG	1|1	0,36
2566768	A	C	1|1	0,36
2569593	A	G	0/1	52,6
2572791	A	C	0/1	8,69
2573434	G	T	0/1	48,6
2573756	C	A	1/1	0,61
2578626	A	G	1/1	0,43
2579719	T	TTGAACCGCCCCGGTGAGTCCGGAGACTCTCTGATCTGAGACCTCAGC	0/1	12,15
2579772	A	G	0/1	28,4
2581109	C	A	0/1	48,8
2581352	C	A	0/1	47,6
2583606	C	G	0/1	73,10
2583868	C	A	1/1	5,64
2586127	A	G	1/1	0,69
2589216	G	C	1/1	0,69
2591172	G	A	0/1	4,49
2598400	A	G	1/1	0,51
2600260	A	G	0/1	9,57
2602575	G	A	0/1	41,6
2604156	TCAGTGCCAA	T	1/1	0,38
2606797	G	GC	0/1	46,14
2608117	C	A	1/1	0,72
2608256	G	A	0/1	61,9
2611704	A	C	0/1	45,5
2612632	C	A	1/1	0,50
2615413	A	G	0/1	8,68
2617509	G	A	0/1	45,10
2619271	T	C	1/1	0,41
2624986	T	G	1/1	4,65
2627946	A	G	0/1	10,56
2631009	G	GGTGCC	0/1	6,46
2632341	C	CA	1/1	0,42
2632362	T	C	1/1	5,50
2637541	C	T	1/1	0,58
2642383	C	T	1/1	0,53
2652254	G	C	0/1	9,77
2652908	C	G	0/1	58,9
2656225	A	G	1/1	0,59
2656635	G	A	0/1	4,39
2661039	G	A	0/1	7,49
2662014	C	T	0/1	66,14
2663210	G	A	0/1	53,7
2680658	T	G	1/1	0,58
2688225	G	C	0/1	50,7
2688700	C	T	0/1	9,63
2690160	A	G	0/1	4,34
2691481	T	C	0/1	47,8
2691713	T	C	0/1	38,6
2695378	C	G	1/1	0,46
2696977	G	C	0/1	43,7
2697489	C	T	0/1	5,41
2699644	C	T	0/1	8,42
2700222	T	C	0/1	7,42
2704291	G	A	0/1	69,12
2704884	A	ACAGCGACCATATCGCCGAGCT	1/1	0,66
2709795	A	G	0/1	42,5
2712328	C	T	0/1	7,50
2713795	C	T	1/1	0,61
2718032	C	T	0/1	5,44
2718852	T	G	1/1	0,90
2719850	G	A	0/1	42,7
2720069	G	A	0/1	13,56
2720444	C	T	0/1	5,35
2723506	T	C	1/1	0,46
2724180	TCACGATCGGGTCTCCTCTAG	T	1/1	0,62
2725472	G	A	0/1	49,11
2726105	G	A	0/1	9,76
2729058	A	C	0/1	5,37
2729454	C	T	0/1	9,59
2729772	G	C	0/1	38,9
2734074	T	C	1/1	0,65
2737572	C	A	1/1	0,71
2738221	G	A	0/1	9,73
2740693	T	C	1/1	0,48
2751804	C	T	1/1	0,58
2752698	C	A	1/1	0,55
2753869	A	G	0/1	9,69
2759534	C	G	0/1	40,6
2760152	A	G	1/1	0,68
2761672	G	A	0/1	49,9
2764206	A	G	0/1	67,8
2764939	G	A	0/1	42,13
2771383	A	G	0/1	15,55
2773955	G	C	0/1	77,9
2779136	T	C	1/1	0,49
2782498	G	A	0/1	6,46
2786952	A	G	1/1	0,61
2787989	C	T	0/1	58,10
2788966	G	T	0/1	64,9
2789661	C	A	0/1	52,7
2791098	C	T	1/1	0,61
2791475	A	G	0/1	66,8
2798595	C	T	0/1	14,61
2799488	CCGCAA	C	0/1	50,5
2807486	C	A	1/1	0,57
2808611	C	A	0/1	56,7
2809621	T	C	1/1	0,63
2809895	G	A	0/1	58,10
2817158	C	A	0/1	51,10
2817518	C	G	0/1	58,11
2817747	G	A	0/1	11,63
2818837	A	G	1/1	0,75
2821342	C	T	1/1	0,60
2824432	G	A	0/1	50,7
2825466	G	A	1/1	0,58
2827984	G	T	1/1	0,47
2828019	T	C	1/1	0,42
2828058	G	A	0/1	25,8
2828104	C	T	0/1	34,6
2830525	C	A	1/1	0,53
2840999	C	G	0/1	9,62
2841022	A	G	1/1	0,73
2847281	A	G	1/1	0,79
2852766	G	A	0/1	44,8
2855259	A	G	1/1	0,79
2855291	C	T	0/1	71,10
2858669	G	T	0/1	38,9
2865760	A	G	1/1	0,73
2865882	T	C	1/1	0,63
2869242	T	C	0/1	49,9
2877378	G	C	0/1	12,46
2880702	G	C	1/1	0,65
2881244	A	G	0/1	50,6
2881337	C	T	0/1	7,67
2881569	A	G	1/1	4,48
2881597	AG	A	1/1	0,47
2884068	A	C	0/1	6,38
2885350	T	C	0/1	55,8
2886570	A	G	1/1	0,61
2888201	T	C	1/1	0,64
2889633	T	C	1/1	0,67
2890053	A	G	0/1	60,10
2891267	C	T	1/1	0,55
2891728	A	G	1/1	0,48
2893883	A	G	0/1	55,8
2894208	G	A	1/1	0,58
2894594	G	A	0/1	72,10
2894642	A	G	0/1	66,11
2895473	A	G	1/1	5,50
2897660	T	C	0/1	8,44
2897871	A	G	0/1	60,10
2898522	T	C	0/1	7,65
2898827	G	A	0/1	8,63
2899890	G	T	0/1	38,12
2903050	G	A	1/1	4,62
2910461	G	T	1/1	1,66
2910852	C	G	1/1	3,66
2911293	C	G	1/1	0,95
2911419	G	T	1/1	4,76
2912294	T	G	1/1	0,75
2915482	C	A	0/1	49,10
2918922	G	A	0/1	56,9
2920411	G	C	0/1	7,59
2923391	T	C	1/1	0,68
2925462	T	A	1/1	5,59
2925683	G	A	0/1	42,8
2925962	T	C	1/1	0,56
2926882	C	T	0/1	48,7
2927511	G	T	0/1	41,7
2927939	T	C	1/1	0,62
2939373	G	C	1/1	0,67
2939657	T	C	1/1	0,73
2941179	G	A	0/1	5,34
2942229	G	C	0/1	44,5
2948524	T	A	0/1	7,53
2948650	T	C	0/1	59,10
2949251	G	A	0/1	8,60
2953307	G	T	0/1	49,9
2954439	T	C	1/1	0,64
2957354	G	A	0/1	6,49
2958693	G	A	0/1	6,56
2959256	TA	T	0|1	6,50
2959258	TCCAATCA	T	0|1	6,50
2959324	A	G	0/1	56,6
2963627	G	A	0/1	31,6
2963892	G	A	0/1	52,8
2964594	G	A	0/1	9,61
2965811	G	A	1/1	5,66
2968504	A	ACT	0/1	5,56
2984740	A	G	1/1	0,84
2985216	G	A	0/1	38,14
2988630	C	G	1/1	0,98
2992564	G	A	0/1	78,10
2993523	T	C	0/1	79,12
2994187	T	C	1/1	0,92
2995548	C	A	0/1	10,48
3000195	T	C	0/1	53,7
3003115	C	G	1/1	0,54
3005185	G	T	1/1	0,46
3009692	A	G	1/1	0,45
3010014	G	A	0/1	6,49
3010420	A	G	1/1	1,31
3011102	C	T	0/1	56,9
3011506	T	C	0/1	66,12
3011837	A	G	0/1	9,56
3015379	G	A	0/1	49,9
3017465	T	C	1/1	0,55
3019452	G	GC	1/1	3,41
3024360	G	A	0/1	41,9
3027548	C	T	0/1	6,44
3027798	T	C	1/1	0,51
3029042	C	G	0/1	7,65
3031168	A	G	1/1	0,64
3031285	A	T	0/1	64,9
3032887	G	A	0/1	57,8
3032900	C	T	0/1	56,8
3035379	C	A	1/1	5,68
3036413	G	A	0/1	51,7
3037377	T	C	1/1	0,47
3040344	C	T	0/1	13,84
3041871	G	T	1/1	1,46
3043700	C	T	0/1	10,50
3050580	A	G	0/1	8,62
3056143	C	T	0/1	11,54
3059791	G	C	0/1	9,29
3059811	CT	C	1/1	1,38
3059819	G	GT	1/1	1,40
3059821	CA	C	1/1	1,42
3059829	G	GA	1/1	1,44
3069167	A	G	1/1	0,59
3069566	C	T	0/1	7,47
3072285	A	C	0/1	7,60
3074830	C	T	0/1	54,8
3076172	C	T	0/1	11,61
3080795	A	G	1/1	0,56
3085119	G	GC	0/1	52,9
3086261	T	C	0/1	52,6
3086788	T	C	1/1	0,65
3088625	A	G	0/1	62,9
3089299	C	G	0/1	9,64
3090036	G	C	0/1	61,10
3092699	G	A	0/1	45,6
3097349	C	T	0/1	70,11
3103682	T	C	1/1	0,60
3104189	A	G	1/1	0,56
3105129	G	A	0/1	48,7
3105144	C	A	0/1	48,7
3111280	G	A	0/1	8,54
3112700	C	T	0/1	10,63
3115384	G	C	0/1	11,56
3118449	A	G	0/1	69,9
3131469	T	TTGTCGGCGA	1/1	0,65
3135272	G	A	0/1	12,42
3137058	G	A	1/1	0,62
3137237	T	C	0/1	63,10
3156715	G	A	1/1	4,63
3164730	G	A	0/1	58,14
3165807	G	A	0/1	10,50
3165855	A	C	0/1	6,44
3168309	T	C	0/1	7,30
3168492	G	A	0/1	4,36
3169993	A	G	0/1	59,13
3174013	G	A	0/1	12,48
3174496	A	G	1/1	0,68
3177884	C	A	1/1	0,71
3180370	C	T	0/1	61,13
3180988	C	A	1/1	0,75
3186860	T	G	1/1	0,49
3188428	C	T	0/1	53,9
3189242	A	G	1/1	0,67
3190145	TC	T	1/1	0,66
3197917	G	A	0/1	53,9
3199257	G	A	1/1	3,55
3200304	A	G	0/1	69,13
3200478	G	A	0/1	9,70
3202130	G	A	0/1	39,9
3202629	C	T	0/1	68,10
3202731	A	C	0/1	9,63
3205565	G	A	0/1	59,9
3208600	G	A	0/1	8,56
3212723	C	A	1/1	4,56
3214299	G	A	0/1	41,6
3214481	G	T	0/1	56,12
3219500	T	A	0/1	8,57
3226181	A	C	1/1	0,73
3228143	G	T	1/1	0,54
3229692	G	A	0/1	49,17
3233605	G	A	0/1	63,11
3236442	G	A	0/1	6,64
3236497	A	T	0/1	7,62
3241244	G	A	0/1	74,9
3242138	A	C	0/1	52,9
3244113	T	C	0/1	19,59
3244155	G	T	0/1	15,51
3244506	T	C	0/1	6,54
3256494	A	G	1/1	0,55
3264912	C	A	0/1	43,9
3266030	A	G	1/1	0,76
3269581	A	G	1/1	0,72
3270784	A	G	1/1	0,56
3271037	A	G	0/1	39,7
3273107	C	A	0/1	8,45
3273138	C	G	0/1	45,8
3274701	G	A	0/1	27,36
3284949	G	C	0/1	5,51
3285368	C	G	0/1	46,8
3290578	ACC	A	0/1	7,52
3295124	C	T	0/1	61,10
3296371	G	GCCGCGGC	1/1	0,59
3296721	C	G	0/1	62,11
3296843	A	G	1/1	0,58
3302589	A	C	0/1	8,61
3306163	CGGCACTGTGGCG	C	0/1	38,7
3306441	G	A	0/1	6,54
3308606	G	A	1/1	0,54
3309009	C	A	0/1	52,7
3311119	G	C	0/1	52,9
3312620	C	A	1/1	2,59
3314412	A	G	1/1	0,59
3315725	CG	C	1/1	3,57
3316955	A	C	1/1	4,47
3326150	A	G	0/1	52,9
3326554	A	C	1/1	0,61
3328495	G	C	0/1	45,8
3331361	ACG	A	1/1	0,71
3338603	G	C	1/1	0,81
3338834	C	A	0/1	62,12
3348536	C	T	0/1	9,60
3349917	G	A	0/1	9,74
3351450	T	C	0/1	47,9
3351472	G	A	0/1	49,8
3352932	C	G	1/1	1,55
3355949	A	C	0/1	8,55
3357464	C	G	0/1	9,72
3358235	A	T	1/1	0,71
3363222	G	A	0/1	53,7
3363338	A	G	1/1	0,67
3365841	G	A	0/1	53,11
3366409	GATCACATCACC	G	0/1	60,10
3367765	G	A	1/1	0,54
3369869	G	T	0/1	59,11
3378828	C	A	1/1	0,10
3381286	C	A	0/1	56,11
3385218	C	T	0/1	8,54
3393361	C	G	0/1	52,8
3393640	C	T	0/1	9,65
3394177	C	T	0/1	50,9
3395654	G	A	0/1	5,39
3401850	G	A	0/1	54,9
3401871	A	G	1/1	0,64
3402816	C	T	1/1	0,60
3404376	C	G	1/1	0,55
3406798	G	A	0/1	54,9
3407028	C	T	0/1	64,9
3407391	C	T	0/1	69,12
3413785	C	T	1/1	4,65
3415180	ACACCTAGGGGGTGG	A	1/1	0,40
3415332	A	G	0/1	59,6
3418068	G	A	0/1	4,46
3420825	A	G	1/1	0,43
3423249	C	CGCGAGCAGACGCAGAATCGCCCAAAATCCAAGATTTTGAGGCGATTCTGCGTCTGCTCGCGCAACCGG	1/1	1,33
3424462	C	T	0/1	38,8
3425854	C	T	1/1	0,91
3428897	G	C	1/1	5,68
3428917	C	A	1/1	0,74
3431254	C	T	0/1	45,7
3431407	G	T	0/1	46,9
3437007	G	C	0/1	13,63
3437817	G	A	0/1	52,10
3440464	T	G	1|1	0,78
3440468	G	C	1|1	0,75
3446086	A	G	0/1	70,12
3447480	A	C	0/1	46,6
3450065	G	C	1/1	5,77
3450725	T	C	1/1	0,48
3453382	C	T	0/1	54,7
3454263	C	G	1/1	0,69
3455686	G	C	1/1	0,56
3456666	A	G	1/1	0,64
3459081	G	C	0/1	6,52
3460765	G	C	0/1	57,12
3462135	G	C	1/1	0,99
3464629	A	G	0/1	55,11
3467465	C	G	1/1	0,72
3473996	G	GA	1/1	0,64
3475159	A	G	0/1	54,9
3480474	G	A	1/1	0,62
3480789	T	C	1/1	0,48
3486903	C	T	0/1	54,11
3486977	A	G	1/1	0,59
3488122	G	A	1/1	1,56
3489665	C	T	1/1	4,48
3494295	GGC	G	0/1	55,13
3494820	CG	C	0/1	52,8
3498418	A	G	0/1	46,8
3499497	G	C	0/1	5,47
3500243	G	C	1/1	5,52
3503895	C	T	1/1	0,53
3505005	A	C	0/1	51,10
3506650	A	C	0/1	8,55
3509091	G	C	0/1	72,8
3509231	G	A	1/1	6,76
3509299	CAG	C	1/1	3,54
3515467	C	T	0/1	9,49
3518167	A	G	1/1	0,56
3518555	A	G	1/1	0,75
3525374	A	G	0/1	53,6
3526986	A	G	0/1	54,6
3529180	CCTA	C	0|1	78,11
3529186	G	GCGCGC	0|1	76,11
3529190	GTC	G	0|1	74,11
3529195	GGCCA	G	0|1	72,11
3529205	T	A	0|1	70,9
3529210	CAACG	C	0|1	72,8
3529216	T	TTCGC	0|1	70,8
3529221	GT	G	0|1	71,6
3529224	T	TA	0|1	67,6
3529227	G	C	0|1	66,6
3529228	T	C	0|1	65,5
3530955	C	G	1/1	0,69
3531656	C	T	0/1	47,12
3531706	A	G	0/1	41,14
3539139	CG	C	0/1	50,13
3539353	G	A	1/1	3,64
3544914	G	A	0/1	11,62
3547956	G	A	0/1	36,11
3554354	A	G	0/1	56,12
3555699	A	G	0/1	54,13
3556275	A	G	1/1	0,71
3557253	C	T	0/1	14,57
3560148	G	C	0/1	7,67
3562338	G	T	0/1	7,57
3568732	G	A	0/1	45,7
3571262	G	A	0/1	55,11
3571834	T	G	0/1	56,14
3573636	T	C	0/1	44,7
3577958	A	G	0/1	42,6
3580636	CT	C	1/1	0,55
3581414	A	G	1/1	0,77
3582694	C	T	0/1	9,33
3584116	G	T	0/1	48,9
3585644	A	G	0/1	52,7
3589711	C	A	0/1	8,75
3590686	G	GC	1/1	0,50
3591063	T	C	1/1	0,41
3597682	C	T	0/1	56,14
3600390	G	A	0/1	49,12
3600576	C	T	0/1	9,64
3604821	G	C	1/1	0,69
3610391	A	AC	1/1	0,62
3611286	GC	G	0/1	11,59
3614982	T	C	1/1	0,75
3621423	A	G	1/1	0,66
3622441	A	C	1/1	0,75
3625065	T	G	1/1	0,51
3632032	A	G	0/1	8,49
3636013	G	A	0/1	51,9
3638093	G	A	1/1	0,67
3645524	C	T	0/1	11,52
3647041	A	G	0/1	66,8
3647591	A	G	0/1	69,11
3650900	C	A	0/1	74,12
3653988	G	A	0/1	6,60
3656206	C	A	0/1	7,49
3658266	C	G	0/1	43,7
3662919	A	C	0/1	50,7
3664603	A	T	0/1	70,13
3670040	C	T	1/1	0,68
3670118	G	T	0/1	48,8
3671532	G	C	0/1	41,6
3672105	G	C	0/1	59,7
3678091	G	A	0|1	47,8
3678094	C	T	0|1	8,50
3679764	G	A	0/1	11,79
3679949	A	G	0/1	74,12
3681548	A	C	1/1	0,69
3683715	T	G	0/1	41,6
3685510	T	C	1/1	5,78
3687372	A	G	0/1	58,12
3689492	C	T	0/1	50,12
3689523	G	T	1/1	0,73
3690016	A	G	1/1	0,50
3691083	G	A	0/1	73,10
3693382	A	C	0/1	5,33
3693681	A	C	1/1	0,64
3696181	A	G	0/1	52,12
3697585	C	T	0/1	6,49
3697708	A	G	0/1	68,11
3704261	C	A	0/1	63,8
3704596	G	C	1/1	0,70
3708973	G	A	0/1	67,8
3714211	G	T	1/1	0,63
3714639	G	A	0/1	8,50
3714757	A	C	1/1	0,62
3715775	C	T	1/1	4,64
3718357	C	T	1/1	0,67
3721806	G	C	1/1	0,42
3722702	G	C	0/1	8,67
3723901	G	GT	0/1	51,11
3729342	C	T	0/1	7,49
3743549	A	G	0/1	44,5
3755171	A	AC	1/1	6,63
3768836	G	A	0/1	9,67
3770325	C	T	0/1	80,11
3771009	T	G	1/1	5,66
3772616	G	A	0/1	47,9
3772833	CA	C	1/1	4,51
3777235	G	A	0/1	45,9
3784975	G	A	0/1	51,9
3785946	A	G	0/1	69,8
3786033	A	G	0/1	56,10
3787466	G	C	0/1	8,59
3788365	T	G	0/1	45,9
3788751	T	C	0/1	56,9
3791708	G	A	0/1	60,12
3794867	C	CCA	1/1	0,37
3798095	A	C	1/1	0,57
3799512	C	T	0/1	9,51
3815268	G	A	0/1	61,8
3815477	G	T	1/1	0,61
3817117	C	A	1/1	0,61
3820722	G	A	0/1	48,14
3821503	A	C	1/1	3,48
3821845	G	T	0/1	9,49
3823159	A	T	1/1	0,67
3824677	G	A	1/1	2,34
3826684	C	T	1/1	0,65
3829770	T	C	1/1	0,61
3830566	G	A	0/1	52,8
3830695	A	G	1/1	0,81
3833431	C	T	0/1	69,11
3834265	C	T	0/1	66,13
3838871	A	G	1/1	0,65
3851084	A	G	0/1	45,9
3851887	A	C	1|1	0,84
3851888	T	C	1|1	0,85
3859893	C	T	1/1	1,66
3860216	G	A	1/1	4,60
3862472	GA	G	1/1	0,49
3864565	T	G	0/1	11,53
3864995	T	C	1/1	0,60
3869355	T	C	0/1	9,57
3870010	A	G	0/1	11,55
3871246	T	C	1/1	0,91
3874722	AT	A	1/1	0,85
3874745	G	C	1/1	4,89
3875958	G	T	1/1	4,52
3876953	G	A	0/1	57,9
3877421	A	G	1/1	0,61
3879882	G	A	0/1	44,9
3880175	C	A	0/1	10,65
3880239	C	CGTCCGGCTCCTCCTCGGACCACTACGCGGCCCGCATCGTCGCCGACCAAATCCAACT	1/1	0,40
3885886	T	C	1/1	0,78
3886807	G	A	0/1	52,15
3892671	A	G	1/1	0,54
3893480	G	A	1/1	0,64
3895727	C	A	1/1	0,58
3896340	T	G	1/1	0,66
3898408	A	G	1/1	0,93
3898869	C	A	0/1	55,8
3899654	C	A	0/1	49,9
3900826	G	A	0/1	8,58
3906309	A	G	1/1	4,50
3906462	A	AT	0/1	6,45
3906604	G	C	0/1	12,30
3906926	C	T	0/1	41,9
3908062	C	T	1/1	6,76
3909235	G	C	1/1	0,60
3918649	T	C	0/1	8,43
3921094	C	T	0/1	49,8
3922223	C	T	0/1	50,9
3922836	T	C	0/1	32,7
3952800	G	A	1/1	0,68
3958403	A	G	1/1	0,66
3959418	C	T	1/1	0,46
3961802	A	G	0/1	35,4
3964930	C	T	0/1	9,60
3967223	G	A	0/1	60,9
3974142	G	A	0/1	67,9
3981983	G	A	0/1	4,40
3984321	G	A	1/1	0,65
3984926	G	A	0/1	74,9
3985668	G	A	0/1	63,8
3988745	C	G	0/1	69,9
3989107	C	T	0/1	38,7
3989914	G	T	0/1	63,9
3990093	C	T	0/1	12,43
3994101	A	G	1/1	1,49
3994898	A	G	0/1	62,9
4004896	G	A	0/1	7,61
4005114	G	C	1/1	0,83
4005607	T	C	1/1	0,73
4007272	G	A	0/1	4,44
4008747	A	G	1/1	0,42
4012286	C	T	0/1	7,57
4013076	G	A	0/1	61,10
4019103	G	T	0/1	45,10
4020756	C	G	0/1	47,7
4024273	T	C	1/1	0,56
4024967	C	G	0/1	42,5
4026800	G	C	0/1	44,5
4026899	G	A	1/1	0,58
4028752	A	G	1/1	0,59
4033711	A	G	0/1	12,56
4034827	C	T	1/1	0,46
4040517	A	G	0/1	56,7
4044740	G	A	0/1	62,17
4044872	G	A	0/1	7,58
4052349	T	G	1/1	6,84
4053713	C	G	0/1	7,45
4054330	A	G	0|1	4,53
4054331	G	T	0|1	4,52
4054637	A	G	0/1	39,9
4055801	G	A	1/1	0,54
4056416	C	A	1/1	0,78
4057036	A	G	0/1	9,45
4057081	A	G	0/1	47,10
4059186	G	T	1/1	4,44
4059904	A	G	1/1	0,74
4062312	G	A	0/1	9,62
4064270	G	T	0/1	59,9
4067152	G	A	0/1	40,6
4067326	C	A	0/1	52,8
4069292	G	A	1/1	0,67
4077775	CG	C	0/1	7,57
4080057	GCCAGAA	G	0/1	3,33
4081987	G	C	0|1	62,12
4081996	G	C	0|1	62,14
4083360	T	G	0/1	55,11
4087479	TCCGCATCGTCGCCGAACTAGGTCCGACTGCCCGGCTCCTCAGCGGACCCCAGCGGGA	T	0/1	13,38
4087880	G	A	0/1	11,64
4089058	T	C	1/1	0,107
4090453	C	G	0/1	13,52
4092376	T	C	1/1	0,42
4092915	A	C	1/1	0,69
4093719	G	A	0/1	72,10
4095001	CG	C	1/1	0,89
4095295	T	C	1/1	0,77
4096190	G	A	0/1	46,9
4096636	C	T	0/1	9,60
4097490	A	AC	0/1	5,51
4097569	G	T	0/1	7,65
4100975	T	C	1/1	0,74
4101823	G	A	0/1	85,10
4102454	T	A	0/1	75,12
4104578	C	T	0/1	39,6
4105757	C	T	0/1	56,11
4106154	C	T	0/1	56,12
4107074	T	C	1/1	0,52
4111303	G	C	1/1	0,60
4112429	T	C	1/1	0,55
4115952	C	T	0/1	9,71
4116682	T	C	0/1	53,13
4122287	G	T	0/1	10,52
4124254	C	G	0/1	9,59
4126087	T	G	0/1	43,9
4126762	A	G	0/1	56,15
4132509	G	A	0/1	10,62
4132949	C	T	0/1	8,58
4133907	G	A	0/1	47,11
4137190	T	C	0/1	61,14
4138622	G	A	0/1	6,53
4141864	C	A	0/1	69,11
4142192	G	A	0/1	10,86
4142689	G	A	0/1	49,8
4145737	A	G	1/1	0,60
4148801	C	A	0/1	11,44
4151855	A	G	1/1	0,81
4151911	C	T	1/1	6,71
4156099	C	A	1/1	0,55
4156503	C	T	1/1	0,59
4157259	G	A	0/1	71,12
4159195	T	C	1/1	0,59
4160533	TGCGCCCGGC	T	0/1	79,8
4162339	A	G	1/1	0,41
4166290	G	A	0/1	5,59
4166441	G	A	0/1	5,53
4167642	G	T	0/1	53,9
4168169	A	G	0/1	6,38
4168445	GCGCGGACGGGAA	G	0/1	37,4
4169666	GT	G	0/1	61,8
4169852	G	T	0/1	12,61
4170739	G	C	0/1	8,43
4170871	C	A	0/1	9,40
4170964	G	GA	1/1	0,50
4176559	G	A	0/1	59,10
4179089	C	T	1/1	0,64
4180534	G	A	1/1	2,55
4182695	G	A	1/1	0,50
4187485	T	C	1/1	0,72
4187817	A	G	1/1	0,58
4190532	A	C	0/1	48,13
4190596	A	C	0/1	56,10
4190962	G	A	0/1	48,8
4192300	AG	A	1/1	3,60
4195390	A	T	1/1	3,43
4195799	C	A	0/1	8,31
4197138	C	CT	1/1	0,49
4197189	A	G	0/1	45,8
4197784	GAGGATCACTGCTTTCGTTGCCT	G	0/1	8,61
4198611	CG	C	1/1	0,61
4200220	A	G	0/1	56,11
4201105	G	A	0/1	60,9
4202383	A	C	0/1	41,7
4204441	A	G	1/1	0,56
4205120	A	G	1/1	0,58
4210274	A	G	1/1	0,48
4210538	T	C	0/1	55,9
4215484	G	C	1/1	0,74
4216255	C	G	0/1	51,8
4217557	A	G	1/1	0,64
4218669	G	GT	0/1	48,11
4221490	C	G	1/1	0,68
4222073	A	G	1/1	0,71
4222131	C	T	1/1	4,58
4222882	A	G	1/1	0,58
4223172	T	C	1/1	0,63
4226275	C	T	0/1	8,59
4231859	CGCGGTCTGTGCGCCGGGCGCACGCACCGAATTCGAGCTATTAGCGGCCGCGGCAAGGGACGCATTCGGCCTGGACGTCCACCCAGCGGT	C	0/1	24,83
4232555	T	C	1/1	6,70
4241042	A	G	0/1	64,13
4242075	G	A	1/1	5,50
4242643	C	T	1/1	0,65
4243848	G	A	0/1	52,9
4246829	G	A	0/1	14,53
4247337	C	A	0/1	9,47
4247646	A	C	0/1	68,12
4250124	G	A	0/1	44,11
4251297	G	C	1/1	0,43
4255922	A	G	1/1	0,78
4257220	A	G	1/1	0,65
4258447	G	A	0/1	7,45
4261499	G	A	0/1	37,5
4262388	C	T	0/1	10,53
4266647	A	G	0/1	13,61
4269031	C	T	0/1	33,11
4269387	T	G	0/1	65,8
4269606	A	G	0/1	52,11
4273985	G	C	0/1	43,5
4275935	A	G	0/1	45,10
4279892	G	C	0/1	11,61
4280441	C	A	0/1	39,13
4281143	C	G	0/1	53,7
4281272	G	A	0/1	65,17
4282707	C	G	0/1	11,55
4283016	G	C	0/1	47,11
4285579	C	G	0/1	68,8
4286156	T	C	0/1	46,6
4286826	A	G	1/1	2,56
4287164	A	G	1/1	0,44
4289199	G	C	0/1	30,5
4289953	A	G	0/1	38,6
4290564	G	T	0/1	46,8
4290827	C	G	0/1	57,14
4292941	G	A	0/1	10,61
4296015	G	A	1/1	0,67
4305243	G	A	0/1	9,54
4306155	C	T	1/1	0,64
4306896	C	T	0/1	7,52
4307179	G	A	1/1	0,53
4307344	C	G	0/1	47,9
4310743	T	TG	0/1	55,8
4313128	C	T	1/1	0,53
4313156	G	A	1/1	2,50
4314645	A	G	1/1	0,70
4314800	G	A	0/1	10,46
4314843	G	A	0/1	55,11
4316566	C	G	0/1	57,14
4322039	AC	A	1/1	2,49
4322727	G	C	0/1	45,7
4323837	G	A	0/1	8,54
4325923	G	A	0/1	42,11
4328492	G	A	0/1	6,63
4329782	G	A	1/1	0,72
4336597	C	A	0/1	44,9
4336991	C	T	0/1	11,59
4337574	A	G	0/1	54,11
4338242	G	C	0/1	28,30
4338595	GC	G	1|1	0,69
4338603	G	A	0|1	53,8
4338732	G	A	1/1	0,64
4343784	G	A	0/1	8,74
4344058	T	C	0/1	57,9
4345548	G	A	1/1	3,51
4348724	A	ACCCGCGCCGGCGACGATGCAAAGCGCAGCGATGAGGAGGAGCGGCGCCAACGG	1/1	0,0
4349129	C	T	0/1	38,6
4351039	G	T	1/1	0,76
4355319	C	G	0/1	11,39
4356110	G	C	1/1	0,68
4356864	C	CTG	0/1	53,10
4357597	C	G	1/1	0,74
4357773	G	A	0/1	55,13
4357946	C	T	0/1	62,12
4359165	G	C	1|1	0,52
4360948	C	T	0/1	62,11
4361705	A	G	0/1	44,11
4362851	G	T	0/1	16,61
4366195	T	C	1/1	0,56
4366272	G	C	1/1	0,63
4367649	A	G	0/1	58,10
4369848	G	A	0/1	49,10
4372353	G	C	1/1	0,50
4372540	A	C	1/1	4,46
4372896	C	CT	0/1	65,16
4374228	T	C	0/1	49,10
4377033	G	C	0/1	55,9
4379680	C	G	1/1	0,47
4382054	T	C	1/1	0,82
4382275	G	T	1/1	0,56
4383144	C	CCGGGG	1/1	0,63
4383655	A	G	1/1	0,74
4384007	C	G	1/1	0,74
4384780	T	C	0/1	10,67
4385031	CG	C	0/1	49,14
4385187	A	G	0/1	70,15
4385715	TGCCAGATCGTTCTCCCTGATCAGGC	T	0/1	74,12
4385916	C	G	0/1	85,14
4385933	A	G	0/1	84,12
4385937	C	T	0/1	69,27
4386108	A	G	0/1	71,15
4386142	A	G	0/1	69,14
4386228	T	C	1/1	0,74
4386248	G	C	0/1	14,64
4386702	G	C	0/1	54,7
4386742	G	C	0/1	51,8
4388414	G	A	0/1	6,49
4390380	A	G	0/1	47,9
4390471	C	A	0/1	7,50
4391076	C	G	0/1	51,9
4393178	A	G	1/1	0,47
4395387	A	G	0/1	61,10
4396495	C	A	0/1	4,31
4397736	C	T	0/1	5,50
4398732	G	A	0/1	65,11
4399888	A	G	0/1	48,11
4400660	AC	A	1/1	0,62
4401509	C	T	0/1	11,62
4407588	T	C	1/1	0,52
4407873	C	A	0/1	38,6
4408070	A	T	0/1	8,49
4408920	A	G	0|1	56,11
4408923	C	T	1|1	0,65
4409954	G	C	0/1	6,49
4410386	G	T	0/1	46,7
4411400	G	T	0/1	46,7
