1977	A	G	0/1	84,138
2532	T	C	0/1	47,112
4013	T	C	1/1	0,183
6112	G	C	0/1	67,105
6124	C	T	0/1	66,111
7362	G	C	1/1	0,159
7585	G	C	0/1	52,121
8452	C	T	0/1	51,106
9143	T	C	0/1	45,94
9304	G	A	0/1	50,113
10089	G	A	0/1	47,75
11879	A	G	1/1	0,139
12234	C	G	0/1	63,104
12697	G	A	0/1	70,100
13298	G	C	0/1	55,92
13460	A	G	0/1	76,121
14401	A	G	0/1	46,75
14785	T	C	1/1	0,156
15117	C	G	0/1	53,101
15268	C	T	0/1	112,57
16111	G	C	0/1	52,90
20544	G	C	0/1	42,83
21795	G	A	1|1	0,94
21819	A	C	0|1	48,50
22961	T	G	0/1	44,97
23174	C	A	0/1	43,87
23627	G	A	0/1	49,86
24698	GCCGCGTTGCTCGGGGTAA	G	0/1	34,57
26347	C	G	0/1	47,76
26959	C	G	1/1	0,142
27469	A	G	0/1	40,86
27495	CG	C	0/1	30,80
27518	TA	T	0/1	38,79
27996	T	C	0/1	54,73
28640	T	C	0/1	72,29
30980	C	CCGAT	0/1	39,80
34044	T	C	1/1	0,157
36169	C	T	0/1	44,70
36538	T	C	0/1	47,83
37031	C	G	0/1	47,98
37806	C	G	0/1	71,59
39758	A	G	0/1	40,79
42281	C	A	0/1	38,65
42967	G	C	1/1	0,142
43945	A	G	0/1	68,111
46114	C	G	0/1	57,120
47359	G	A	0/1	63,98
50557	T	C	0/1	47,107
51949	A	G	0/1	51,106
54394	A	G	0/1	51,76
55418	A	G	0/1	58,82
55546	G	GCCT	0/1	43,82
58490	G	A	0/1	44,90
62049	A	G	1/1	0,121
64028	C	T	0/1	69,138
65159	G	A	0/1	60,103
65663	C	G	0/1	52,89
66052	C	G	0/1	37,74
66892	C	G	0/1	50,82
68174	T	C	0/1	36,82
69989	G	A	1/1	0,152
70261	A	G	0|1	88,56
70267	G	T	0|1	57,90
70816	A	G	1/1	0,182
71336	G	C	1/1	0,84
71584	C	CCGAGCGCTGTTCTGGCGCTAATCTGACGCTAGAATAG	1/1	0,69
74737	T	G	0/1	45,78
75940	G	C	1/1	0,109
79281	C	CCCACAT	0/1	48,83
79479	T	C	0/1	63,89
79504	T	TCGGTGGACC	0/1	47,65
82843	TC	T	0/1	53,97
84528	T	G	0/1	41,105
89200	G	T	0/1	49,75
89871	C	T	0/1	42,72
90081	C	T	0/1	38,55
92199	T	G	0/1	34,70
97696	T	C	0/1	43,112
97952	C	T	0/1	52,89
98966	G	C	0/1	57,102
103600	A	G	0/1	54,96
108184	C	T	0/1	71,124
115499	T	G	0/1	53,82
116000	T	G	1/1	1,128
117295	G	A	0/1	36,93
122109	A	G	1/1	0,154
123520	T	C	0/1	61,106
123740	TG	T	0/1	57,98
125830	G	GA	1/1	1,128
126803	A	G	0/1	58,70
129059	C	T	0/1	76,37
131174	T	TG	1/1	0,148
133839	C	T	1/1	0,141
134206	C	T	0/1	71,64
136443	A	C	0/1	62,146
137233	C	T	0/1	66,125
139556	A	AC	0/1	68,115
139756	T	C	0/1	67,120
139954	A	C	0/1	46,79
143207	T	C	0/1	57,88
143791	T	G	0/1	49,103
144564	C	T	0/1	44,79
146087	T	C	1/1	0,150
146788	G	A	0/1	40,84
146872	C	T	0/1	30,107
154283	T	C	1/1	0,149
156288	T	C	0/1	89,55
156304	G	A	0/1	57,92
160976	C	G	0/1	48,73
161932	C	G	0/1	71,46
162226	G	A	0/1	55,75
167449	G	A	0/1	56,123
167986	C	T	0/1	29,48
168399	A	C	0/1	61,31
168787	C	T	0/1	34,76
170755	G	T	0/1	45,101
177150	G	C	0/1	49,80
185760	C	G	0/1	42,74
194305	C	CGG	0/1	44,93
194681	G	C	0/1	47,82
195360	T	C	0/1	55,103
196642	C	T	0/1	58,104
196874	C	T	0/1	65,115
198373	C	T	0/1	102,54
199470	T	G	0/1	52,95
199857	G	A	0|1	55,93
199859	C	A	0|1	55,93
206339	T	C	1/1	0,137
206481	C	G	0|1	36,66
206484	G	T	0|1	36,74
208316	AT	A	0|1	55,82
208321	G	GC	0|1	56,80
208322	T	G	0|1	55,79
211993	C	A	0/1	44,89
212244	G	A	0/1	84,53
212872	T	C	0/1	75,54
215238	C	T	0/1	50,83
217140	T	G	0/1	50,73
217201	T	C	0/1	56,75
219722	G	T	0/1	48,97
219983	C	T	0/1	45,96
223747	C	CG	0/1	50,72
223942	T	C	1/1	0,110
225039	G	A	0/1	51,99
225323	T	C	1/1	0,152
225668	C	T	0/1	60,128
226676	G	A	0/1	48,111
227098	T	C	1/1	1,133
230576	G	GT	0/1	56,129
231114	C	G	0/1	49,107
231811	C	T	0/1	48,76
231858	AG	A	0/1	73,41
233358	A	C	0|1	37,83
233364	G	C	0|1	36,83
234268	G	T	0/1	37,60
234477	T	G	1/1	0,86
234496	C	CGT	1/1	0,68
237035	A	C	0/1	78,54
241465	G	GCCGTCGCAAAC	0/1	43,62
243598	A	G	0/1	55,101
244550	A	G	0/1	50,58
249522	T	C	0/1	31,69
251575	G	A	0/1	45,96
251669	T	C	0/1	49,94
254903	C	A	0/1	56,117
257788	G	GAGGATCATCAAGGGTGCGTCGCGGAAGTA	0/1	47,75
260282	G	T	0/1	32,53
261869	T	C	1/1	0,94
263149	A	C	0/1	43,49
264298	C	A	0/1	51,106
264984	C	G	0/1	51,84
265170	CG	C	0/1	47,93
265554	A	C	1/1	1,163
269065	A	G	0/1	76,37
270263	C	T	0/1	23,64
272678	C	T	0/1	50,100
274896	T	C	0/1	92,52
278681	C	G	1/1	0,150
279980	G	T	0/1	77,53
281208	C	T	0/1	46,77
283614	T	C	0/1	44,69
285772	A	C	1/1	0,63
285871	A	G	0/1	26,48
289343	C	T	0/1	54,137
290374	T	C	0/1	50,78
293629	C	CT	0/1	53,74
302001	G	T	0/1	82,61
304923	A	G	0/1	59,110
310973	G	A	1/1	0,142
311613	G	T	1/1	0,110
319614	A	G	0/1	92,42
320180	A	G	0/1	22,74
320300	C	T	0/1	32,69
325505	T	C	0/1	52,95
326002	A	G	0/1	37,77
328777	C	T	0/1	47,85
331588	G	A	0/1	39,61
331948	C	T	0/1	37,86
333212	G	C	0/1	41,98
333292	A	G	0/1	41,86
336322	CAA	C	0|1	139,34
336325	T	G	0|1	137,34
336327	C	CGG	0|1	136,34
336332	G	C	0|1	135,35
336344	A	G	0|1	131,35
336345	T	C	0|1	130,35
336353	C	T	0|1	129,37
336356	GGAA	G	0|1	131,39
336360	C	CCTCCCCG	0|1	129,39
336369	C	T	0|1	124,41
336370	A	G	0|1	125,42
336380	A	T	0|1	118,61
336400	C	G	0|1	108,64
336403	C	G	0|1	107,63
336405	A	G	0|1	108,64
336422	TTG	T	0|1	114,65
336428	A	G	0|1	113,48
336431	C	T	0|1	116,48
336439	A	G	0|1	112,49
336441	C	T	0|1	112,48
336442	G	A	0|1	115,48
336449	T	C	0|1	110,46
336451	T	G	0|1	108,46
336452	A	G	0|1	107,46
336459	G	A	0|1	107,45
336468	G	GCGTCC	0|1	103,45
336472	C	CAG	0|1	105,45
336473	T	G	0|1	105,46
336476	A	AGTCG	0|1	106,47
336480	A	G	0|1	107,52
336504	G	T	0|1	110,65
336535	T	G	0/1	103,54
336537	T	G	0/1	104,53
336540	G	T	0/1	102,53
336546	T	G	0|1	103,54
336557	C	CT	0|1	99,50
336560	T	C	0|1	95,49
342146	A	C	0/1	54,84
343281	G	C	0/1	46,114
344288	C	G	0/1	48,86
346275	C	G	1/1	0,138
346778	G	T	0/1	71,49
355677	G	T	0/1	33,34
356528	A	G	1/1	0,118
357582	G	A	0/1	52,100
358926	A	C	0/1	59,86
364498	T	TG	0/1	90,50
366016	C	T	0/1	85,36
376345	A	C	0/1	51,96
376774	T	C	0/1	54,101
377302	C	T	0/1	58,114
378357	T	G	0/1	60,132
378939	G	C	0/1	60,104
380772	G	A	0/1	60,82
381030	A	G	0/1	59,90
384380	A	C	1/1	0,142
386432	C	G	1/1	0,129
390828	T	C	1/1	0,128
391853	A	G	0/1	40,79
392261	T	C	0/1	34,86
392280	C	T	0/1	93,34
393941	C	T	0/1	54,101
396750	G	A	0/1	60,95
397590	G	C	0/1	53,93
403980	G	A	1/1	0,141
404018	G	T	0/1	50,84
404326	T	C	0/1	43,98
406274	T	C	0/1	34,58
406389	G	A	0/1	42,66
406992	G	T	0/1	35,74
412280	T	G	0/1	40,88
414486	C	T	1/1	0,168
415061	G	A	0/1	51,77
418742	C	T	0/1	60,107
420008	A	G	1/1	0,163
420405	C	T	0/1	55,85
423334	G	A	0/1	40,90
424250	A	G	0/1	55,94
438271	G	A	0/1	47,74
439711	T	C	0/1	62,105
445668	C	T	0/1	30,83
445705	C	T	0/1	74,33
445780	C	T	0/1	33,67
447442	C	T	0/1	37,76
447525	G	C	0/1	46,66
452288	C	T	0/1	33,69
454295	T	C	1/1	0,87
455325	C	G	0|1	51,65
455329	T	C	0|1	50,64
456511	G	A	0/1	41,68
457452	T	G	0/1	29,55
458233	T	C	0/1	42,66
459399	A	C	1/1	0,91
465697	G	C	0/1	43,71
466236	C	T	0/1	36,93
468357	A	G	0/1	50,100
469042	C	T	0/1	35,78
471666	A	G	0/1	46,105
476383	A	T	0/1	107,52
478745	C	G	0/1	52,97
483935	T	G	0/1	65,115
484110	T	C	0/1	145,66
485230	C	T	0/1	92,153
485785	T	G	0/1	105,186
486745	G	A	0/1	149,76
489935	G	C	0/1	59,133
491742	T	C	0/1	63,106
492150	G	C	0/1	47,89
492655	G	A	0/1	50,68
492748	C	T	0/1	52,93
493303	T	G	0/1	65,106
495473	C	T	0/1	44,78
496882	C	G	0/1	40,96
498010	T	C	0/1	49,84
498531	A	G	0/1	65,75
498557	C	A	0/1	71,80
499196	C	T	0/1	38,60
502589	C	G	1/1	0,142
503354	G	C	1/1	0,121
503647	G	A	0/1	44,81
505974	G	A	0/1	45,102
512083	G	T	0/1	40,63
513257	T	C	1/1	0,117
514657	T	G	0/1	35,52
517358	T	C	0/1	36,68
517385	G	A	0/1	36,69
517411	A	G	0/1	38,73
519185	T	G	0/1	44,71
522081	A	G	0/1	51,74
523326	C	T	0/1	53,36
524891	C	A	0/1	34,94
527316	C	G	0/1	45,82
528354	C	A	0/1	36,71
532502	GCTACCGCCCGACCCCCAGCGCCAACAGCATTGCGTGGCTGCTCT	G	0/1	69,70
534427	T	A	0/1	51,103
541201	A	G	1/1	0,176
546357	A	G	0/1	45,86
549251	C	T	0/1	45,101
549731	GT	G	0|1	46,60
549733	ACC	A	0|1	47,60
551525	A	C	0/1	31,68
555945	T	C	0/1	62,75
555991	A	G	0/1	59,77
556035	G	T	0/1	56,72
559350	G	A	0/1	47,94
560664	C	T	0|1	55,130
560666	A	G	0|1	55,130
561796	G	C	0/1	54,109
564723	C	T	0/1	61,95
565404	G	T	0/1	49,107
565415	C	T	0/1	50,113
565655	A	G	0/1	64,111
567446	G	A	0/1	42,67
568693	G	T	0/1	42,90
569045	C	T	0/1	44,72
573262	A	G	1/1	0,110
573384	T	G	0/1	39,74
583364	G	C	0/1	62,48
584171	T	C	0/1	30,64
584511	G	T	0/1	39,63
586523	A	G	0/1	97,47
586852	G	A	0/1	75,37
588400	G	A	0/1	53,92
589190	C	T	0/1	48,82
590436	T	C	1/1	0,105
590763	G	C	0/1	32,88
591965	G	A	0/1	39,87
595374	T	C	0/1	113,30
595501	G	A	0/1	32,76
595742	C	T	0/1	32,74
597816	A	G	0/1	88,122
598475	G	A	1/1	0,168
599868	A	G	0/1	50,112
606435	G	T	0/1	36,92
610120	T	G	1/1	0,171
615938	G	A	0/1	43,52
621390	G	A	0/1	47,74
624792	G	A	0/1	44,79
625613	C	T	0/1	36,69
627350	C	G	0/1	33,60
637319	G	A	0/1	55,80
643483	G	A	0/1	58,75
646531	A	T	0/1	37,72
648002	T	G	1/1	0,153
648856	T	C	0/1	56,69
649345	C	T	0/1	36,79
653287	G	A	0/1	52,87
655707	G	A	0/1	39,82
655986	T	G	0/1	60,91
657578	A	G	0/1	54,107
659212	A	ATCGAGT	0/1	61,79
659341	T	C	0/1	65,112
662911	T	C	0/1	44,90
665293	A	G	0/1	73,124
669398	T	C	1/1	0,140
670322	A	G	0/1	36,69
670545	G	A	0/1	40,61
671624	G	A	0/1	81,36
678440	C	T	0/1	42,101
680965	G	A	0/1	49,82
683450	C	A	0/1	37,74
683910	C	T	0/1	53,101
684290	A	G	0/1	63,109
685153	A	G	0/1	55,142
685461	C	G	1/1	2,96
685608	T	C	0/1	57,101
685955	G	A	0/1	48,97
686972	T	C	1/1	0,139
688792	T	TG	0/1	44,91
690248	C	A	0/1	34,61
690450	A	C	0/1	50,62
690465	T	G	1/1	0,113
695620	C	T	0/1	54,76
696242	C	T	0/1	85,51
698641	G	C	0/1	45,64
698968	G	A	1/1	0,106
699693	G	A	0/1	42,74
700776	T	C	0/1	45,69
704997	G	A	0/1	44,95
705570	C	T	0/1	41,61
705602	T	C	0/1	43,68
706086	C	T	0/1	72,37
711155	G	A	0/1	50,83
712192	G	GA	0/1	41,61
712693	A	G	0/1	42,48
713310	T	C	0/1	48,52
715266	A	G	0/1	44,107
716367	G	A	0/1	87,48
717588	A	G	0/1	30,55
720863	G	T	0/1	31,76
722852	G	A	0/1	30,59
725382	G	A	0/1	29,52
726498	C	A	0/1	30,82
730087	G	A	0/1	58,118
734116	T	C	0/1	53,103
735623	C	A	0/1	44,87
745876	C	G	0/1	35,48
749968	T	C	0/1	52,93
752046	C	T	0/1	75,109
753668	C	T	0/1	44,85
754186	A	G	1/1	0,121
754387	G	A	0/1	59,93
756901	G	C	0/1	48,77
757182	A	G	0/1	63,83
759546	A	G	0/1	53,100
760490	C	T	0/1	62,107
763031	T	C	0/1	40,94
763884	C	T	0|1	47,84
763886	C	A	0|1	45,79
765171	C	T	0/1	52,73
767414	G	A	0/1	31,69
767516	G	T	0/1	34,65
767609	A	G	0/1	36,80
775639	T	C	1/1	0,125
776100	G	A	0/1	73,98
776395	A	G	0/1	69,110
781395	T	C	1/1	0,119
786137	A	C	0/1	52,87
794482	G	C	0/1	57,93
797597	C	T	0/1	42,73
799136	AC	A	0/1	45,93
800357	C	A	0/1	43,96
808042	G	A	0/1	50,60
810287	C	G	0/1	57,82
811492	C	G	0/1	58,108
812502	C	T	0/1	54,100
813892	C	T	0|1	48,81
813916	G	A	0|1	69,46
815236	T	C	0/1	51,74
815851	A	G	0/1	39,71
817696	G	A	0/1	68,87
819213	T	C	0/1	46,91
820483	G	T	0/1	33,70
820752	C	T	0/1	46,78
821907	T	C	0/1	36,65
829090	G	T	0/1	38,95
829719	G	A	0/1	35,76
830868	G	GGC	0/1	39,57
840917	T	C	0/1	35,66
841494	C	G	0|1	60,93
841495	A	G	0|1	60,94
841764	G	C	0/1	48,83
847995	T	C	0/1	48,106
850985	A	G	0/1	42,83
852361	G	A	0/1	42,107
852910	C	T	1/1	0,116
854252	GCC	G	0/1	42,91
856563	G	T	0/1	52,61
857696	A	G	0/1	46,87
864134	G	A	0/1	49,79
865761	C	T	0/1	51,67
871271	A	C	0/1	47,70
873291	A	C	0/1	38,91
874835	C	CCG	1/1	0,137
877646	C	T	0/1	61,114
880562	G	T	0/1	62,83
882257	T	C	0/1	45,52
883407	A	G	0/1	48,84
885689	G	T	0/1	54,87
886851	G	A	0/1	67,44
888761	A	G	0|1	164,7
888762	T	C	0|1	166,7
888774	G	A	0|1	160,31
893733	T	G	1/1	1,114
894888	T	C	0/1	56,88
895082	A	G	0/1	33,97
895120	C	T	0/1	31,92
897836	G	T	0/1	58,72
899389	G	A	0/1	44,96
900221	T	C	0/1	57,109
903550	T	C	0/1	43,77
903913	T	C	1/1	0,106
906857	A	G	1/1	0,125
907397	C	T	0/1	49,73
910015	C	A	0/1	54,111
911261	T	C	0/1	41,79
913274	C	G	0/1	50,122
916046	T	G	0/1	55,98
917662	GCAT	G	1|1	10,95
917667	GTCGCCGGGCTGGGTTGGATTGCCCGCCTCCTGCTCATCGCGCTGCGCGCTCTGCA	G	0|1	34,95
931123	T	C	0/1	42,82
932280	T	C	0/1	49,74
932463	G	T	0/1	49,85
933378	AC	A	0/1	62,69
933699	G	T	0/1	50,92
934230	C	G	0/1	57,101
934611	G	T	0/1	36,77
937952	T	C	0/1	96,45
938246	A	G	0/1	53,83
939805	C	T	0/1	53,74
941845	C	A	0/1	58,85
945214	G	A	0/1	42,100
945998	T	C	0/1	43,93
948294	T	C	0/1	49,89
949087	C	T	0/1	52,77
949535	T	C	0|1	54,85
949552	C	A	0|1	83,48
951142	C	A	0/1	43,94
952597	C	T	0/1	39,64
952810	CT	C	0/1	46,74
953045	AGTACACCGT	A	0/1	58,94
955524	A	G	1/1	0,109
957117	T	C	0/1	29,82
960367	A	G	0/1	44,88
961348	G	A	0/1	40,54
966597	C	T	0/1	43,81
973572	GGT	G	0/1	39,71
975924	G	C	0/1	24,73
976043	G	T	0/1	37,72
979704	G	C	1/1	0,140
986463	G	C	1/1	0,166
987601	C	T	0/1	40,85
988364	G	A	0/1	49,90
990001	G	C	1/1	0,132
993346	A	C	1/1	0,211
996219	G	A	0/1	61,116
997340	C	T	0/1	54,64
999025	TC	T	0/1	45,79
1002342	T	C	0/1	33,80
1009490	C	T	0/1	45,92
1010204	C	CG	1/1	0,145
1014815	T	G	0/1	69,114
1022613	G	A	0/1	34,71
1024346	A	G	0/1	47,86
1025106	T	C	1/1	0,198
1026980	C	A	0/1	58,78
1029997	A	G	0/1	42,79
1032524	T	C	0/1	55,108
1034713	GT	G	0/1	63,107
1037012	T	C	0/1	60,99
1037911	C	T	1/1	0,148
1040706	A	C	0/1	48,87
1042441	G	A	0/1	95,40
1043136	C	T	0/1	57,113
1043165	C	T	0/1	52,115
1044762	G	A	0/1	50,87
1047165	T	C	0/1	64,97
1048102	G	A	0/1	46,90
1050367	C	T	0/1	56,104
1053956	C	G	0/1	95,39
1054784	C	G	0/1	43,74
1061060	G	A	0/1	41,69
1061386	T	C	0/1	45,78
1063765	G	A	0/1	52,94
1063922	C	T	0/1	42,63
1066038	A	G	0/1	37,56
1066437	G	A	0/1	34,61
1068151	T	C	1/1	0,136
1068432	A	G	0/1	55,96
1070702	T	C	0/1	36,44
1072342	A	G	0/1	40,77
1073716	C	T	0/1	58,82
1074558	G	A	1/1	0,140
1075167	GCAT	G	0/1	61,113
1075279	T	C	0/1	69,94
1076309	G	T	1/1	0,132
1076694	C	G	0/1	50,63
1077312	A	G	1/1	0,126
1077624	GC	G	0/1	26,75
1077754	C	T	0/1	50,96
1079927	C	A	1/1	0,100
1080192	G	A	0/1	42,66
1081681	T	C	1/1	0,121
1082445	T	A	0/1	79,37
1083755	A	G	0/1	43,108
1086648	C	A	0/1	50,96
1087193	G	C	0/1	39,69
1087852	G	A	0/1	43,70
1090188	A	AG	0/1	49,101
1097023	G	A	0/1	45,77
1098523	T	A	0/1	66,102
1100234	T	C	1/1	0,134
1102136	C	G	0/1	66,145
1104690	T	G	0/1	128,160
1104928	C	T	0/1	90,152
1105284	G	A	0/1	77,117
1106422	T	C	0/1	78,133
1107218	C	T	0/1	107,65
1107940	A	C	0/1	49,84
1109163	C	G	0/1	59,47
1109975	A	G	1/1	0,154
1110956	T	G	0/1	39,58
1111228	G	A	0/1	44,89
1111518	T	C	0/1	45,92
1113290	G	C	0/1	54,75
1117405	C	T	0/1	55,92
1119739	C	T	0/1	43,85
1121071	G	A	0/1	24,46
1123597	A	G	0/1	53,101
1125506	G	A	0/1	33,92
1126889	G	C	1/1	0,127
1127555	T	C	0/1	52,92
1127648	C	A	1/1	0,141
1130526	G	A	0/1	72,32
1130648	C	T	0/1	43,70
1131229	C	CG	0/1	58,81
1131300	G	A	0/1	74,98
1139222	G	A	0/1	39,73
1139536	G	A	0/1	89,47
1143832	A	C	0/1	36,74
1144585	A	G	0/1	36,74
1148259	A	G	0/1	57,89
1149551	C	T	0/1	42,58
1150283	G	A	0/1	42,82
1150585	G	A	1/1	0,126
1151485	CGT	C	0/1	32,83
1155700	C	T	0/1	55,94
1157771	G	C	0/1	59,83
1164336	G	A	0/1	41,66
1166676	A	G	0/1	54,108
1168715	C	CT	1/1	0,151
1173963	C	T	0/1	79,46
1175537	T	C	0/1	43,86
1176214	C	T	0/1	48,131
1178116	T	C	0/1	35,83
1180831	C	G	0/1	81,66
1184826	G	T	0/1	39,83
1186988	G	T	0/1	33,68
1192830	G	A	0/1	60,96
1194475	C	A	0/1	51,88
1195358	T	G	0/1	44,76
1196982	A	G	0/1	51,101
1199019	T	C	0/1	42,99
1200418	A	G	0/1	59,95
1203824	T	C	0/1	62,94
1205319	C	T	0/1	87,57
1211369	A	C	0/1	50,109
1220570	G	T	0/1	49,98
1220680	T	C	1/1	0,140
1224367	T	C	1/1	0,70
1227217	C	T	0/1	74,55
1228116	A	G	0/1	38,69
1230778	G	A	0/1	58,101
1235446	T	C	0/1	53,83
1237403	G	A	0/1	47,81
1241044	C	T	0/1	53,82
1241110	C	T	0/1	61,86
1248382	A	G	0/1	33,61
1248936	G	C	0/1	33,65
1248978	T	C	0/1	33,69
1250340	A	G	0/1	59,75
1250357	T	G	0/1	57,71
1251199	C	T	0/1	54,83
1254562	A	G	0/1	51,103
1262230	C	T	0/1	51,79
1264703	C	G	0/1	42,79
1271143	A	AG	0/1	40,58
1273071	T	C	0/1	112,60
1273250	G	GA	0/1	50,106
1275957	T	C	0/1	54,114
1281118	T	C	1/1	1,137
1281307	C	T	0/1	53,95
1281771	T	C	0/1	59,72
1283507	G	A	0/1	17,23
1284812	C	T	0/1	46,76
1287112	T	C	0/1	35,80
1287160	A	C	0/1	33,75
1292102	A	G	0/1	49,87
1306259	A	G	0/1	58,84
1306444	T	C	0/1	57,87
1307598	C	G	0/1	56,83
1310316	C	T	0/1	44,65
1313267	GGCCCGCGATTCCAGGTCGCGGTGAGGATCCACAAGGATTCACCCTAGCCAAGCACCCACGTTGGGCGCGAAAGACGCAAAAGGCCCCGAATCCAACGGATTTCGGGGCCTTTTGCGTCT	G	0/1	110,69
1314617	C	T	0/1	46,88
1315191	A	C	1/1	0,135
1315884	G	A	1/1	0,147
1316354	G	A	0/1	53,82
1320508	G	A	0/1	59,108
1320614	C	G	0/1	56,110
1323126	A	C	0/1	67,104
1327890	G	A	0/1	60,99
1328687	G	C	1/1	0,114
1344857	C	T	0/1	41,74
1348518	GCCA	G	0/1	49,63
1350703	C	T	0/1	49,70
1351172	A	G	0/1	42,79
1356648	C	T	0/1	53,82
1358940	C	A	0/1	52,69
1360209	T	C	0/1	46,68
1361350	A	C	0/1	39,64
1362006	T	C	0/1	52,114
1367484	T	G	0/1	50,76
1368947	A	G	0/1	30,72
1369389	C	T	0/1	25,63
1369735	G	A	0/1	38,64
1372348	G	T	0/1	54,79
1374065	T	C	1/1	0,107
1374578	C	T	0/1	44,83
1374639	T	A	0/1	49,81
1375724	A	C	1/1	0,95
1382628	T	C	1/1	0,144
1387211	G	A	0/1	21,66
1389866	C	T	0/1	46,73
1390763	C	T	0/1	52,61
1393626	A	G	0/1	39,100
1395010	A	G	0/1	48,72
1396922	T	C	1/1	0,122
1397199	G	A	0|1	48,81
1397201	A	G	0|1	49,81
1397215	C	G	0/1	40,79
1400396	A	G	0/1	38,98
1406773	C	T	0/1	45,82
1409030	CGGATTTCTATT	C	0/1	66,97
1410062	G	C	0/1	40,73
1411210	T	G	1/1	0,106
1411982	A	C	0/1	43,80
1413148	C	T	0/1	47,61
1413374	AG	A	0/1	89,45
1413702	G	T	0/1	102,46
1414021	C	T	1/1	0,163
1414608	G	A	0/1	76,30
1414621	C	A	0|1	66,36
1414629	T	A	0|1	66,39
1414653	C	T	0/1	64,37
1414926	A	C	0|1	79,7
1414930	G	T	0|1	79,8
1414931	GGA	G	0|1	82,8
1414936	G	C	0|1	85,9
1414938	C	G	0|1	84,10
1414941	A	ACC	0|1	83,10
1414942	G	GCC	0|1	82,10
1414947	C	T	0|1	81,13
1414948	G	GC	0|1	81,13
1415097	C	G	0/1	104,71
1417019	C	T	0/1	52,78
1417554	G	C	0/1	53,99
1417793	G	A	0/1	54,103
1424699	T	C	0/1	41,88
1425851	G	T	0/1	37,54
1426589	C	T	0/1	35,95
1426928	C	T	0/1	44,85
1432852	C	T	0/1	42,81
1440469	C	G	1/1	0,141
1443354	C	T	0/1	50,66
1443428	G	GGGTTAGATTGCCCGGCTCCTCAACCCGCCGTTTCGGCGTGCATCGTCGCCGGGCTA	0/1	21,36
1445781	A	G	0/1	57,95
1445977	C	T	0/1	53,95
1457144	C	T	1/1	0,118
1458144	C	A	0/1	56,94
1461309	C	T	0/1	97,70
1470261	G	A	0/1	60,123
1471659	C	T	1/1	0,285
1474001	C	T	0/1	162,67
1474963	G	T	0/1	137,47
1479085	T	C	0/1	44,72
1482627	T	C	1/1	0,120
1484708	A	C	1/1	0,161
1490905	A	G	0|1	43,105
1490911	G	A	0|1	42,103
1492194	T	C	0/1	52,92
1496964	G	T	0/1	29,84
1499274	C	G	1/1	0,118
1499347	C	G	0/1	44,74
1505194	T	C	0/1	45,72
1505973	G	A	0/1	60,76
1509045	G	A	0/1	41,97
1509067	C	T	0/1	49,103
1512632	G	A	0/1	89,43
1514010	G	T	0/1	34,61
1517954	A	C	0/1	52,100
1521526	T	C	0/1	47,95
1522862	C	T	0/1	47,98
1523175	A	C	0/1	70,126
1523791	A	G	0/1	77,108
1525160	G	A	0/1	67,107
1526819	C	A	0/1	49,105
1528821	C	T	0/1	65,104
1530483	G	A	0/1	52,103
1534548	G	A	0/1	79,116
1535643	C	T	0/1	43,96
1536251	G	T	1/1	0,116
1537947	C	T	0/1	47,88
1540141	T	C	0/1	44,60
1543649	G	T	0/1	63,95
1544255	C	T	0/1	59,114
1545119	C	T	0/1	49,96
1546703	C	T	0/1	52,94
1547125	T	C	1/1	0,151
1548087	G	A	0/1	35,77
1552547	G	A	1/1	0,98
1557268	C	A	0/1	60,42
1557608	C	T	0/1	48,80
1559562	C	A	0/1	30,80
1560912	G	A	0/1	29,46
1563686	G	T	0/1	46,101
1563717	C	T	0/1	43,96
1568178	C	T	0/1	37,74
1570566	C	A	0/1	49,77
1574206	T	C	0/1	45,104
1575275	C	A	0/1	33,61
1575793	A	G	0/1	43,56
1580141	G	T	0/1	37,72
1580181	G	A	0/1	39,78
1581377	C	T	0/1	45,86
1582039	T	C	0/1	100,49
1584379	A	C	0/1	30,60
1584501	G	GT	0/1	32,75
1585283	A	C	0/1	38,64
1585404	G	A	0/1	51,51
1588899	G	T	0/1	50,99
1589739	C	T	0/1	38,65
1590555	C	T	0/1	43,81
1593198	C	T	0/1	56,100
1596515	C	T	0/1	35,82
1600685	C	T	0/1	51,110
1601528	C	T	0/1	38,74
1604290	A	T	0/1	48,96
1605540	C	T	0/1	65,40
1608276	A	C	0/1	55,90
1609535	A	G	0/1	49,76
1609840	A	G	0/1	57,79
1611283	T	C	0/1	55,80
1612624	T	TATCGGTACCGGTGCGCCAGGG	1/1	0,62
1613035	T	C	1/1	0,119
1616831	A	G	0/1	51,78
1617620	A	G	0/1	45,87
1617833	C	T	0/1	49,95
1623655	G	T	0/1	38,90
1623958	G	A	0/1	79,46
1624791	C	G	0/1	33,57
1625259	A	C	0/1	37,84
1627351	T	C	0/1	54,82
1630148	A	C	0/1	46,88
1639418	A	G	0/1	58,84
1639594	C	A	1/1	0,166
1639643	T	C	0/1	49,99
1640442	C	T	0/1	55,70
1645802	T	C	0/1	57,98
1647285	C	T	0/1	67,106
1647830	G	A	0/1	67,104
1650072	A	G	1/1	0,124
1657128	C	T	0/1	47,70
1658535	G	T	0/1	47,74
1659902	T	C	0/1	57,78
1659994	C	T	0/1	62,81
1661036	G	A	0/1	44,58
1662358	C	T	0/1	37,90
1676290	C	A	0/1	47,92
1679989	C	A	0/1	63,114
1688300	T	C	0/1	57,67
1689349	C	T	0/1	62,108
1691088	T	C	0/1	70,91
1691520	T	G	0/1	89,166
1692141	A	C	0/1	127,195
1692182	C	T	0/1	181,120
1692504	C	T	0/1	73,133
1692811	A	AT	0/1	138,74
1693561	A	G	0/1	87,148
1694547	A	C	0/1	73,109
1695674	G	A	0/1	81,163
1696499	G	GCGGT	0/1	65,134
1697267	T	C	0/1	92,199
1698911	G	A	0/1	70,125
1699849	G	A	0/1	43,111
1700415	C	CGGGGGG	0/1	57,13
1700706	C	T	0/1	126,76
1703759	A	G	0/1	70,41
1706119	T	C	1/1	0,155
1706746	C	A	0/1	52,119
1709432	C	T	0/1	62,124
1713192	A	G	0/1	79,109
1716472	A	G	0/1	63,105
1718444	T	C	0/1	36,79
1718890	C	G	0/1	76,52
1718911	C	CAGGGCTCGCTCGCCGAGCTGTGCGCAGACATCGGAGATCATGGCGAGCGTTTGGACGGGCGTTTG	0/1	50,36
1721490	C	G	0/1	29,67
1722787	TG	T	0/1	39,62
1726816	G	T	0/1	33,63
1728615	A	C	0/1	58,97
1728837	A	G	1/1	0,159
1731563	A	T	0/1	48,66
1735903	A	G	0/1	65,114
1739390	A	G	0/1	38,67
1745446	T	A	0/1	63,109
1753519	G	GC	1/1	0,103
1754016	G	GC	0/1	33,73
1754299	A	C	0/1	47,78
1754983	C	T	0/1	62,86
1758790	C	T	0/1	47,99
1758899	G	A	0/1	43,92
1759252	G	T	1/1	0,163
1760292	A	G	1/1	0,147
1760923	T	C	0/1	40,93
1766689	GCA	G	0/1	52,81
1774149	C	T	0/1	69,33
1778430	T	C	1/1	0,115
1786567	GC	G	0/1	71,33
1791823	T	C	0/1	49,82
1792777	T	C	0|1	51,90
1792778	T	C	0|1	51,89
1797577	A	G	0/1	45,59
1798355	G	A	0/1	24,56
1803265	G	A	1/1	0,162
1804409	C	A	0/1	52,89
1812485	G	A	0/1	47,94
1814135	A	G	0/1	49,75
1815472	T	C	0/1	39,94
1817976	A	T	1/1	0,120
1823579	C	T	0/1	32,86
1826054	T	C	0/1	43,92
1826343	C	T	0/1	49,116
1826624	G	A	0/1	58,108
1827553	C	G	0/1	46,65
1829576	C	T	0/1	49,62
1831531	G	A	0/1	34,80
1832642	G	T	0|1	61,84
1832643	G	C	0|1	62,84
1835600	C	T	0/1	79,42
1836286	G	C	1/1	0,103
1839260	T	G	0/1	36,77
1839306	A	G	0|1	40,91
1839329	G	A	0|1	40,97
1839759	G	C	0/1	33,85
1841115	C	T	0/1	45,63
1843115	C	G	0/1	76,38
1847919	C	G	0/1	34,83
1848147	C	A	0/1	32,61
1849191	T	C	0/1	39,89
1849609	T	C	0/1	49,90
1853974	C	T	0/1	52,76
1854045	A	G	0/1	42,68
1854300	T	C	0/1	34,65
1856777	G	C	1/1	0,108
1859559	C	A	0/1	55,83
1859989	C	T	0/1	45,83
1872959	A	G	0/1	35,63
1873954	G	T	0/1	33,56
1874993	CG	C	0/1	48,80
1876114	G	T	0/1	47,65
1876393	C	T	0/1	37,68
1876739	T	G	0/1	37,65
1882359	C	T	0/1	41,68
1885772	G	A	1/1	0,106
1886263	C	G	0/1	57,101
1887284	G	A	0/1	49,104
1888138	T	G	0/1	115,54
1889073	G	C	0/1	57,84
1894182	T	C	0/1	80,37
1894300	G	GGTCTTGCCGC	1/1	0,110
1894422	A	G	0/1	44,67
1897646	G	C	0/1	48,69
1900800	A	G	0/1	47,93
1901493	T	C	1/1	0,162
1901623	G	T	0/1	58,86
1901894	C	G	0/1	38,82
1902156	G	A	0/1	49,98
1903437	C	A	0/1	80,37
1906336	A	G	0/1	66,84
1906885	T	G	0/1	65,102
1907177	C	T	0/1	77,119
1907296	G	C	1/1	0,161
1913532	C	T	0/1	63,45
1916137	A	G	0/1	33,67
1916998	A	T	0/1	44,61
1917972	A	G	1/1	0,100
1920120	G	T	0/1	45,75
1923985	G	A	0/1	42,81
1924959	T	C	0/1	63,106
1925216	A	T	0/1	57,91
1926780	G	A	0/1	77,40
1931179	C	A	1/1	0,148
1931470	G	A	0/1	41,88
1933988	G	A	1/1	0,134
1935695	T	G	0/1	48,84
1936525	G	A	0/1	51,93
1940307	G	T	0/1	40,79
1943723	C	T	0/1	53,81
1944107	A	G	0/1	48,93
1944402	T	C	1/1	0,111
1948644	G	A	0/1	49,84
1950767	T	C	1/1	0,192
1952160	T	C	0/1	36,59
1956930	T	G	0/1	56,79
1960284	C	A	0/1	51,99
1963383	G	A	0/1	37,86
1963957	T	C	0/1	32,60
1967237	C	A	1/1	1,147
1967783	A	G	0/1	39,88
1971725	G	C	0/1	56,80
1978807	G	T	0/1	37,77
1979026	C	T	0/1	48,88
1986330	C	T	0/1	57,92
1993808	A	T	1/1	0,58
2004254	G	A	0/1	35,75
2008669	T	A	0/1	64,97
2008808	A	T	0/1	75,96
2010679	C	T	0/1	62,122
2013943	G	C	0/1	42,67
2017291	T	C	0/1	35,95
2017560	A	T	0/1	55,98
2019236	T	G	0/1	54,80
2022643	G	T	0/1	54,64
2022868	T	C	1/1	1,113
2023211	G	T	0/1	51,84
2029667	G	T	0/1	45,110
2030486	G	GT	0/1	70,59
2030488	AT	A	0/1	69,61
2030521	T	C	0/1	54,63
2035937	G	A	0/1	47,86
2047425	GCGCT	G	0|1	58,103
2047430	AACTTCCCGTCTC	A	0|1	59,104
2052960	T	TGCAGACCTATGA	0/1	65,91
2053320	G	T	0/1	61,86
2054905	G	A	0/1	72,40
2055271	A	G	1/1	0,113
2056965	A	G	0/1	64,109
2057593	G	A	0/1	56,85
2057774	A	T	1/1	0,150
2059364	G	A	0/1	46,77
2062922	T	C	0/1	47,72
2066471	T	C	0/1	41,66
2068353	G	A	0/1	52,101
2072190	A	C	0/1	52,98
2074754	C	T	0/1	59,81
2083124	T	C	0/1	52,87
2083610	G	C	0/1	36,81
2090306	G	A	0/1	46,91
2090400	T	TCGCCAACGCCAC	0/1	34,67
2092391	G	T	0/1	35,93
2092970	C	T	0/1	29,69
2093715	T	C	0/1	39,69
2094911	ACAGCGT	A	0/1	39,65
2096094	C	T	0/1	49,67
2096186	A	G	1/1	0,121
2096430	A	C	0/1	61,86
2097144	G	C	0/1	46,77
2098015	G	A	0/1	74,47
2102095	G	A	0/1	57,66
2104779	C	T	0/1	43,78
2108141	T	C	0/1	28,68
2108890	A	C	0/1	27,64
2109523	C	CG	1/1	0,116
2110365	A	C	1/1	0,75
2110812	G	T	1/1	0,85
2116903	C	T	1/1	0,78
2120796	T	A	0/1	56,85
2120953	C	G	0/1	48,88
2122625	A	G	0/1	48,67
2122826	G	A	0/1	51,84
2122976	C	G	0/1	49,92
2123169	T	G	1/1	0,113
2128372	A	G	0/1	41,61
2128870	A	G	1/1	0,139
2129281	C	A	0/1	49,97
2130529	A	G	0/1	49,71
2131540	C	T	0/1	35,113
2132062	C	G	0/1	57,94
2133058	C	T	0/1	89,55
2133468	T	TTCGCATGCCGTCACC	0/1	48,88
2135870	T	C	0/1	54,79
2137181	G	T	0/1	45,55
2137521	A	ACTCCGATCAC	0/1	52,92
2138767	G	C	0/1	61,75
2143328	G	C	1/1	0,112
2143343	T	G	0/1	74,43
2143523	C	CT	0/1	50,73
2143973	A	G	0/1	61,104
2145878	A	G	0/1	31,63
2146024	G	A	0/1	32,59
2146065	C	CGGCGGTCGCGGCGGGGCGGGCGGTAGAGGCGGCGACGGCGGGCAA	1/1	0,41
2147022	A	C	0/1	42,78
2147429	G	C	0/1	48,62
2147641	C	CGTTAGTTCATGCGTA	0/1	60,80
2151678	G	T	0/1	36,74
2154724	C	A	0/1	58,116
2156631	A	G	0/1	109,45
2158109	T	C	0/1	54,100
2158563	GT	G	0/1	51,85
2160998	G	A	0/1	51,78
2161343	G	GT	0/1	55,80
2161993	T	G	0/1	110,58
2167627	C	G	0/1	115,70
2173019	T	G	0/1	126,62
2177073	T	C	0/1	56,91
2177968	G	T	0/1	44,85
2183725	C	T	0/1	46,83
2184176	G	A	0/1	58,52
2184715	TG	T	0/1	70,51
2185358	G	A	0/1	45,80
2198155	C	T	0/1	42,80
2199052	C	G	0/1	71,136
2199416	A	G	0/1	57,88
2207075	A	T	0/1	103,46
2207591	T	TC	1/1	0,165
2209465	G	A	0/1	41,58
2211826	A	G	0/1	38,85
2212762	C	T	0/1	42,42
2216370	G	C	0/1	39,51
2216443	C	A	1/1	0,89
2218012	A	G	0/1	45,95
2218051	C	T	0/1	51,89
2218488	G	C	0/1	56,88
2219157	CT	C	0/1	73,39
2219955	CG	C	0/1	57,118
2220512	T	G	1/1	0,114
2222308	T	C	0/1	61,120
2223293	T	C	1/1	0,163
2228279	C	T	0/1	63,85
2228967	A	G	1/1	0,177
2229801	C	G	0/1	47,99
2231486	A	G	0/1	62,107
2233787	A	G	0/1	45,84
2237497	G	C	0/1	52,94
2238930	A	C	0/1	78,118
2239055	C	T	0/1	69,91
2240062	C	G	0/1	47,77
2241646	C	T	0/1	44,78
2241742	A	G	0/1	41,84
2242808	G	A	0/1	48,81
2243034	T	G	0/1	41,94
2245149	G	T	0/1	39,84
2246603	C	T	0/1	98,70
2246960	G	C	0/1	59,112
2247677	A	C	0/1	69,81
2249035	A	G	0/1	40,73
2249789	G	A	0/1	40,83
2251999	A	G	1/1	0,132
2252966	C	T	0/1	56,91
2255942	G	T	0/1	60,86
2260100	C	T	0/1	39,83
2260151	A	G	0|1	133,18
2260154	C	T	0|1	131,19
2260171	T	C	0|1	135,34
2260174	C	T	0|1	136,38
2260196	C	CA	0|1	136,42
2260199	C	T	0|1	139,42
2260212	G	T	0|1	133,36
2260214	G	C	0|1	131,36
2260220	C	T	0|1	130,35
2260222	C	G	0|1	130,35
2260231	T	C	0|1	125,34
2260467	G	A	0/1	46,65
2260525	C	T	1/1	0,116
2264782	C	A	1/1	0,151
2265059	T	G	0/1	50,101
2266487	G	C	0|1	114,51
2266504	T	TA	0|1	107,60
2266508	A	T	0|1	114,61
2266511	GT	G	0|1	111,62
2266517	T	C	0|1	116,64
2266550	G	T	0|1	121,88
2266553	C	G	0|1	121,89
2266583	C	G	0|1	132,22
2266598	G	C	0|1	135,22
2266604	C	G	0/1	141,22
2266613	G	GC	0|1	137,23
2266624	G	T	0|1	134,26
2269780	T	C	1/1	0,141
2270102	A	G	1/1	0,160
2282376	C	T	0|1	55,108
2282377	C	T	0|1	54,108
2282787	C	T	1/1	0,103
2285251	C	A	1/1	0,168
2286896	A	G	0/1	66,88
2287121	A	G	1/1	1,154
2309356	G	A	0/1	47,81
2310831	C	T	0/1	29,64
2311099	C	G	0/1	20,57
2321358	G	C	0/1	32,60
2327903	ATGAT	A	0/1	36,65
2328194	G	A	0/1	33,58
2328543	T	C	0/1	36,50
2329533	A	G	0/1	49,68
2330240	A	C	0/1	33,87
2331255	C	T	0/1	47,66
2331620	A	C	0/1	22,65
2331789	G	T	0/1	52,81
2333694	G	A	0/1	78,40
2334007	A	G	0/1	44,81
2335075	A	G	0/1	55,85
2335494	A	G	0|1	50,79
2335500	C	T	0|1	51,82
2338194	AC	A	0/1	35,63
2341030	G	A	0/1	42,100
2341636	C	G	1/1	0,102
2342403	C	G	0/1	44,81
2342649	A	AGGCGTACACAC	0/1	38,66
2345037	C	A	0/1	56,66
2349102	TGCTGCGGGTACG	T	0/1	78,44
2349634	C	T	0/1	37,90
2350186	A	G	0/1	30,72
2357268	TGCC	T	0/1	17,40
2358029	T	TG	0/1	37,66
2361604	C	G	0/1	40,74
2362041	C	A	1/1	0,100
2368564	TA	T	1/1	0,187
2368647	C	T	0/1	66,112
2369186	G	C	0/1	53,76
2369326	C	G	0/1	52,91
2374442	G	A	0/1	68,118
2376425	A	G	0/1	38,79
2377306	C	T	0/1	76,43
2379743	C	G	0/1	52,86
2386389	G	A	1/1	0,136
2388641	G	A	0/1	49,106
2390299	A	G	0/1	53,103
2395781	G	T	0/1	42,86
2397760	C	G	0/1	34,62
2399887	C	T	0/1	49,109
2400031	G	A	0/1	52,90
2401825	TGGCTCCTCCTCACCCCGTTACCCGGGGCGCATCGTCGCCGAGCTCGATTTGATTGCCC	T	0/1	57,47
2403209	A	G	0/1	41,77
2413246	C	A	0/1	26,63
2415656	G	C	1/1	0,71
2419142	A	G	0/1	25,52
2421816	A	G	0/1	24,59
2421975	G	GGGAA	0/1	27,52
2424864	A	G	0/1	39,69
2424925	A	G	1/1	0,101
2425097	A	C	0/1	36,75
2425471	T	C	0/1	34,76
2437259	G	T	0/1	30,68
2440187	TG	T	0/1	45,96
2440926	G	T	0/1	63,99
2447539	A	G	0/1	57,106
2448288	G	A	0/1	51,94
2448458	C	T	0/1	33,89
2449295	G	A	0/1	43,83
2450045	G	A	0/1	44,79
2451081	C	G	0/1	39,71
2451927	G	GCAGC	0/1	33,70
2453153	G	A	0/1	69,99
2462871	G	A	0/1	40,82
2470485	G	T	0/1	37,66
2470591	A	C	0/1	31,82
2472956	T	C	0/1	25,51
2474811	C	T	0/1	45,88
2476570	G	A	0/1	36,74
2476643	T	G	0/1	33,81
2493665	G	A	0/1	59,102
2494233	G	A	0/1	38,73
2495500	T	C	0/1	49,67
2499500	G	C	0/1	79,44
2499726	G	A	0/1	53,78
2500892	C	T	0/1	56,92
2501147	G	GC	0|1	41,66
2501148	T	C	0|1	42,67
2503549	C	A	0/1	45,79
2507254	G	A	0/1	76,35
2508395	G	A	0/1	31,81
2509140	G	C	0/1	26,51
2509181	C	G	0/1	31,53
2509722	A	G	1/1	0,127
2509928	A	C	0/1	82,50
2511422	G	A	0/1	78,40
2511712	G	T	0/1	36,84
2516567	G	C	0/1	46,78
2517288	C	T	0/1	29,54
2517610	G	A	0/1	37,95
2518132	C	T	0/1	56,118
2519024	G	A	0/1	38,66
2521198	G	A	0/1	46,58
2521342	T	C	1/1	0,96
2523205	G	GCGC	1/1	0,59
2525722	CG	C	1/1	0,116
2526974	T	C	0/1	41,68
2527070	G	A	0/1	51,82
2528931	G	A	0/1	48,82
2529680	A	G	0/1	47,86
2530434	G	T	0/1	27,60
2534562	GGA	G	1/1	0,122
2535153	G	A	0/1	41,80
2536705	T	G	0/1	25,66
2538793	G	A	0/1	34,72
2544979	T	A	0/1	69,102
2546406	T	C	0/1	49,73
2547274	A	G	0/1	55,104
2547529	A	AG	0/1	60,84
2552592	A	C	0/1	58,107
2553682	C	T	0/1	50,98
2555470	A	C	0/1	35,94
2562783	T	C	0/1	57,79
2563958	A	C	0/1	61,79
2564368	G	GC	0/1	47,65
2566766	C	CG	0|1	41,80
2566768	A	C	0|1	44,82
2569593	A	G	0/1	46,96
2573434	G	T	0/1	39,87
2573756	C	A	0/1	45,81
2574598	C	T	0/1	45,101
2576085	A	C	0/1	41,76
2577246	A	G	0/1	53,77
2578626	A	G	0/1	55,88
2579856	A	G	0/1	56,106
2580994	GC	G	0/1	112,54
2581109	C	A	0/1	60,113
2582324	G	A	0/1	50,87
2586127	A	G	1/1	0,139
2589216	G	C	0/1	47,99
2592063	GT	G	0/1	33,82
2598400	A	G	0/1	44,83
2599878	C	CGGGGCA	0/1	44,56
2602575	G	A	0/1	58,81
2604156	TCAGTGCCAA	T	0/1	39,64
2605293	G	T	0/1	46,75
2606797	G	GC	0/1	34,108
2608117	C	A	0/1	45,91
2608256	G	A	0/1	58,96
2608488	T	C	0/1	51,98
2610904	A	G	0/1	129,76
2611704	A	C	0/1	70,139
2612632	C	A	1/1	0,190
2613878	T	C	0/1	72,98
2619271	T	C	0/1	54,109
2622402	G	A	0/1	46,90
2622508	C	T	0/1	61,70
2625201	G	A	0/1	37,70
2628175	T	C	0/1	118,62
2631641	T	G	0/1	45,91
2631872	C	T	0|1	141,34
2631877	T	C	0|1	147,33
2631883	T	C	0|1	149,34
2631887	A	G	0|1	150,38
2631890	C	T	0|1	150,40
2631929	C	G	0|1	155,30
2631931	G	A	0|1	159,32
2631932	C	G	0|1	159,31
2631938	G	A	0|1	167,31
2631940	T	A	0|1	172,32
2631941	A	G	0|1	173,31
2631944	C	T	0|1	172,31
2631962	T	G	0|1	184,35
2631967	G	A	0|1	190,29
2631968	A	G	0|1	190,29
2631971	A	G	0|1	193,28
2631977	G	C	0|1	179,28
2632341	C	CA	0/1	47,122
2632500	A	G	0/1	66,110
2637541	C	T	0/1	55,90
2641382	A	C	0/1	78,54
2641840	A	G	0/1	37,95
2641980	G	A	0/1	32,80
2642383	C	T	0/1	52,82
2643653	G	A	0/1	40,62
2652908	C	G	0/1	36,68
2654583	C	T	0/1	28,64
2654696	G	A	0/1	39,80
2656225	A	G	1/1	0,108
2660319	C	A	0/1	39,85
2663210	G	A	0/1	34,90
2680658	T	G	0/1	53,119
2682001	G	A	0/1	39,80
2686714	T	G	0/1	92,45
2687134	G	GCGCCGGCGACGATGCAGAGCGCAGCGATGCTGAGGAGCGGCGCCATCGAAGCAC	0/1	19,25
2688225	G	C	0/1	55,77
2691713	T	C	0/1	46,108
2695378	C	G	0/1	58,115
2696977	G	C	0/1	52,89
2697953	C	T	0/1	59,86
2704291	G	A	0/1	47,76
2704588	C	T	0/1	37,92
2704884	A	ACAGCGACCATATCGCCGAGCT	0/1	36,89
2705561	A	G	0/1	38,88
2709795	A	G	0/1	51,91
2711032	C	A	0/1	40,74
2712913	C	A	0/1	45,79
2713795	C	T	0/1	42,67
2718852	T	G	1/1	0,149
2719850	G	A	0/1	49,115
2723506	T	C	0/1	47,69
2724180	TCACGATCGGGTCTCCTCTAG	T	0/1	41,46
2725472	G	A	0/1	40,75
2726051	G	A	0/1	68,105
2727037	A	T	0/1	52,114
2729772	G	C	0/1	37,89
2731741	G	A	0/1	51,97
2734074	T	C	1/1	0,113
2737572	C	A	0/1	28,42
2739385	T	C	0/1	37,72
2740693	T	C	0/1	53,68
2740845	C	T	0/1	65,92
2742275	CGTCTTCGTCGGA	C	0/1	102,58
2745739	G	A	0/1	41,96
2745839	G	A	0/1	32,97
2750126	G	A	0/1	46,79
2751589	C	T	0/1	36,64
2751804	C	T	1/1	0,105
2752698	C	A	1/1	0,170
2753041	C	T	0/1	74,112
2755112	G	A	0/1	34,81
2756206	C	T	0/1	55,104
2757357	C	T	0/1	50,103
2759534	C	G	0/1	58,86
2760152	A	G	1/1	2,115
2764206	A	G	0/1	57,67
2764939	G	A	0/1	39,80
2765271	C	G	0/1	80,52
2773955	G	C	0/1	41,72
2779136	T	C	1/1	0,122
2786952	A	G	1/1	1,121
2787989	C	T	0/1	55,84
2788966	G	T	0/1	47,72
2789661	C	A	0/1	50,90
2790458	A	C	0/1	49,91
2791098	C	T	0/1	45,94
2791257	A	T	0/1	56,83
2791475	A	G	0/1	34,83
2799488	CCGCAA	C	0/1	53,81
2806796	G	A	0/1	109,51
2807165	TG	T	0/1	61,113
2807486	C	A	0/1	57,128
2809250	C	T	0/1	82,48
2809621	T	C	1/1	0,95
2809895	G	A	0/1	41,72
2815277	C	T	0/1	41,68
2817158	C	A	0/1	50,81
2818837	A	G	1/1	0,131
2821342	C	T	0/1	36,88
2824390	C	T	0/1	75,43
2824432	G	A	0/1	37,73
2825466	G	A	0/1	35,87
2827984	G	T	1/1	0,149
2828019	T	C	1/1	0,149
2828058	G	A	0/1	55,105
2828104	C	T	0/1	57,106
2830126	A	G	0/1	55,137
2830525	C	A	1/1	0,156
2832904	C	T	0/1	121,53
2841022	A	G	0/1	48,75
2846762	C	G	0/1	34,93
2847281	A	G	0/1	46,64
2855259	A	G	1/1	0,139
2855291	C	T	0/1	51,88
2858035	G	GCGGCTGCAA	0/1	48,46
2858669	G	T	0/1	50,75
2862555	G	A	0/1	89,47
2863052	G	A	0/1	47,36
2863144	G	A	0/1	35,64
2865703	A	C	0/1	44,99
2865760	A	G	1/1	0,140
2865882	T	C	0/1	55,98
2869242	T	C	0/1	57,97
2870386	C	T	0/1	52,81
2873093	G	GCCA	0|1	37,54
2873110	G	C	0|1	42,57
2878980	C	T	0/1	49,60
2880702	G	C	0/1	46,107
2881244	A	G	0/1	53,71
2881597	AG	A	1/1	0,128
2883043	C	G	0/1	63,87
2884398	C	G	0/1	74,48
2886570	A	G	0/1	58,96
2888201	T	C	0/1	24,81
2889633	T	C	1/1	0,93
2891267	C	T	1/1	0,103
2891728	A	G	1/1	0,109
2893883	A	G	0/1	51,72
2894208	G	A	1/1	0,111
2894594	G	A	0/1	40,64
2894642	A	G	0/1	52,61
2897528	G	A	0/1	44,85
2897871	A	G	0/1	44,105
2899890	G	T	0/1	44,82
2904536	G	A	0/1	51,87
2906008	C	T	0/1	40,69
2910461	G	T	1/1	0,109
2911293	C	G	1/1	0,114
2911660	G	A	0/1	37,85
2912294	T	G	1/1	0,147
2915482	C	A	0/1	31,67
2916664	T	C	0/1	40,77
2923391	T	C	1/1	0,77
2925683	G	A	0/1	44,83
2925962	T	C	0/1	36,80
2926882	C	T	0/1	46,79
2927511	G	T	0/1	49,80
2927939	T	C	1/1	0,134
2934127	A	G	0/1	88,41
2939373	G	C	1/1	0,118
2939657	T	C	1/1	0,85
2940608	C	T	0/1	37,71
2948650	T	C	0/1	50,93
2951582	T	G	0/1	73,41
2953307	G	T	1/1	0,110
2954439	T	C	1/1	0,93
2955233	C	T	1/1	0,101
2955396	CG	C	0|1	106,9
2955399	T	C	0|1	104,9
2955402	GA	G	0|1	106,9
2955404	TTGCCGTTG	T	0|1	108,9
2955415	GTCTAAGCACCACCTAAC	G	0|1	117,9
2955436	GT	G	0|1	109,11
2957568	CT	C	0/1	54,96
2959324	A	G	0/1	55,126
2963627	G	A	0/1	37,85
2963892	G	A	0/1	40,94
2970016	A	ACGATTGACCTGCGGTTTCATCCACAAAATCTGGGCTGCGTGAACTAAATGTGAACT	0/1	45,34
2984740	A	G	1/1	1,82
2985216	G	A	0/1	45,67
2987918	G	A	0/1	41,73
2988630	C	G	0/1	29,68
2990697	C	CG	0|1	107,66
2990699	T	TGATCGCAAGCGCGGCGAGCCGGGCGCAGCG	0|1	107,64
2990752	A	C	0/1	48,69
2992374	G	T	0/1	44,68
2992564	G	A	0/1	36,62
2993523	T	C	0/1	30,41
2994187	T	C	0/1	36,58
2996912	C	T	0/1	45,60
3000362	T	C	0/1	60,90
3003115	C	G	0/1	40,86
3005185	G	T	0/1	41,94
3005789	T	C	0/1	100,42
3009692	A	G	0/1	38,77
3010420	A	G	0/1	55,77
3010744	C	A	0/1	37,75
3011102	C	T	0/1	52,93
3011506	T	C	0/1	41,74
3013540	C	T	0/1	71,56
3015119	CT	C	0/1	47,77
3015379	G	A	0/1	47,66
3017134	G	T	0/1	77,51
3017465	T	C	1/1	0,131
3025431	C	T	0/1	50,84
3026879	GC	G	0/1	81,70
3027606	C	G	0/1	40,94
3027798	T	C	0/1	52,79
3031168	A	G	0/1	48,87
3031285	A	T	0/1	41,82
3032887	G	A	0/1	41,83
3035101	G	A	0/1	61,130
3035683	T	G	0/1	65,101
3036413	G	A	0/1	65,102
3037377	T	C	0/1	39,56
3041871	G	T	0/1	45,88
3044721	A	G	0/1	72,38
3053814	G	A	0/1	82,35
3064632	G	A	0/1	43,96
3069167	A	G	0/1	63,111
3069805	G	C	0/1	61,100
3070311	C	A	0/1	44,98
3074830	C	T	0/1	38,75
3074894	C	CG	0/1	47,78
3080795	A	G	1/1	0,161
3085119	G	GC	0/1	52,108
3086261	T	C	0/1	47,84
3086788	T	C	0/1	51,101
3088625	A	G	0/1	38,76
3092402	A	C	0/1	51,116
3097349	C	T	0/1	39,79
3103611	G	A	0/1	85,51
3103682	T	C	1/1	0,132
3104189	A	G	0/1	50,90
3105144	C	A	0/1	46,76
3106422	T	C	0/1	94,46
3108339	A	C	0/1	72,40
3114814	G	A	0/1	58,123
3118449	A	G	0/1	41,66
3129780	A	G	0/1	57,102
3131469	T	TTGTCGGCGA	0/1	65,88
3137058	G	A	1/1	0,141
3137237	T	C	0/1	51,77
3137681	G	A	0/1	43,52
3139702	G	A	0/1	41,94
3142039	C	G	0/1	75,50
3146932	G	A	0/1	23,53
3148040	G	A	0/1	57,93
3160732	G	A	0/1	54,110
3162191	G	A	0/1	80,41
3164730	G	A	0/1	25,57
3168967	C	A	0/1	87,65
3169993	A	G	0/1	58,74
3174496	A	G	0/1	39,61
3177884	C	A	1/1	0,141
3180988	C	A	0/1	47,59
3186860	T	G	1/1	0,125
3188428	C	T	0/1	55,79
3188769	A	G	0/1	42,85
3189242	A	G	0/1	37,84
3189580	T	C	0/1	35,107
3189652	G	A	0/1	41,85
3190145	TC	T	0/1	38,74
3190342	G	A	0/1	43,60
3190721	C	T	0/1	78,51
3192354	G	C	0|1	151,44
3192357	G	C	0|1	152,41
3192359	A	ATCT	0|1	151,38
3192362	G	GC	0|1	155,22
3197917	G	A	0/1	44,84
3199470	A	G	0/1	34,99
3200304	A	G	0/1	33,80
3202130	G	A	0/1	45,85
3202629	C	T	0/1	51,63
3205565	G	A	0/1	30,72
3208394	G	A	0/1	34,88
3214299	G	A	0/1	34,86
3214481	G	T	0/1	42,88
3224292	G	GT	0/1	50,58
3226181	A	C	1/1	0,129
3228143	G	T	1/1	0,128
3229692	G	A	0/1	27,63
3232208	GC	G	0/1	47,122
3232650	TCCGTGGCGATCGCAAGCGCGGCGCAGCCGCGCGCAGCGGGTCGCCACCATCAGACCCCGTGGCGATCGCAAGCGCGGCGCAGCCGCGCGCAGCGGGTCGCCACCATCAGACCCCGTGGCGATCGCAAGCGCGGCGCAGCCGCGCGCAGCGGGTCGCCACCATCAAACC	T	0/1	15,70
3233605	G	A	0/1	36,99
3241244	G	A	0/1	62,97
3241900	G	A	0/1	56,104
3242138	A	C	0/1	64,78
3244414	A	G	0/1	57,114
3256494	A	G	0/1	50,91
3264912	C	A	0/1	57,85
3266030	A	G	0/1	48,56
3266196	G	A	0/1	47,78
3269581	A	G	1/1	0,136
3270784	A	G	1/1	0,118
3271037	A	G	0/1	50,80
3273138	C	G	0/1	59,104
3274545	G	A	0/1	68,140
3277293	A	G	0/1	38,56
3280132	G	A	0/1	41,62
3293423	A	G	0/1	34,80
3293601	T	C	0/1	40,77
3295124	C	T	0/1	27,74
3296060	GC	G	0/1	81,31
3296371	G	GCCGCGGC	0/1	38,61
3296721	C	G	0/1	48,80
3296843	A	G	1/1	0,120
3299413	G	A	0/1	88,108
3302683	C	T	0/1	64,84
3306163	CGGCACTGTGGCG	C	0/1	60,92
3306594	T	G	0/1	63,103
3308446	T	C	0/1	56,84
3308606	G	A	1/1	0,167
3309009	C	A	0/1	78,147
3311119	G	C	0/1	57,72
3312942	G	A	0/1	56,113
3314243	G	A	0/1	43,83
3314412	A	G	0/1	41,88
3314895	G	A	0/1	93,59
3318047	TC	T	0/1	72,100
3326150	A	G	0/1	53,80
3326554	A	C	0/1	54,106
3327294	A	C	0/1	84,50
3328495	G	C	0/1	38,65
3331361	ACG	A	0/1	36,65
3331853	A	G	0/1	90,36
3336825	T	C	0/1	29,67
3338603	G	C	1/1	0,113
3338834	C	A	0/1	40,84
3351090	G	GCCCTGCCGGGCGACGATTCGGGCCGGCACGGCCCGATGAGGAGCCCGGCAATCAGA	0/1	0,0
3351472	G	A	0/1	45,64
3352763	T	C	0/1	40,94
3352932	C	G	0/1	32,80
3354675	G	C	0/1	36,59
3358235	A	T	1/1	0,145
3363222	G	A	0/1	60,125
3363338	A	G	1/1	0,159
3365841	G	A	0/1	51,80
3366409	GATCACATCACC	G	0/1	49,70
3367765	G	A	1/1	0,133
3369869	G	T	0/1	25,75
3371260	T	C	0/1	49,71
3378828	C	A	1/1	0,83
3387581	G	A	0/1	28,64
3391824	G	A	0/1	50,89
3393300	C	T	0/1	54,86
3393361	C	G	0/1	65,82
3394177	C	T	0/1	65,84
3401850	G	A	0/1	56,78
3401871	A	G	0/1	51,82
3402816	C	T	0/1	42,79
3404376	C	G	0/1	41,90
3406798	G	A	0/1	37,95
3407028	C	T	0/1	50,77
3411060	G	T	0/1	87,68
3415180	ACACCTAGGGGGTGG	A	1/1	0,152
3415332	A	G	0/1	61,91
3416889	G	A	0/1	81,48
3419467	C	T	0/1	124,60
3420825	A	G	0/1	50,110
3423249	C	CGCGAGCAGACGCAGAATCGCCCAAAATCCAAGATTTTGAGGCGATTCTGCGTCTGCTCGCGCAACCGG	0/1	52,50
3424462	C	T	0/1	46,87
3425854	C	T	1/1	0,90
3427632	C	T	0/1	56,88
3428917	C	A	1/1	0,134
3431407	G	T	0/1	39,93
3440464	T	G	1|1	0,126
3440468	G	C	1|1	0,127
3440542	A	G	0/1	61,71
3442240	C	A	0/1	49,107
3447480	A	C	0/1	52,102
3448714	G	C	1/1	0,74
3450725	T	C	1/1	0,84
3452906	G	A	0/1	94,44
3453382	C	T	0/1	31,59
3454263	C	G	0/1	41,72
3455686	G	C	0/1	48,79
3456666	A	G	1/1	0,94
3460765	G	C	0/1	38,51
3462135	G	C	0/1	18,61
3464629	A	G	0/1	45,100
3467465	C	G	0/1	53,100
3473996	G	GA	0/1	50,102
3474597	C	A	0/1	55,93
3475159	A	G	0/1	51,95
3476410	C	T	0/1	101,72
3478242	G	C	0|1	227,24
3478244	C	A	0|1	227,24
3478245	T	C	0|1	222,24
3478248	T	C	0|1	223,24
3478251	C	T	0|1	218,24
3478254	G	C	0|1	217,24
3478257	A	G	0|1	225,24
3478260	C	G	0|1	226,24
3478263	G	A	0|1	227,24
3478272	G	A	0|1	222,24
3478452	A	C	0|1	216,16
3478455	G	C	0|1	209,18
3478480	C	A	0|1	215,19
3478482	T	G	0|1	213,19
3478485	A	G	0|1	207,19
3478488	G	A	0|1	210,19
3478489	T	C	0|1	208,19
3478504	T	A	0|1	207,19
3478506	A	C	0|1	207,19
3478512	G	A	0|1	203,19
3478519	T	C	0|1	208,18
3478521	G	T	0|1	208,18
3478527	A	C	0|1	211,18
3478528	A	C	0|1	212,18
3479561	G	A	0/1	88,121
3480474	G	A	0/1	69,124
3480789	T	C	0/1	60,91
3486977	A	G	1/1	0,183
3487838	C	CTGAACCGCCCCGGCAT	0|1	116,13
3487841	C	CCGGAGACTCCAGTTCTTGGAAAGGATGGGGTCATGTCAGGTGGTT	0|1	122,10
3493873	G	A	0/1	82,138
3494295	GGC	G	0/1	57,89
3494820	CG	C	0/1	53,94
3497586	C	G	0/1	51,77
3498418	A	G	0/1	43,91
3501221	G	GC	0|1	58,43
3501226	C	CCTTGACCCATTCAGTTCTCGACCAGCACGACACCGTATCCGCACAAATGTAAGGAGCTGAGACACAA	0|1	60,42
3503895	C	T	1/1	0,108
3505005	A	C	0/1	54,80
3509091	G	C	0/1	49,104
3518167	A	G	0/1	47,52
3518555	A	G	1/1	0,107
3518604	A	G	0/1	68,30
3518766	G	A	0/1	29,74
3521044	A	G	0/1	52,92
3525374	A	G	0/1	43,72
3526986	A	G	0/1	59,81
3530145	C	A	0/1	50,82
3530955	C	G	0/1	47,95
3531656	C	T	0/1	43,77
3531706	A	G	0/1	43,70
3531815	G	A	0/1	83,42
3532318	G	T	0/1	47,103
3533759	G	A	0/1	52,110
3536008	G	T	0/1	44,72
3538128	G	A	0/1	47,68
3539139	CG	C	0/1	30,64
3540633	G	A	0/1	78,50
3546229	T	G	0/1	120,60
3546881	G	A	0/1	83,55
3547956	G	A	0/1	36,93
3554354	A	G	0/1	53,89
3555699	A	G	0/1	51,113
3556275	A	G	0/1	62,106
3560135	C	G	0/1	42,56
3560645	C	T	0/1	47,100
3566923	A	ACGCTTGTCGG	0/1	38,79
3571262	G	A	0/1	45,88
3571834	T	G	0/1	53,95
3572372	C	T	0/1	68,29
3573636	T	C	0/1	45,83
3577958	A	G	0/1	47,80
3580636	CT	C	1/1	0,124
3581414	A	G	1/1	0,103
3585644	A	G	0/1	52,86
3590686	G	GC	1/1	0,80
3591063	T	C	1/1	0,143
3594439	C	G	0/1	68,44
3597682	C	T	0/1	83,131
3599351	C	T	0/1	121,74
3600390	G	A	0/1	54,77
3604821	G	C	1/1	0,73
3608259	A	G	0/1	38,94
3608865	C	T	0/1	51,93
3610391	A	AC	0/1	46,87
3610668	GGGGTC	G	0/1	43,78
3614982	T	C	0/1	44,107
3621423	A	G	0/1	72,99
3622441	A	C	1/1	0,110
3624486	T	C	0/1	46,80
3625065	T	G	0/1	48,90
3626467	C	T	0/1	52,72
3629203	G	A	0/1	36,89
3630801	A	C	0/1	99,40
3631846	C	T	0/1	43,82
3637303	G	T	0/1	39,68
3638093	G	A	0/1	46,106
3640468	G	C	0/1	62,103
3647041	A	G	0/1	35,54
3647591	A	G	0/1	42,79
3658266	C	G	0/1	38,53
3661802	C	T	0/1	42,80
3664603	A	T	0/1	50,91
3670040	C	T	0/1	41,93
3670118	G	T	0/1	36,67
3671532	G	C	0/1	51,107
3671843	A	C	0/1	48,121
3672105	G	C	0/1	59,104
3678091	G	A	0/1	41,63
3679949	A	G	0/1	28,49
3681548	A	C	0/1	31,63
3683237	G	T	0/1	45,77
3683715	T	G	0/1	37,79
3683934	C	T	0/1	58,78
3683969	G	A	0/1	59,73
3686284	G	A	0/1	81,46
3687372	A	G	0/1	64,103
3689492	C	T	0/1	58,96
3689523	G	T	1/1	0,155
3690016	A	G	0/1	41,65
3693681	A	C	0/1	37,77
3696181	A	G	0/1	31,61
3697708	A	G	0/1	47,91
3698426	G	A	0/1	33,99
3703998	G	A	0/1	108,56
3704261	C	A	0/1	47,92
3704596	G	C	1/1	0,151
3714211	G	T	1/1	0,110
3714757	A	C	0/1	49,69
3718357	C	T	1/1	0,166
3721806	G	C	1/1	0,120
3723901	G	GT	0/1	39,78
3743549	A	G	0/1	61,86
3770325	C	T	0/1	44,64
3771628	A	C	0/1	48,58
3772616	G	A	0/1	53,77
3774506	G	A	0/1	37,73
3781181	C	T	0/1	48,88
3784975	G	A	0/1	57,90
3785946	A	G	0/1	40,76
3786033	A	G	0/1	54,92
3788365	T	G	0/1	43,74
3788751	T	C	0/1	48,97
3793634	A	G	0/1	57,93
3793753	GC	G	0/1	58,100
3794867	C	CCA	0/1	61,114
3798095	A	C	0/1	74,119
3798846	A	C	0/1	138,79
3808103	T	C	0/1	57,109
3811629	G	A	0/1	52,100
3815268	G	A	0/1	40,85
3815477	G	T	0/1	57,98
3817117	C	A	1/1	0,131
3820449	T	TAGCCCGGTGACGATGCGGGCCGCGTAGCGGCCCGAGGAGGAGCCGGGCAATCCAGCCTG	0/1	45,7
3820501	CCA	C	0|1	75,37
3820505	C	G	0|1	76,37
3820508	G	T	0|1	76,37
3820545	A	G	0|1	85,26
3820722	G	A	0/1	41,87
3823159	A	T	1/1	0,130
3823820	G	A	0/1	59,118
3826684	C	T	1/1	1,150
3829770	T	C	0/1	32,76
3830566	G	A	0/1	31,61
3830695	A	G	0/1	50,64
3836739	G	A	0/1	86,54
3838871	A	G	1/1	0,102
3851084	A	G	0/1	42,77
3851887	A	C	0|1	35,44
3851888	T	C	0|1	34,44
3854899	T	C	0/1	47,85
3859893	C	T	1/1	0,141
3861914	C	T	0/1	44,71
3862472	GA	G	1/1	0,101
3864041	G	A	0/1	42,59
3864053	C	T	0/1	37,53
3864995	T	C	0/1	44,47
3868738	C	A	0/1	36,57
3871246	T	C	0/1	22,52
3874722	AT	A	0/1	61,122
3875029	T	C	0/1	118,52
3876953	G	A	0/1	40,102
3877421	A	G	1/1	0,158
3879882	G	A	0/1	53,102
3880239	C	CGTCCGGCTCCTCCTCGGACCACTACGCGGCCCGCATCGTCGCCGACCAAGTCCAACT	0/1	45,55
3883467	A	G	0/1	63,114
3885886	T	C	0/1	46,90
3892671	A	G	1/1	0,185
3893480	G	A	0/1	42,122
3895727	C	A	0/1	45,71
3896340	T	G	1/1	1,147
3897374	G	A	0/1	54,100
3898408	A	G	1/1	0,156
3898869	C	A	0/1	39,66
3899654	C	A	0/1	48,79
3904922	G	C	0/1	33,98
3905222	G	A	0/1	33,90
3906926	C	T	0/1	49,99
3909235	G	C	0/1	52,93
3913737	G	A	0/1	77,127
3920109	G	T	0/1	64,102
3921094	C	T	0/1	44,91
3922836	T	C	0/1	51,94
3926081	A	C	0/1	57,51
3952800	G	A	1/1	0,114
3954694	C	T	0/1	59,88
3958007	C	T	0/1	46,61
3958403	A	G	0/1	40,54
3959418	C	T	1/1	0,126
3961802	A	G	0/1	61,98
3964058	C	G	0/1	59,98
3964293	G	T	0/1	55,119
3967223	G	A	0/1	56,117
3974142	G	A	0/1	36,75
3984321	G	A	0/1	49,100
3984926	G	A	0/1	48,90
3988745	C	G	0/1	48,77
3989107	C	T	0/1	42,49
3989914	G	T	0/1	50,93
3990681	A	G	0/1	42,54
3994898	A	G	0/1	32,90
4003645	C	T	0/1	54,85
4005114	G	C	0/1	38,64
4005607	T	C	0/1	32,76
4006444	A	T	0/1	79,44
4008747	A	G	0/1	42,73
4012219	T	C	0/1	39,112
4013076	G	A	0/1	29,71
4014173	G	A	0/1	50,83
4014431	C	T	0/1	37,76
4016839	T	C	0/1	77,51
4019103	G	T	0/1	55,98
4020756	C	G	0/1	33,56
4022652	G	A	0/1	55,73
4024079	T	C	0/1	48,75
4024273	T	C	0/1	57,89
4024967	C	G	0/1	46,101
4026800	G	C	0/1	57,73
4026899	G	A	1/1	0,152
4028292	C	T	0/1	98,40
4028752	A	G	0/1	55,98
4034565	A	G	0/1	49,100
4034827	C	T	1/1	0,125
4040517	A	G	0/1	57,95
4044740	G	A	0/1	43,64
4047879	C	T	0/1	35,83
4054364	C	T	0/1	56,102
4054637	A	G	0/1	53,89
4055801	G	A	1/1	0,138
4056416	C	A	0/1	83,140
4056767	T	C	0/1	87,127
4057081	A	G	0/1	60,143
4058711	T	C	0/1	46,78
4059904	A	G	1/1	0,150
4064270	G	T	0/1	55,79
4067152	G	A	0/1	31,71
4067326	C	A	0/1	37,82
4067898	C	T	0/1	48,84
4068075	A	T	0/1	87,49
4068916	T	C	0/1	117,57
4069292	G	A	0/1	31,82
4069797	C	T	0/1	56,81
4073645	C	T	0/1	66,96
4081987	G	C	0|1	44,65
4081996	G	C	0|1	45,60
4082893	A	G	0/1	50,80
4083360	T	G	0/1	37,60
4085200	G	C	0/1	48,103
4085221	C	A	0/1	101,52
4089058	T	C	0/1	27,58
4093719	G	A	0/1	36,66
4095001	CG	C	1/1	0,113
4095295	T	C	0/1	43,85
4096190	G	A	0/1	48,77
4100975	T	C	1/1	1,148
4101018	C	T	0/1	44,89
4105757	C	T	0/1	54,91
4106154	C	T	0/1	30,69
4107074	T	C	0/1	29,66
4109751	G	A	0/1	50,89
4111303	G	C	1/1	0,143
4112429	T	C	0/1	46,70
4115029	G	A	0/1	45,100
4116682	T	C	0/1	56,91
4117161	C	A	0/1	37,100
4119246	T	C	0/1	45,99
4121517	A	AT	0/1	54,101
4121745	G	A	0/1	59,92
4126087	T	G	0/1	45,68
4130711	G	C	0/1	38,65
4133907	G	A	0/1	47,83
4137190	T	C	0/1	59,117
4137266	G	A	0/1	97,59
4138377	A	G	0/1	54,65
4141864	C	A	0/1	48,60
4142689	G	A	0/1	45,84
4145737	A	G	0/1	38,70
4151525	C	T	0/1	81,36
4151855	A	G	0/1	41,86
4156099	C	A	1/1	0,109
4156239	A	G	0/1	34,74
4156503	C	T	0/1	32,92
4157259	G	A	0/1	42,71
4158361	A	G	0/1	37,80
4159195	T	C	0/1	45,70
4160533	TGCGCCCGGC	T	0/1	51,115
4162339	A	G	1/1	1,133
4163558	G	C	0/1	52,105
4167642	G	T	0/1	63,97
4168445	GCGCGGACGGGAA	G	1/1	0,134
4169666	GT	G	0/1	56,102
4169719	C	T	0/1	51,88
4170964	G	GA	0/1	39,72
4176443	C	G	0/1	83,27
4176559	G	A	0/1	29,82
4178743	A	C	0/1	42,82
4179089	C	T	0/1	45,87
4182695	G	A	0/1	45,91
4187063	G	A	0/1	35,79
4187485	T	C	1/1	0,159
4187817	A	G	1/1	0,132
4188020	A	G	0/1	98,47
4190532	A	C	0/1	70,101
4190596	A	C	0/1	78,105
4190962	G	A	0/1	53,82
4197138	C	CT	0/1	68,92
4197189	A	G	0/1	70,84
4198611	CG	C	0/1	49,109
4200220	A	G	0/1	33,84
4201105	G	A	0/1	40,88
4202383	A	C	0/1	29,77
4204441	A	G	1/1	0,153
4205120	A	G	0/1	50,100
4210274	A	G	1/1	0,123
4210876	T	C	0/1	48,70
4211365	G	A	0/1	99,52
4215484	G	C	0/1	51,90
4216255	C	G	0/1	51,90
4217557	A	G	0/1	41,74
4218124	G	C	0/1	42,97
4218669	G	GT	0/1	49,98
4221490	C	G	1/1	0,117
4222073	A	G	1/1	0,105
4222882	A	G	1/1	0,136
4223172	T	C	0/1	44,73
4226661	G	A	0/1	52,98
4227213	C	T	0/1	51,88
4232327	A	G	0/1	52,87
4234664	G	A	0/1	113,70
4239593	G	A	0/1	54,92
4240671	C	T	0/1	43,85
4241042	A	G	0/1	52,77
4242643	C	T	1/1	0,96
4243848	G	A	0/1	39,73
4244167	C	T	0/1	45,78
4245969	C	T	0/1	44,70
4247646	A	C	0/1	50,79
4251297	G	C	0/1	56,93
4254345	AT	A	0|1	68,57
4254347	T	A	0|1	69,59
4254359	A	G	0/1	72,69
4255922	A	G	0/1	46,81
4257220	A	G	0/1	44,115
4261499	G	A	0/1	46,79
4263279	A	G	0/1	47,76
4269387	T	G	0/1	39,94
4269606	A	G	0/1	44,93
4273272	G	A	0/1	52,93
4274899	A	C	0/1	39,72
4275686	TG	T	0/1	41,104
4275935	A	G	0/1	40,74
4276306	C	T	0/1	37,97
4280441	C	A	0/1	53,94
4281143	C	G	0/1	41,124
4281272	G	A	0/1	51,100
4283016	G	C	0/1	57,75
4284570	A	C	0/1	107,68
4285579	C	G	0/1	57,117
4286156	T	C	0/1	74,105
4287164	A	G	0/1	66,108
4287361	C	T	0/1	43,79
4289953	A	G	0/1	54,101
4290564	G	T	0/1	67,124
4290827	C	G	0/1	71,106
4291490	G	A	0/1	64,132
4291948	G	T	0/1	125,72
4291999	T	A	0/1	151,75
4296015	G	A	0/1	50,100
4296369	C	T	0/1	60,90
4296381	G	T	0/1	59,85
4298896	G	A	0/1	36,89
4303407	A	C	0/1	53,94
4306155	C	T	1/1	0,148
4306339	G	T	0/1	29,79
4307179	G	A	0/1	46,96
4307344	C	G	0/1	43,75
4310743	T	TG	0/1	48,82
4313128	C	T	0/1	52,73
4314645	A	G	0/1	46,89
4314843	G	A	0/1	40,88
4315798	T	C	0/1	93,56
4316566	C	G	0/1	35,58
4321126	G	A	0/1	126,55
4323006	G	A	0/1	42,72
4323302	T	C	0/1	62,114
4323754	A	G	0/1	59,95
4325923	G	A	0/1	55,106
4326432	G	A	0/1	72,111
4329782	G	A	0/1	47,123
4334425	G	C	0/1	66,104
4336597	C	A	0/1	56,65
4337574	A	G	0/1	64,103
4338595	GC	G	1/1	0,171
4338603	G	A	0/1	67,100
4338706	G	A	0/1	106,64
4338732	G	A	0/1	65,109
4340984	T	TTCCCCGGGTTCCCCTCCCTACCCGGTTTCCCCGGGC	0/1	51,60
4341396	A	AAGGCGCGGCCGC	0/1	48,103
4343786	G	A	0/1	73,41
4344058	T	C	0/1	53,77
4345520	C	A	0/1	42,76
4349129	C	T	0/1	60,110
4351039	G	T	1/1	0,126
4356110	G	C	1/1	0,134
4356526	G	A	0/1	63,108
4356864	C	CTG	0/1	46,94
4357597	C	G	0/1	41,73
4357773	G	A	0/1	48,98
4357946	C	T	0/1	54,109
4358109	G	A	0/1	53,90
4359147	G	GGTGATCGGGGTTCCCGGC	0/1	41,23
4359177	T	TCCCGGCGTGATCGGGGTTCCCGGTGTG	0/1	44,56
4362616	C	G	0/1	42,80
4363906	G	C	0/1	88,49
4366195	T	C	0/1	47,76
4366272	G	C	1/1	0,127
4366536	G	T	0/1	91,58
4367649	A	G	0/1	46,76
4369499	G	A	0/1	41,58
4369848	G	A	0/1	36,84
4372353	G	C	0/1	71,110
4374228	T	C	0/1	83,128
4377033	G	C	0/1	61,91
4379680	C	G	1/1	0,154
4382054	T	C	1/1	0,117
4382275	G	T	1/1	0,112
4383144	C	CCGGGG	1/1	0,109
4383442	T	C	0/1	22,57
4383655	A	G	0/1	41,75
4384007	C	G	0/1	53,94
4385031	CG	C	0/1	24,48
4385187	A	G	0/1	36,59
4385582	C	T	0/1	66,35
4385715	TGCCAGATCGTTCTCCCTGATCAGGC	T	0/1	64,69
4385916	C	G	0/1	164,41
4385933	A	G	0/1	165,60
4385937	C	T	0/1	50,185
4385946	C	T	0/1	170,68
4386108	A	G	0/1	160,105
4386142	A	G	0/1	154,83
4386228	T	C	0/1	50,180
4386266	G	T	0/1	129,90
4386288	C	T	0/1	159,59
4386304	A	AT	0|1	155,27
4386305	C	CCGCG	0|1	157,27
4386308	CAT	C	0|1	160,24
4386315	G	C	0|1	161,21
4386316	C	G	0|1	163,21
4386322	A	G	0|1	159,20
4386325	A	G	0|1	160,19
4386328	A	T	0|1	167,18
4386335	A	G	0|1	164,13
4386599	A	G	0|1	131,11
4386604	G	C	0|1	124,15
4386630	GTCGTA	G	0|1	120,27
4386637	CCGGT	C	0|1	121,27
4386702	G	C	0/1	126,51
4386768	G	A	0/1	143,45
4386774	C	T	0/1	137,41
4390380	A	G	0/1	45,83
4391076	C	G	0/1	39,63
4393178	A	G	0/1	50,87
4394210	G	C	0/1	47,87
4395387	A	G	0/1	43,64
4398732	G	A	0/1	29,73
4399888	A	G	0/1	44,75
4400660	AC	A	1/1	0,89
4401190	C	T	0/1	37,77
4401400	A	G	0/1	49,75
4404247	G	A	0/1	68,112
4407588	T	C	0/1	53,94
4407873	C	A	0/1	54,104
4408920	A	G	0|1	40,120
4408923	C	T	0|1	40,122
4410386	G	T	0/1	62,112
4411016	G	A	0/1	50,115
4411400	G	T	0/1	82,140
