1849	C	A	0/1	20,234
1977	A	G	1/1	0,261
3446	C	T	0/1	31,198
4013	T	C	1/1	0,234
7362	G	C	1/1	0,264
7585	G	C	1/1	0,263
9304	G	A	1/1	0,268
9596	G	T	0/1	31,232
10872	G	A	0/1	42,278
11370	C	T	0/1	219,36
11566	G	C	0/1	279,57
11879	A	G	1/1	0,299
12204	G	A	0/1	38,250
13277	A	G	0/1	26,271
14785	T	C	1/1	0,296
15117	C	G	0/1	46,240
17729	C	G	0/1	254,38
18540	T	C	0/1	255,41
21795	G	A	1/1	0,267
24007	G	T	0/1	48,271
24229	C	G	0/1	241,32
24629	C	T	0/1	41,227
24698	GCCGCGTTGCTCGGGGTAA	G	1/1	0,213
25805	C	A	0/1	45,257
26747	GC	G	1/1	21,238
26957	C	G	0/1	46,265
26959	C	G	1/1	0,312
27487	G	A	0/1	32,257
28897	C	G	0/1	236,42
29482	CA	C	0/1	267,44
30688	T	G	0/1	247,35
30943	C	T	0/1	247,30
32349	CCCGCGCGTCGGCGATGCGTCGCGTCGAGTCGGCGATG	C	0/1	304,37
34044	T	C	1/1	0,269
34568	TC	T	1/1	20,221
36310	G	A	0/1	226,38
37031	C	G	1/1	0,303
39017	G	C	0/1	413,59
42281	C	A	0/1	48,263
42967	G	C	1/1	0,303
49360	C	T	0/1	48,232
49690	GCC	G	0/1	47,264
50557	T	C	1/1	0,249
51108	G	A	0/1	223,44
51949	A	G	1|1	0,305
51954	T	A	0|1	273,30
53077	A	G	0/1	48,261
53422	G	A	0/1	41,232
54394	A	G	1/1	1,308
54842	G	T	0/1	29,234
55546	G	GCCT	0/1	36,194
56001	G	A	0/1	37,254
57393	A	T	0/1	216,55
58596	A	ACAC	0/1	29,227
62049	A	G	1/1	0,332
62657	G	A	0/1	293,39
65083	G	A	0/1	30,238
66285	C	G	0/1	264,46
66632	C	T	0/1	35,253
67012	C	T	0/1	47,267
67038	A	T	0/1	47,253
69871	C	T	0/1	268,26
69984	C	A	0/1	29,256
69989	G	A	1/1	0,285
70267	G	T	0/1	32,241
70816	A	G	1/1	0,236
71336	G	C	1/1	0,245
71584	C	CCGAGCGCTGTTCTGGCGCTAATCTGACGCTAGAATAG	1/1	0,221
72446	G	A	0/1	28,311
72549	C	T	0/1	22,250
75233	C	A	1/1	0,287
75940	G	C	1/1	0,267
79777	A	G	0/1	238,35
83982	A	G	0/1	251,41
92199	T	G	1/1	0,256
99350	G	A	0/1	274,40
100165	A	C	0/1	279,48
100555	A	C	0/1	39,254
103594	C	G	0/1	266,43
116000	T	G	1/1	0,260
117389	C	T	0/1	42,266
122109	A	G	1/1	0,279
122439	T	G	0/1	273,33
123198	T	C	0/1	38,307
123520	T	C	0/1	37,273
123745	G	A	0/1	31,252
125830	G	GA	1/1	0,306
127237	G	C	0/1	299,32
129576	A	C	0/1	44,285
130299	G	C	0/1	241,28
131174	T	TG	1/1	0,279
133839	C	T	1/1	0,269
137655	C	G	0/1	240,24
138857	C	T	1/1	17,244
139352	C	G	0/1	29,263
143207	T	C	0/1	45,266
144865	C	T	0/1	44,251
146087	T	C	1/1	0,290
153955	C	T	0/1	260,32
154283	T	C	1/1	0,296
156243	AT	A	0/1	244,35
157129	C	T	0/1	26,214
163157	C	T	0/1	234,32
163573	A	C	0/1	227,24
164607	C	T	0/1	214,31
166887	C	G	0/1	236,43
169589	C	T	0/1	295,53
170671	G	A	0/1	47,292
171955	T	C	0/1	227,39
172492	C	G	0/1	49,277
175326	G	C	0/1	41,259
176534	TG	T	0/1	40,228
181090	C	T	0/1	61,227
193233	C	T	0/1	302,49
194305	C	CGG	0/1	39,250
194681	G	C	1/1	0,252
195038	G	A	0/1	221,26
196642	C	T	1/1	0,277
197024	G	A	0/1	278,35
198401	G	T	0/1	32,251
198948	G	A	0/1	10,70
199470	T	G	0/1	35,246
206128	C	G	0/1	32,223
206339	T	C	1/1	0,224
206481	C	G	0|1	19,157
206484	G	T	0|1	20,159
207079	G	C	0/1	45,254
208425	C	T	0/1	35,264
210624	C	T	0/1	31,254
211831	G	C	0/1	241,47
213576	G	C	0/1	242,39
215547	G	T	0/1	48,265
217201	T	C	0/1	36,255
218599	T	C	0/1	43,239
220050	C	T	0/1	259,40
222084	G	T	0/1	230,35
223942	T	C	1/1	0,264
224338	C	T	0/1	29,227
225323	T	C	1/1	0,211
225500	C	T	0/1	30,229
227098	T	C	1/1	0,286
230576	G	GT	0/1	31,251
230920	TC	T	0/1	31,255
231114	C	G	1/1	0,256
231647	A	C	0/1	208,42
232574	G	T	0/1	241,49
232982	C	T	0/1	234,41
234477	T	G	1/1	0,285
234496	C	CGT	1/1	0,296
236341	T	G	0/1	232,30
241943	G	A	0/1	248,42
243923	CG	C	0/1	36,233
249522	T	C	0/1	46,250
251575	G	A	0/1	36,218
255373	T	C	1/1	21,252
257071	C	T	0/1	33,235
261869	T	C	1/1	0,264
262268	A	T	0/1	38,249
264992	T	C	0/1	28,238
265554	A	C	1/1	0,304
266405	C	T	0/1	32,254
270889	C	A	0/1	51,227
272132	T	C	0/1	40,274
274463	C	A	0/1	48,243
276539	G	C	0/1	29,258
277447	G	A	0/1	35,243
277479	C	T	0/1	251,27
278681	C	G	1/1	0,279
279040	G	A	0/1	207,34
282152	G	C	0/1	57,228
283614	T	C	1/1	0,286
284623	G	A	0/1	218,42
285772	A	C	1/1	0,264
285871	A	G	1/1	0,244
287141	GC	G	0/1	48,216
288715	C	T	0/1	30,237
289253	C	T	0/1	43,254
290382	G	T	0/1	198,42
291193	C	T	0/1	38,251
293628	A	AC	1/1	2,258
294129	G	T	0/1	278,43
301341	C	A	0/1	27,243
304923	A	G	1/1	0,249
306486	A	G	0/1	47,239
310973	G	A	1/1	0,273
311613	G	T	1/1	0,288
313007	G	A	0/1	255,27
317603	C	T	0/1	39,213
323867	T	G	0/1	231,44
324812	C	T	0/1	41,232
325505	T	C	1/1	24,266
327146	G	A	0/1	38,245
327469	C	T	0/1	50,239
328569	G	C	0/1	34,311
336322	CAA	C	0|1	286,77
336325	T	G	0|1	287,77
336327	C	CGG	0|1	287,77
336332	G	C	0|1	288,80
336344	A	G	0|1	288,85
336345	T	C	0|1	287,86
336353	C	T	0|1	286,86
336356	GGAA	G	0|1	294,86
336360	C	CCTCCCCG	0|1	291,86
336369	C	T	0|1	284,109
336370	A	G	0|1	285,110
336380	A	T	0|1	290,136
336400	C	G	0|1	276,126
336403	C	G	0|1	273,124
336405	A	G	0|1	278,124
336422	TTG	T	0|1	275,83
336428	A	G	0|1	269,79
336431	C	T	0|1	268,76
336439	A	G	0|1	259,66
336441	C	T	0|1	256,66
336442	G	A	0|1	259,66
336449	T	C	0|1	250,63
336451	T	G	0|1	251,63
336452	A	G	0|1	251,63
336459	G	A	0|1	246,63
336468	G	GCGTCC	0|1	237,63
336472	C	CAG	0/1	230,59
336473	T	G	0|1	230,59
336476	A	AGTCG	0|1	228,57
336480	A	G	0|1	226,53
336504	G	T	0/1	211,91
336535	T	G	0|1	194,95
336537	T	G	0|1	193,95
336540	G	T	0|1	189,96
336546	T	G	0|1	182,97
336557	C	CT	0|1	170,103
336560	T	C	0|1	169,101
339230	G	C	0/1	46,280
342146	A	C	0/1	35,232
342873	C	T	0/1	52,293
346275	C	G	1/1	0,304
353197	C	T	0/1	47,289
356528	A	G	1/1	0,300
358093	C	G	0/1	260,52
358473	G	C	0/1	45,267
363563	G	A	0/1	38,266
376774	T	C	1/1	0,270
378404	G	C	0/1	227,34
384380	A	C	1/1	0,281
386432	C	G	1/1	0,332
387905	A	G	0/1	233,50
390828	T	C	1/1	0,273
391853	A	G	1/1	0,308
392261	T	C	0/1	31,245
394748	G	C	0/1	259,27
396199	T	C	0/1	56,260
397275	G	C	0/1	228,59
398675	G	A	0/1	205,36
402836	G	A	0/1	27,256
403980	G	A	1/1	1,313
404326	T	C	1/1	1,286
406251	T	C	0/1	39,223
407120	C	T	0/1	274,51
414486	C	T	1/1	0,293
420008	A	G	1/1	0,223
422678	G	A	0/1	46,235
437571	C	T	0/1	221,44
438470	C	T	0/1	47,236
440365	G	A	0/1	41,214
440878	C	T	0/1	40,254
445780	C	T	0/1	48,237
447642	G	C	0/1	38,260
454295	T	C	1/1	0,309
454333	T	G	0/1	37,263
455024	G	A	0/1	59,291
455623	CT	C	0/1	53,255
457452	T	G	1/1	0,286
459399	A	C	1/1	0,287
476612	G	A	0/1	39,251
481526	AG	A	0/1	31,222
483935	T	G	1/1	0,228
484504	C	G	0/1	22,214
485561	A	C	1/1	17,191
485730	C	T	0/1	22,177
485810	CA	C	0/1	23,172
489073	C	G	0/1	266,36
489935	G	C	1/1	1,294
491742	T	C	1/1	19,238
492150	G	C	0/1	38,265
498531	A	G	0/1	38,250
498557	C	A	1/1	0,313
499631	C	T	0/1	251,40
501615	C	G	0/1	265,50
502589	C	G	1/1	0,292
503354	G	C	1/1	0,276
505974	G	A	0/1	49,258
506922	A	C	0/1	47,243
513257	T	C	1/1	1,318
516655	C	G	0/1	264,47
517358	T	C	0/1	48,230
517389	C	A	0/1	44,232
523654	C	T	0/1	46,213
524891	C	A	1/1	0,262
537246	C	T	0/1	242,33
541201	A	G	1/1	0,263
546357	A	G	0/1	35,281
546914	G	A	0/1	236,33
548326	T	C	0/1	38,280
550443	C	G	0/1	242,35
551525	A	C	1/1	0,295
555991	A	G	0/1	32,261
557156	G	A	0/1	25,272
560540	ACTTTTC	A	0/1	21,216
562062	GGCCA	G	0/1	50,256
565655	A	G	1/1	0,259
571254	C	T	0/1	244,36
572591	C	T	0/1	32,218
573262	A	G	1/1	1,278
578843	C	T	0/1	192,119
579284	T	C	0/1	39,251
584171	T	C	0/1	49,244
585134	A	G	0/1	254,54
587534	A	C	0/1	43,222
590436	T	C	1/1	0,263
597816	A	G	1/1	0,289
598475	G	A	1/1	0,255
599868	A	G	0/1	27,199
610120	T	G	1/1	0,302
611977	C	T	0/1	30,253
628895	G	A	0/1	223,54
629714	G	A	0/1	46,296
633562	C	T	0/1	50,231
634968	G	A	0/1	243,41
635139	G	C	0/1	36,209
637319	G	A	1/1	0,346
643217	G	T	0/1	51,219
648002	T	G	1/1	0,320
648856	T	C	0/1	35,230
652950	T	C	0/1	44,256
655986	T	G	0/1	41,247
657081	C	T	0/1	39,199
657269	A	G	0/1	244,21
659341	T	C	0/1	38,281
661495	C	A	0/1	257,62
662833	A	G	0/1	259,33
662911	T	C	0/1	48,294
665293	A	G	1/1	0,306
669398	T	C	1/1	0,332
670545	G	A	0/1	45,284
671180	C	G	0/1	48,282
677925	A	C	0/1	215,40
684376	T	C	0/1	46,283
685461	C	G	1/1	0,282
685608	T	C	1/1	0,275
686123	C	A	0/1	44,204
686570	C	G	0/1	195,37
686637	C	CGGT	0|1	158,26
686655	C	T	0|1	180,25
686972	T	C	1/1	1,221
688365	C	T	0/1	236,27
688792	T	TG	0/1	32,247
690450	A	C	0/1	42,269
690465	T	G	1/1	0,309
690670	T	G	0/1	246,36
698968	G	A	1/1	0,315
708056	T	C	0/1	52,256
712537	T	C	0/1	238,41
712693	A	G	1/1	1,270
713310	T	C	0/1	30,241
715335	G	A	0/1	37,288
716288	GC	G	0/1	240,40
717307	A	C	0/1	249,46
723807	C	T	0/1	41,216
725190	G	A	0/1	51,227
726816	G	C	0/1	237,47
729685	C	T	0/1	32,209
732110	T	G	0/1	26,242
734354	C	T	0/1	30,232
734753	C	T	0/1	21,235
747095	C	T	0/1	47,234
748603	A	G	0/1	38,290
753174	C	A	0/1	27,293
754186	A	G	1/1	0,301
757182	A	G	0/1	34,233
759746	C	T	0/1	26,205
761155	C	T	1/1	0,295
761245	T	C	0/1	253,32
762434	T	G	0/1	30,247
763031	T	C	0/1	45,220
764181	A	G	0/1	34,243
764438	C	T	0/1	242,34
764724	T	G	0/1	37,235
765150	G	A	0/1	239,40
766789	G	A	0/1	40,265
767339	A	G	0/1	45,251
767414	G	A	1/1	0,320
769263	A	G	0/1	236,26
775639	T	C	1/1	0,322
776100	G	A	0/1	42,279
781395	T	C	1/1	0,269
781687	A	G	0/1	272,39
782781	G	A	0/1	38,265
788259	G	T	0/1	254,35
788493	C	T	0/1	35,244
788615	G	C	0/1	42,218
790911	C	T	0/1	35,251
796241	C	T	0/1	258,37
798779	T	C	0/1	30,250
798881	A	G	0/1	200,24
798934	C	A	0/1	26,181
800219	T	C	0/1	274,35
801019	A	G	0/1	251,37
804235	C	G	0/1	287,40
805321	A	G	0/1	41,294
807405	C	T	0/1	25,255
819584	G	C	0/1	283,38
820483	G	T	1/1	0,302
820734	A	G	0/1	56,245
820752	C	T	0/1	65,229
826426	G	A	0/1	237,36
830868	G	GGC	0/1	40,223
834857	C	T	0/1	50,250
835113	G	T	0/1	46,282
841289	GAA	G	0/1	37,254
841764	G	C	1/1	0,337
847995	T	C	1/1	27,277
850591	C	T	0/1	245,38
852910	C	T	1/1	0,295
854252	GC	G	1/1	3,283
857643	C	G	0/1	27,179
857696	A	G	1/1	0,221
858417	G	A	0/1	254,34
858464	A	G	0/1	35,252
859792	T	C	0/1	262,42
866921	C	G	0/1	280,35
874835	C	CCG	1/1	0,280
876141	G	T	0/1	35,270
876866	C	T	0/1	231,53
880562	G	T	1/1	0,303
882257	T	C	1/1	0,281
893733	T	G	1/1	0,288
896979	T	C	0/1	40,207
897209	G	C	0/1	225,51
900221	T	C	1/1	0,259
902413	C	T	0/1	226,47
903537	G	T	0/1	36,226
903550	T	C	1/1	0,259
903913	T	C	1/1	0,273
906742	T	C	0/1	42,265
906857	A	G	1/1	0,245
913918	C	G	0/1	30,284
918316	T	C	0/1	222,37
919551	C	T	0/1	24,242
919574	T	C	0/1	246,25
923065	T	A	0/1	239,25
930593	C	T	0/1	31,269
931123	T	C	1/1	26,274
932280	T	C	0/1	32,271
934230	C	G	0/1	31,262
934611	G	T	0/1	38,209
936620	CCCA	C	0/1	49,229
938113	T	G	0/1	38,252
941845	C	A	0/1	29,241
942616	C	A	0/1	39,240
945214	G	A	1/1	0,296
945238	G	T	0/1	49,234
948734	A	T	0/1	256,41
949535	T	C	1/1	0,280
950116	C	G	0/1	51,248
950230	C	T	0/1	239,48
955524	A	G	1/1	0,311
956621	A	G	0/1	52,264
957117	T	C	1/1	0,258
957306	C	T	0/1	44,232
960367	A	G	0/1	67,256
961917	G	A	0/1	55,258
979551	T	C	0/1	43,217
979704	G	C	1/1	0,276
983485	T	G	0/1	273,40
986463	G	C	1/1	0,306
987413	A	G	0/1	29,226
990001	G	C	1/1	0,307
991939	G	A	0/1	43,230
993346	A	C	1/1	0,294
996263	G	A	0/1	23,217
1002172	G	A	0/1	43,195
1007198	A	G	0/1	48,234
1008460	C	T	0/1	48,265
1009500	C	T	0/1	48,274
1010008	T	G	0/1	35,266
1010204	C	CG	1/1	0,300
1012815	C	G	0/1	47,253
1023911	C	G	0/1	47,263
1024346	A	G	0/1	38,265
1025106	T	C	1/1	0,278
1029586	G	A	0/1	38,273
1034381	G	A	0/1	48,254
1037012	T	C	1/1	0,307
1037911	C	T	1/1	0,283
1038350	G	C	0/1	26,181
1047165	T	C	1/1	0,316
1050760	G	A	0/1	270,42
1054197	G	A	0/1	266,34
1054784	C	G	0/1	64,258
1054944	C	T	0/1	225,46
1068151	T	C	1/1	0,273
1068432	A	G	1/1	0,268
1070185	G	C	0/1	204,29
1070702	T	C	1/1	0,287
1071349	G	C	0/1	57,249
1074558	G	A	1/1	0,250
1075279	T	C	1/1	0,265
1076309	G	T	1/1	0,320
1077312	A	G	1/1	1,297
1079120	G	C	0/1	59,249
1079927	C	A	1/1	0,338
1080192	G	A	0/1	45,274
1081681	T	C	1/1	0,283
1083596	C	A	0/1	243,42
1087193	G	C	1/1	0,301
1087889	C	T	0/1	249,46
1089255	C	T	0/1	232,37
1090188	A	AG	0/1	55,263
1097220	C	T	0/1	45,259
1098523	T	A	0/1	40,256
1098984	G	A	0/1	38,263
1099058	G	A	0/1	43,254
1100080	G	C	0/1	260,45
1100234	T	C	1/1	0,296
1104690	T	G	1/1	15,198
1106099	C	T	0/1	21,222
1106422	T	C	1/1	0,253
1107940	A	C	0/1	47,255
1108790	C	T	0/1	228,38
1108881	T	C	0/1	186,44
1109975	A	G	1/1	0,320
1110721	T	C	0/1	41,265
1111595	G	A	0/1	44,267
1111852	G	T	0/1	38,214
1125249	C	T	0/1	36,224
1125466	G	A	0/1	212,36
1126889	G	C	1/1	0,277
1127648	C	A	1/1	0,295
1132260	C	T	0/1	318,40
1134143	C	T	0/1	51,269
1139089	G	C	0/1	40,227
1144409	T	G	0/1	40,263
1144585	A	G	0/1	42,262
1148006	CG	C	0/1	238,45
1148255	G	A	0/1	239,50
1148259	A	G	0/1	49,245
1149498	TA	T	0/1	259,46
1149551	C	T	1/1	0,330
1150364	C	T	0/1	258,41
1150585	G	A	1/1	0,292
1151054	C	G	0/1	35,305
1152805	T	A	1/1	22,241
1152863	A	G	1/1	22,247
1153388	C	T	0/1	35,230
1155087	T	C	0/1	237,44
1164336	G	A	1/1	0,268
1164361	G	A	0/1	236,36
1164571	A	G	0/1	30,247
1168633	C	T	0/1	34,222
1168715	C	CT	1/1	0,257
1169101	T	C	0/1	198,27
1170732	C	CA	0|1	24,275
1170734	A	G	0|1	24,277
1173750	G	T	0/1	47,246
1176159	C	T	0/1	34,246
1177184	C	A	0/1	30,227
1178116	T	C	1/1	0,292
1193463	T	A	0/1	35,220
1199734	C	T	0/1	248,44
1200418	A	G	1/1	0,301
1200760	G	T	0/1	266,31
1208631	C	T	0/1	47,235
1208850	C	T	0/1	29,226
1211369	A	C	0/1	33,257
1219230	C	A	0/1	38,225
1220680	T	C	1/1	0,289
1223826	TCCGC	T	0/1	47,182
1223969	C	T	0/1	46,222
1224367	T	C	1/1	0,233
1227830	G	T	0/1	37,279
1230778	G	A	0/1	30,239
1236433	A	C	0/1	32,235
1240744	C	A	0/1	46,243
1241572	A	G	0/1	39,245
1247391	A	C	0/1	32,236
1248382	A	G	0/1	44,245
1248936	G	C	0/1	50,250
1248978	T	C	1/1	0,323
1250340	A	G	0/1	43,231
1251199	C	T	1/1	0,290
1254562	A	G	0/1	33,236
1265828	G	A	0/1	47,240
1266657	C	T	0/1	246,37
1271187	C	G	0/1	36,255
1272546	G	A	0/1	238,40
1273250	G	GA	0/1	34,219
1275957	T	C	1/1	0,287
1281118	T	C	1/1	0,245
1281771	T	C	0/1	38,259
1281984	G	A	0/1	50,273
1287372	G	C	0/1	41,244
1292102	A	G	1/1	0,296
1292464	C	T	0/1	206,56
1306259	A	G	1/1	0,296
1307598	C	G	1/1	0,315
1308317	T	C	0/1	49,257
1312138	C	G	0/1	58,229
1313337	A	AG	1|1	0,285
1313338	A	C	1|1	0,287
1315191	A	C	1/1	0,274
1315884	G	A	1/1	0,228
1325650	G	A	0/1	29,200
1327890	G	A	1/1	0,247
1328687	G	C	1/1	0,313
1345016	C	T	0/1	40,247
1347615	G	A	0/1	48,237
1348026	A	G	0/1	248,50
1351172	A	G	0/1	33,230
1351724	C	T	0/1	45,222
1360209	T	C	1/1	0,297
1361190	G	A	0/1	53,215
1362006	T	C	1/1	0,265
1363684	C	T	0/1	245,37
1367484	T	G	0/1	30,258
1370527	A	G	0/1	226,43
1371470	G	A	0/1	35,257
1374065	T	C	1/1	0,261
1374897	G	C	0/1	214,31
1375724	A	C	1/1	0,265
1377568	A	G	0/1	35,241
1382628	T	C	1/1	0,262
1390763	C	T	0/1	18,222
1393626	A	G	1/1	0,223
1393994	C	T	0/1	251,47
1395854	C	A	0/1	38,231
1396618	C	A	0/1	41,225
1396922	T	C	1/1	0,283
1398329	C	A	0/1	41,260
1401033	C	T	0/1	43,229
1401782	C	G	0/1	36,246
1406260	G	A	0/1	41,218
1411210	T	G	1/1	0,312
1413148	C	T	1/1	0,212
1414021	C	T	1/1	0,288
1414040	C	T	0/1	253,38
1418760	G	A	0/1	192,39
1422666	C	T	0|1	22,222
1422667	C	T	0|1	22,219
1435847	A	G	0/1	278,30
1440090	C	T	0/1	24,224
1440469	C	G	1/1	0,283
1443428	G	GGGTTAGATTGCCCGGCTCCTCAACCCGCCGTTTCGGCGTGCATCGTCGCCGGGCTA	1/1	0,132
1444202	C	G	0/1	234,41
1445781	A	G	1/1	0,271
1450316	C	T	0/1	41,233
1457144	C	T	1/1	0,251
1468071	C	G	0/1	239,34
1471659	C	T	1/1	0,235
1478357	G	T	0/1	41,241
1478435	T	G	0/1	236,47
1479085	T	C	0/1	46,231
1482627	T	C	1/1	0,234
1484708	A	C	1/1	0,228
1485688	G	C	0/1	258,24
1490905	A	G	0/1	31,239
1495326	A	G	0/1	220,21
1495836	G	A	0/1	51,281
1498951	G	T	0/1	42,242
1499211	GCT	G	0|1	39,212
1499215	AGGCCGG	A	0|1	39,216
1499274	C	G	1/1	0,263
1501700	G	A	0/1	43,249
1504979	G	T	0/1	210,52
1513189	C	T	0/1	33,245
1526819	C	A	1/1	0,279
1534551	C	T	0/1	38,258
1536251	G	T	1/1	0,273
1540141	T	C	0/1	35,193
1540484	C	G	0/1	26,246
1543734	C	A	0/1	226,24
1544255	C	T	0/1	21,226
1546703	C	T	0/1	26,259
1547125	T	C	1/1	0,262
1552547	G	A	1/1	0,346
1554216	C	T	0/1	47,247
1563717	C	T	1/1	0,299
1570566	C	A	1/1	1,287
1574501	C	G	0/1	39,289
1580680	C	T	0/1	225,39
1585248	C	T	0/1	49,270
1586305	C	T	0/1	228,39
1588899	G	T	1/1	0,277
1589383	A	G	0/1	244,39
1593331	G	A	0/1	24,198
1594428	C	T	0/1	226,40
1595342	T	C	0/1	52,233
1597153	G	A	0/1	253,40
1599362	A	G	0/1	252,25
1599557	C	G	0/1	23,228
1608276	A	C	0/1	35,238
1609840	A	G	1/1	0,318
1612278	G	GCGTCGA	0/1	253,31
1612564	CGGTACCGGTGCGCCCGGTATCGGTACCGGTCCGCCGGGGATTGGTACCGGTGCGCCCGGTATCGGTACCGGTGCGCCAGGGATT	C	0/1	373,71
1613035	T	C	1/1	0,313
1614143	G	A	0/1	25,279
1616616	GC	G	0/1	28,268
1617592	A	C	0/1	255,34
1622173	C	T	0/1	38,228
1622974	G	C	0/1	247,31
1624791	C	G	1/1	0,331
1627351	T	C	1/1	0,286
1630148	A	C	1/1	0,277
1639047	G	C	0/1	213,37
1639594	C	A	1/1	0,264
1645802	T	C	1/1	0,336
1650072	A	G	1/1	0,285
1650406	C	A	0/1	39,250
1669214	G	C	0/1	261,33
1669358	C	A	0/1	254,35
1676290	C	A	1/1	0,274
1676880	A	G	0/1	48,279
1678537	C	CAATAG	0/1	38,223
1681147	G	A	0/1	33,236
1688300	T	C	0/1	43,232
1689349	C	T	1/1	0,293
1692141	A	C	1/1	1,195
1692960	T	C	1/1	12,206
1693561	A	G	1/1	0,251
1696005	C	A	0/1	24,212
1698911	G	A	1/1	0,251
1699849	G	A	0/1	24,250
1706119	T	C	1/1	0,216
1708792	T	C	0/1	51,226
1709432	C	T	1/1	0,246
1711645	T	C	0/1	175,29
1713192	A	G	1/1	0,243
1713923	A	G	0/1	39,209
1716472	A	G	0/1	19,212
1724722	T	C	0/1	234,46
1725982	T	C	0/1	236,40
1728622	C	G	0/1	238,23
1728837	A	G	1/1	0,241
1730918	T	C	0/1	21,204
1731333	C	T	0/1	33,249
1735739	T	C	1/1	25,253
1737341	C	G	0/1	221,29
1745003	T	TA	0/1	218,21
1748439	C	T	0/1	45,238
1753519	G	GC	1/1	0,174
1759252	G	T	1/1	0,269
1760292	A	G	1/1	0,273
1763482	G	A	0/1	25,246
1764225	C	T	0/1	31,237
1766510	C	T	0/1	246,51
1768011	T	C	0/1	54,235
1768350	C	A	0/1	274,41
1778430	T	C	1/1	0,307
1782636	A	G	0/1	35,262
1789933	G	A	0/1	48,277
1792777	T	C	1|1	0,259
1792778	T	C	1|1	0,261
1793072	C	G	0/1	207,31
1798355	G	A	1/1	0,276
1802047	C	G	0/1	26,178
1803265	G	A	1/1	0,279
1804409	C	A	1/1	0,314
1811375	G	T	0/1	33,248
1811406	C	T	0/1	260,29
1812448	C	T	0/1	24,238
1812763	T	C	0/1	237,37
1817976	A	T	1/1	0,236
1818286	C	T	0/1	22,254
1827468	C	A	0/1	26,217
1831242	T	G	0/1	239,44
1832509	C	G	0/1	34,261
1833025	C	T	0/1	49,242
1836286	G	C	1/1	0,293
1836417	C	A	0/1	51,245
1839759	G	C	0/1	36,228
1843570	T	TGTCATATGCGCCACTGCTCCTATGCCGGCTGTGCCGGCATCATCGTCGTTGGCGCGG	0/1	187,25
1847919	C	G	1/1	0,288
1849609	T	C	0/1	37,224
1852877	A	C	0/1	50,230
1854300	T	C	1/1	0,326
1856777	G	C	1/1	0,244
1857799	A	C	0/1	37,253
1859559	C	A	0/1	39,247
1862016	C	T	0/1	242,42
1870470	C	T	0/1	277,37
1873700	G	A	0/1	50,287
1875207	C	T	0/1	259,31
1882175	C	T	0/1	226,34
1882310	T	C	0/1	213,36
1884110	C	CGCCCCGTGCGATTTGCCGAGGG	0/1	31,188
1885772	G	A	1/1	0,273
1886632	T	G	0/1	266,45
1893090	G	A	0/1	222,37
1894300	G	GGTCTTGCCGC	1/1	0,306
1894422	A	G	1/1	0,307
1899122	C	T	0/1	236,25
1901493	T	C	1/1	0,302
1901642	C	T	0/1	243,40
1902670	G	C	0/1	41,206
1904437	C	T	0/1	252,32
1905405	C	T	0/1	48,195
1905570	G	A	0/1	218,46
1907296	G	C	1/1	0,248
1908598	G	A	0/1	31,272
1916137	A	G	1/1	0,285
1917972	A	G	1/1	0,282
1923207	G	A	0/1	289,40
1925136	G	A	0/1	30,243
1925442	T	G	0/1	247,29
1926029	T	C	0/1	46,232
1930524	G	A	0/1	192,33
1931179	C	A	1/1	0,255
1933988	G	A	1/1	0,277
1944107	A	G	1/1	0,359
1944402	T	C	1/1	0,267
1945194	C	T	0/1	58,248
1946999	T	G	0/1	37,230
1950767	T	C	1/1	0,306
1952743	G	A	0/1	40,220
1960284	C	A	1/1	1,249
1967237	C	A	1/1	0,313
1968178	C	A	0/1	263,54
1971725	G	C	0/1	49,238
1972901	C	T	0/1	39,252
1977646	G	A	0/1	38,224
1993808	A	T	1/1	0,36
2002494	C	A	0/1	149,18
2003252	C	T	0/1	48,206
2003827	A	C	0/1	51,252
2007502	G	A	0/1	227,36
2009528	G	A	0/1	54,233
2010880	T	G	0/1	32,240
2011568	G	C	0/1	26,233
2020144	G	A	0/1	219,29
2022868	T	C	1/1	0,328
2023628	C	G	0/1	32,248
2030634	G	C	0/1	22,225
2034676	C	T	0/1	39,239
2055004	G	C	0/1	49,238
2055271	A	G	1/1	0,266
2055969	G	T	0/1	31,262
2056184	C	T	0/1	25,234
2057141	G	A	0/1	251,27
2057774	A	T	1/1	0,274
2058949	GC	G	0/1	28,228
2074754	C	T	1/1	0,268
2087652	C	T	0/1	28,242
2094911	ACAGCGT	A	1/1	0,266
2096186	A	G	1/1	0,268
2096690	A	G	0/1	287,38
2100859	G	A	0/1	248,37
2104936	C	T	0/1	34,220
2108141	T	C	1/1	0,259
2108890	A	C	0/1	30,216
2109381	A	G	0/1	42,243
2109523	C	CG	1/1	0,254
2110695	G	A	0/1	205,30
2115210	A	C	0/1	225,42
2116903	C	T	1/1	0,308
2122186	T	C	0/1	35,243
2122976	C	G	0/1	26,231
2123146	C	T	0/1	199,35
2123169	T	G	1/1	0,233
2128870	A	G	1/1	0,285
2133468	T	TTCGCATGCCGTCACC	1/1	0,250
2135870	T	C	1/1	0,284
2137521	A	ACTCCGATCAC	1/1	0,260
2138453	C	T	0/1	19,221
2142250	C	T	0/1	42,207
2142610	C	T	0/1	51,241
2143327	CG	C	0/1	31,215
2146065	C	CGGCGGTCGCGGCGGGGCGGGCGGTAGAGGCGGCGACGGCGGGCAA	1/1	0,32
2147022	A	C	1/1	0,266
2151780	G	T	0/1	32,248
2153184	T	G	0/1	25,217
2154724	C	A	0/1	25,219
2155168	C	G	1/1	0,248
2158109	T	C	0/1	55,243
2158905	C	A	0/1	30,285
2160998	G	A	1/1	0,243
2161343	G	GT	1/1	0,296
2170769	G	A	0/1	26,202
2172526	A	C	0/1	32,261
2173860	A	C	0/1	29,215
2180328	CCGAGTTGAACGA	C	0/1	280,39
2180796	CCGCCTTGGCCTTGTTTGACCAT	C	0/1	226,29
2186127	G	A	0/1	44,242
2186236	C	T	0/1	49,241
2187587	G	C	0/1	26,271
2199052	C	G	0/1	31,219
2202833	G	A	0/1	214,29
2205551	C	G	0/1	239,42
2207591	T	TC	1/1	0,293
2208932	C	T	0/1	44,210
2209465	G	A	0/1	43,194
2209792	C	T	0/1	199,26
2210031	T	TGCG	0/1	25,180
2211826	A	G	1/1	0,283
2216345	C	A	0/1	36,236
2216443	C	A	1/1	0,286
2219418	C	CCAGGTGCGAAAGGAGGAGCAGCCCATTCAACTGAAGGACTTGTTCGGGACCAGTTGGCACGTTCCGTCCGTCCTCGGTGTTGGCCAGCAAGAAGTCGCGGAGCGCCTGGCTGCTGGTCATACGCTCG	0/1	85,103
2219556	G	A	0/1	41,173
2220512	T	G	1/1	1,255
2220940	CGCCACGAT	C	0/1	21,218
2220969	C	G	0/1	21,227
2221584	G	C	1/1	15,229
2223293	T	C	1/1	0,275
2225456	A	T	0/1	226,32
2228967	A	G	1/1	0,258
2229801	C	G	0/1	28,226
2235169	GACAATCCGACGTTTTGCACCATGATCTGCCGCGAGCGCCGGGCATGGTCTAGGGCTTGGGGCA	G	0/1	58,192
2238153	G	GGC	0/1	264,29
2244421	G	T	0/1	44,223
2245916	T	G	0/1	30,227
2247677	A	C	1/1	0,283
2248179	A	G	0/1	233,27
2251999	A	G	1/1	0,299
2253453	T	C	0/1	257,24
2260100	C	T	0/1	31,226
2260525	C	T	1/1	0,253
2263760	C	T	0/1	222,29
2264782	C	A	1/1	0,219
2265059	T	G	1/1	0,258
2266487	G	C	0|1	230,57
2266504	T	TA	0|1	226,67
2266508	A	T	0|1	225,72
2266511	GT	G	0|1	224,74
2266517	T	C	0|1	229,76
2266550	G	T	0|1	243,102
2266553	C	G	0|1	245,106
2266583	C	G	0|1	235,95
2266598	G	C	0|1	230,82
2266604	C	G	0|1	229,78
2266613	G	GC	0|1	230,74
2266624	G	T	0|1	228,70
2269780	T	C	1/1	0,275
2270102	A	G	1/1	0,252
2275764	G	A	0/1	45,242
2276037	G	A	0/1	40,215
2282787	C	T	1/1	0,315
2284456	T	G	0/1	26,235
2285251	C	A	1/1	0,232
2285558	G	A	0/1	21,210
2287121	A	G	1/1	0,245
2289047	G	A	0/1	30,239
2289365	CG	C	0/1	38,221
2291513	G	C	0/1	221,45
2307586	CGTCG	C	0/1	39,221
2307701	G	A	0/1	266,40
2309203	G	A	0/1	38,234
2311099	C	G	1/1	0,248
2312398	G	T	0/1	38,242
2325009	C	T	0/1	256,44
2325320	T	C	0/1	27,257
2326792	G	GA	1/1	20,249
2328543	T	C	0/1	52,220
2329533	A	G	1/1	0,284
2330324	G	A	0/1	257,37
2331620	A	C	0/1	48,249
2331789	G	T	0/1	45,275
2332314	C	T	0/1	52,273
2333215	C	T	0/1	26,226
2334007	A	G	1/1	0,235
2335075	A	G	1/1	0,269
2335080	T	C	0/1	36,229
2335494	A	G	1/1	1,249
2338181	G	T	0/1	262,76
2338194	AC	A	0/1	35,300
2338275	G	C	0/1	243,193
2341636	C	G	1/1	0,255
2342649	A	AGGCGTACACAC	0/1	60,236
2344246	G	C	0/1	33,268
2345037	C	A	1/1	0,229
2345085	A	C	0/1	36,188
2346929	C	T	0/1	42,207
2348708	G	A	0/1	41,251
2352065	C	CCTCGCCTGGGCTGGCGAGCAGACGCAAAATCCCCCGCACGCCCGGCGTGTCGGGGGATTTTGCGTCTG	0/1	261,26
2353385	G	C	0/1	45,226
2357268	TGCC	T	1/1	0,177
2358029	T	TG	1/1	0,287
2361604	C	G	1/1	0,283
2362041	C	A	1/1	0,332
2367060	TA	T	1/1	17,231
2368564	TA	T	1/1	0,242
2369186	G	C	0/1	25,213
2369326	C	G	1/1	0,227
2376827	C	G	0/1	41,244
2383701	C	A	0/1	33,252
2386389	G	A	1/1	0,284
2388641	G	A	0/1	28,253
2393877	G	A	0/1	234,54
2402765	G	A	0/1	31,223
2405010	G	T	0/1	44,258
2405327	G	A	0/1	196,39
2406855	C	A	0/1	38,218
2408599	G	C	0/1	53,223
2413246	C	A	0/1	62,216
2415656	G	C	1/1	0,277
2416156	G	A	0/1	214,52
2421816	A	G	0/1	45,213
2421975	G	GGGAA	0/1	52,216
2424925	A	G	1/1	0,308
2425471	T	C	0/1	35,237
2434749	C	T	0/1	39,261
2435184	G	A	0/1	265,44
2438943	G	A	0/1	239,32
2440926	G	T	1/1	0,244
2440935	G	C	0/1	32,225
2442656	T	G	0/1	41,233
2448353	T	TG	0/1	216,29
2448458	C	T	0/1	28,238
2449826	C	G	0/1	30,257
2452452	G	A	0/1	36,233
2462871	G	A	1/1	0,247
2466908	A	G	0/1	209,40
2470591	A	C	0/1	45,251
2472029	T	G	0/1	46,224
2477984	G	A	0/1	41,255
2478619	G	A	0/1	47,221
2479709	G	C	0/1	258,42
2480809	G	C	0/1	36,244
2487628	C	T	0/1	41,269
2494430	C	G	0/1	41,254
2499726	G	A	1/1	0,278
2504177	C	T	0/1	38,234
2509140	G	C	1/1	0,235
2509722	A	G	1/1	0,292
2516271	T	C	0/1	34,281
2516567	G	C	1/1	0,267
2521342	T	C	1/1	0,234
2522326	C	T	0/1	249,41
2523205	G	GCGC	1/1	0,255
2525722	CG	C	1/1	0,296
2526974	T	C	1/1	0,269
2529468	T	C	0/1	28,270
2529680	A	G	1/1	0,293
2533256	G	C	0/1	30,283
2533377	T	C	0/1	31,281
2534562	GGA	G	1/1	0,271
2536312	C	T	0/1	63,267
2540554	T	C	0/1	30,246
2541477	C	G	0/1	31,214
2542543	G	A	0/1	24,252
2556450	T	C	0/1	44,216
2562644	G	T	0/1	24,248
2564368	G	GC	0/1	45,204
2566766	C	CG	0|1	31,210
2566768	A	C	0|1	31,218
2573756	C	A	1/1	0,261
2574022	C	T	0/1	239,31
2578626	A	G	1/1	0,301
2586127	A	G	1/1	0,302
2586850	C	T	0/1	41,237
2589216	G	C	1/1	0,278
2591172	G	A	0/1	25,217
2598400	A	G	1/1	0,344
2600260	A	G	0/1	49,275
2604156	TCAGTGCCAA	T	0/1	28,194
2608117	C	A	1/1	0,283
2610702	T	C	0/1	212,44
2612544	C	G	0/1	232,31
2612632	C	A	1/1	0,277
2615413	A	G	0/1	28,226
2619271	T	C	0/1	37,227
2624133	G	A	0/1	211,59
2624986	T	G	0/1	39,249
2627624	T	C	0/1	25,224
2627946	A	G	1/1	21,242
2631009	G	GGTGCC	0/1	22,213
2632341	C	CA	0|1	28,202
2632362	T	C	0|1	35,204
2637541	C	T	1/1	0,243
2641438	C	T	0/1	208,33
2642383	C	T	1/1	0,235
2650250	G	C	0/1	47,277
2652254	G	C	0/1	40,213
2656225	A	G	1/1	0,272
2656635	G	A	0/1	33,248
2660319	C	G	1/1	0,302
2661039	G	A	0/1	40,250
2671061	C	A	0/1	245,47
2671531	C	G	0/1	29,236
2680658	T	G	1/1	0,251
2682916	T	TC	0/1	240,37
2688700	C	T	0/1	37,237
2690160	A	G	0/1	35,268
2695378	C	G	1/1	0,270
2697489	C	T	0/1	25,252
2700222	T	C	0/1	29,183
2700239	G	A	0/1	186,26
2704884	A	ACAGCGACCATATCGCCGAGCT	1/1	0,264
2712328	C	T	0/1	42,271
2713795	C	T	1/1	0,293
2718852	T	G	1/1	0,317
2718899	G	A	0/1	256,52
2720069	G	A	0/1	33,248
2720444	C	T	0/1	34,234
2723506	T	C	0/1	39,254
2724180	TCACGATCGGGTCTCCTCTAG	T	0/1	47,219
2726105	G	A	0/1	39,265
2729058	A	C	0/1	47,229
2734074	T	C	1/1	0,269
2737572	C	A	1/1	0,258
2738221	G	A	0/1	47,262
2739174	T	G	0/1	232,42
2740693	T	C	0/1	22,204
2751804	C	T	1/1	0,301
2752698	C	A	1/1	0,266
2753582	A	G	0/1	249,46
2753869	A	G	0/1	46,231
2760152	A	G	1/1	0,310
2760241	G	A	0/1	259,56
2764007	T	C	0/1	36,252
2766134	C	T	0/1	35,210
2771383	A	G	0/1	45,218
2779136	T	C	1/1	0,312
2782310	C	G	0/1	31,240
2782498	G	A	0/1	30,237
2786952	A	G	1/1	0,281
2788745	C	T	0/1	254,33
2789452	C	CT	0/1	262,37
2791098	C	T	0/1	40,218
2794700	G	A	0/1	259,50
2798595	C	T	0/1	47,241
2807486	C	A	0/1	19,204
2808005	C	CACA	0/1	31,260
2808506	G	C	0/1	245,46
2809621	T	C	1/1	0,257
2817747	G	A	0/1	54,266
2818837	A	G	1/1	0,242
2820163	G	A	0/1	27,223
2821342	C	T	1/1	0,239
2825466	G	A	0/1	51,214
2825478	C	T	0/1	201,47
2827984	G	T	1/1	2,284
2828019	T	C	1/1	0,273
2830525	C	A	1/1	0,267
2841022	A	G	0/1	39,245
2841238	C	A	0/1	226,47
2847281	A	G	0/1	54,239
2848263	A	G	0/1	232,51
2851814	A	G	0/1	264,29
2854891	T	C	0/1	28,254
2855259	A	G	1/1	0,277
2865760	A	G	1/1	0,299
2865882	T	C	1/1	0,307
2871977	C	G	0/1	247,47
2877378	G	C	0/1	46,243
2880702	G	C	1/1	0,302
2881337	C	T	0/1	36,266
2881569	A	G	0/1	32,210
2881597	AG	A	1/1	0,235
2884068	A	C	0/1	44,245
2886570	A	G	0/1	44,275
2888201	T	C	1/1	0,322
2889633	T	C	1/1	0,292
2891267	C	T	1/1	0,287
2891728	A	G	1/1	0,243
2892388	C	T	0/1	35,227
2893034	A	G	0/1	244,43
2894208	G	A	1/1	0,268
2895473	A	G	0/1	44,227
2897660	T	C	0/1	33,239
2898522	T	C	0/1	50,264
2902013	C	T	0/1	209,28
2902502	G	C	0/1	216,33
2903050	G	A	0/1	51,275
2906978	C	T	0/1	254,33
2910461	G	T	1/1	0,318
2910852	C	G	0/1	34,264
2911293	C	G	1/1	0,294
2912294	T	G	1/1	0,204
2912489	C	T	0/1	37,204
2918128	C	A	0/1	281,41
2919468	T	C	0/1	262,48
2923391	T	C	1/1	0,253
2925430	G	C	0/1	27,258
2925462	T	A	0/1	31,280
2925728	AC	A	0/1	26,238
2925962	T	C	0/1	32,235
2926083	TG	T	0/1	28,248
2927939	T	C	1/1	0,265
2931610	G	A	0/1	222,50
2937283	G	A	0/1	239,43
2939373	G	C	1/1	0,338
2939657	T	C	1/1	0,273
2939840	G	A	0/1	243,53
2941179	G	A	0/1	25,227
2948524	T	A	0/1	56,289
2948764	C	A	0/1	52,295
2949251	G	A	0/1	48,227
2953367	T	C	0/1	231,28
2954439	T	C	1/1	0,279
2955120	C	T	0/1	20,229
2956497	A	C	0/1	214,28
2956652	G	A	0/1	208,33
2958693	G	A	0/1	32,237
2958749	G	A	0/1	240,33
2959256	TA	T	0/1	30,235
2959258	TCCAATCA	T	0/1	33,226
2964594	G	A	0/1	42,258
2965135	G	A	0/1	208,35
2976555	C	T	0/1	205,44
2984740	A	G	1/1	0,198
2988630	C	G	0/1	36,282
2994187	T	C	0/1	40,215
2995548	C	A	0/1	54,250
3003063	TG	T	0/1	245,23
3003115	C	G	0/1	21,242
3005185	G	T	1/1	0,278
3005618	C	T	0/1	217,35
3005745	A	G	0/1	220,31
3009692	A	G	1/1	0,265
3010014	G	A	0/1	38,240
3010420	A	G	0/1	38,260
3011837	A	G	0/1	41,267
3016904	C	T	0/1	226,28
3017465	T	C	1/1	0,256
3020258	G	C	0/1	227,26
3027548	C	T	0/1	25,263
3027798	T	C	0/1	25,231
3028400	C	A	0/1	226,28
3029196	C	A	0/1	32,226
3031168	A	G	0/1	30,255
3031358	G	C	0/1	38,260
3033957	A	G	0/1	30,238
3035528	G	A	0/1	35,221
3037377	T	C	1/1	0,282
3040344	C	T	0/1	59,280
3041871	G	T	1/1	0,288
3043700	C	T	0/1	40,268
3047324	G	A	0/1	32,239
3055961	G	A	0/1	49,235
3059787	CCCGGCGAGCAGACGCAAAATCGCCTCATTTCGGCACGAAATGGGCGATTTTGCGTCTGCTCGGCGGGCTACTCG	C	0/1	280,72
3064837	A	G	0/1	31,223
3064857	GC	G	0/1	33,220
3069167	A	G	1/1	0,243
3069566	C	T	0/1	32,243
3072285	A	C	0/1	46,230
3075286	G	A	0/1	237,43
3076172	C	T	0/1	43,273
3080795	A	G	1/1	0,271
3086788	T	C	1/1	0,262
3089299	C	G	0/1	44,265
3089776	G	A	0/1	230,45
3093467	C	A	0/1	47,229
3103682	T	C	1/1	0,277
3104189	A	G	0/1	42,246
3105748	C	T	0/1	277,40
3111280	G	A	0/1	55,265
3112252	G	T	0/1	297,44
3112700	C	T	0/1	50,284
3115384	G	C	0/1	27,257
3126448	C	T	0/1	206,25
3131469	T	TTGTCGGCGA	1/1	0,271
3132039	G	A	0/1	26,248
3137058	G	A	1/1	0,305
3140159	GCGAA	G	0/1	240,30
3146713	G	C	0/1	36,243
3155727	G	C	0/1	260,47
3157664	G	A	0/1	49,271
3159998	CAA	C	0/1	243,43
3165807	G	A	0/1	22,260
3168492	G	A	0/1	33,220
3174013	G	A	0/1	36,219
3174496	A	G	0/1	36,229
3177884	C	A	1/1	0,322
3180988	C	A	0/1	47,264
3181284	G	A	0/1	276,49
3183174	C	T	0/1	34,247
3186855	C	G	0/1	268,49
3186860	T	G	1/1	1,314
3189242	A	G	0/1	37,246
3190145	TC	T	1/1	0,290
3199764	C	T	0/1	40,275
3200478	G	A	0/1	39,216
3202731	A	C	0/1	44,282
3206036	C	T	0/1	228,44
3208600	G	A	0/1	39,263
3212723	C	A	0/1	32,211
3219500	T	A	0/1	34,229
3226181	A	C	1/1	0,278
3228143	G	T	1/1	1,271
3228974	G	A	0/1	227,55
3232450	C	G	0/1	35,283
3235658	A	C	0/1	50,219
3236442	G	A	0/1	43,288
3236497	A	T	0/1	36,282
3244113	T	C	0/1	23,219
3256494	A	G	1/1	0,269
3258274	A	C	0/1	173,34
3265289	T	C	0/1	298,42
3266030	A	G	0/1	43,264
3266127	G	A	0/1	231,40
3269581	A	G	1/1	0,351
3270784	A	G	1/1	0,276
3271204	C	A	0/1	260,41
3273107	C	A	0/1	27,227
3282474	A	T	0/1	239,36
3296371	G	GCCGCGGC	0/1	46,225
3296843	A	G	1/1	0,283
3302589	A	C	0/1	30,218
3306441	G	A	0/1	34,252
3308313	TG	T	0/1	254,44
3308606	G	A	1/1	0,288
3310557	G	A	0/1	215,22
3312620	C	A	0/1	20,222
3314412	A	G	0/1	33,224
3315067	G	T	0/1	250,29
3315725	CG	C	0/1	32,258
3316955	A	C	0/1	25,232
3326554	A	C	0/1	29,232
3331361	ACG	A	0/1	49,251
3336825	T	C	1/1	0,215
3338603	G	C	1/1	0,274
3347571	G	A	0/1	44,237
3348536	C	T	0/1	30,215
3349917	G	A	0/1	37,249
3352932	C	G	1/1	0,328
3355161	C	T	0/1	255,52
3355949	A	C	0/1	54,285
3357464	C	G	0/1	33,242
3358235	A	T	1/1	0,259
3363338	A	G	1/1	0,278
3366614	G	C	0/1	302,41
3367765	G	A	1/1	0,256
3369599	T	C	0/1	272,47
3385218	C	T	0/1	50,256
3385936	G	A	0/1	48,263
3389009	C	T	0/1	229,39
3390924	C	G	0/1	263,43
3393640	C	T	0/1	39,234
3395654	G	A	0/1	44,270
3396294	G	C	0/1	45,223
3401871	A	G	1/1	0,276
3402816	C	T	1/1	0,269
3403436	A	G	0/1	192,24
3404376	C	G	1/1	0,291
3413785	C	T	0/1	32,226
3415180	ACACCTAGGGGGTGG	A	1/1	0,223
3420825	A	G	0/1	35,244
3423249	C	CGCGAGCAGACGCAGAATCGCCCAAAATCCAAGATTTTGAGGCGATTCTGCGTCTGCTCGCGCAACCGG	0/1	259,31
3425854	C	T	1/1	0,294
3427129	T	G	0/1	245,42
3428374	C	G	0/1	213,32
3428897	G	C	0/1	34,240
3428917	C	A	1/1	0,275
3432129	C	T	0/1	288,46
3433619	C	A	0/1	21,237
3437007	G	C	0/1	43,254
3440464	T	G	1|1	0,307
3440468	G	C	1|1	0,300
3440895	G	A	0/1	241,45
3450725	T	C	1/1	0,323
3454263	C	G	0/1	44,236
3455686	G	C	1/1	0,266
3456666	A	G	1/1	0,276
3459081	G	C	0/1	35,276
3461465	C	A	0/1	244,55
3462135	G	C	1/1	0,292
3462145	A	AGGCGC	0/1	224,39
3467465	C	G	0/1	38,268
3472338	G	A	0/1	252,34
3473662	G	A	0/1	33,249
3473996	G	GA	1/1	0,311
3475887	G	A	0/1	221,60
3480474	G	A	1/1	0,270
3480789	T	C	0/1	35,238
3486773	G	C	0/1	235,28
3486977	A	G	1/1	0,323
3488122	G	A	0/1	41,222
3489665	C	T	0/1	37,245
3499497	G	C	0/1	29,222
3500243	G	C	0/1	41,256
3503052	C	T	0/1	44,239
3503895	C	T	1/1	0,265
3504195	AT	A	0/1	222,41
3506650	A	C	0/1	37,265
3507594	G	A	0/1	37,252
3509231	G	A	0/1	34,277
3509299	CAG	C	0/1	32,292
3515467	C	T	0/1	59,288
3518167	A	G	1/1	0,303
3518555	A	G	1/1	0,270
3530955	C	G	0/1	28,241
3532822	G	A	0/1	41,230
3539353	G	A	0/1	68,227
3539366	C	G	0/1	68,236
3544710	T	C	0/1	257,45
3556275	A	G	1/1	0,257
3556607	G	T	0/1	224,32
3557253	C	T	0/1	26,245
3558606	GA	G	0/1	251,29
3562338	G	T	0/1	31,207
3573286	G	A	0/1	34,204
3580636	CT	C	1/1	0,246
3581414	A	G	1/1	0,270
3582694	C	T	0/1	27,236
3590686	G	GC	1/1	0,259
3591063	T	C	1/1	0,254
3595217	G	A	0/1	35,259
3597613	T	C	0/1	244,27
3600576	C	T	0/1	48,208
3603355	G	A	0/1	220,35
3604821	G	C	1/1	0,262
3609194	C	A	0/1	240,39
3610391	A	AC	0/1	44,229
3614982	T	C	1/1	0,264
3615642	G	A	0/1	248,52
3621423	A	G	1/1	0,274
3622441	A	C	1/1	0,302
3625065	T	G	1/1	0,235
3627390	C	T	0/1	242,43
3633727	A	C	0/1	31,224
3634654	G	C	0/1	31,260
3638093	G	A	0/1	41,254
3644634	G	A	0/1	255,31
3645524	C	T	0/1	33,263
3653988	G	A	0/1	32,245
3656206	C	A	0/1	31,206
3657849	T	C	0/1	37,248
3660495	C	T	0/1	32,255
3670040	C	T	0/1	54,258
3676076	C	T	0/1	232,26
3678094	C	T	0/1	44,228
3679764	G	A	0/1	48,193
3681548	A	C	0/1	43,230
3685510	T	C	0/1	48,252
3689523	G	T	1/1	0,265
3690016	A	G	0/1	45,216
3690950	T	TAGCTCGGCGACGATGCACGCCGCGCAGCGGCGTGAGGAGGAGCCGAGCAGTCCAACAC	1/1	0,70
3693681	A	C	0/1	49,272
3697585	C	T	0/1	22,238
3698016	C	T	0/1	34,255
3698310	G	A	0/1	218,23
3704596	G	C	1/1	0,278
3705803	G	A	0/1	224,26
3707977	T	C	0/1	242,28
3714108	G	A	0/1	243,42
3714211	G	T	1/1	0,289
3714639	G	A	0/1	36,228
3714757	A	C	1/1	0,280
3715775	C	T	0/1	44,247
3715986	C	G	0/1	238,45
3718357	C	T	1/1	0,303
3721806	G	C	1/1	0,265
3729342	C	T	0/1	49,236
3742920	G	A	0/1	242,32
3771009	T	G	0/1	44,271
3772833	CA	C	0/1	46,293
3775520	G	T	0/1	210,30
3783058	G	A	0/1	242,44
3787421	G	C	0/1	39,285
3787466	G	C	0/1	39,295
3790332	A	G	0/1	220,27
3794161	G	A	0/1	35,234
3794257	C	A	0/1	207,31
3794867	C	CCA	0/1	38,224
3798095	A	C	1/1	1,284
3798451	C	G	0/1	258,24
3799512	C	T	0/1	54,266
3812821	A	C	0/1	190,35
3815477	G	T	1/1	0,273
3817117	C	A	1/1	0,312
3820333	G	C	0/1	50,281
3821503	A	C	0/1	46,257
3821845	G	T	0/1	44,203
3823159	A	T	1/1	0,243
3826684	C	T	1/1	0,300
3829770	T	C	1/1	0,299
3830695	A	G	0/1	47,260
3831621	G	A	0/1	244,42
3838871	A	G	1/1	0,314
3851392	G	A	0/1	298,39
3851887	A	C	0|1	27,58
3851888	T	C	0|1	26,58
3852931	C	T	0/1	36,206
3853076	C	T	0/1	192,44
3854174	G	A	0/1	264,34
3859893	C	T	1/1	0,328
3860216	G	A	0/1	54,281
3861095	G	A	0/1	41,237
3862472	GA	G	1/1	0,258
3864995	T	C	1/1	0,313
3866350	C	T	0/1	231,57
3866941	C	A	0/1	218,34
3867269	C	G	0/1	37,257
3867294	G	A	0/1	257,39
3869355	T	C	0/1	37,269
3870010	A	G	0/1	54,263
3871246	T	C	0/1	49,211
3873242	G	A	0/1	271,47
3874722	AT	A	1/1	0,295
3874745	G	C	0/1	31,246
3877421	A	G	1/1	0,288
3880175	C	A	0/1	32,235
3880239	C	CGTCCGGCTCCTCCTCGGACCACTACGCGGCCCGCATCGTCGCCGACCAAATCCAACT	0/1	24,103
3880462	G	A	0/1	28,262
3882159	T	C	0/1	203,28
3885886	T	C	1/1	0,272
3887921	A	G	0/1	231,38
3892671	A	G	1/1	0,264
3893480	G	A	0/1	25,274
3895727	C	A	0/1	46,250
3896340	T	G	1/1	0,302
3898408	A	G	1/1	0,326
3900306	A	G	0/1	33,223
3906462	A	AT	0/1	34,244
3908062	C	T	0/1	36,264
3909235	G	C	0/1	39,250
3911404	G	A	0/1	216,36
3914584	G	A	0/1	219,88
3915836	G	A	0/1	31,251
3918649	T	C	0/1	34,263
3922380	G	A	0/1	249,44
3924980	A	G	0/1	260,53
3925733	T	G	0/1	255,41
3952800	G	A	1/1	0,268
3952959	A	C	1/1	0,41
3955244	C	G	0|1	258,37
3955245	C	A	0|1	256,37
3958014	A	C	0/1	241,38
3958403	A	G	1/1	0,230
3959418	C	T	1/1	0,306
3960664	T	A	0/1	275,40
3961274	G	C	0/1	40,233
3964930	C	T	0/1	26,209
3981983	G	A	0/1	35,232
3984321	G	A	0/1	40,272
3988377	T	G	0/1	257,34
3990093	C	T	0/1	41,257
3994101	A	G	0/1	46,274
4002899	C	T	0/1	249,41
4004896	G	A	0/1	45,214
4005114	G	C	0/1	53,275
4005607	T	C	1/1	0,245
4007272	G	A	0/1	33,268
4008747	A	G	0/1	35,205
4012286	C	T	0/1	34,242
4019975	CT	C	0/1	49,274
4024273	T	C	1/1	0,312
4026899	G	A	1/1	0,282
4028752	A	G	0/1	36,251
4033711	A	G	0/1	40,259
4033823	C	T	0/1	277,40
4034827	C	T	1/1	0,284
4044872	G	A	0/1	42,282
4052349	T	G	0/1	33,262
4055801	G	A	1/1	0,351
4056416	C	A	0/1	20,223
4057036	A	G	0/1	25,225
4059186	G	T	0/1	34,261
4059904	A	G	1/1	0,256
4063682	G	T	0/1	240,41
4069292	G	A	1/1	0,306
4071706	G	T	0/1	249,32
4080057	GCCAGAA	G	0/1	26,241
4082119	C	T	0/1	42,279
4083344	G	A	0/1	47,243
4086802	G	A	0/1	282,45
4087479	TCCGCATCGTCGCCGAACTAGGTCCGACTGCCCGGCTCCTCAGCGGACCCCAGCGGGA	T	0/1	50,217
4087880	G	A	0/1	43,263
4089058	T	C	0/1	38,269
4090453	C	G	0/1	35,270
4092376	T	C	0/1	42,284
4095001	CG	C	1/1	0,256
4095295	T	C	0/1	41,243
4096636	C	T	0/1	38,239
4097207	T	C	0/1	37,242
4097490	A	AC	0/1	43,250
4097569	G	T	0/1	39,256
4097778	C	T	0/1	254,47
4100975	T	C	1/1	0,301
4101209	C	A	0/1	192,34
4107074	T	C	0/1	32,282
4111038	T	A	0/1	43,292
4111303	G	C	1/1	0,321
4112429	T	C	0/1	41,256
4115602	G	A	0/1	248,35
4115952	C	T	0/1	33,261
4115979	A	AT	0/1	259,30
4117167	GGC	G	0/1	268,35
4122287	G	T	0/1	39,245
4124254	C	G	0/1	41,253
4130115	G	T	0/1	27,219
4132509	G	A	0/1	52,225
4138622	G	A	0/1	39,258
4142192	G	A	0/1	38,222
4145737	A	G	0/1	40,233
4146314	G	T	0/1	234,47
4151175	G	A	0/1	37,247
4151855	A	G	1/1	0,285
4153103	C	T	0/1	232,42
4156099	C	A	1/1	0,301
4156503	C	T	0/1	39,261
4156975	GCCCGGGTGGT	G	0|1	320,149
4156987	A	AT	0|1	294,141
4156989	C	CA	0|1	285,110
4156992	C	G	0|1	281,57
4159195	T	C	1/1	0,283
4159314	G	T	0/1	43,230
4161737	C	G	0/1	46,281
4162339	A	G	1/1	0,270
4166290	G	A	0/1	57,246
4166441	G	A	0/1	40,240
4169852	G	T	0/1	32,264
4170739	G	C	0/1	34,302
4170964	G	GA	0/1	39,205
4173347	G	A	0/1	215,37
4179089	C	T	0/1	48,242
4182695	G	A	1/1	0,278
4183686	C	T	0/1	276,39
4185055	G	A	0/1	41,265
4187485	T	C	1/1	0,286
4187817	A	G	1/1	0,314
4195390	A	T	0/1	42,245
4195799	C	A	0/1	41,241
4197138	C	CT	1/1	0,272
4198611	CG	C	1/1	0,284
4198881	G	C	0/1	239,40
4199976	G	A	0/1	45,285
4204441	A	G	1/1	0,289
4205120	A	G	1/1	0,278
4210117	C	T	0/1	47,237
4210274	A	G	1/1	0,326
4215484	G	C	0/1	45,254
4217557	A	G	0/1	38,276
4221490	C	G	1/1	0,292
4222073	A	G	1/1	0,319
4222131	C	T	0/1	36,253
4222882	A	G	1/1	0,308
4223172	T	C	1/1	0,293
4226275	C	T	0/1	37,282
4231859	CGCGGTCTGTGCGCCGGGCGCACGCACCGAATTCGAGCTATTAGCGGCCGCGGCAAGGGACGCATTCGGCCTGGACGTCCACCCAGCGGT	C	0/1	72,215
4242075	G	A	0/1	43,281
4242643	C	T	1/1	0,255
4242803	G	C	0/1	254,30
4247296	G	A	0/1	272,42
4247431	G	A	0/1	315,39
4248003	A	G	0/1	48,285
4249408	G	A	0/1	217,41
4251297	G	C	0/1	25,254
4255269	T	C	0/1	240,35
4255922	A	G	1/1	0,294
4257220	A	G	1/1	0,290
4258447	G	A	0/1	37,246
4260483	G	A	0/1	244,57
4262388	C	T	0/1	49,241
4266647	A	G	0/1	33,225
4275386	G	C	0/1	267,26
4279527	G	A	0/1	262,43
4279825	AGCC	A	0/1	250,31
4281952	C	T	0/1	252,53
4282707	C	G	0/1	30,254
4286826	A	G	0/1	30,197
4287164	A	G	0/1	27,218
4288083	GC	G	0/1	247,40
4292941	G	A	0/1	38,229
4296015	G	A	1/1	0,285
4303991	G	C	0/1	264,32
4305243	G	A	0/1	29,245
4306155	C	T	1/1	0,258
4306327	C	T	0/1	34,246
4307179	G	A	1/1	1,285
4307399	G	C	0/1	49,223
4313128	C	T	0/1	41,253
4313156	G	A	0/1	38,240
4314052	C	A	0/1	210,24
4314645	A	G	1/1	0,275
4314800	G	A	0/1	36,239
4322039	AC	A	0/1	42,259
4323355	G	C	0/1	260,50
4328492	G	A	0/1	37,234
4329782	G	A	0/1	29,261
4330870	C	A	0/1	51,280
4334376	T	G	0/1	257,30
4334513	G	A	0/1	203,25
4336991	C	T	0/1	27,276
4338595	GC	G	1/1	0,327
4338732	G	A	1/1	0,283
4340006	A	C	0/1	241,34
4343784	G	A	0/1	33,232
4343857	C	T	0/1	39,242
4345548	G	A	0/1	35,272
4348724	A	ACCCGCGCCGGCGACGATGCAAAGCGCAGCGATGAGGAGGAGCGGCGCCAACGG	0/1	0,0
4351039	G	T	1/1	1,310
4352220	C	CG	0/1	41,261
4355319	C	G	0/1	35,271
4356110	G	C	1/1	0,307
4357123	C	A	0/1	250,34
4357597	C	G	1/1	0,342
4359164	G	GC	0/1	160,22
4359721	A	G	0/1	265,32
4366195	T	C	1/1	0,254
4366272	G	C	1/1	0,279
4370415	C	T	0/1	235,35
4372353	G	C	0/1	30,256
4372540	A	C	0/1	26,225
4373942	G	A	0/1	250,38
4374177	T	C	0/1	252,27
4378801	A	C	0/1	247,28
4379680	C	G	1/1	0,332
4382054	T	C	1/1	0,320
4382275	G	T	1/1	0,281
4383144	C	CCGGGG	1/1	0,254
4383655	A	G	0/1	50,253
4384007	C	G	0/1	49,293
4384189	G	C	0/1	52,258
4384417	C	T	0/1	266,48
4386228	T	C	1/1	0,319
4386248	G	C	0/1	35,277
4386709	C	T	0/1	240,41
4390471	C	A	0/1	35,232
4393178	A	G	1/1	0,311
4396495	C	A	0/1	33,142
4397736	C	T	0/1	48,259
4400246	G	A	0/1	254,49
4400660	AC	A	1/1	0,274
4401416	G	C	0/1	251,59
4401509	C	T	0/1	59,241
4404534	C	T	0/1	210,30
4407588	T	C	1/1	22,231
4408923	C	T	0/1	50,265
4409954	G	C	0/1	24,236
