645	A	C	0/1	29,7
1849	C	A	1/1	2,31
1977	A	G	1|1	0,27
3522	T	C	1/1	5,49
4013	T	C	1/1	0,33
7362	G	C	1/1	0,31
7570	C	T	0/1	26,6
7585	G	C	1/1	0,29
9304	G	A	1/1	0,42
11370	C	T	0/1	30,12
11820	C	G	0/1	4,27
11879	A	G	1/1	0,22
14785	T	C	1/1	0,48
14861	G	T	1/1	4,48
15087	C	G	0/1	5,42
15117	C	G	0/1	4,38
16119	C	A	0/1	9,30
17654	T	G	0|1	3,9
17657	T	C	0|1	3,9
24698	GCCGCGTTGCTCGGGGTAA	G	1/1	0,15
25610	G	C	0|1	6,24
26959	C	G	1/1	0,23
28366	AT	A	0/1	3,22
29482	CA	C	0/1	37,6
34044	T	C	1/1	0,39
35408	C	CT	0/1	38,6
35608	C	T	0/1	8,29
36008	G	C	0/1	4,41
37031	C	G	1/1	0,33
37305	C	G	0/1	8,22
37334	A	T	0/1	9,22
38982	C	CTCGCGCGCTGGGCGCGCTCATCGACCGGGGCTTGGGTTGATTGGCCCTGGCTCTCTTCGCGCGCTGGGCGCGCTCATCGACCGGGGCTTGGGTTGGTTGGCCCTGGCTCTCTTCGCGCGCTGGGCGCGCTCATCGACCGGGGCTTGGGTTGATTGGCCCTGGCTCTCT	0/1	18,46
39158	C	G	0/1	6,29
42281	C	A	0/1	6,29
42967	G	C	1/1	0,23
44768	A	G	1/1	1,33
48503	T	C	0/1	8,26
49360	C	T	0/1	8,40
49690	GCC	G	0/1	6,53
50557	T	C	1/1	0,23
51949	A	G	1|1	0,38
54394	A	G	1/1	1,46
55546	G	GCCT	0/1	2,9
59752	G	C	0/1	5,31
62049	A	G	1/1	0,34
62657	G	A	0/1	27,4
63146	G	T	0/1	10,42
65150	C	T	1/1	0,13
68337	T	TC	0/1	8,27
69989	G	A	1/1	0,47
70267	G	T	1/1	2,37
70816	A	G	1/1	0,44
71336	G	C	1/1	0,11
71584	C	CCGAGCGCTGTTCTGGCGCTAATCTGACGCTAGAATAG	1/1	0,14
75233	C	A	0/1	6,29
75940	G	C	1/1	0,21
79480	T	C	0/1	4,9
79504	T	TCGGTGGACCCGGTGGACC	1/1	0,3
80683	C	T	1/1	0,6
81963	G	A	1/1	0,3
83842	G	A	0/1	24,6
83982	A	G	0/1	34,5
87468	C	T	0/1	7,38
92199	T	G	1/1	0,25
94344	G	A	0/1	21,5
94388	G	A	0/1	6,23
96894	C	T	1/1	2,36
97350	A	C	0/1	8,33
99162	TCGGTGTGCG	T	0/1	5,32
101539	C	T	0/1	5,23
107000	C	A	0/1	29,5
107485	T	C	0/1	37,5
112739	C	G	0/1	4,15
116000	T	G	1/1	0,25
117902	C	A	0/1	9,27
120776	T	C	1/1	2,30
122109	A	G	1/1	0,45
123454	C	T	0/1	11,34
123520	T	C	0/1	10,32
125830	G	GA	1/1	0,33
126263	C	T	0/1	9,4
130997	C	T	0/1	36,6
131174	T	TG	1/1	0,29
133839	C	T	1/1	0,24
135329	C	T	1/1	2,33
139297	G	T	1/1	2,44
141623	G	A	0/1	12,45
143207	T	C	0/1	5,39
146087	T	C	1/1	0,32
146236	C	G	1/1	2,31
147262	G	T	1/1	3,37
153974	T	G	0/1	4,31
154283	T	C	1/1	0,53
162151	GT	G	0/1	7,24
163296	A	G	0/1	4,21
163705	C	T	0|1	7,19
163706	C	T	0|1	7,19
164676	G	A	0/1	25,4
165151	C	T	0/1	28,7
182824	G	A	1/1	4,40
183091	C	G	0/1	4,38
190816	A	C	0/1	4,36
194305	C	CGG	0/1	9,44
194681	G	C	1/1	0,20
195682	C	G	0/1	6,29
196642	C	T	1/1	0,46
196698	C	T	0/1	37,9
199470	T	G	1/1	0,40
202197	G	A	0/1	13,4
203038	T	C	0/1	8,28
204094	G	T	0/1	3,12
206339	T	C	1/1	0,24
206481	C	G	0|1	4,13
206484	G	T	0|1	4,13
213147	C	A	0/1	7,25
213281	C	T	0/1	8,31
215977	C	T	0/1	4,32
217201	T	C	0/1	2,22
220050	C	T	0/1	28,7
222486	C	T	0/1	29,6
222925	G	A	0/1	4,16
223942	T	C	1/1	0,20
225323	T	C	1/1	0,27
227098	T	C	1/1	1,40
230170	C	T	1/1	0,31
230576	G	GT	1/1	3,39
231114	C	G	1/1	0,36
234477	T	G	1/1	0,27
234496	C	CGT	1/1	0,25
249522	T	C	0/1	10,27
250112	A	G	0/1	4,27
251575	G	A	0/1	3,34
261869	T	C	1/1	0,21
262268	A	T	1/1	4,41
264129	G	A	0/1	7,33
265554	A	C	1/1	0,48
267751	G	C	0/1	2,23
270430	G	C	1/1	0,27
272379	C	G	0/1	5,7
278021	T	C	0/1	5,29
278681	C	G	1/1	0,51
281418	C	G	0/1	3,31
282892	C	T	0/1	3,22
283610	G	A	0|1	5,20
283614	T	C	1|1	0,25
285772	A	C	1/1	0,20
285871	A	G	1/1	0,23
288260	C	T	1/1	3,28
293628	A	AC	1/1	0,24
296312	C	T	1/1	4,40
304923	A	G	1/1	0,40
305188	G	T	0/1	5,14
310973	G	A	1/1	0,28
311613	G	T	1/1	0,24
313889	GC	G	0/1	32,6
325505	T	C	0/1	9,42
332674	G	A	1/1	1,38
336380	A	T	0/1	3,3
336400	C	G	0|1	2,3
336403	C	G	0|1	2,3
336405	A	G	0|1	2,3
336535	T	G	0|1	1,1
336537	T	G	0|1	1,1
336540	G	T	0|1	1,1
336546	T	G	0|1	1,1
336557	C	CT	0|1	1,1
336560	T	C	0|1	1,1
342146	A	C	0/1	4,25
342340	C	T	0/1	14,4
346275	C	G	1/1	0,25
353309	G	A	1/1	0,23
353365	G	A	1/1	0,28
356528	A	G	1/1	0,35
363464	G	A	1/1	0,36
364854	C	G	1/1	2,26
376774	T	C	1/1	0,47
377014	C	T	1/1	2,37
379528	G	T	0/1	5,29
383716	C	T	1/1	2,31
384380	A	C	1/1	0,33
386432	C	G	1/1	0,57
386935	C	T	0/1	29,5
390197	G	C	0/1	25,6
390828	T	C	1/1	0,43
391853	A	G	1/1	0,31
392261	T	C	1/1	1,39
396199	T	C	1/1	2,24
397275	G	C	0/1	17,5
402428	G	A	0/1	29,5
403980	G	A	1/1	0,31
404132	C	T	0/1	27,6
404326	T	C	1/1	0,35
414486	C	T	1/1	0,29
420008	A	G	1/1	0,51
435190	C	T	0/1	19,5
438158	T	G	0/1	29,6
441399	C	T	0/1	3,32
441823	C	T	1/1	2,29
445780	C	T	1/1	3,39
446165	G	C	0|1	26,6
454295	T	C	1/1	0,31
454333	T	G	0/1	7,25
455432	G	A	0/1	7,32
456594	T	C	0|1	3,30
457452	T	G	1/1	0,22
459399	A	C	1/1	0,44
460413	C	T	0/1	5,26
465300	C	T	0/1	5,16
477234	T	G	1/1	0,14
483935	T	G	1/1	0,36
484596	C	T	0/1	6,41
485810	CA	C	0/1	6,41
489935	G	C	1/1	0,42
491591	A	T	0/1	22,4
491742	T	C	0/1	7,23
492150	G	C	0/1	5,16
495253	C	A	0/1	6,38
497491	G	A	1/1	1,16
498531	A	G	0/1	10,37
498557	C	A	1/1	0,48
502589	C	G	1/1	0,42
503354	G	C	1/1	0,37
505974	G	A	1/1	1,19
507028	GC	G	0/1	7,22
513257	T	C	1/1	0,34
517358	T	C	1/1	1,32
518987	C	T	0/1	5,15
522562	C	A	0/1	7,17
524525	G	C	0|1	15,2
524530	T	A	0|1	14,2
524532	A	C	0|1	14,2
524535	G	C	0|1	15,2
524538	GTC	G	0|1	15,2
524891	C	A	1/1	0,32
525833	C	T	0/1	15,4
533547	C	G	0/1	3,31
541201	A	G	1/1	0,20
542014	C	G	1/1	1,33
542514	C	G	0/1	7,41
546357	A	G	0/1	7,24
546914	G	A	0/1	29,7
549363	C	G	0/1	3,23
551525	A	C	1/1	0,46
555991	A	G	0/1	5,31
557427	G	A	0/1	8,21
561776	C	T	0|1	9,36
561777	C	T	0|1	9,36
565655	A	G	1/1	0,28
572591	C	T	0/1	4,39
573262	A	G	1/1	0,24
575907	C	T	0/1	8,28
583171	A	C	0/1	4,18
584171	T	C	1/1	1,15
590436	T	C	1/1	0,27
597816	A	G	1/1	0,46
598475	G	A	1/1	0,37
599868	A	G	0/1	3,31
604521	C	A	0/1	25,6
605150	G	A	0/1	8,35
610120	T	G	1/1	0,55
611048	T	G	0/1	9,23
613371	CTGA	C	0/1	27,4
615418	C	A	0/1	6,33
617454	C	CGA	0/1	14,2
620625	A	G	0/1	11,36
621598	C	T	1/1	2,41
627485	G	A	0/1	3,22
628864	T	C	1/1	2,31
629925	C	A	0/1	32,8
633056	T	C	0/1	23,6
637319	G	A	1/1	0,33
640954	A	G	0/1	5,25
648002	T	G	1/1	0,53
648856	T	C	0/1	10,36
648990	G	C	0/1	26,7
651613	G	T	0/1	12,31
655986	T	G	0/1	7,33
657081	C	T	0/1	3,24
657142	C	T	0/1	3,22
659341	T	C	0/1	4,21
662911	T	C	1/1	2,24
665293	A	G	1/1	0,39
669033	T	A	0/1	3,25
669398	T	C	1/1	0,43
670545	G	A	0/1	4,20
677685	G	GCGCCA	0/1	21,5
683829	C	T	1/1	0,14
685461	C	G	1/1	0,48
685608	T	C	1/1	0,45
686264	G	A	1/1	1,24
686972	T	C	1/1	0,21
688344	G	GA	1/1	1,28
688792	T	TG	1/1	0,23
690450	A	C	0/1	2,12
690465	T	G	1/1	0,17
694531	A	G	0/1	5,28
696917	G	T	0/1	3,27
698968	G	A	1/1	0,31
699840	A	C	0/1	4,28
707334	T	C	0/1	7,20
712693	A	G	1/1	0,24
713310	T	C	0/1	3,17
721373	T	G	1/1	1,24
725190	G	A	1/1	0,2
738522	T	G	1/1	4,48
742604	A	ATTTCCGCCCTCATTACACAT	0/1	3,5
750268	C	T	1/1	0,25
754186	A	G	1/1	0,31
757139	C	A	1/1	2,39
757182	A	G	1/1	1,44
758531	G	A	0/1	4,27
760115	C	T	0/1	43,8
761139	C	T	0/1	32,8
763031	T	C	0/1	4,23
767414	G	A	1/1	0,31
770420	G	T	1/1	1,30
773497	C	A	0/1	3,14
774801	G	A	0/1	6,31
775639	T	C	1/1	1,38
776100	G	A	1/1	2,30
776182	C	T	1/1	2,43
779615	G	C	1/1	1,36
781395	T	C	1/1	0,35
791249	C	T	0/1	3,36
797736	C	T	0/1	6,36
798355	G	C	0/1	4,31
799666	A	G	0/1	7,19
802427	C	CCGGCCTAGCCCGGCGACGATGCAGAGCGAAGCGATGAGGAGGAGCAGGGCAATGCGGCCTAGCCCGGCGACGATGCAGAGCGAAGCGATGAGGAGGAGCAGGGCAATG	1/1	0,17
811753	C	T	0/1	6,24
820483	G	T	1/1	0,24
820752	C	T	1/1	1,26
830868	G	GGC	0/1	6,28
835611	C	T	1/1	1,14
841764	G	C	1/1	0,38
842030	C	T	0/1	11,31
844095	T	G	0/1	6,25
847995	T	C	0/1	2,14
850591	C	T	0/1	39,6
852910	C	T	1/1	0,29
854252	GC	G	1/1	1,31
857696	A	G	1/1	0,29
861216	T	G	0/1	4,12
866051	G	A	0/1	4,25
868663	G	A	0/1	5,18
872487	C	A	1/1	2,26
874835	C	CCG	1/1	0,33
876141	G	T	0/1	5,30
880562	G	T	1/1	1,55
882257	T	C	1/1	0,38
892416	C	T	0/1	8,32
893733	T	G	1/1	0,36
897196	G	T	0/1	8,40
897209	G	C	0/1	42,7
900221	T	C	1/1	0,43
903537	G	T	1/1	1,35
903550	T	C	1/1	0,31
903913	T	C	1/1	0,29
906857	A	G	1/1	0,36
909724	G	C	0/1	22,4
917905	C	A	0/1	33,7
919351	A	C	0/1	4,24
931123	T	C	0/1	6,37
932280	T	C	0/1	6,24
934230	C	G	1/1	0,30
934611	G	T	1/1	0,16
940602	C	G	0/1	9,23
941845	C	A	0/1	2,24
944529	C	T	0/1	16,6
945214	G	A	1/1	0,28
949535	T	C	1/1	0,20
951702	C	T	0/1	4,23
953233	T	G	0/1	35,9
954101	C	T	0/1	6,32
954468	C	G	0/1	9,22
955524	A	G	1/1	0,32
957117	T	C	1/1	0,36
960367	A	G	0/1	5,37
972980	C	T	0/1	5,32
979704	G	C	1/1	0,39
981670	C	T	0/1	37,8
986463	G	C	1/1	0,42
987585	A	AG	0/1	8,32
988604	G	C	0/1	7,40
990001	G	C	1/1	0,29
991896	T	C	1/1	4,46
993346	A	C	1/1	0,40
996205	T	C	1/1	2,27
996346	G	A	0/1	5,35
1010204	C	CG	1/1	0,26
1011511	A	C	1/1	1,16
1019632	A	G	0/1	14,4
1022003	A	C	0/1	5,33
1024346	A	G	0/1	4,28
1025106	T	C	1/1	0,43
1034208	CGCT	C	0/1	1,17
1034758	C	T	0/1	6,33
1037012	T	C	1/1	0,24
1037911	C	T	1/1	0,32
1039266	C	T	1/1	1,25
1040251	C	A	0/1	5,20
1040525	G	A	0/1	20,3
1047165	T	C	1/1	0,30
1054784	C	G	0/1	4,20
1067644	T	G	0/1	3,19
1068151	T	C	1/1	0,38
1068432	A	G	1/1	0,54
1070702	T	C	1/1	0,26
1071966	A	G	0/1	5,22
1074558	G	A	1/1	0,34
1075279	T	C	1/1	0,34
1076309	G	T	1/1	0,46
1076689	A	C	0/1	5,33
1076880	C	T	0/1	4,26
1077312	A	G	1|1	0,33
1079927	C	A	1/1	0,36
1080192	G	A	0/1	5,42
1080528	G	A	0/1	29,6
1081681	T	C	1/1	0,25
1087057	C	G	0/1	24,6
1087193	G	C	1/1	0,37
1090188	A	AG	0/1	4,33
1097220	C	T	0/1	4,16
1097442	C	T	0/1	4,28
1098523	T	A	1/1	1,27
1099058	G	A	0/1	6,10
1100234	T	C	1/1	0,46
1102117	G	A	0/1	5,36
1102468	C	A	0/1	3,24
1102646	G	A	0/1	5,34
1103656	C	T	0/1	4,38
1104690	T	G	1/1	4,37
1105686	C	G	0|1	5,40
1105687	T	C	0|1	5,40
1105936	A	G	1/1	1,35
1106422	T	C	1/1	0,34
1106838	G	C	1/1	2,28
1107940	A	C	0/1	5,28
1108521	G	A	1/1	0,31
1109975	A	G	1/1	0,24
1110999	C	A	0/1	28,8
1111678	G	A	0/1	7,30
1111826	G	T	0/1	38,5
1111925	A	G	0/1	35,6
1123658	A	G	0/1	6,46
1126889	G	C	1/1	0,29
1127493	T	C	0/1	4,36
1127648	C	A	1/1	0,55
1144000	G	A	0/1	40,8
1144585	A	G	0/1	5,30
1145848	A	C	0/1	2,22
1148259	A	G	1|1	2,35
1148930	C	T	0/1	7,43
1149551	C	T	1/1	0,27
1150585	G	A	1/1	0,26
1151054	C	G	1/1	2,37
1153676	C	G	0/1	33,6
1164336	G	A	1/1	0,11
1168715	C	CT	1/1	0,7
1172085	C	A	0/1	5,26
1173750	G	T	1/1	2,28
1175343	C	T	0/1	4,25
1177157	G	A	1/1	2,39
1178116	T	C	1/1	0,37
1180593	C	CG	1/1	4,46
1197157	T	G	0/1	4,38
1199128	C	G	0/1	8,18
1200418	A	G	1/1	0,47
1201581	A	C	0/1	7,29
1211369	A	C	0/1	7,35
1215742	G	A	0|1	5,52
1215743	C	A	0|1	5,52
1220680	T	C	1/1	0,33
1221554	A	C	0/1	26,6
1224367	T	C	1/1	0,27
1227830	G	T	0/1	3,35
1230778	G	A	0/1	5,27
1232037	C	A	0/1	22,7
1234262	G	C	0/1	28,9
1248382	A	G	1/1	2,34
1248936	G	C	0/1	3,32
1248978	T	C	1/1	0,37
1250340	A	G	1/1	3,34
1251199	C	T	1/1	0,37
1254562	A	G	0/1	10,45
1255814	C	T	1/1	1,24
1265070	G	T	0/1	12,15
1273250	G	GA	0/1	4,29
1274062	A	C	0/1	24,4
1275957	T	C	1/1	0,33
1279968	G	C	0/1	7,30
1281118	T	C	1/1	0,39
1281771	T	C	0/1	2,14
1285001	A	C	0/1	6,20
1285297	G	A	0/1	22,4
1286766	G	C	1/1	2,43
1288698	G	A	1/1	1,33
1292102	A	G	1/1	0,19
1293333	C	G	0/1	6,20
1302976	G	A	0/1	4,22
1304846	C	T	0/1	1,2
1306259	A	G	1/1	0,48
1307598	C	G	1/1	0,38
1313337	A	AG	1|1	0,20
1313338	A	C	1|1	0,20
1315191	A	C	1/1	0,24
1315884	G	A	1/1	0,21
1317650	G	T	0|1	3,26
1317655	C	T	0|1	3,26
1322741	A	G	0/1	6,35
1327890	G	A	1/1	0,34
1328687	G	C	1/1	0,34
1329234	G	A	0/1	3,27
1330526	C	T	0/1	36,6
1333669	T	G	1/1	3,38
1336164	C	T	0/1	9,34
1338172	G	C	0/1	35,6
1349733	G	C	0/1	5,19
1351172	A	G	0/1	5,36
1356135	C	T	0/1	24,7
1360209	T	C	1/1	0,29
1361190	G	A	1/1	1,38
1361285	C	T	1/1	2,34
1362006	T	C	1/1	0,46
1365837	C	CGG	1/1	0,34
1367484	T	G	1/1	3,36
1368322	C	CG	0/1	3,19
1370852	T	G	0/1	3,17
1374065	T	C	1/1	0,30
1374147	C	T	0/1	30,4
1374201	A	G	1/1	3,40
1374685	C	G	1/1	3,35
1375044	C	G	0/1	3,21
1375724	A	C	1/1	0,32
1382628	T	C	1/1	0,32
1390763	C	T	0/1	6,50
1393626	A	G	1/1	0,29
1393994	C	T	0/1	30,5
1396311	G	T	0/1	23,4
1396922	T	C	1/1	0,34
1406760	T	TG	0/1	4,42
1411210	T	G	1/1	0,35
1413129	CG	C	1/1	2,22
1413148	C	T	1/1	0,24
1414021	C	T	1/1	0,36
1416222	A	G	0|1	40,10
1416232	A	G	0|1	40,11
1416234	A	C	0|1	40,11
1418863	C	CGGGAGCCA	0/1	3,16
1431689	G	A	1/1	2,26
1440469	C	G	1/1	0,51
1443428	G	GGGTTAGATTGCCCGGCTCCTCAACCCGCCGTTTCGGCGTGCATCGTCGCCGGGCTA	1/1	0,14
1444202	C	G	0/1	28,5
1445781	A	G	1/1	0,38
1457144	C	T	1/1	0,26
1471659	C	T	1/1	0,38
1477596	C	T	0|1	3,31
1479085	T	C	0/1	6,22
1482627	T	C	1/1	0,34
1484708	A	C	1/1	0,50
1490905	A	G	0/1	6,40
1495326	A	G	0/1	42,9
1498951	G	T	0/1	4,25
1499274	C	G	1/1	0,22
1501700	G	A	1/1	1,18
1507141	C	G	1/1	2,47
1520630	A	C	0/1	28,5
1526311	G	T	0/1	8,38
1526819	C	A	1/1	0,49
1529952	G	A	0/1	41,9
1535129	T	G	0/1	6,25
1536251	G	T	1/1	0,32
1540141	T	C	0/1	4,26
1541798	C	T	1/1	3,42
1544255	C	T	0/1	10,28
1546703	C	T	0/1	7,32
1547125	T	C	1/1	0,46
1549043	CG	C	0|1	3,21
1549045	TGTGCGACTTCGCC	T	0|1	4,21
1552547	G	A	1/1	0,28
1556787	T	C	0/1	4,22
1563717	C	T	1/1	0,41
1570566	C	A	1/1	0,36
1574830	G	C	1/1	1,24
1576481	T	G	1/1	0,17
1576527	G	T	1/1	0,19
1577241	G	A	1/1	1,22
1578281	G	A	0/1	18,3
1588899	G	T	1/1	0,33
1593331	G	A	0/1	9,24
1594906	G	A	1/1	1,19
1595342	T	C	1/1	2,27
1597753	C	T	0/1	6,18
1599903	T	C	0/1	12,36
1603175	G	T	0/1	6,35
1608276	A	C	0/1	8,39
1609840	A	G	1/1	0,16
1612278	G	GCGTCGA	0/1	25,3
1612624	T	TATCGGTACCGGTGCGCCAGGG	1/1	0,25
1613035	T	C	1/1	0,37
1613630	C	T	0/1	6,28
1616061	C	T	0/1	2,20
1617302	G	T	0/1	8,33
1620181	C	G	1/1	1,18
1624791	C	G	1/1	0,33
1625332	C	CGGT	1/1	2,31
1627200	G	A	0/1	31,6
1627351	T	C	1/1	0,45
1630148	A	C	1/1	0,40
1639594	C	A	1/1	0,26
1645802	T	C	1/1	0,31
1647436	G	A	0/1	5,19
1650072	A	G	1/1	0,33
1651308	A	G	0/1	5,29
1669158	T	C	0/1	5,21
1673425	C	T	0/1	36,6
1676290	C	A	1/1	1,55
1678706	A	C	0/1	6,36
1688064	A	G	0/1	4,16
1688300	T	C	0/1	7,26
1689349	C	T	1/1	0,39
1692141	A	C	1/1	0,36
1693561	A	G	1/1	0,44
1695037	G	A	0/1	6,28
1695796	C	T	1/1	5,51
1696671	CA	C	0/1	8,23
1697896	C	T	0/1	3,22
1698911	G	A	1/1	0,32
1699849	G	A	0/1	13,20
1701215	C	T	0/1	4,30
1706119	T	C	1|1	0,33
1706685	C	A	1/1	1,44
1708846	C	T	0/1	36,10
1709432	C	T	1/1	0,37
1711670	C	T	1/1	4,50
1712824	A	G	0/1	27,12
1713192	A	G	1/1	0,46
1715248	C	A	0/1	39,6
1716472	A	G	0/1	5,40
1721514	C	G	0|1	39,8
1722200	C	G	0/1	3,30
1722228	A	C	1/1	2,27
1728622	C	G	0/1	20,7
1728837	A	G	1/1	0,30
1733134	C	T	1/1	2,50
1733325	C	G	0/1	4,31
1741352	C	T	0/1	5,18
1743683	A	G	0/1	4,31
1753519	G	GC	1/1	0,27
1756358	CG	C	0/1	7,35
1759252	G	T	1/1	0,29
1760164	T	TGGG	0/1	4,24
1760292	A	G	1/1	0,41
1772457	C	A	1/1	1,36
1774659	C	T	1/1	3,48
1778430	T	C	1/1	0,24
1792777	T	C	1|1	0,44
1792778	T	C	1|1	0,44
1798355	G	A	1/1	0,18
1803265	G	A	1/1	0,43
1804409	C	A	1/1	0,42
1810237	G	A	0/1	22,8
1811375	G	T	0/1	4,38
1817976	A	T	1/1	0,47
1821567	G	A	1/1	0,35
1831220	A	C	0|1	6,30
1831226	A	G	0|1	9,31
1831288	C	T	0/1	11,31
1834177	A	C	0/1	5,27
1836286	G	C	1/1	0,18
1839759	G	C	1/1	0,26
1843570	T	TGTCATATGCGCCACTGCTCCTATGCCGGCTGCGCCGGCATCATCGTCGTTGGCGCGG	0/1	24,4
1847919	C	G	1/1	0,30
1849051	C	T	0/1	6,31
1849609	T	C	0/1	4,25
1849934	A	G	0/1	7,28
1854300	T	C	1/1	0,21
1856777	G	C	1/1	0,36
1859559	C	A	0/1	5,19
1865976	C	T	0/1	18,4
1869731	C	T	0/1	30,5
1877744	A	C	1/1	1,20
1885385	T	G	0/1	3,20
1885772	G	A	1/1	0,22
1888373	T	C	0/1	10,26
1892017	T	C	0/1	6,14
1894300	G	GGTCTTGCCGC	1/1	0,36
1894422	A	G	1/1	0,32
1897608	C	T	1/1	2,28
1900781	C	T	1/1	5,39
1901493	T	C	1/1	0,44
1902337	A	C	0/1	3,21
1906078	A	G	1/1	3,30
1907296	G	C	1/1	0,57
1913811	G	C	0/1	33,7
1916137	A	G	1/1	0,31
1917972	A	G	1/1	0,30
1924008	G	A	0/1	4,28
1924583	A	G	0/1	32,7
1931179	C	A	1/1	0,26
1933988	G	A	1/1	0,33
1943148	G	A	0/1	16,5
1944107	A	G	1/1	0,29
1944402	T	C	1/1	0,48
1945116	C	T	0/1	25,5
1950767	T	C	1/1	0,35
1952359	GC	G	0|1	6,2
1952362	G	A	0|1	6,2
1955672	C	CGGCGCGCATCGTCACCGGGCGTCGTCTGATTGCCCGGTTCCTCCTCGCGCCGCAAACGGCGCGCATCGTCACCGGGCGTCGT	0/1	17,18
1955760	CGAA	C	0/1	2,19
1955913	CCCGGAAG	C	0|1	3,29
1955921	TCGATGACCGTTG	T	0|1	4,29
1955941	G	C	0|1	4,27
1960284	C	A	1/1	0,37
1961735	A	G	0/1	4,27
1967026	C	T	0/1	9,34
1967237	C	A	1/1	0,41
1967543	C	A	1/1	2,32
1971725	G	C	0/1	3,15
1980652	G	T	0/1	2,23
1993808	A	T	1/1	0,3
1994342	T	C	1/1	0,5
2003105	C	T	1/1	2,41
2003827	A	C	0/1	3,14
2009290	GC	G	0/1	6,26
2022868	T	C	1/1	0,33
2023628	C	G	0/1	7,28
2036272	G	A	0/1	7,32
2041882	C	T	0/1	4,21
2047864	G	A	0/1	6,34
2053560	G	A	0|1	3,19
2053561	C	T	0|1	3,19
2055271	A	G	1/1	0,26
2057774	A	T	1/1	0,39
2067684	G	A	0/1	9,40
2069771	C	A	1/1	4,41
2072313	C	A	1/1	2,39
2074695	C	T	0/1	34,9
2074754	C	T	1/1	0,40
2078246	C	G	0/1	3,24
2082053	A	G	0/1	7,42
2086672	C	T	1/1	1,32
2094911	ACAGCGT	A	1/1	0,41
2096186	A	G	1/1	0,46
2097270	C	T	0/1	5,44
2108141	T	C	1/1	0,18
2108890	A	C	1/1	1,34
2109523	C	CG	1/1	0,30
2112832	A	C	0/1	6,31
2116903	C	T	1/1	0,26
2122395	C	T	1/1	1,26
2122976	C	G	0/1	5,25
2123169	T	G	1/1	0,40
2128870	A	G	1/1	0,34
2132334	C	T	0/1	6,35
2133468	T	TTCGCATGCCGTCACC	1/1	0,33
2135154	G	T	0/1	4,34
2135870	T	C	1/1	0,31
2137521	A	ACTCCGATCAC	1/1	0,35
2138436	A	G	0/1	5,29
2138453	C	T	0/1	6,27
2139503	A	G	0/1	34,5
2142266	C	A	0/1	5,28
2143328	G	C	1/1	0,43
2143732	C	T	0/1	7,43
2147022	A	C	1/1	0,43
2147878	G	C	0/1	3,26
2148320	C	T	0/1	3,24
2151222	T	G	0/1	5,39
2153725	CTCATCCCCGTCTCG	C	0/1	3,20
2154724	C	A	0/1	6,35
2155168	C	G	0/1	20,5
2158109	T	C	1/1	1,21
2159963	A	G	0/1	25,4
2160998	G	A	1/1	0,57
2161343	G	GT	1/1	0,46
2172380	A	C	0/1	6,38
2173860	A	C	0/1	2,19
2177366	C	T	1/1	0,42
2179825	G	C	1/1	1,39
2181709	G	A	0/1	31,5
2181793	G	A	0/1	3,20
2185674	A	G	1/1	1,21
2185884	T	C	0/1	3,23
2187376	G	A	0/1	33,9
2187587	G	C	0/1	7,31
2191498	G	T	0/1	4,40
2199052	C	G	0/1	5,17
2202500	C	T	1/1	3,34
2202833	G	A	0/1	29,5
2207591	T	TC	1/1	1,37
2209465	G	A	0/1	5,21
2211826	A	G	1/1	0,25
2213574	TCAGG	T	0/1	15,2
2216443	C	A	1/1	0,29
2216963	C	G	1/1	4,44
2219656	G	A	0/1	11,24
2220512	T	G	1/1	0,29
2221584	G	C	1/1	3,49
2223293	T	C	1/1	0,34
2225365	T	C	0/1	7,32
2225456	A	T	0/1	25,7
2228967	A	G	1/1	0,47
2229801	C	G	0/1	2,21
2230045	G	A	1/1	1,32
2235087	G	A	0/1	9,28
2241031	AG	A	1/1	2,32
2244421	G	T	0/1	5,33
2245864	C	A	0/1	11,29
2247677	A	C	1/1	0,38
2251605	G	A	0/1	4,20
2251999	A	G	1/1	0,31
2260100	C	T	1/1	4,40
2260525	C	T	1/1	0,25
2263627	G	GTGA	0|1	12,7
2263629	C	CCGCCCCGGTG	0|1	12,7
2263630	A	AGTCCGG	0|1	12,5
2263632	G	GACTCTCTGATCTGAGACCTCAGCCGGCGGCT	0|1	12,5
2263635	T	TCTCTGGCGTTGAGCGTAGTAGGCA	0|1	14,3
2263638	C	CTCGAGTTCG	0|1	14,2
2263760	C	T	0/1	25,4
2264782	C	A	1/1	0,22
2265059	T	G	1/1	0,29
2266487	G	C	0/1	39,27
2266504	T	TA	0|1	43,30
2266508	A	T	0|1	43,27
2266511	GT	G	0|1	43,27
2266517	T	C	0|1	44,27
2266550	G	T	0|1	45,34
2266553	C	G	0|1	44,34
2266598	G	C	0|1	47,5
2266604	C	G	0/1	46,6
2266613	G	GC	0|1	45,6
2266624	G	T	0|1	50,8
2267015	T	C	0/1	6,41
2268433	C	A	0/1	2,21
2268627	G	C	0/1	10,20
2269545	G	A	0/1	9,38
2269780	T	C	1/1	0,34
2270102	A	G	1/1	0,39
2271564	A	C	0/1	3,27
2273733	TC	T	0/1	5,30
2282787	C	T	1/1	0,25
2283191	G	C	0/1	4,14
2285251	C	A	1/1	0,28
2287121	A	G	1/1	0,27
2288085	G	C	0/1	6,37
2289031	G	A	0|1	29,5
2290110	G	A	0/1	5,28
2294007	T	C	1/1	3,56
2307701	G	A	0/1	25,5
2311099	C	G	1/1	0,21
2314689	C	A	0/1	8,31
2315386	C	A	0/1	3,18
2316123	C	A	1/1	2,31
2318725	C	T	0/1	6,31
2320320	C	T	0/1	4,22
2321609	A	C	0/1	4,19
2321975	T	C	0/1	7,28
2325145	G	A	0/1	6,32
2328543	T	C	1/1	2,41
2329533	A	G	1/1	0,43
2330097	T	C	0/1	3,22
2331620	A	C	0/1	4,32
2331789	G	T	1/1	3,40
2334007	A	G	1/1	0,44
2335075	A	G	1/1	0,33
2335494	A	G	1/1	0,27
2337179	C	T	0/1	4,32
2341636	C	G	1/1	0,19
2342649	A	AGGCGTACACAC	1/1	0,28
2344246	G	C	0/1	7,26
2344499	T	G	0/1	4,30
2345037	C	A	1/1	0,24
2346318	G	A	1/1	2,37
2352065	C	CCTCGCCTGGGCTGGCGAGCAGACGCAAAATCCCCCGCACGCCCGGCGTGTCGGGGGATTTTGCGTCTG	0/1	2,19
2354791	A	G	0/1	4,23
2357268	TGCC	T	1/1	0,4
2358029	T	TG	1/1	0,15
2361604	C	G	1/1	0,19
2362041	C	A	1/1	0,21
2364475	T	C	0/1	6,30
2368564	TA	T	1/1	0,37
2369186	G	C	1/1	1,33
2369326	C	G	1/1	0,18
2376135	A	G	0/1	5,25
2382776	A	C	0/1	9,29
2386389	G	A	1/1	0,39
2388641	G	A	0/1	8,33
2399734	G	A	0/1	3,21
2406842	AC	A	0/1	6,26
2411496	G	A	0/1	3,22
2413246	C	A	0/1	3,25
2415656	G	C	1/1	0,23
2421816	A	G	0/1	4,15
2421975	G	GGGAA	0/1	2,28
2424925	A	G	1/1	0,27
2425471	T	C	1/1	3,36
2429900	GC	G	0/1	10,2
2440926	G	T	1/1	0,52
2442468	C	T	1/1	3,34
2445926	TC	T	0/1	24,4
2448458	C	T	0/1	6,27
2451700	A	C	1/1	2,37
2453426	T	C	0/1	5,27
2462871	G	A	1/1	0,19
2468098	G	A	0|1	37,7
2470591	A	C	1/1	3,29
2474769	A	G	0/1	4,20
2487235	G	T	0/1	7,25
2491597	G	T	0/1	4,31
2499726	G	A	1/1	0,39
2505085	G	A	0/1	4,17
2509140	G	C	1/1	0,26
2509722	A	G	1/1	0,27
2510350	C	G	0/1	4,33
2516567	G	C	1/1	0,25
2518076	C	T	0/1	34,8
2521342	T	C	1/1	0,19
2521428	A	G	0/1	2,19
2522955	T	G	1/1	2,29
2523205	G	GCGC	1/1	0,20
2525722	CG	C	1/1	0,25
2526974	T	C	1/1	0,27
2529680	A	G	1/1	0,34
2532616	G	A	1/1	1,29
2533377	T	C	0/1	9,26
2534562	GGA	G	1/1	0,20
2536599	C	T	1|1	0,11
2536628	G	GA	1|1	0,7
2536892	T	C	1/1	0,8
2543395	T	C	0/1	7,31
2546684	C	A	1/1	0,21
2548700	C	T	1/1	0,19
2551576	C	G	1|1	0,26
2551577	T	C	1|1	0,26
2552982	G	GC	0/1	24,5
2562644	G	T	0/1	7,44
2564368	G	GC	1/1	2,33
2566766	C	CG	0|1	3,21
2566768	A	C	0|1	3,21
2573756	C	A	1/1	0,32
2574022	C	T	0/1	30,7
2578626	A	G	1/1	0,27
2578975	G	T	0/1	34,4
2581052	G	A	0/1	10,33
2583951	TC	T	0/1	4,20
2586076	C	G	0/1	5,24
2586127	A	G	1/1	0,29
2589036	G	C	0/1	7,33
2589216	G	C	1/1	0,47
2589643	T	C	1/1	2,26
2592310	G	A	0/1	28,30
2598400	A	G	1/1	0,29
2600260	A	G	0/1	7,32
2608117	C	A	1/1	0,32
2612256	G	T	1/1	1,23
2612632	C	A	1/1	1,28
2614909	GC	G	0/1	4,23
2616403	TTCG	T	0/1	50,8
2619271	T	C	1/1	3,49
2627618	C	A	1/1	0,26
2627946	A	G	0/1	9,27
2630740	T	C	0/1	4,15
2631371	C	T	0/1	4,25
2631637	C	T	0/1	18,4
2632341	C	CA	1/1	3,39
2637472	T	C	1/1	0,2
2637541	C	T	1/1	0,2
2642383	C	T	1/1	0,27
2644075	G	T	0/1	37,10
2645352	C	T	0/1	5,30
2647905	G	A	0/1	3,21
2653551	T	TCG	0/1	12,2
2656225	A	G	1/1	0,58
2660319	C	G	1/1	0,47
2663795	G	A	0/1	7,30
2666174	T	C	0/1	4,29
2673818	C	G	0/1	4,37
2680658	T	G	1/1	0,29
2689642	G	T	0/1	5,23
2692100	C	T	0/1	4,33
2695378	C	G	1/1	0,50
2697489	C	T	0/1	7,22
2700239	G	A	0/1	21,5
2703902	C	CG	1/1	1,19
2703915	CGCGGGCCGCCCAGCGGCCCGCTGAGGAGCCGGGCAGTCAGCCCCGCCCGGCGACGAT	C	0/1	24,4
2704884	A	ACAGCGACCATATCGCCGAGCT	1/1	0,47
2711722	T	G	0/1	3,19
2713795	C	T	1/1	0,39
2718852	T	G	1/1	0,27
2723506	T	C	0/1	3,25
2724180	TCACGATCGGGTCTCCTCTAG	T	1/1	1,20
2729058	A	C	0/1	4,35
2734074	T	C	1/1	0,26
2734481	TA	T	0/1	10,34
2737572	C	A	1/1	0,25
2738274	A	C	0/1	4,28
2738597	T	G	0/1	31,6
2740693	T	C	1/1	1,32
2741209	G	A	0/1	4,31
2751804	C	T	1/1	0,13
2752122	G	C	0/1	2,7
2752698	C	A	1/1	0,30
2759390	G	A	0/1	24,4
2760152	A	G	1/1	0,37
2760241	G	A	0/1	41,6
2773030	C	T	0/1	26,9
2774555	T	C	1/1	3,37
2775361	C	T	1|1	1,34
2779136	T	C	1/1	0,25
2786952	A	G	1/1	0,34
2788745	C	T	0/1	37,9
2788963	T	G	0/1	26,6
2789798	G	T	0/1	6,33
2791098	C	T	1/1	1,21
2793810	C	A	0/1	6,31
2794071	G	A	0/1	4,34
2800087	G	A	0/1	3,23
2807486	C	A	1/1	0,33
2808452	T	C	1/1	2,35
2809621	T	C	1/1	0,44
2809633	A	C	0/1	9,38
2817502	A	C	0/1	6,35
2818837	A	G	1/1	0,27
2819009	G	A	0/1	29,5
2821342	C	T	1/1	0,27
2825466	G	A	0/1	10,26
2825581	T	G	0/1	5,19
2827984	G	T	1/1	0,29
2828019	T	C	1/1	0,30
2830525	C	A	1/1	0,44
2833329	G	A	0/1	5,25
2839459	ACGCGCTCAACCAGCTCGCGAGCAGACGCAGAGTCGCATGAAAATCCGGATTTCGATGCGATTCTGCGTCTGCT	A	0/1	34,7
2841022	A	G	0/1	5,27
2847281	A	G	0/1	4,26
2850631	T	C	1/1	1,28
2851160	GAA	G	0|1	1,21
2851164	CATT	C	0|1	1,21
2855259	A	G	1/1	0,29
2855376	A	C	0/1	5,20
2865760	A	G	1/1	0,39
2865882	T	C	1/1	0,36
2867880	TA	T	1/1	1,29
2880702	G	C	1/1	2,38
2881582	GT	G	0/1	22,8
2881597	AG	A	1/1	0,29
2881974	G	A	1/1	2,30
2884068	A	C	0/1	5,36
2886570	A	G	0/1	4,37
2888201	T	C	1/1	0,17
2889633	T	C	1/1	0,41
2891267	C	T	1/1	0,31
2891728	A	G	1/1	0,33
2894208	G	A	1/1	0,36
2898337	C	T	0/1	26,6
2898522	T	C	0/1	5,28
2903439	G	A	0/1	5,38
2910461	G	T	1/1	0,24
2911293	C	G	1/1	0,26
2911823	G	A	0/1	32,6
2912294	T	G	1/1	0,26
2917317	C	G	0/1	21,4
2923391	T	C	1/1	0,17
2925962	T	C	0/1	5,32
2927015	G	A	0/1	14,5
2927939	T	C	1/1	0,32
2939373	G	C	1/1	0,33
2939657	T	C	1/1	0,25
2948230	G	A	0/1	6,22
2953367	T	C	0/1	23,5
2954439	T	C	1/1	0,62
2955957	A	C	1/1	3,43
2959642	G	A	1/1	2,31
2969197	A	G	1/1	2,39
2969494	T	C	0/1	37,6
2973658	T	G	0/1	20,6
2980861	A	G	0/1	5,25
2984740	A	G	1/1	0,18
2988077	G	A	0/1	4,26
2988630	C	G	0/1	4,32
2994187	T	C	0/1	2,16
3003115	C	G	0/1	8,38
3005185	G	T	1/1	0,29
3009692	A	G	1/1	0,24
3009834	A	G	1/1	3,36
3010420	A	G	0/1	10,19
3010993	C	T	0/1	4,24
3011692	A	C	0/1	32,7
3017465	T	C	1/1	0,40
3021892	GTTCGACGAC	G	0/1	3,25
3022094	T	C	0/1	26,5
3024021	C	A	0/1	6,37
3024343	G	A	0/1	3,36
3026553	C	A	1/1	1,25
3027798	T	C	0/1	7,23
3031168	A	G	0/1	4,41
3033189	G	A	1/1	2,24
3036826	C	T	1/1	0,40
3037377	T	C	1/1	0,25
3041255	G	A	0/1	22,8
3041871	G	T	1/1	0,32
3048347	G	C	0/1	4,35
3048912	C	G	1/1	0,15
3061703	G	A	0/1	2,12
3069167	A	G	1/1	0,35
3080795	A	G	1/1	0,40
3083760	C	T	1/1	3,36
3086788	T	C	1/1	0,34
3086951	TA	T	0/1	49,6
3091595	G	A	0/1	21,3
3096807	G	T	0/1	29,5
3099094	G	A	0/1	21,9
3103682	T	C	1/1	0,33
3104189	A	G	0/1	6,24
3109457	G	A	0/1	16,4
3110140	G	T	1/1	2,31
3111476	C	T	0/1	5,25
3115384	G	C	0/1	4,35
3131469	T	TTGTCGGCGA	1/1	0,37
3135606	A	G	0/1	4,25
3137058	G	A	1/1	0,30
3137736	G	T	0/1	2,24
3144623	C	T	1/1	0,17
3145534	G	A	0/1	5,30
3151609	G	A	0/1	31,4
3156201	C	CG	0/1	9,43
3159998	CAA	C	0/1	43,6
3165636	G	A	0/1	5,37
3174496	A	G	0/1	4,37
3174692	AC	A	0/1	4,32
3176135	C	A	0/1	6,34
3177452	C	A	0/1	6,36
3177884	C	A	1/1	0,27
3180988	C	A	0/1	1,6
3186860	T	G	1/1	0,33
3187090	G	A	0/1	25,6
3189242	A	G	1/1	2,32
3190145	TC	T	1/1	0,27
3191242	A	G	0/1	7,28
3193520	A	C	0/1	9,43
3200282	C	T	0/1	6,14
3209156	G	A	0/1	3,24
3214869	A	G	1/1	1,25
3215622	CG	C	1/1	0,7
3217905	G	A	0/1	4,26
3226181	A	C	1/1	0,26
3228143	G	T	1/1	0,41
3238090	G	A	0/1	29,6
3238119	CGTG	C	0/1	6,27
3243470	T	C	1/1	3,34
3256494	A	G	1/1	0,36
3266030	A	G	0/1	4,14
3269581	A	G	1/1	0,39
3270784	A	G	1/1	0,40
3276703	T	G	0/1	7,18
3284640	A	G	0/1	5,28
3284855	C	T	1/1	2,25
3296371	G	GCCGCGGC	0/1	3,28
3296843	A	G	1/1	0,12
3304966	G	A	0/1	7,29
3308606	G	A	1/1	0,40
3310427	T	C	0/1	2,16
3310626	T	C	0/1	4,19
3314412	A	G	0/1	7,26
3316955	A	C	1/1	2,29
3326554	A	C	0/1	14,35
3331361	ACG	A	0/1	8,45
3336825	T	C	1/1	0,17
3338603	G	C	1/1	0,31
3352932	C	G	1/1	0,35
3358235	A	T	1/1	0,30
3363338	A	G	1/1	0,29
3367765	G	A	1/1	0,40
3375165	A	C	0/1	7,38
3390059	G	A	0/1	18,8
3401871	A	G	1/1	0,35
3402816	C	T	1/1	1,36
3404376	C	G	1/1	0,41
3408150	T	C	1/1	2,36
3412611	T	C	0/1	7,44
3415180	ACACCTAGGGGGTGG	A	1/1	0,19
3420825	A	G	1/1	2,32
3423249	C	CGCGAGCAGACGCAGAATCGCCCAAAATCCAAGATTTTGAGGCGATTCTGCGTCTGCTCGCGCAACCGG	1/1	0,25
3423690	C	T	0/1	3,30
3425854	C	T	1/1	0,27
3428374	C	G	0/1	25,5
3428636	C	G	0/1	26,9
3428917	C	A	1/1	0,50
3440464	T	G	1|1	0,42
3440468	G	C	1|1	0,42
3440895	G	A	0/1	23,4
3446699	C	G	0/1	4,23
3447293	T	G	0/1	3,31
3450416	C	T	0/1	31,5
3450725	T	C	1/1	0,39
3454263	C	G	0/1	6,27
3455686	G	C	1/1	0,57
3456666	A	G	1/1	0,26
3462135	G	C	1/1	1,22
3462145	A	AGGCGC	0/1	18,7
3467465	C	G	1/1	4,40
3473996	G	GA	1/1	0,40
3477942	A	G	0/1	4,36
3478242	G	C	0|1	38,15
3478244	C	A	0|1	37,15
3478245	T	C	0|1	36,15
3478248	T	C	0|1	37,15
3478251	C	T	0|1	38,15
3478254	G	C	0|1	38,15
3478257	A	G	0|1	38,15
3478260	C	G	0|1	38,15
3478263	G	A	0|1	39,15
3478272	G	A	0|1	39,14
3478290	C	T	0/1	34,14
3480474	G	A	1/1	0,44
3480789	T	C	0/1	6,36
3486977	A	G	1/1	0,50
3487108	C	T	0/1	11,33
3493907	T	TCGATGAACCACCTGACATGACCCCATCCTTTCCAAGAACTGGAGTCTCCGGACATGCCGGGGCGGTTCA	0/1	5,2
3498198	C	T	0/1	5,22
3500149	G	A	0/1	9,38
3500243	G	C	0/1	9,38
3503895	C	T	1/1	0,28
3508970	A	G	0/1	8,42
3509626	C	A	0/1	7,39
3518167	A	G	1/1	0,39
3518555	A	G	1/1	0,24
3529180	CCTA	C	0|1	35,5
3529186	G	GCGCGC	0|1	35,5
3529190	GTC	G	0|1	34,5
3529195	GGCCA	G	0|1	35,5
3529205	T	A	0|1	33,5
3529210	CAACG	C	0|1	34,4
3529216	T	TTCGC	0|1	40,2
3530955	C	G	1/1	3,31
3542049	G	A	0/1	4,35
3542219	G	A	1/1	3,30
3542827	G	A	1/1	2,40
3544710	T	C	0/1	29,4
3544794	G	A	0/1	5,27
3548210	G	A	0/1	4,30
3550092	C	A	0/1	6,18
3550347	C	T	0/1	8,18
3550789	C	G	0/1	4,29
3556275	A	G	1/1	0,38
3556607	G	T	0/1	33,11
3560112	ACCCGTGAGCAGACGCAGAAGTCCCCGATTTCCGGTGAAATCGGCGACTTCTGCGTCTGCTCGCCGCGAGCGC	A	1/1	0,10
3571828	G	C	1/1	1,27
3576231	T	C	1|1	0,24
3577497	C	T	1/1	3,32
3580636	CT	C	1/1	0,41
3581414	A	G	1/1	0,53
3587446	G	A	0/1	5,29
3590686	G	GC	1/1	0,34
3591063	T	C	1/1	0,37
3597249	C	G	1/1	3,27
3600576	C	T	0/1	6,31
3604821	G	C	1/1	0,10
3610391	A	AC	0/1	6,30
3612813	T	C	0/1	4,25
3614982	T	C	1/1	0,32
3621423	A	G	1/1	0,27
3622441	A	C	1/1	0,29
3625065	T	G	1/1	0,26
3626562	G	A	1/1	1,29
3628520	G	A	1/1	2,30
3630454	T	G	0/1	21,5
3638093	G	A	1/1	1,36
3643985	A	C	0/1	4,25
3647588	C	T	0/1	31,4
3653988	G	A	1/1	0,23
3664457	C	A	0/1	5,20
3665753	G	A	0/1	8,32
3670040	C	T	0/1	6,27
3674157	T	A	1/1	2,21
3675504	G	T	0/1	5,18
3678249	A	C	0/1	6,29
3680932	G	A	0/1	1,9
3681548	A	C	0/1	11,20
3689523	G	T	1/1	0,24
3690016	A	G	0/1	4,28
3690950	T	TAGCTCGGCGACGATGCACGCCGCGCAGCGGCGTGAGGAGGAGCCGAGCAGTCCAACAC	0/1	0,2
3693681	A	C	0|1	4,18
3693689	C	T	0|1	19,4
3704596	G	C	1/1	0,25
3704770	A	G	0/1	6,16
3714211	G	T	1/1	0,40
3714757	A	C	1/1	0,48
3718357	C	T	1/1	0,36
3720003	AC	A	0/1	7,2
3721806	G	C	1/1	0,38
3743656	G	A	1/1	2,40
3775409	T	C	0/1	3,19
3775441	A	C	0/1	4,17
3777612	C	T	0/1	30,9
3778011	G	A	0|1	3,26
3778012	G	T	0|1	3,25
3778221	G	A	0/1	4,25
3778396	C	T	0/1	3,35
3794867	C	CCA	0/1	5,33
3798095	A	C	1/1	0,22
3798596	A	G	0/1	4,36
3804299	G	A	0/1	2,18
3811672	G	T	0|1	3,20
3811675	A	G	0|1	3,20
3815477	G	T	1/1	0,51
3817117	C	A	1/1	0,42
3820665	C	T	0/1	23,5
3821845	G	T	0/1	5,39
3823159	A	T	1/1	0,37
3826501	C	T	0/1	6,32
3826684	C	T	1/1	0,40
3829770	T	C	1/1	0,24
3830349	C	T	0/1	1,10
3830695	A	G	0/1	4,15
3834486	T	C	0|1	5,28
3838871	A	G	1/1	0,34
3851887	A	C	0|1	4,20
3851888	T	C	0|1	4,20
3859893	C	T	1/1	0,37
3862472	GA	G	1/1	0,22
3863138	G	A	1/1	2,26
3863681	C	G	0/1	5,22
3864995	T	C	1/1	0,29
3866350	C	T	0/1	23,6
3870010	A	G	1/1	2,24
3871246	T	C	0/1	3,22
3873242	G	A	0/1	26,5
3874722	AT	A	1/1	0,47
3877421	A	G	1/1	0,43
3880239	C	CGTCCGGCTCCTCCTCGGACCACTACGCGGCCCGCATCGTCGCCGACCAAATCCAACT	0/1	4,16
3883178	A	C	0/1	4,42
3885886	T	C	1/1	0,37
3887921	A	G	0/1	27,6
3892671	A	G	1/1	0,39
3893480	G	A	1/1	3,47
3893854	G	A	0/1	5,35
3895727	C	A	0/1	7,24
3896340	T	G	1/1	0,35
3898408	A	G	1/1	0,42
3902318	A	AT	0/1	10,29
3906311	G	A	0/1	6,23
3908465	A	G	0/1	8,36
3909235	G	C	0/1	6,42
3916386	G	T	0/1	3,31
3922380	G	A	0/1	25,9
3925733	T	G	0/1	30,7
3952800	G	A	1/1	0,35
3958403	A	G	1/1	0,36
3959418	C	T	1/1	0,32
3959730	T	C	0/1	4,17
3962187	G	A	0/1	6,32
3964518	G	A	0/1	8,32
3968006	A	C	0/1	7,40
3970594	C	G	0/1	4,25
3973152	C	G	0/1	21,3
3976595	G	T	1/1	2,46
3979990	C	G	0/1	8,31
3981983	G	A	0/1	6,36
3984321	G	A	0/1	11,23
3985439	A	C	0/1	26,4
3987370	CG	C	0/1	6,32
3993058	G	A	1/1	3,39
4001622	T	C	0/1	6,34
4005114	G	C	0/1	6,29
4005607	T	C	1/1	0,32
4008747	A	G	1/1	1,33
4013010	G	A	0/1	4,25
4022388	G	A	0/1	4,20
4024273	T	C	1/1	0,32
4026899	G	A	1/1	0,32
4028752	A	G	1/1	4,35
4033577	A	G	1/1	3,42
4034827	C	T	1/1	0,44
4041581	C	T	0/1	4,34
4050811	G	A	0/1	9,27
4055801	G	A	1/1	0,46
4056416	C	A	0/1	8,50
4056693	G	T	0/1	4,43
4059143	A	C	0/1	5,25
4059904	A	G	1/1	0,27
4063682	G	T	0/1	29,4
4069292	G	A	1/1	0,30
4075422	T	C	0/1	7,25
4075496	A	T	0/1	37,13
4081002	G	C	1/1	2,23
4089058	T	C	1/1	3,36
4095001	CG	C	1/1	0,29
4095295	T	C	1/1	2,35
4100975	T	C	1/1	0,23
4107074	T	C	1/1	4,38
4111303	G	C	1/1	0,48
4112429	T	C	0/1	4,34
4114749	C	A	0/1	6,30
4115890	G	C	0/1	9,27
4116610	G	A	0/1	11,38
4117167	GGC	G	0/1	41,6
4122287	G	T	1/1	3,35
4123770	G	A	0/1	3,19
4124349	GCC	G	1/1	0,19
4133316	A	T	0/1	4,30
4137829	C	T	0/1	8,37
4145737	A	G	0/1	7,17
4151855	A	G	1/1	0,30
4156099	C	A	1/1	0,31
4156503	C	T	0/1	8,33
4158493	C	T	1/1	3,39
4159195	T	C	1/1	2,35
4160371	C	A	0/1	4,31
4162339	A	G	1/1	0,43
4166441	G	A	0/1	4,14
4167656	A	G	0/1	7,38
4169852	G	T	0/1	6,33
4170739	G	C	1/1	3,47
4170964	G	GA	1/1	3,40
4172664	G	A	0/1	4,36
4174131	G	C	0/1	3,25
4178709	T	C	0/1	31,9
4179089	C	T	0|1	6,23
4179832	G	C	0/1	6,26
4180839	G	C	1/1	1,15
4182387	G	C	0/1	4,32
4182695	G	A	1/1	1,28
4182932	G	A	0|1	25,5
4186678	G	A	0/1	3,24
4187485	T	C	1/1	0,34
4187817	A	G	1/1	0,29
4189210	G	T	1/1	1,24
4191914	GC	G	0/1	4,35
4194501	G	A	0/1	8,34
4197138	C	CT	1/1	0,21
4198611	CG	C	1/1	0,40
4204168	T	C	0/1	6,34
4204441	A	G	1/1	0,39
4205120	A	G	1/1	0,40
4205325	A	G	0/1	6,36
4207206	G	A	0/1	31,5
4210274	A	G	1/1	0,25
4211221	G	A	1/1	4,56
4212832	GACC	G	0/1	4,41
4214988	G	A	0/1	7,44
4215484	G	C	0/1	5,36
4217557	A	G	0/1	7,36
4217697	G	T	0|1	38,5
4217700	G	A	0|1	38,5
4218366	C	A	0/1	29,4
4218416	C	A	0/1	5,33
4218669	G	GT	0/1	6,25
4218941	G	A	1/1	1,26
4219219	G	A	1/1	1,24
4221070	AC	A	1/1	2,36
4221423	C	T	1/1	3,34
4221490	C	G	1/1	0,37
4222073	A	G	1/1	0,12
4222882	A	G	1/1	0,16
4223172	T	C	1/1	0,26
4229167	T	C	0/1	6,34
4231859	CGCGGTCTGTGCGCCGGGCGCACGCACCGAATTCGAGCTATTAGCGGCCGCGGCAAGGGACGCATTCGGCCTGGACGTCCACCCAGCGGT	C	0/1	6,39
4234960	A	C	0/1	5,39
4236237	C	T	1/1	2,23
4238037	G	C	0/1	25,5
4239298	C	T	0/1	20,7
4242643	C	T	1/1	0,32
4243217	C	G	0/1	33,5
4243460	C	T	0/1	3,15
4245745	C	T	0/1	7,19
4246567	G	T	0/1	2,24
4251297	G	C	1/1	1,23
4252066	T	C	0/1	4,28
4254431	G	A	0/1	4,32
4255922	A	G	1/1	0,40
4256210	G	T	1/1	3,44
4257220	A	G	1/1	0,29
4258106	G	A	0/1	2,24
4262388	C	T	0/1	11,32
4264381	G	GC	1/1	0,19
4267647	T	C	0/1	8,31
4280708	G	A	0/1	8,25
4284347	C	T	0/1	21,6
4284429	G	A	0/1	9,30
4287164	A	G	1/1	2,28
4287291	A	G	0/1	6,26
4290135	C	T	0/1	6,28
4296015	G	A	1/1	0,43
4296554	C	A	0/1	40,8
4303498	T	TG	0/1	7,40
4305063	G	GA	0/1	5,32
4306155	C	T	1/1	0,31
4307179	G	A	1/1	0,46
4308395	G	A	0/1	8,20
4309927	T	G	0/1	3,10
4311664	C	T	0/1	4,25
4313128	C	T	1/1	1,22
4314645	A	G	1/1	0,40
4314800	G	A	0/1	5,36
4319985	G	C	0/1	2,17
4322039	AC	A	0/1	3,31
4323348	C	T	0|1	29,7
4323355	G	C	0|1	29,7
4326842	T	G	0/1	29,7
4328102	CGTCATT	C	0/1	39,4
4328111	C	G	0/1	38,4
4328113	G	GAATGAC	0/1	36,4
4329782	G	A	0/1	5,29
4331585	G	A	0/1	30,6
4338595	GC	G	1/1	0,39
4338732	G	A	1/1	0,47
4340028	G	C	0/1	6,40
4348724	A	ACCCGCGCCGGCGACGATGCAAAGCGCAGCGATGAGGAGGAGCGGCGCCAACGG	1/1	0,9
4350305	G	A	0/1	5,25
4351039	G	T	1/1	0,33
4352475	G	A	0/1	25,6
4356110	G	C	1/1	0,49
4357123	C	A	0/1	31,7
4357597	C	G	1/1	0,17
4357804	T	G	0/1	4,29
4359165	G	C	1/1	0,0
4359653	C	T	0/1	8,22
4359667	A	C	0/1	26,8
4359828	G	A	1/1	3,45
4362568	T	G	0/1	9,29
4365953	C	A	1/1	1,38
4366195	T	C	1/1	0,46
4366272	G	C	1/1	0,43
4368084	G	C	0/1	5,25
4369466	G	GAAGCACTCGA	0/1	3,2
4372353	G	C	0/1	4,33
4378504	T	C	0/1	5,23
4379044	CG	C	0/1	7,18
4379680	C	G	1/1	0,26
4382054	T	C	1/1	0,31
4382275	G	T	1/1	0,27
4383144	C	CCGGGG	1/1	0,24
4383655	A	G	0/1	4,12
4384007	C	G	1|1	1,35
4386228	T	C	1/1	1,31
4386709	C	T	0/1	36,9
4387083	G	C	0/1	33,11
4393178	A	G	1/1	0,31
4393590	C	G	0/1	7,18
4397736	C	T	0/1	8,34
4400215	C	A	0/1	20,7
4400246	G	A	0/1	16,8
4400352	G	A	0/1	18,4
4400660	AC	A	1/1	0,26
4404034	C	G	0/1	34,5
4404832	G	T	0/1	37,8
4406495	C	T	0/1	5,33
4407588	T	C	0/1	4,31
4407802	G	T	0/1	27,7
4407927	T	G	0/1	7,31
4408923	C	T	0/1	6,28
4409694	A	G	0/1	5,32
