1594	T	TTGAACCGCCCCGGCATGTCCGGAGACTCCAGTTCTTGGAAAGGATGGGGTCATGTCA	0/1	49,40
1849	C	A	0/1	18,126
1977	A	G	1/1	0,146
4013	T	C	1/1	0,145
7362	G	C	1/1	0,184
7585	G	C	1/1	0,161
9304	G	A	1/1	0,177
11820	C	G	1/1	6,172
11879	A	G	1/1	0,182
14785	T	C	1/1	0,201
14861	G	T	1/1	6,205
15117	C	G	1/1	11,154
16119	C	A	1/1	10,162
17654	T	G	1|1	7,129
17657	T	C	1|1	7,130
21795	G	A	1/1	1,143
24698	GCCGCGTTGCTCGGGGTAA	G	1/1	0,130
25610	G	C	1/1	7,153
26959	C	G	1/1	0,186
28366	AT	A	1/1	6,160
34044	T	C	1/1	0,187
35608	C	T	1/1	13,178
36008	G	C	0/1	21,180
37031	C	G	1/1	0,173
37305	C	G	1/1	7,170
37334	A	T	1/1	8,156
39158	C	G	0/1	11,126
42281	C	A	1/1	5,168
42967	G	C	1/1	0,184
44768	A	G	1/1	11,160
48503	T	C	1/1	7,157
49360	C	T	1/1	11,165
49690	GCC	G	1/1	9,148
50557	T	C	1/1	0,139
51949	A	G	1/1	0,177
54394	A	G	1/1	1,179
55546	G	GCCT	0/1	12,130
59153	C	T	1/1	13,204
62049	A	G	1/1	0,198
63146	G	T	1/1	13,174
64973	A	G	0/1	162,17
65150	C	T	0/1	23,159
68337	T	TC	1/1	12,172
69989	G	A	1/1	0,226
70267	G	T	1/1	0,173
70816	A	G	1/1	0,184
71336	G	C	1/1	0,190
71584	C	CCGAGCGCTGTTCTGGCGCTAATCTGACGCTAGAATAG	1/1	0,137
75233	C	A	1/1	12,165
75940	G	C	1/1	0,183
76373	T	C	0/1	166,19
79480	T	C	1/1	6,111
79504	T	TCGGTGGACCCGGTGGACC	1/1	0,25
81963	G	A	0/1	2,8
87468	C	T	1/1	8,170
92199	T	G	1/1	0,148
94388	G	A	1/1	4,159
96894	C	T	1/1	9,160
97350	A	C	1/1	6,167
98427	G	T	1/1	4,161
99162	TCGGTGTGCG	T	0/1	13,164
101539	C	T	1/1	5,142
116000	T	G	1/1	0,159
122109	A	G	1/1	0,165
123454	C	T	0/1	13,157
123520	T	C	0/1	17,156
125830	G	GA	1/1	0,173
131174	T	TG	1/1	0,176
133839	C	T	1/1	0,156
135329	C	T	1/1	10,126
139297	G	T	0/1	18,172
141623	G	A	1/1	15,202
143207	T	C	1/1	16,200
146087	T	C	1/1	0,186
146236	C	G	1/1	9,187
147262	G	T	1/1	13,174
154283	T	C	1/1	0,165
162100	TG	T	1/1	7,155
162151	GT	G	1/1	7,161
163705	C	T	1|1	8,162
163706	C	T	1|1	8,162
182824	G	A	0/1	19,178
183091	C	G	1/1	9,165
190816	A	C	1/1	7,143
194305	C	CGG	1/1	8,166
194681	G	C	1/1	0,188
195682	C	G	1/1	9,165
196642	C	T	1/1	0,220
199470	T	G	1/1	14,159
203038	T	C	1/1	7,192
204094	G	T	1/1	14,182
206339	T	C	1/1	0,170
206481	C	G	1|1	6,130
206484	G	T	1|1	6,126
213147	C	A	1/1	6,164
213281	C	T	0/1	17,138
215977	C	T	1/1	7,170
216242	C	A	1/1	12,156
217109	G	A	1/1	11,163
217201	T	C	1/1	7,174
222925	G	A	1/1	9,189
223942	T	C	1/1	0,144
225323	T	C	1/1	0,197
227098	T	C	1/1	0,197
230170	C	T	0/1	14,138
230576	G	GT	1/1	7,152
231114	C	G	1/1	0,164
234477	T	G	1/1	0,56
234496	C	CGT	1/1	0,58
249025	G	A	0/1	19,172
249522	T	C	1/1	6,164
251575	G	A	1/1	11,152
261869	T	C	1/1	0,164
262268	A	T	1/1	6,165
264129	G	A	1/1	7,183
265554	A	C	1/1	0,167
267751	G	C	1/1	14,154
270430	G	C	1/1	7,130
278021	T	C	1/1	13,151
278681	C	G	1/1	0,137
282892	C	T	1/1	6,154
283610	G	A	1|1	13,166
283614	T	C	1|1	0,181
285772	A	C	1/1	0,161
285871	A	G	1/1	0,174
288260	C	T	1/1	12,161
293628	A	AC	1/1	0,158
296312	C	T	1/1	14,175
304923	A	G	1/1	0,159
305188	G	T	1/1	9,166
310973	G	A	1/1	0,166
311613	G	T	1/1	0,165
325505	T	C	1/1	10,192
336322	CAA	C	0|1	10,64
336325	T	G	0|1	9,64
336327	C	CGG	0|1	9,65
336332	G	C	0|1	10,66
336344	A	G	0|1	9,70
336345	T	C	0|1	9,71
336353	C	T	0|1	11,75
336356	GGAA	G	0|1	11,74
336360	C	CCTCCCCG	0|1	11,74
336369	C	T	0|1	13,80
336370	A	G	0|1	13,78
336380	A	T	0|1	13,96
336400	C	G	0|1	13,96
336403	C	G	0|1	13,94
336405	A	G	0|1	14,92
336422	TTG	T	0|1	12,70
336428	A	G	0|1	12,69
336431	C	T	0|1	13,70
336439	A	G	0|1	12,70
336441	C	T	0|1	12,70
336442	G	A	0|1	12,72
336449	T	C	0|1	11,74
336451	T	G	0|1	11,76
336452	A	G	0|1	12,76
336459	G	A	0|1	11,74
336468	G	GCGTCC	0|1	11,79
336472	C	CAG	0|1	10,75
336473	T	G	0|1	10,73
336476	A	AGTCG	0|1	9,71
336480	A	G	0|1	10,62
336504	G	T	0/1	11,88
336535	T	G	0|1	8,107
336537	T	G	0|1	8,108
336540	G	T	0|1	8,109
336546	T	G	1|1	8,111
336557	C	CT	1|1	8,114
336560	T	C	1|1	8,120
339088	T	G	0|1	195,22
339090	C	CGG	0|1	197,18
342115	C	T	1/1	9,201
342146	A	C	1/1	12,185
346275	C	G	1/1	0,188
353309	G	A	1/1	11,153
353365	G	A	1/1	12,150
356528	A	G	1/1	0,150
363464	G	A	1/1	10,159
364854	C	G	1/1	6,139
376774	T	C	1/1	0,158
377014	C	T	1/1	11,174
379528	G	T	1/1	10,161
383716	C	T	1/1	9,197
384380	A	C	1/1	0,156
386013	G	A	0/1	139,15
386432	C	G	1/1	0,183
390828	T	C	1/1	0,175
391853	A	G	1/1	0,182
392261	T	C	1/1	10,137
396199	T	C	1/1	9,148
403235	C	A	0/1	17,186
403980	G	A	1/1	0,170
404326	T	C	1/1	0,180
414486	C	T	1/1	0,181
420008	A	G	1/1	0,145
441823	C	T	0/1	15,164
443277	A	C	0/1	163,18
445780	C	T	1/1	9,174
454295	T	C	1/1	0,189
454333	T	G	1/1	7,172
456594	T	C	1/1	14,148
457452	T	G	1/1	0,197
459399	A	C	1/1	0,132
460413	C	T	1/1	7,164
463399	A	G	1/1	8,161
465300	C	T	1/1	10,180
477234	T	G	1/1	11,175
483935	T	G	1/1	0,188
484596	C	T	1/1	13,203
485810	CA	C	1/1	14,219
489935	G	C	1/1	0,194
491742	T	C	1/1	11,166
492150	G	C	1/1	7,161
497491	G	A	1/1	11,154
498531	A	G	1/1	11,169
498557	C	A	1/1	1,182
502589	C	G	1/1	0,159
503354	G	C	1/1	0,168
505974	G	A	1/1	8,168
507028	GC	G	1/1	7,143
513257	T	C	1/1	0,214
517358	T	C	1/1	7,205
518987	C	T	1/1	8,193
524891	C	A	1/1	0,193
533547	C	G	1/1	11,172
534515	G	A	1/1	12,152
541201	A	G	1/1	0,199
542014	C	G	1/1	10,208
542514	C	G	1/1	6,141
546357	A	G	1/1	12,144
549363	C	G	1/1	3,141
551525	A	C	1/1	0,138
555991	A	G	1/1	5,168
561776	C	T	0|1	18,191
561777	C	T	0|1	18,190
565655	A	G	1/1	0,203
572591	C	T	1/1	10,170
573262	A	G	1/1	0,170
574871	G	A	1/1	8,179
575679	A	G	0/1	141,13
575907	C	T	1/1	9,173
583171	A	C	1/1	7,161
584171	T	C	1/1	10,165
586201	C	G	1/1	7,159
590436	T	C	1/1	0,183
597816	A	G	1/1	0,186
598475	G	A	1/1	0,210
599868	A	G	0/1	21,168
605150	G	A	1/1	7,157
610120	T	G	1/1	0,142
611048	T	G	1/1	4,178
620625	A	G	1/1	9,170
621598	C	T	1/1	11,176
627485	G	A	0/1	17,168
628864	T	C	1/1	14,177
637319	G	A	1/1	0,221
640954	A	G	1/1	10,192
648002	T	G	1/1	0,196
648856	T	C	1/1	15,171
655986	T	G	1/1	11,186
657081	C	T	1/1	12,179
657142	C	T	1/1	10,172
659341	T	C	1/1	13,165
662911	T	C	1/1	7,141
665293	A	G	1/1	0,165
669033	T	A	1/1	8,193
669398	T	C	1/1	0,193
670545	G	A	1/1	5,193
683829	C	T	0/1	17,167
685461	C	G	1/1	0,168
685608	T	C	1/1	0,190
686264	G	A	1/1	4,162
686972	T	C	1/1	0,179
688792	T	TG	1/1	12,151
690450	A	C	1/1	4,166
690465	T	G	1/1	0,174
694531	A	G	1/1	5,160
696917	G	T	1/1	9,173
698968	G	A	1/1	0,169
699840	A	C	1/1	10,161
707334	T	C	1/1	5,153
712693	A	G	1/1	0,210
713310	T	C	1/1	5,177
721373	T	G	1/1	9,162
725190	G	A	1/1	7,125
738522	T	G	1/1	7,170
752642	C	T	0/1	17,167
754186	A	G	1/1	0,180
757139	C	A	1/1	7,161
757182	A	G	1/1	10,165
763031	T	C	1/1	10,144
767414	G	A	1/1	0,128
768509	G	A	1/1	9,159
773497	C	A	1/1	10,140
775639	T	C	1/1	0,137
776100	G	A	1/1	9,176
776182	C	T	1/1	6,169
779615	G	C	1/1	5,148
781395	T	C	1/1	0,186
781687	A	G	1/1	8,144
791249	C	T	1/1	13,180
791771	C	T	0/1	160,19
797736	C	T	1/1	7,162
798355	G	C	1/1	11,192
799666	A	G	1/1	5,144
802427	C	CCGGCCTAGCCCGGCGACGATGCAGAGCGAAGCGATGAGGAGGAGCAGGGCAATG	1/1	0,66
805730	G	A	1/1	10,155
811753	C	T	1/1	7,148
820483	G	T	1/1	0,146
820752	C	T	1/1	12,163
830868	G	GGC	1/1	11,158
835611	C	T	1/1	5,214
841764	G	C	1/1	0,218
842030	C	T	1/1	9,196
847995	T	C	1/1	7,156
850593	C	T	1/1	10,215
852910	C	T	1/1	0,168
854252	GC	G	1/1	0,161
857696	A	G	1/1	0,172
861216	T	G	1/1	17,162
866051	G	A	1/1	10,169
874835	C	CCG	1/1	0,187
876141	G	T	1/1	15,203
880562	G	T	1/1	0,182
882257	T	C	1/1	0,181
892416	C	T	1/1	11,135
893733	T	G	1/1	0,119
900221	T	C	1/1	0,187
903537	G	T	1/1	7,140
903550	T	C	1/1	0,151
903913	T	C	1/1	0,156
906857	A	G	1/1	0,149
919351	A	C	1/1	10,176
924724	C	T	1/1	9,184
931123	T	C	1/1	4,182
932280	T	C	1/1	12,213
934230	C	G	1/1	11,157
934611	G	T	1/1	12,165
940602	C	G	1/1	14,155
941845	C	A	1/1	11,156
945214	G	A	1/1	0,148
949535	T	C	1/1	0,156
951702	C	T	1/1	9,140
954101	C	T	1/1	7,127
954468	C	G	1/1	5,143
955524	A	G	1/1	0,145
957117	T	C	1/1	0,171
960367	A	G	1/1	10,144
966927	C	T	1/1	6,148
972980	C	T	1/1	9,158
974345	G	A	1/1	11,161
979704	G	C	1/1	0,158
986037	C	G	1|1	13,193
986038	C	A	1|1	13,195
986041	G	GCAC	1|1	13,194
986463	G	C	1/1	0,194
987585	A	AG	1/1	12,154
990001	G	C	1/1	0,172
991896	T	C	1/1	7,157
993346	A	C	1/1	0,212
996205	T	C	1/1	13,172
996346	G	A	1/1	8,187
1010204	C	CG	1/1	0,163
1011511	A	C	1/1	11,185
1022003	A	C	1/1	8,181
1024346	A	G	1/1	11,136
1025106	T	C	1/1	0,187
1034208	CGCT	C	1/1	3,148
1034332	G	C	1/1	10,155
1034758	C	T	1/1	8,181
1037012	T	C	1/1	0,180
1037911	C	T	1/1	0,146
1040251	C	A	1/1	11,155
1047165	T	C	1/1	0,197
1054784	C	G	1/1	7,162
1068151	T	C	1/1	0,174
1068432	A	G	1/1	0,178
1070702	T	C	1/1	0,172
1071966	A	G	1/1	11,183
1074558	G	A	1/1	0,142
1075279	T	C	1/1	0,142
1076309	G	T	1/1	0,164
1076689	A	C	1/1	9,154
1076880	C	T	1/1	7,139
1077312	A	G	1/1	0,148
1079927	C	A	1/1	0,163
1080192	G	A	1/1	9,154
1081681	T	C	1/1	0,183
1087193	G	C	1/1	0,167
1090188	A	AG	1/1	11,162
1097220	C	T	1/1	7,202
1097442	C	T	1/1	3,187
1098523	T	A	1/1	13,162
1099058	G	A	1/1	10,159
1099786	C	T	1/1	6,142
1100234	T	C	1/1	0,171
1102117	G	A	1/1	13,210
1102468	C	A	0/1	16,192
1102646	G	A	0/1	19,196
1103285	C	T	0/1	209,26
1103656	C	T	0/1	18,197
1104690	T	G	1/1	19,245
1105293	C	A	0/1	17,179
1105686	C	G	1|1	13,202
1105687	T	C	1|1	13,206
1106422	T	C	1/1	0,203
1107659	G	A	1/1	8,169
1107940	A	C	1/1	13,161
1108521	G	A	1/1	5,148
1109975	A	G	1/1	0,174
1111678	G	A	1/1	9,176
1111925	A	G	0/1	159,16
1114539	A	C	1/1	7,147
1126889	G	C	1/1	0,158
1127493	T	C	1/1	10,141
1127648	C	A	1/1	0,145
1144585	A	G	1/1	11,151
1145848	A	C	1/1	7,144
1148259	A	G	0/1	10,134
1148930	C	T	0/1	14,165
1149551	C	T	1/1	0,185
1150585	G	A	1/1	0,171
1151054	C	G	1/1	8,171
1153676	C	G	0/1	140,16
1158118	C	T	1/1	6,136
1164336	G	A	1/1	0,149
1164571	A	G	0/1	104,13
1168009	GC	G	1/1	6,127
1168715	C	CT	1/1	0,136
1168776	T	G	1/1	6,140
1172085	C	A	1/1	10,157
1173750	G	T	1/1	10,134
1175343	C	T	1/1	5,139
1177157	G	A	1/1	6,132
1178116	T	C	1/1	0,160
1186959	C	T	1/1	12,196
1197157	T	G	1/1	13,167
1200418	A	G	1/1	0,181
1201581	A	C	1/1	10,161
1205849	A	G	1/1	9,155
1211369	A	C	1/1	10,186
1215742	G	A	1|1	7,172
1215743	C	A	1|1	7,173
1220680	T	C	1/1	0,197
1224367	T	C	1/1	0,83
1227830	G	T	1/1	11,141
1230778	G	A	1/1	5,144
1240554	T	TCGGTGG	0/1	13,111
1248382	A	G	1/1	9,163
1248936	G	C	1/1	5,155
1248978	T	C	1/1	0,165
1250340	A	G	1/1	11,149
1251199	C	T	1/1	0,195
1254562	A	G	1/1	15,170
1265070	G	T	1/1	5,125
1273250	G	GA	1/1	8,143
1274731	T	C	1/1	7,148
1275957	T	C	1/1	0,178
1281118	T	C	1/1	0,172
1281771	T	C	1/1	13,128
1285001	A	C	0/1	13,116
1286766	G	C	1/1	9,152
1286910	A	G	1/1	8,131
1288698	G	A	1/1	8,132
1292102	A	G	1/1	0,154
1293333	C	G	1/1	7,141
1306259	A	G	1/1	0,185
1307598	C	G	1/1	0,136
1313337	A	AG	1|1	0,38
1313338	A	C	1|1	0,38
1315191	A	C	1/1	0,184
1315884	G	A	1/1	0,152
1317655	C	T	0/1	14,151
1322741	A	G	1/1	15,150
1327890	G	A	1/1	0,174
1328687	G	C	1/1	0,170
1329234	G	A	1/1	12,193
1333661	C	CG	1|1	4,113
1333669	T	G	1|1	4,119
1336164	C	T	1/1	9,148
1349733	G	C	1/1	12,148
1351172	A	G	1/1	6,151
1360209	T	C	1/1	0,146
1361190	G	A	1/1	11,155
1361285	C	T	1/1	9,157
1362006	T	C	1/1	0,179
1365837	C	CGG	1/1	0,117
1367484	T	G	1/1	8,155
1368322	C	CG	1/1	7,131
1370852	T	G	1/1	7,147
1371930	T	G	0/1	125,14
1374065	T	C	1/1	0,193
1374201	A	G	1/1	11,165
1375044	C	G	1/1	9,140
1375724	A	C	1/1	0,159
1382628	T	C	1/1	0,198
1387015	G	C	1/1	8,155
1390763	C	T	1/1	8,154
1393626	A	G	1/1	0,159
1396922	T	C	1/1	0,148
1406760	T	TG	1/1	7,146
1408190	G	T	1/1	11,170
1411210	T	G	1/1	0,134
1413129	CG	C	1/1	9,128
1413148	C	T	1/1	0,146
1414021	C	T	1/1	0,168
1418863	C	CGGGAGCCA	1/1	5,114
1440469	C	G	1/1	0,185
1443428	G	GGGTTAGATTGCCCGGCTCCTCAACCCGCCGTTTCGGCGTGCATCGTCGCCGGGCTA	1/1	0,76
1445781	A	G	1/1	0,198
1456874	C	T	1/1	10,129
1457144	C	T	1/1	0,154
1471659	C	T	1/1	0,166
1477369	G	C	1/1	4,136
1477596	C	T	1/1	9,155
1479085	T	C	1/1	8,121
1482627	T	C	1/1	0,145
1484708	A	C	1/1	0,170
1490905	A	G	1/1	15,186
1498951	G	T	1/1	10,152
1499274	C	G	1/1	0,150
1501700	G	A	1/1	6,151
1515618	A	G	1/1	8,159
1526311	G	T	1/1	19,211
1526819	C	A	1/1	0,167
1536251	G	T	1/1	0,176
1540141	T	C	1/1	7,115
1541798	C	T	1/1	9,116
1544255	C	T	0/1	14,102
1546703	C	T	1/1	9,108
1547125	T	C	1/1	0,169
1552547	G	A	1/1	0,189
1556787	T	C	1/1	12,163
1563717	C	T	1/1	0,160
1565767	C	T	1/1	12,148
1566169	C	T	1/1	9,142
1570566	C	A	1/1	0,192
1576481	T	G	1/1	8,162
1576527	G	T	1/1	12,160
1577241	G	A	1/1	13,146
1588899	G	T	1/1	0,169
1593331	G	A	1/1	9,153
1594906	G	A	1/1	9,180
1595342	T	C	1/1	9,143
1608276	A	C	1/1	8,156
1609840	A	G	1/1	0,165
1612624	T	TATCGGTACCGGTGCGCCAGGG	1/1	0,127
1613035	T	C	1/1	0,184
1616061	C	T	1/1	10,180
1617302	G	T	1/1	6,179
1620181	C	G	1/1	9,155
1624791	C	G	1/1	0,164
1625332	C	CGGT	1/1	4,130
1627351	T	C	1/1	0,205
1630148	A	C	1/1	0,187
1639594	C	A	1/1	0,177
1645802	T	C	1/1	0,175
1647436	G	A	0/1	17,192
1650072	A	G	1/1	0,153
1651308	A	G	1/1	6,134
1657016	T	TGAACCGCCCCGGTGAGTCCGGAGACTCTCTGATCTGAGACCTCAGCCGGCGGCTGG	0/1	32,47
1669158	T	C	1/1	6,143
1670494	G	T	0/1	144,14
1671250	A	G	1/1	11,152
1673406	C	T	1/1	10,150
1676290	C	A	1/1	0,166
1678706	A	C	1/1	7,139
1688064	A	G	1/1	5,142
1688300	T	C	1/1	6,156
1689349	C	T	1/1	0,174
1692141	A	C	1/1	0,223
1693561	A	G	1/1	0,242
1695037	G	A	1/1	9,185
1695796	C	T	1/1	11,191
1696671	CA	C	1/1	15,185
1697896	C	T	0/1	14,140
1698911	G	A	1/1	0,145
1699849	G	A	1/1	12,155
1701215	C	T	1/1	10,160
1706119	T	C	1/1	0,175
1706685	C	A	1/1	10,198
1709432	C	T	1/1	0,170
1711670	C	T	1/1	13,148
1713109	A	C	1/1	16,168
1713192	A	G	1/1	0,183
1716472	A	G	0/1	17,137
1722200	C	G	1/1	7,142
1722228	A	C	1/1	10,143
1728837	A	G	1/1	0,196
1733134	C	T	1/1	12,162
1733325	C	G	1/1	14,165
1741352	C	T	1/1	12,154
1753519	G	GC	1/1	2,142
1756358	CG	C	1/1	12,155
1759252	G	T	1/1	0,171
1760292	A	G	1/1	0,180
1774659	C	T	0/1	13,141
1778430	T	C	1/1	0,145
1792777	T	C	1|1	0,122
1792778	T	C	1|1	0,123
1798355	G	A	1/1	0,145
1803265	G	A	1/1	0,148
1804409	C	A	1/1	0,162
1811375	G	T	1/1	6,149
1817976	A	T	1/1	0,133
1826574	A	G	1/1	7,134
1827561	A	C	1/1	9,171
1831220	A	C	0|1	15,136
1831226	A	G	0|1	14,139
1831288	C	T	1/1	10,139
1834177	A	C	0/1	19,165
1836286	G	C	1/1	0,181
1839759	G	C	0/1	12,131
1847919	C	G	1/1	0,166
1849051	C	T	1/1	8,165
1849609	T	C	1/1	6,154
1849934	A	G	1/1	9,151
1854300	T	C	1/1	0,189
1856777	G	C	1/1	0,180
1859559	C	A	1/1	11,146
1875207	C	T	0/1	156,21
1877744	A	C	1/1	10,182
1880881	G	A	1/1	9,129
1882187	G	A	1|1	7,128
1882188	G	A	1|1	7,126
1885385	T	G	1/1	10,139
1885772	G	A	1/1	0,143
1888373	T	C	1/1	7,167
1892017	T	C	1/1	10,135
1894300	G	GGTCTTGCCGC	1/1	0,157
1894422	A	G	1/1	0,142
1897608	C	T	1/1	9,166
1901493	T	C	1/1	0,174
1902337	A	C	1/1	13,164
1906078	A	G	1/1	10,135
1907296	G	C	1/1	1,163
1916137	A	G	1/1	0,161
1917972	A	G	1/1	0,164
1924008	G	A	1/1	10,162
1931179	C	A	1/1	0,170
1933988	G	A	1/1	0,157
1944107	A	G	1/1	0,180
1944402	T	C	1/1	0,130
1950767	T	C	1/1	0,163
1955760	CGAA	C	0/1	16,143
1955913	CCCGGAAG	C	0|1	13,141
1955921	TCGATGACCGTTG	T	0|1	13,143
1955941	G	C	0|1	14,142
1960284	C	A	1/1	0,123
1961735	A	G	1/1	10,128
1963010	A	C	0/1	16,158
1967026	C	T	1/1	13,155
1967237	C	A	1/1	0,193
1967543	C	A	1/1	10,140
1971725	G	C	1/1	10,167
1980652	G	T	1/1	8,142
1986638	G	GTGAA	0|1	4,27
1986639	C	CCGCCCCGGTGAGTCCGGAGACTCTCTGATCTGAGACCTCAGCCGGCG	0|1	4,24
1986644	C	G	0|1	4,3
1993808	A	T	1/1	0,3
1994342	T	C	0/1	1,11
2003105	C	T	0/1	13,129
2003827	A	C	1/1	8,158
2009290	GC	G	1/1	11,166
2014452	G	A	1/1	12,172
2022868	T	C	1/1	0,150
2023628	C	G	1/1	9,138
2055271	A	G	1/1	0,133
2057774	A	T	1/1	0,147
2067684	G	A	1/1	6,167
2069771	C	A	1/1	11,159
2072313	C	A	1/1	10,190
2074754	C	T	1/1	2,190
2075207	A	C	1/1	13,157
2078246	C	G	1/1	10,187
2082053	A	G	1/1	10,152
2086672	C	T	1/1	11,173
2094911	ACAGCGT	A	1/1	0,180
2095724	C	T	1/1	12,162
2096186	A	G	1/1	0,146
2097270	C	T	1/1	8,149
2108141	T	C	1/1	0,138
2108890	A	C	1/1	12,164
2109523	C	CG	1/1	0,143
2112832	A	C	1/1	9,152
2116903	C	T	1/1	0,184
2122395	C	T	1/1	9,163
2122976	C	G	1/1	7,147
2123169	T	G	1/1	0,159
2128870	A	G	1/1	0,178
2133468	T	TTCGCATGCCGTCACC	1/1	1,147
2135154	G	T	1/1	11,166
2135870	T	C	1/1	0,176
2137521	A	ACTCCGATCAC	1/1	0,162
2138436	A	G	1/1	15,184
2138453	C	T	1/1	13,182
2142266	C	A	1/1	7,135
2143328	G	C	1/1	0,190
2146065	C	CGGCGGTCGCGGCGGGGCGGGCGGTAGAGGCGGCGACGGCGGGCAA	1/1	0,55
2147022	A	C	1/1	0,163
2151222	T	G	0/1	18,141
2153725	CTCATCCCCGTCTCG	C	1/1	1,96
2154724	C	A	1/1	6,148
2154973	G	A	0/1	11,139
2158109	T	C	1/1	12,137
2160998	G	A	1/1	0,152
2161343	G	GT	1/1	0,161
2170906	T	G	0/1	183,19
2172380	A	C	1/1	7,154
2173860	A	C	1/1	12,145
2177366	C	T	1/1	8,184
2179825	G	C	1/1	6,144
2185674	A	G	1/1	9,171
2187587	G	C	1/1	7,147
2191498	G	T	1/1	10,175
2199052	C	G	1/1	13,179
2202500	C	T	1/1	5,160
2207136	C	T	1/1	13,193
2207591	T	TC	1/1	0,181
2209465	G	A	1/1	5,166
2211826	A	G	1/1	0,163
2216443	C	A	1/1	0,177
2216963	C	G	1/1	14,181
2220512	T	G	1/1	0,203
2221584	G	C	1/1	7,201
2223293	T	C	1/1	0,173
2225365	T	C	1/1	14,184
2228967	A	G	1/1	0,189
2229801	C	G	1/1	5,159
2230045	G	A	1/1	6,185
2235087	G	A	1/1	7,135
2238135	G	GCGCGGCGACTGTCAGCCGGGCCGA	0|1	155,32
2238140	G	GCCGCCGCCTCCGCGCGCCGGGTTCCGCGCA	0|1	161,16
2241031	AG	A	1/1	6,148
2244421	G	T	0/1	13,140
2245864	C	A	0/1	13,147
2247669	C	T	1|1	9,169
2247677	A	C	1|1	0,174
2251605	G	A	1/1	10,184
2251999	A	G	1/1	0,160
2260100	C	T	1/1	7,135
2260525	C	T	1/1	0,133
2264782	C	A	1/1	0,132
2265059	T	G	1/1	0,128
2266487	G	C	0|1	151,73
2266504	T	TA	0|1	145,92
2266508	A	T	0|1	148,93
2266511	GT	G	0|1	149,95
2266517	T	C	0|1	142,104
2266550	G	T	0|1	158,145
2266553	C	G	0|1	161,147
2266583	C	G	0|1	157,71
2266598	G	C	0|1	150,77
2266604	C	G	0|1	152,77
2266613	G	GC	0|1	153,77
2266624	G	T	0|1	157,80
2267015	T	C	1/1	13,143
2268433	C	A	1/1	14,217
2268627	G	C	0/1	29,211
2269545	G	A	1/1	8,191
2269780	T	C	1/1	0,145
2270102	A	G	1/1	0,144
2273733	TC	T	0/1	13,153
2282787	C	T	1/1	0,173
2283191	G	C	1/1	10,224
2285251	C	A	1/1	0,165
2287121	A	G	1/1	1,174
2288085	G	C	1/1	8,186
2294007	T	C	1/1	9,125
2311099	C	G	1/1	0,147
2314341	AT	A	1/1	11,136
2314689	C	A	1/1	11,133
2315386	C	A	1/1	7,143
2316123	C	A	1/1	11,155
2318725	C	T	0/1	15,161
2320320	C	T	1/1	9,155
2321975	T	C	0/1	15,163
2323930	G	A	1/1	13,176
2326780	T	G	1/1	9,147
2328543	T	C	1/1	8,140
2329533	A	G	1/1	0,156
2331620	A	C	1/1	7,148
2331789	G	T	1/1	7,154
2334007	A	G	1/1	0,174
2335075	A	G	1/1	0,163
2335494	A	G	1/1	0,154
2337179	C	T	0/1	14,141
2338194	A	ACCCC	0/1	6,13
2341636	C	G	1/1	0,143
2342649	A	AGGCGTACACAC	0/1	17,123
2344246	G	C	1/1	11,153
2344499	T	G	0/1	16,150
2345037	C	A	1/1	0,157
2346318	G	A	0/1	17,164
2354791	A	G	1/1	4,133
2357268	TGCC	T	1/1	0,96
2357820	G	C	0|1	160,1
2358029	T	TG	1/1	0,150
2361604	C	G	1/1	0,168
2362041	C	A	1/1	0,120
2364475	T	C	1/1	9,114
2368564	TA	T	1/1	0,155
2369186	G	C	1/1	10,137
2369326	C	G	1/1	0,143
2386389	G	A	1/1	0,160
2388641	G	A	1/1	13,155
2399734	G	A	1/1	11,154
2401825	T	TGGCTCCTCCTCACCCCGTTACCCGGGGCGCATCGTCGCCGAGCTCGATTTGATTGCCC	1/1	0,0
2404873	C	A	1/1	12,196
2406842	AC	A	1/1	9,192
2411496	G	A	1/1	13,173
2413246	C	A	1/1	7,178
2415656	G	C	1/1	1,203
2418227	T	C	1/1	5,243
2421816	A	G	1/1	13,225
2421975	G	GGGAA	1/1	8,201
2424925	A	G	1/1	0,212
2425471	T	C	1/1	12,167
2440926	G	T	1/1	1,157
2442468	C	T	1/1	5,177
2448458	C	T	1/1	10,162
2451700	A	C	1/1	10,154
2462871	G	A	1/1	0,200
2468098	G	A	0/1	143,16
2470591	A	C	1/1	6,157
2474686	C	T	1/1	8,134
2491597	G	T	1/1	6,181
2499726	G	A	1/1	0,159
2503850	C	T	1/1	9,157
2505085	G	A	1/1	5,184
2509140	G	C	1/1	0,189
2509722	A	G	1/1	0,167
2510350	C	G	1/1	7,181
2516567	G	C	1/1	0,153
2521342	T	C	1/1	0,147
2521428	A	G	1/1	4,164
2522955	T	G	0/1	13,144
2523205	G	GCGC	1/1	0,34
2525722	CG	C	1/1	0,180
2526974	T	C	1/1	0,165
2529680	A	G	1/1	0,183
2533377	T	C	1/1	11,181
2534562	GGA	G	1/1	0,150
2536599	C	T	1|1	10,175
2536628	G	GA	1|1	8,171
2536892	T	C	1/1	7,150
2543395	T	C	1/1	10,160
2546684	C	A	1/1	0,186
2548700	C	T	1/1	0,129
2551576	C	G	1|1	2,162
2551577	T	C	1|1	2,163
2562644	G	T	0/1	15,160
2564368	G	GC	1/1	15,183
2566766	C	CG	1|1	8,136
2566768	A	C	1|1	8,135
2573756	C	A	1/1	0,141
2578626	A	G	1/1	0,162
2579106	A	C	1/1	16,167
2581052	G	A	1/1	7,161
2586076	C	G	1/1	12,143
2586127	A	G	1/1	0,162
2589036	G	C	0/1	14,123
2589216	G	C	1/1	0,142
2590439	T	C	1/1	13,153
2592310	G	A	0/1	149,138
2598400	A	G	1/1	0,143
2600260	A	G	1/1	11,156
2608117	C	A	1/1	1,123
2612256	G	T	1/1	6,93
2612632	C	A	1/1	0,125
2614909	GC	G	1/1	10,154
2619271	T	C	1/1	10,151
2624618	G	C	1/1	8,151
2627618	C	A	1/1	6,116
2627946	A	G	1/1	4,144
2628355	G	A	1/1	3,121
2630740	T	C	0/1	12,113
2631065	G	GA	1/1	9,120
2631371	C	T	1/1	7,120
2632341	C	CA	1/1	8,105
2634282	T	G	1/1	9,125
2637541	C	T	1/1	0,130
2640233	T	C	1/1	7,145
2642383	C	T	1/1	0,179
2647905	G	A	1/1	6,160
2656225	A	G	1/1	0,182
2660319	C	G	1/1	0,161
2663795	G	A	1/1	12,143
2673818	C	G	1/1	5,139
2680658	T	G	1/1	0,143
2692100	C	T	0/1	17,179
2695378	C	G	1/1	0,184
2697489	C	T	1/1	7,155
2703902	C	CG	1/1	5,100
2704884	A	ACAGCGACCATATCGCCGAGCT	1/1	0,146
2711722	T	G	0/1	15,143
2713795	C	T	1/1	1,167
2718852	T	G	1/1	0,178
2723506	T	C	1/1	7,148
2724180	TCACGATCGGGTCTCCTCTAG	T	0/1	18,115
2729058	A	C	0/1	13,138
2734074	T	C	1/1	0,174
2734481	TA	T	1/1	9,183
2737572	C	A	1/1	0,159
2738274	A	C	1/1	6,157
2740693	T	C	0/1	10,84
2741209	G	A	1/1	8,152
2746454	A	G	1/1	10,178
2751804	C	T	1/1	0,131
2752122	G	C	0/1	10,121
2752698	C	A	1/1	0,190
2757414	A	G	1/1	6,164
2760152	A	G	1/1	0,140
2774555	T	C	1/1	11,172
2775361	C	T	1/1	8,144
2779136	T	C	1/1	0,159
2786093	C	T	1/1	16,186
2786952	A	G	1/1	0,195
2789798	G	T	1/1	9,149
2791098	C	T	1/1	10,165
2793384	C	T	0/1	17,170
2793810	C	A	0/1	12,139
2794071	G	A	1/1	12,192
2800087	G	A	1/1	11,155
2807486	C	A	1/1	10,200
2808452	T	C	1/1	9,154
2809621	T	C	1/1	0,185
2809633	A	C	1/1	15,171
2817502	A	C	1/1	11,174
2818837	A	G	1/1	0,161
2821342	C	T	1/1	0,154
2825466	G	A	1/1	8,139
2825581	T	G	1/1	13,156
2827984	G	T	1/1	0,132
2828019	T	C	1/1	0,145
2830525	C	A	1/1	0,160
2833329	G	A	1/1	5,147
2835145	G	A	1/1	9,154
2841022	A	G	1/1	14,190
2847281	A	G	1/1	12,167
2850631	T	C	1/1	12,152
2851160	GAA	G	1|1	8,160
2851164	CATT	C	1|1	8,160
2855259	A	G	1/1	0,195
2865760	A	G	1/1	0,179
2865882	T	C	1/1	0,158
2867880	TA	T	1/1	10,170
2880702	G	C	1/1	0,154
2881597	AG	A	1/1	0,168
2881974	G	A	1/1	8,162
2884068	A	C	1/1	6,175
2885684	G	A	1/1	9,171
2886570	A	G	1/1	4,149
2888201	T	C	1/1	0,161
2889633	T	C	1/1	1,172
2891267	C	T	1/1	0,169
2891728	A	G	1/1	0,175
2894113	G	A	1/1	9,159
2894208	G	A	1/1	0,155
2898522	T	C	1/1	11,154
2903439	G	A	1/1	4,134
2910461	G	T	1/1	0,149
2911293	C	G	1/1	0,173
2912294	T	G	1/1	0,156
2923391	T	C	1/1	0,167
2925962	T	C	1/1	8,182
2927939	T	C	1/1	0,169
2939373	G	C	1/1	0,229
2939657	T	C	1/1	0,169
2948230	G	A	1/1	9,132
2954439	T	C	1/1	0,174
2955957	A	C	1/1	6,166
2969197	A	G	1/1	7,145
2980861	A	G	1/1	1,137
2984740	A	G	1/1	0,139
2988630	C	G	1/1	9,163
2994187	T	C	1/1	4,140
3003115	C	G	1/1	7,142
3005185	G	T	1/1	0,166
3009692	A	G	1/1	0,147
3009834	A	G	1/1	7,130
3010420	A	G	1/1	14,153
3010993	C	T	1/1	9,149
3017465	T	C	1/1	0,163
3021892	GTTCGACGAC	G	1/1	8,141
3024021	C	A	1/1	11,149
3024343	G	A	1/1	10,140
3027798	T	C	1/1	8,145
3031168	A	G	0/1	13,129
3033189	G	A	1/1	10,140
3036826	C	T	1/1	5,168
3037377	T	C	1/1	0,68
3041871	G	T	1/1	0,151
3048912	C	G	0/1	15,165
3067955	C	T	1/1	11,161
3069167	A	G	1/1	0,155
3074093	G	GC	1/1	9,161
3080795	A	G	1/1	0,158
3086208	G	T	0/1	147,17
3086788	T	C	1/1	0,180
3103682	T	C	1/1	0,172
3104189	A	G	1/1	3,160
3105481	G	C	1/1	9,138
3110140	G	T	1/1	8,144
3111476	C	T	1/1	8,193
3115384	G	C	1/1	6,170
3115733	T	C	1/1	4,156
3127931	T	A	0/1	12,6
3131469	T	TTGTCGGCGA	1/1	0,158
3135606	A	G	1/1	7,173
3137058	G	A	1/1	0,137
3137736	G	T	1/1	12,160
3144623	C	T	1/1	9,144
3156201	C	CG	1/1	7,156
3165636	G	A	0/1	20,177
3170252	G	A	1/1	10,177
3174496	A	G	1/1	12,157
3174692	AC	A	1/1	6,127
3177452	C	A	1/1	11,182
3177884	C	A	1/1	0,172
3180988	C	A	1/1	7,148
3183016	T	C	1/1	5,123
3186860	T	G	1/1	0,181
3187070	C	T	1/1	10,173
3189242	A	G	1/1	9,131
3190145	TC	T	1/1	0,143
3200282	C	T	1/1	5,194
3205675	G	A	0/1	15,141
3209156	G	A	1/1	6,131
3214869	A	G	0/1	17,142
3215622	CG	C	0/1	14,155
3226181	A	C	1/1	0,172
3228143	G	T	1/1	0,178
3238119	CGTG	C	0/1	18,163
3256494	A	G	1/1	0,152
3266030	A	G	1/1	10,180
3269581	A	G	1/1	0,183
3270784	A	G	1/1	0,156
3275427	C	T	0/1	14,168
3276703	T	G	1/1	9,150
3284640	A	G	1/1	11,138
3284855	C	T	1/1	11,182
3292227	T	TTGCCC	1/1	6,131
3296371	G	GCCGCGGC	1/1	5,123
3296843	A	G	1/1	0,149
3304966	G	A	1/1	11,157
3305985	T	G	1/1	13,183
3308606	G	A	1/1	0,176
3309140	C	T	0/1	23,196
3310427	T	C	1/1	11,176
3310626	T	C	0/1	13,137
3314412	A	G	1/1	7,172
3316955	A	C	1/1	9,153
3326554	A	C	1/1	11,146
3331361	ACG	A	1/1	9,132
3338603	G	C	1/1	0,132
3352932	C	G	1/1	0,156
3355057	C	T	1/1	5,150
3358198	G	A	1/1	10,174
3358235	A	T	1/1	0,158
3363338	A	G	1/1	0,154
3367765	G	A	1/1	0,158
3375165	A	C	1/1	6,137
3401871	A	G	1/1	0,169
3402816	C	T	1/1	1,173
3404376	C	G	1/1	0,157
3408150	T	C	1/1	7,148
3412611	T	C	1/1	9,171
3415180	ACACCTAGGGGGTGG	A	1/1	0,139
3415789	G	C	1/1	9,161
3420825	A	G	1/1	10,175
3423249	C	CGCGAGCAGACGCAGAATCGCCCAAAATCCAAGATTTTGAGGCGATTCTGCGTCTGCTCGCGCAACCGG	1/1	1,47
3425854	C	T	1/1	0,203
3428917	C	A	1/1	0,181
3440464	T	G	1|1	0,178
3440468	G	C	1|1	0,171
3440895	G	A	0/1	143,15
3443068	G	A	1/1	6,146
3446699	C	G	1/1	13,154
3447293	T	G	1/1	12,147
3450725	T	C	1/1	0,158
3454263	C	G	1/1	11,187
3455686	G	C	1/1	0,179
3456666	A	G	1/1	0,167
3462135	G	C	1/1	0,178
3467465	C	G	1/1	11,144
3473996	G	GA	1/1	0,135
3477942	A	G	1/1	18,214
3478242	G	C	0|1	235,31
3478244	C	A	0|1	235,32
3478245	T	C	0|1	239,32
3478248	T	C	0|1	236,30
3478251	C	T	0|1	238,30
3478254	G	C	0|1	238,30
3478257	A	G	0|1	237,29
3478260	C	G	0|1	234,28
3478263	G	A	0|1	232,28
3478272	G	A	0|1	231,28
3480474	G	A	1/1	0,150
3480789	T	C	1/1	6,155
3486977	A	G	1/1	0,158
3487108	C	T	1/1	11,126
3491820	A	C	0/1	20,101
3498198	C	T	0/1	10,120
3500149	G	A	1/1	6,119
3500243	G	C	1/1	6,128
3503895	C	T	1/1	0,136
3508970	A	G	1/1	14,167
3509626	C	A	1/1	9,156
3518167	A	G	1/1	0,159
3518555	A	G	1/1	0,162
3522829	T	C	1/1	8,165
3522976	A	G	1/1	11,132
3529180	CCTA	C	0|1	168,32
3529186	G	GCGCGC	0|1	163,32
3529190	GTC	G	0|1	165,28
3529195	GGCCA	G	0|1	172,27
3529205	T	A	0|1	169,24
3529210	CAACG	C	0|1	172,23
3529216	T	TTCGC	0|1	166,22
3529221	GT	G	0|1	170,17
3529224	T	TA	0|1	175,17
3529227	G	C	0|1	171,16
3529228	T	C	0|1	171,14
3529231	T	C	0|1	170,14
3530955	C	G	1/1	4,151
3542049	G	A	1/1	7,148
3542219	G	A	1/1	9,139
3545401	T	C	1/1	8,163
3550347	C	T	0/1	15,117
3550789	C	G	1/1	10,120
3556275	A	G	1/1	0,165
3571828	G	C	1/1	9,175
3576231	T	C	1/1	10,162
3577497	C	T	1/1	6,154
3580636	CT	C	1/1	0,143
3581414	A	G	1/1	0,152
3587446	G	A	1/1	4,161
3590686	G	GC	1/1	0,46
3591063	T	C	1/1	0,159
3597249	C	G	1/1	9,131
3600035	A	G	1/1	8,192
3600576	C	T	1/1	10,130
3604821	G	C	1/1	0,151
3610391	A	AC	1/1	9,170
3612813	T	C	1/1	8,168
3614982	T	C	1/1	0,168
3621423	A	G	1/1	0,176
3622441	A	C	1/1	0,170
3625065	T	G	1/1	0,150
3626562	G	A	0/1	22,157
3628520	G	A	1/1	10,156
3638093	G	A	1/1	13,168
3643985	A	C	1/1	7,158
3653988	G	A	1/1	11,178
3664457	C	A	1/1	5,212
3665753	G	A	0/1	17,142
3670040	C	T	1/1	6,139
3674157	T	A	1/1	7,128
3675504	G	T	1/1	8,187
3678249	A	C	1/1	9,162
3680932	G	A	1/1	11,171
3681548	A	C	1/1	13,158
3684100	A	C	1/1	12,176
3689523	G	T	1/1	0,186
3690016	A	G	1/1	6,147
3690950	T	TAGCTCGGCGACGATGCACGCCGCGCAGCGGCGTGAGGAGGAGCCGAGCAGTCCAACAC	0/1	0,0
3693681	A	C	1/1	5,136
3695249	CCG	C	1/1	9,169
3704596	G	C	1/1	0,174
3704770	A	G	1/1	12,159
3714211	G	T	1/1	0,139
3714757	A	C	1/1	0,146
3718129	G	A	1/1	6,129
3718357	C	T	1/1	0,148
3721806	G	C	1/1	0,142
3742991	A	AG	1/1	10,163
3743656	G	A	1/1	9,149
3775409	T	C	1/1	13,152
3775441	A	C	1/1	13,155
3778011	G	A	1|1	8,185
3778012	G	T	1|1	8,184
3778396	C	T	1/1	14,191
3790635	C	T	1/1	9,188
3794867	C	CCA	0/1	13,126
3797827	C	CTGAACCGCCCCGGCATGTCCGGAGACTCCAGTTCTTGGAAAGGATGGG	0|1	24,30
3798095	A	C	1/1	0,110
3798596	A	G	0/1	19,149
3801509	C	T	1/1	8,168
3804299	G	A	1/1	8,126
3811672	G	T	1|1	12,173
3811675	A	G	1|1	12,173
3815477	G	T	1/1	0,223
3817117	C	A	1/1	0,174
3819800	C	T	1/1	5,135
3821845	G	T	1/1	8,136
3823159	A	T	1/1	0,117
3826501	C	T	0/1	16,152
3826684	C	T	1/1	0,158
3828864	A	C	1/1	11,166
3829770	T	C	1/1	0,145
3830349	C	T	1/1	10,161
3830695	A	G	1/1	11,156
3834486	T	C	1/1	6,158
3838871	A	G	1/1	0,155
3842976	A	G	0/1	151,20
3851887	A	C	0|1	6,58
3851888	T	C	0|1	6,59
3859893	C	T	1/1	0,147
3862472	GA	G	1/1	0,178
3863138	G	A	1/1	9,162
3863681	C	G	1/1	9,136
3864995	T	C	1/1	0,183
3870010	A	G	1/1	10,164
3871246	T	C	1/1	13,173
3874722	AT	A	1/1	0,188
3877421	A	G	1/1	0,187
3880239	C	CGTCCGGCTCCTCCTCGGACCACTACGCGGCCCGCATCGTCGCCGACCAAATCCAACT	1/1	2,67
3883178	A	C	1/1	7,162
3885886	T	C	1/1	0,143
3892671	A	G	1/1	0,199
3893480	G	A	0/1	18,163
3895727	C	A	1/1	7,148
3896340	T	G	1/1	0,148
3898408	A	G	1/1	0,215
3902318	A	AT	1/1	4,158
3906311	G	A	1/1	10,142
3908465	A	G	1/1	9,140
3909235	G	C	1/1	10,135
3916386	G	T	1/1	10,164
3952800	G	A	1/1	0,184
3958403	A	G	1/1	0,162
3959418	C	T	1/1	0,208
3959730	T	C	1/1	11,153
3960513	G	A	0/1	12,140
3962187	G	A	1/1	9,153
3964518	G	A	1/1	14,202
3968006	A	C	0/1	22,164
3970594	C	G	1/1	12,142
3976595	G	T	1/1	6,147
3979990	C	G	1/1	12,163
3981983	G	A	1/1	13,164
3984321	G	A	1/1	6,169
3987370	CG	C	1/1	7,141
3993058	G	A	1/1	13,138
4001622	T	C	1/1	15,195
4005114	G	C	1/1	16,174
4005607	T	C	1/1	0,186
4008747	A	G	1/1	10,130
4021348	G	C	1/1	3,112
4022388	G	A	1/1	8,170
4024273	T	C	1/1	0,180
4026899	G	A	1/1	0,178
4028752	A	G	1/1	11,162
4033577	A	G	1/1	11,156
4033995	G	A	1/1	4,173
4034827	C	T	1/1	0,183
4041581	C	T	0/1	17,153
4050811	G	A	1/1	6,146
4053759	T	C	1/1	8,142
4055801	G	A	1/1	0,168
4056416	C	A	1/1	11,181
4056693	G	T	0/1	16,166
4059143	A	C	1/1	4,138
4059904	A	G	1/1	0,195
4069292	G	A	1/1	0,157
4075422	T	C	1/1	10,212
4089058	T	C	1/1	12,163
4095001	CG	C	1/1	0,192
4095295	T	C	1/1	7,154
4100975	T	C	1/1	0,188
4107074	T	C	0/1	18,147
4111303	G	C	1/1	0,178
4112429	T	C	1/1	10,172
4115890	G	C	1/1	9,184
4116610	G	A	1/1	9,157
4122287	G	T	1/1	10,153
4123770	G	A	1/1	10,178
4124349	GCC	G	0/1	11,133
4133316	A	T	1/1	10,171
4136133	G	C	1/1	11,164
4137829	C	T	1/1	8,147
4145737	A	G	1/1	13,151
4151855	A	G	1/1	0,157
4156099	C	A	1/1	0,171
4156503	C	T	1/1	13,149
4158493	C	T	0/1	12,127
4159195	T	C	1/1	1,166
4160371	C	A	1/1	12,150
4162339	A	G	1/1	0,140
4166441	G	A	1/1	10,167
4167656	A	G	1/1	6,166
4169852	G	T	0/1	18,166
4170739	G	C	1/1	9,140
4170964	G	GA	1/1	6,158
4174131	G	C	1/1	9,184
4178709	T	C	0/1	153,15
4179089	C	T	1/1	9,175
4179832	G	C	0/1	14,138
4182387	G	C	0/1	18,129
4182695	G	A	1/1	0,163
4186678	G	A	1/1	4,143
4187485	T	C	1/1	0,151
4187817	A	G	1/1	0,157
4189210	G	T	1/1	4,135
4194501	G	A	1/1	8,138
4197138	C	CT	1/1	0,156
4198611	CG	C	1/1	0,165
4204168	T	C	1/1	15,165
4204441	A	G	1/1	0,206
4205120	A	G	1/1	0,185
4205325	A	G	1/1	9,166
4210274	A	G	1/1	0,189
4212832	GACC	G	0/1	11,145
4214988	G	A	1/1	12,158
4215484	G	C	0/1	18,141
4215793	A	C	1/1	12,137
4217557	A	G	0/1	15,141
4218416	C	A	1/1	11,138
4218941	G	A	1/1	9,145
4220562	C	A	1/1	9,147
4221070	AC	A	1/1	10,165
4221423	C	T	1/1	3,123
4221490	C	G	1/1	0,120
4222073	A	G	1/1	0,117
4222882	A	G	1/1	0,112
4223172	T	C	1/1	0,147
4229167	T	C	1/1	12,156
4231859	CGCGGTCTGTGCGCCGGGCGCACGCACCGAATTCGAGCTATTAGCGGCCGCGGCAAGGGACGCATTCGGCCTGGACGTCCACCCAGCGGT	C	0/1	15,143
4234960	A	C	1/1	4,113
4236237	C	T	0/1	15,142
4242643	C	T	1/1	0,141
4243460	C	T	1/1	10,163
4251297	G	C	1/1	11,144
4252066	T	C	1/1	5,140
4254431	G	A	1/1	8,158
4255922	A	G	1/1	0,146
4256210	G	T	1/1	7,164
4257220	A	G	1/1	0,153
4258106	G	A	1/1	6,151
4262388	C	T	1/1	10,151
4264381	G	GC	1/1	7,151
4267647	T	C	1/1	5,146
4280708	G	A	1/1	10,184
4284429	G	A	1/1	10,209
4287164	A	G	1/1	7,195
4288249	G	C	0/1	147,14
4290135	C	T	1/1	15,197
4292014	GA	G	1/1	12,177
4296015	G	A	1/1	0,189
4303498	T	TG	0/1	17,182
4305063	G	GA	1/1	14,182
4306155	C	T	1/1	0,177
4307179	G	A	1/1	1,154
4307991	G	C	1/1	10,146
4308395	G	A	1/1	11,159
4309927	T	G	0/1	13,125
4311664	C	T	1/1	11,143
4313128	C	T	1/1	10,152
4314645	A	G	1/1	0,152
4314800	G	A	1/1	5,136
4319985	G	C	0/1	12,126
4322039	AC	A	1/1	7,170
4329782	G	A	1/1	9,187
4338595	GC	G	1/1	0,211
4338732	G	A	1/1	0,200
4340028	G	C	1/1	13,157
4348724	A	ACCCGCGCCGGCGACGATGCAAAGCGCAGCGATGAGGAGGAGCGGCGCCAACGG	1/1	1,23
4350305	G	A	1/1	3,131
4351039	G	T	1/1	0,187
4356110	G	C	1/1	0,160
4357597	C	G	1/1	0,193
4357804	T	G	1/1	4,158
4359164	G	GC	1/1	0,63
4359165	G	GTGATCGGGGTTCCCGGGGTGATCGGGGTTCCCGGC	1/1	0,63
4359653	C	T	1/1	12,158
4359828	G	A	1/1	12,141
4362568	T	G	1/1	9,144
4366195	T	C	1/1	0,148
4366272	G	C	1/1	0,149
4368084	G	C	1/1	4,188
4368649	C	A	1/1	8,144
4372353	G	C	1/1	9,155
4378504	T	C	1/1	9,186
4379044	CG	C	1/1	14,158
4379680	C	G	1/1	0,181
4382054	T	C	1/1	0,145
4382275	G	T	1/1	0,171
4383144	C	CCGGGG	1/1	0,174
4383655	A	G	1/1	11,184
4384007	C	G	0/1	17,159
4386228	T	C	1/1	0,180
4386971	C	T	0/1	18,190
4393178	A	G	1/1	0,168
4393590	C	G	1/1	9,170
4397736	C	T	1/1	9,164
4400660	AC	A	1/1	0,190
4407588	T	C	1/1	4,160
4407927	T	G	1/1	11,151
4408494	ACCTCGT	A	0/1	139,14
4408923	C	T	0/1	18,163
4409888	C	T	1/1	13,191
