968	A	C	0/1	46,96
1977	A	G	0/1	67,28
2532	T	C	0/1	27,20
2822	G	T	0/1	47,36
3143	G	A	0/1	60,46
4013	T	C	1/1	0,103
5731	C	T	0/1	68,46
6112	G	C	0/1	62,38
6798	G	C	0/1	39,67
7362	G	C	1/1	0,144
7585	G	C	0/1	84,52
8452	C	T	0/1	88,65
9143	T	C	0/1	82,48
9304	G	A	0/1	92,43
10741	C	G	0/1	46,60
11879	A	G	1/1	0,166
12388	G	A	0/1	95,69
13298	G	C	0/1	95,41
13460	A	G	0/1	56,39
13507	C	T	0/1	65,36
14401	A	G	0/1	131,47
14785	T	C	1/1	0,163
15117	C	G	0/1	107,59
15122	A	G	0/1	61,100
15177	C	G	0/1	114,63
21795	G	A	1|1	0,12
21819	A	C	0|1	6,5
22961	T	G	0/1	129,71
23174	C	A	0/1	99,51
23676	A	G	0/1	119,60
24698	GCCGCGTTGCTCGGGGTAA	G	0/1	64,26
24894	T	C	0/1	37,66
26347	C	G	0/1	81,45
26618	C	A	0/1	75,48
26959	C	G	1/1	0,123
27175	G	A	0/1	93,35
27469	A	G	0/1	98,57
27996	T	C	0/1	109,63
28616	G	C	0/1	95,45
30980	C	CCGAT	0/1	75,44
31173	C	T	0/1	78,55
32968	A	G	0/1	50,81
34044	T	C	1/1	0,114
36538	T	C	0/1	80,52
36602	G	A	0/1	52,70
37031	C	G	1/1	1,113
39758	A	G	0/1	113,51
42281	C	A	0/1	93,44
42967	G	C	1/1	1,149
43945	A	G	0/1	82,47
50557	T	C	0/1	63,34
51949	A	G	0/1	87,40
54394	A	G	0/1	117,52
55546	G	GCCT	0/1	52,23
60131	C	T	0/1	45,99
62049	A	G	1/1	0,105
64028	C	T	0/1	103,39
65159	G	A	0/1	65,38
65663	C	G	0/1	64,41
66313	G	A	0/1	81,45
66892	C	G	0/1	69,64
67818	G	A	0/1	81,41
68174	T	C	0/1	79,45
69989	G	A	1/1	1,142
70267	G	T	0/1	80,37
70816	A	G	1/1	0,116
70956	G	T	0/1	56,35
71336	G	C	1/1	0,33
71584	C	CCGAGCGCTGTTCTGGCGCTAATCTGACGCTAGAATAG	1/1	0,71
74737	T	G	0/1	81,56
75940	G	C	1/1	0,139
79281	C	CCCACAT	0/1	95,48
79479	T	C	0/1	47,33
79504	T	TCGGTGGACCCGGTGGACCCGGTGGACC	0/1	23,19
79783	G	A	0/1	22,78
82843	TC	T	0/1	71,51
84528	T	G	0/1	101,61
88157	A	T	0/1	59,119
88574	G	A	0/1	123,76
89179	T	C	0/1	87,46
89200	G	T	0/1	91,44
89871	C	T	0/1	103,73
92199	T	G	0/1	84,53
93658	G	A	0/1	110,57
95935	G	A	0/1	63,37
97696	T	C	0/1	89,56
98966	G	C	0/1	97,70
103600	A	G	0/1	69,37
115499	T	G	0/1	63,47
116000	T	G	1/1	0,135
117295	G	A	0/1	102,41
122109	A	G	1/1	0,181
123520	T	C	0/1	106,73
123740	TG	T	0/1	103,50
124240	C	T	0/1	102,46
125830	G	GA	1/1	0,135
126803	A	G	0/1	65,39
131174	T	TG	1/1	0,191
133839	C	T	1/1	0,118
137233	C	T	0/1	76,48
137683	C	G	0/1	53,90
139556	A	AC	0/1	90,41
139756	T	C	0/1	94,50
139954	A	C	0/1	100,50
143207	T	C	0/1	95,62
144564	C	T	0/1	98,60
145189	G	A	0/1	88,46
146087	T	C	1/1	0,114
146788	G	A	0/1	72,58
146872	C	T	0/1	112,58
147670	GC	G	0/1	46,101
152240	G	T	0/1	96,52
154283	T	C	1/1	0,170
160976	C	G	0/1	96,54
162226	G	A	0/1	63,35
164012	T	C	0/1	100,46
164043	C	T	0/1	46,94
167025	C	T	0/1	94,52
167986	C	T	0/1	58,25
168787	C	T	0/1	79,49
168976	C	T	0/1	88,50
169400	G	A	0/1	77,43
170825	C	T	0/1	77,38
177150	G	C	0/1	31,19
187195	A	C	0/1	116,63
190927	G	A	0/1	154,73
194087	C	A	0/1	51,102
194305	C	CGG	0/1	113,48
194681	G	C	0/1	51,33
195360	T	C	0/1	75,45
196642	C	T	0/1	79,34
196874	C	T	0/1	93,42
199470	T	G	0/1	108,45
201339	C	T	0/1	79,44
201896	A	G	0/1	36,66
203341	C	G	0/1	117,51
206339	T	C	1/1	0,67
206481	C	G	0|1	9,6
206484	G	T	0|1	9,6
208316	AT	A	0|1	86,43
208321	G	GC	0|1	89,43
208322	T	G	0|1	88,42
210285	C	A	0/1	91,44
211189	G	A	0/1	86,58
211993	C	A	0/1	98,60
212275	C	A	0/1	46,86
212674	T	G	0/1	77,57
215238	C	T	0/1	120,64
217201	T	C	0/1	104,55
217687	CA	C	0/1	93,54
217800	CT	C	0/1	48,102
223747	C	CG	0/1	80,28
223942	T	C	1/1	0,80
225323	T	C	1/1	0,96
225668	C	T	0/1	87,51
226676	G	A	0/1	104,49
227098	T	C	1/1	0,172
230576	G	GT	0/1	64,60
231114	C	G	1/1	0,144
232876	CA	C	0/1	97,57
233358	A	C	0|1	119,48
233364	G	C	0|1	112,45
234477	T	G	1/1	0,30
234496	C	CGT	1/1	0,53
234609	A	T	0/1	106,60
243598	A	G	0/1	78,40
244250	G	A	0/1	47,44
244550	A	G	0/1	38,31
245719	G	A	0/1	48,97
249522	T	C	0/1	97,71
251575	G	A	0/1	89,40
251669	T	C	0/1	76,35
252788	T	A	0/1	44,107
254903	C	A	0/1	95,59
256906	A	G	0/1	42,94
257398	G	T	0/1	74,28
257788	G	GAGGATCATCAAGGGTGCGTCGCGGAAGTA	0/1	86,44
258864	C	G	0/1	90,61
260282	G	T	0/1	98,48
261869	T	C	1/1	0,125
263149	A	C	0/1	90,60
263830	A	C	0/1	71,43
264298	C	A	0/1	94,56
264984	C	G	0/1	72,52
265170	CG	C	0/1	63,45
265554	A	C	1/1	0,139
272597	G	A	0/1	33,76
272678	C	T	0/1	86,47
278681	C	G	1/1	0,146
279749	C	T	0/1	101,67
279791	G	A	0/1	109,71
280294	C	T	0/1	77,53
281208	C	T	0/1	110,51
283034	A	C	0/1	81,34
283614	T	C	0/1	93,49
285772	A	C	1/1	0,145
285871	A	G	0/1	103,55
286580	A	T	0/1	89,53
286750	C	G	0/1	44,88
290374	T	C	0/1	76,37
293628	A	AC	0/1	72,30
295040	G	A	0/1	91,40
296323	GGCGCCGTCTTC	G	0|1	48,87
296335	ATCAAGGGC	A	0|1	49,88
304050	T	C	0/1	76,44
304635	G	T	0/1	91,64
304923	A	G	0/1	72,59
305455	G	A	0/1	117,64
310973	G	A	1/1	0,159
311613	G	T	1/1	0,113
312148	G	T	0/1	74,51
316171	G	A	0/1	136,65
317045	G	A	0/1	118,59
320180	A	G	0/1	110,73
321403	G	A	0/1	90,40
324590	C	A	0/1	72,105
325505	T	C	0/1	113,45
326002	A	G	0/1	96,49
327516	CG	C	0/1	62,125
331588	G	A	0/1	19,44
331613	G	C	0/1	68,17
332153	C	T	0/1	39,101
333212	G	C	0/1	85,47
333292	A	G	0/1	89,49
336322	CAA	C	0|1	117,22
336325	T	G	0|1	117,22
336327	C	CGG	0|1	119,24
336332	G	C	0|1	113,33
336344	A	G	0|1	110,34
336345	T	C	0|1	109,34
336353	C	T	0|1	108,37
336356	GGAA	G	0|1	110,37
336360	C	CCTCCCCG	0|1	105,37
336369	C	T	0|1	107,43
336370	A	G	0|1	108,43
336380	A	T	0|1	111,62
336400	C	G	0|1	118,65
336403	C	G	0|1	119,66
336405	A	G	0|1	120,66
336422	TTG	T	0/1	130,44
336428	A	G	0|1	127,44
336431	C	T	0|1	124,44
336439	A	G	0|1	122,46
336441	C	T	0|1	121,45
336442	G	A	0|1	119,45
336449	T	C	0|1	129,43
336451	T	G	0|1	132,43
336452	A	G	0|1	132,43
336535	T	G	0|1	109,35
336537	T	G	0|1	110,36
336540	G	T	0|1	111,35
336546	T	G	0|1	105,35
336557	C	CT	0|1	101,35
336560	T	C	0|1	99,36
342146	A	C	0/1	125,51
342571	T	C	0/1	94,51
343281	G	C	0/1	98,50
344288	C	G	0/1	89,39
346275	C	G	1/1	0,149
352844	C	G	0/1	47,128
354535	T	G	0/1	36,56
356483	C	G	0/1	84,42
356528	A	G	1/1	0,145
357582	G	A	0/1	122,72
361320	G	A	0/1	106,48
365987	C	T	0/1	53,90
376774	T	C	0/1	87,43
378357	T	G	0/1	69,80
378939	G	C	0/1	78,38
381030	A	G	0/1	87,52
384380	A	C	1/1	0,137
386432	C	G	1/1	0,133
386517	T	C	0/1	44,88
390828	T	C	1/1	0,141
391853	A	G	0/1	82,49
392261	T	C	0/1	77,44
393941	C	T	0/1	85,49
396750	G	A	0/1	86,50
403481	C	T	0/1	75,45
403980	G	A	1/1	0,188
404326	T	C	0/1	80,53
406274	T	C	0/1	87,61
406389	G	A	0/1	126,59
409020	T	G	0/1	82,10
409547	C	CG	0/1	79,48
409683	G	A	0/1	62,42
412280	T	G	0/1	84,33
414486	C	T	1/1	0,133
416675	CT	C	0/1	97,36
420008	A	G	1/1	0,130
420405	C	T	0/1	78,44
421631	C	G	0|1	30,4
421632	GAGCC	G	0|1	31,4
423334	G	A	0/1	115,63
424250	A	G	0/1	77,37
437141	G	C	0/1	50,22
437926	G	A	0/1	114,33
438271	G	A	0/1	73,50
439711	T	C	0/1	89,60
441746	T	C	0/1	68,26
442283	G	A	0/1	90,47
445112	C	T	0/1	80,105
445780	C	T	0/1	149,70
447442	C	T	0/1	107,43
447525	G	C	0/1	103,45
451895	T	C	0/1	44,96
452288	C	T	0/1	101,37
454295	T	C	1/1	0,99
455325	C	G	0|1	95,36
455329	T	C	0|1	97,35
455739	A	C	0/1	34,11
456511	G	A	0/1	117,68
456649	G	C	0/1	125,71
457452	T	G	0/1	111,58
459399	A	C	1/1	0,106
463112	C	T	0/1	127,53
468357	A	G	0/1	98,39
469042	C	T	0/1	83,61
471137	C	T	0/1	49,74
471666	A	G	0/1	88,46
482570	A	C	0/1	99,55
483935	T	G	0/1	75,37
485230	C	T	0/1	84,40
485424	C	A	0/1	79,35
485785	T	G	0/1	73,45
486546	G	A	0/1	62,40
489935	G	C	0/1	82,39
491742	T	C	0/1	76,36
492150	G	C	0/1	59,44
492655	G	A	0/1	93,40
495473	C	T	0/1	94,52
496840	G	A	0/1	88,59
498531	A	G	0/1	89,62
498557	C	A	0/1	98,65
501694	C	T	0/1	110,59
502589	C	G	1/1	0,123
503354	G	C	1/1	0,154
505877	G	C	0/1	29,63
505974	G	A	0/1	77,26
513257	T	C	1/1	0,169
514657	T	G	0/1	92,52
517358	T	C	0/1	90,70
517411	A	G	0/1	100,65
519185	T	G	0|1	68,36
519195	A	G	0|1	73,40
522081	A	G	0/1	65,43
524891	C	A	0/1	69,47
527316	C	G	0/1	85,44
528354	C	A	0/1	101,51
532420	C	G	0/1	74,55
534427	T	A	0/1	93,60
541201	A	G	1/1	0,91
542959	C	T	0/1	108,56
546357	A	G	0/1	76,44
549251	C	T	0/1	54,27
551525	A	C	0/1	84,49
553441	C	T	0/1	77,55
555945	T	C	0/1	93,41
555991	A	G	0/1	82,51
556035	G	T	0/1	69,46
560664	C	T	0|1	60,47
560666	A	G	0|1	61,44
564723	C	T	0/1	96,51
565404	G	T	0/1	57,40
565451	C	T	0/1	64,41
565655	A	G	0/1	85,35
568693	G	T	0/1	100,51
571146	G	A	0/1	88,56
573262	A	G	1/1	0,141
573384	T	G	0/1	95,59
575578	G	C	0/1	70,129
583549	C	G	0/1	105,69
584171	T	C	0/1	62,36
584511	G	T	0/1	29,14
589015	C	T	0/1	57,47
590436	T	C	1/1	0,141
590763	G	C	0/1	82,52
591965	G	A	0/1	82,63
595501	G	A	0/1	59,48
597816	A	G	0/1	94,60
598475	G	A	1/1	0,102
599868	A	G	0/1	54,36
601356	G	C	0/1	40,68
601484	C	T	0/1	68,32
610120	T	G	1/1	1,132
615938	G	A	0/1	102,62
621390	G	A	0/1	75,62
627350	C	G	0/1	100,44
628887	G	A	0/1	54,23
637319	G	A	0/1	87,54
643483	G	A	0/1	92,38
646531	A	T	0/1	110,59
648002	T	G	1/1	1,179
648856	T	C	0/1	106,62
649345	C	T	0/1	82,70
655707	G	A	0/1	120,42
655986	T	G	0/1	86,37
657578	A	G	0/1	90,44
659341	T	C	0/1	74,43
662911	T	C	0/1	103,61
665293	A	G	0/1	81,45
669398	T	C	1/1	0,82
670545	G	A	0/1	124,56
677553	T	C	0/1	50,89
678440	C	T	0/1	87,35
684290	A	G	0/1	93,48
685461	C	G	1/1	0,130
685578	C	A	0/1	110,55
685608	T	C	1/1	0,169
685955	G	A	0/1	103,52
686972	T	C	1/1	0,78
688792	T	TG	0/1	88,42
690248	C	A	0/1	77,29
690450	A	C	0/1	51,20
690465	T	G	1/1	0,72
691260	A	G	0/1	93,50
691848	C	T	0/1	87,41
698968	G	A	1/1	0,137
700776	T	C	0/1	94,45
704997	G	A	0/1	75,41
705570	C	T	0/1	69,42
705602	T	C	0/1	59,35
706849	G	A	0/1	38,56
711500	C	T	0/1	66,117
712192	G	GA	0/1	66,45
712693	A	G	0/1	63,31
712893	C	T	0/1	45,76
713310	T	C	0/1	92,48
715266	A	G	0/1	78,50
716918	G	A	0/1	71,94
717360	CG	C	0/1	58,88
717588	A	G	0/1	114,59
720568	C	T	0/1	138,83
720863	G	T	0/1	100,32
722852	G	A	0/1	117,70
722890	G	GTGTACACTA	0/1	171,15
724741	C	T	0/1	73,50
726498	C	A	0/1	73,40
730087	G	A	0/1	103,36
733037	C	T	0/1	59,28
733185	G	A	0/1	64,41
734116	T	C	0/1	91,49
736249	G	GC	0/1	27,11
738234	G	A	0/1	49,98
738603	C	T	0/1	79,47
745650	T	G	0/1	51,88
745876	C	G	0/1	101,57
748948	G	T	0/1	107,42
749769	A	G	0/1	51,92
749968	T	C	0/1	99,55
752046	C	T	0/1	99,55
753668	C	T	0/1	73,30
754186	A	G	1/1	0,143
754387	G	A	0/1	116,49
754444	C	A	0/1	113,43
757182	A	G	0/1	78,36
761101	A	C	0/1	52,99
761244	A	G	0/1	59,114
761823	A	C	0/1	56,114
763031	T	C	0/1	67,46
763884	C	T	0|1	104,55
763886	C	A	0|1	101,54
765171	C	T	0/1	112,55
765230	G	A	0/1	109,55
767414	G	A	0/1	59,39
767609	A	G	0/1	78,55
775639	T	C	1/1	0,156
776100	G	A	0/1	81,44
777628	A	G	0/1	75,43
779526	C	T	0/1	110,65
781395	T	C	1/1	0,170
786137	A	C	0/1	100,57
793236	C	G	0|1	68,18
793238	C	G	0|1	68,11
793892	G	A	0/1	70,42
796876	A	G	0/1	35,79
797597	C	T	0/1	88,59
799136	AC	A	0/1	44,37
800357	C	A	0/1	106,61
806181	C	G	0/1	33,13
808925	A	C	0/1	46,78
810287	C	G	0/1	78,38
810540	G	C	0/1	45,84
811492	C	G	0/1	62,52
812502	C	T	0/1	103,48
815236	T	C	0/1	119,52
815638	C	G	0|1	42,16
815640	A	G	0|1	31,9
815642	C	G	0|1	30,5
815643	A	G	0|1	27,3
815851	A	G	0/1	89,61
817630	C	G	0/1	41,90
817696	G	A	0/1	94,45
819213	T	C	0/1	87,55
820483	G	T	0/1	79,38
820752	C	T	0/1	91,49
821907	T	C	0/1	94,64
822282	C	T	0/1	124,74
824927	A	G	0/1	110,50
829719	G	A	0/1	83,42
830868	G	GGC	0/1	102,49
841494	C	G	0|1	89,62
841495	A	G	0|1	89,64
841764	G	C	0/1	90,55
847995	T	C	0/1	57,32
850985	A	G	0/1	117,46
852641	C	T	0/1	68,45
852910	C	T	1/1	0,137
854252	GCC	G	0/1	44,40
857696	A	G	0/1	69,47
860903	G	A	0/1	58,98
865761	C	T	0/1	91,48
870748	C	T	0/1	96,41
871271	A	C	0/1	96,58
871888	T	A	0/1	56,50
874835	C	CCG	1/1	0,122
877055	A	C	0/1	101,53
880562	G	T	0/1	120,50
882257	T	C	1/1	0,183
882423	G	GC	0/1	102,54
885274	C	T	0/1	124,48
885689	G	T	0/1	98,40
887439	C	T	0/1	81,43
893733	T	G	1/1	0,170
894888	T	C	0/1	70,41
895082	A	G	0/1	76,43
895120	C	T	0/1	79,54
896374	C	T	0/1	59,105
899143	C	T	0/1	99,44
900221	T	C	0/1	93,46
903550	T	C	0/1	91,44
903913	T	C	1/1	0,138
904885	CG	C	0/1	103,53
905087	TG	T	0/1	103,85
906857	A	G	1/1	0,144
907309	GT	G	0/1	85,48
909623	T	C	0/1	74,50
910015	C	A	0/1	88,50
911261	T	C	0/1	80,60
913274	C	G	0/1	92,47
916046	T	G	0/1	49,17
922528	C	T	0/1	68,48
931123	T	C	0/1	85,50
932280	T	C	0/1	87,42
933699	G	T	0/1	96,52
934230	C	G	0/1	119,61
934250	C	G	0/1	112,63
934611	G	T	0/1	86,64
938246	A	G	0/1	68,46
941845	C	A	0/1	93,37
944378	G	A	0/1	115,69
944423	C	T	0/1	71,119
945214	G	A	0/1	103,43
945533	C	T	0/1	43,87
948294	T	C	0/1	93,67
949535	T	C	0/1	118,69
951142	C	A	0/1	94,44
952597	C	T	0/1	91,41
952810	CT	C	0/1	78,35
953861	G	A	0/1	98,61
955524	A	G	1/1	0,147
957117	T	C	0/1	63,46
960367	A	G	0/1	94,68
965967	G	A	0/1	117,55
972311	C	A	0/1	70,95
973277	T	C	0/1	74,49
973769	G	C	0/1	38,15
974501	C	T	0/1	42,72
976043	G	T	0/1	92,45
979704	G	C	1/1	0,147
986463	G	C	1/1	0,159
987573	T	A	0/1	32,80
987601	C	T	0/1	77,31
988194	A	G	0/1	77,47
990001	G	C	1/1	0,152
990715	C	A	0/1	78,56
993346	A	C	1/1	0,153
993977	G	A	0/1	78,29
996219	G	A	0/1	53,35
1002342	T	C	0/1	114,55
1002969	C	A	0/1	58,77
1006411	G	C	0/1	101,46
1009490	C	T	0/1	93,47
1010204	C	CG	1/1	0,157
1012914	C	G	0/1	65,49
1014815	T	G	0/1	79,43
1017952	C	A	0/1	41,92
1018202	C	G	0/1	59,84
1022613	G	A	0/1	75,34
1024346	A	G	0/1	115,53
1025106	T	C	1/1	0,121
1029997	A	G	0/1	106,57
1032524	T	C	0/1	147,64
1037012	T	C	0/1	61,23
1037911	C	T	1/1	0,164
1038117	C	T	0/1	59,105
1038602	T	C	0/1	91,42
1040706	A	C	0/1	58,46
1043136	C	T	0/1	60,36
1044201	G	C	0/1	61,87
1045892	C	T	0/1	23,51
1047165	T	C	0/1	95,34
1048102	G	A	0/1	94,57
1050498	G	T	0/1	90,54
1054784	C	G	0/1	110,50
1055010	G	C	0/1	29,63
1058251	T	C	0/1	103,59
1060878	C	T	0/1	94,62
1061386	T	C	0/1	54,30
1063037	C	G	0/1	68,44
1063765	G	A	0/1	82,49
1063922	C	T	0/1	87,39
1066038	A	G	0/1	95,67
1068151	T	C	1/1	0,172
1068432	A	G	0/1	96,55
1070702	T	C	0/1	110,45
1071036	T	C	0/1	43,83
1072342	A	G	0/1	102,62
1074558	G	A	1/1	0,131
1075167	GCAT	G	0/1	72,45
1075279	T	C	0/1	63,38
1076309	G	T	1/1	1,143
1077312	A	G	1/1	0,139
1077624	GC	G	0/1	101,50
1077754	C	T	0/1	100,59
1079457	C	T	0/1	91,44
1079927	C	A	1/1	0,190
1080192	G	A	0/1	119,70
1081681	T	C	1/1	0,127
1082017	C	T	0/1	75,43
1082553	G	C	0/1	88,37
1083755	A	G	0/1	73,48
1084712	C	T	0/1	91,50
1086648	C	A	0/1	99,51
1087193	G	C	0/1	90,43
1090188	A	AG	0/1	106,66
1097023	G	A	0/1	58,41
1098523	T	A	0/1	88,42
1100234	T	C	1/1	0,123
1104690	T	G	0/1	74,38
1105284	G	A	0/1	44,36
1106422	T	C	0/1	79,41
1106470	G	A	0/1	69,37
1107940	A	C	0/1	83,36
1109163	C	G	0/1	116,66
1109417	A	C	0|1	66,2
1109422	G	C	0|1	63,54
1109975	A	G	1/1	0,115
1110956	T	G	0/1	83,35
1111518	T	C	0/1	90,48
1111993	T	G	0/1	114,48
1113290	G	C	0/1	90,59
1117405	C	T	0/1	82,33
1118070	A	G	0/1	113,76
1119739	C	T	0/1	81,48
1121071	G	A	0/1	36,31
1123597	A	G	0/1	87,59
1126889	G	C	1/1	1,118
1127648	C	A	1/1	0,185
1131229	C	CG	0/1	93,40
1131300	G	A	0/1	78,42
1136958	G	A	0/1	85,53
1139222	G	A	0/1	74,40
1143832	A	C	0/1	48,27
1143893	G	C	0/1	98,23
1144221	G	A	0/1	77,51
1144585	A	G	0/1	47,32
1148259	A	G	0/1	106,74
1149548	T	A	0|1	92,50
1149551	C	T	0|1	100,55
1150585	G	A	1/1	0,143
1151473	T	C	0/1	51,87
1151485	CGT	C	0/1	87,43
1155700	C	T	0/1	66,40
1157771	G	C	0/1	88,53
1164336	G	A	0/1	126,58
1168715	C	CT	1/1	0,97
1178116	T	C	0/1	93,66
1180072	G	A	0/1	77,114
1181764	G	C	0/1	68,29
1184798	C	T	0/1	94,56
1184826	G	T	0/1	85,51
1187298	A	AG	0/1	36,79
1187739	G	A	0/1	64,117
1192830	G	A	0/1	106,57
1199019	T	C	0/1	84,52
1200418	A	G	0/1	71,37
1203824	T	C	0/1	80,40
1205985	C	T	0/1	133,38
1211369	A	C	0/1	126,68
1220570	G	T	0/1	104,50
1220680	T	C	1/1	0,154
1224367	T	C	1/1	0,75
1228116	A	G	0/1	143,55
1230778	G	A	0/1	98,49
1231733	G	A	0/1	61,109
1235446	T	C	0/1	79,26
1237403	G	A	0/1	57,42
1238889	C	T	0/1	44,77
1248382	A	G	0/1	110,66
1248936	G	C	0/1	134,57
1248978	T	C	1/1	0,179
1249771	G	A	0/1	92,53
1250340	A	G	0/1	106,77
1250357	T	G	0/1	101,67
1251199	C	T	0/1	62,42
1254562	A	G	0/1	80,42
1262230	C	T	0/1	76,47
1271143	A	AG	0/1	95,66
1273250	G	GA	0/1	71,50
1275957	T	C	0/1	110,61
1281118	T	C	1/1	0,143
1281771	T	C	0/1	63,30
1287068	C	T	0/1	102,40
1287112	T	C	0/1	96,32
1287160	A	C	0/1	104,43
1288083	C	T	0/1	100,51
1292102	A	G	0/1	82,41
1293121	C	T	0/1	103,69
1294738	G	C	0/1	62,23
1306259	A	G	0/1	93,45
1307598	C	G	0/1	75,43
1310316	C	T	0/1	112,45
1312379	G	A	0/1	56,111
1314617	C	T	0/1	96,43
1315191	A	C	1/1	0,169
1315884	G	A	1/1	0,123
1317571	C	T	0/1	104,62
1320508	G	A	0/1	65,47
1320614	C	G	0/1	74,44
1321782	A	G	0/1	89,34
1322401	A	C	0/1	91,64
1327890	G	A	0/1	115,59
1328687	G	C	1/1	0,140
1331178	C	T	0/1	74,38
1343858	C	T	0/1	43,84
1344857	C	T	0/1	124,53
1345104	G	A	0/1	105,53
1347367	C	A	0/1	60,34
1348518	GCCA	G	0/1	58,32
1351172	A	G	0/1	111,65
1353773	C	G	0/1	91,67
1356648	C	T	0/1	83,47
1358940	C	A	0/1	103,58
1360209	T	C	0/1	110,43
1362006	T	C	0/1	103,46
1363456	C	A	0/1	39,19
1366403	T	C	0/1	88,42
1367484	T	G	0/1	90,35
1368947	A	G	0/1	83,50
1369389	C	T	0/1	77,30
1369735	G	A	0/1	60,31
1374065	T	C	1/1	0,98
1374578	C	T	0/1	87,55
1374639	T	A	0/1	68,44
1375193	CGAACACCATT	C	0/1	32,32
1375724	A	C	1/1	0,153
1376033	C	G	0/1	112,46
1382628	T	C	1/1	0,126
1387211	G	A	0/1	103,51
1387436	G	A	0/1	47,83
1389866	C	T	0/1	90,46
1390763	C	T	0/1	126,60
1393626	A	G	0/1	95,38
1395010	A	G	0/1	78,29
1396430	G	A	0/1	112,42
1396922	T	C	1/1	0,157
1397201	A	G	0/1	93,32
1397215	C	G	0/1	96,36
1398076	T	C	0/1	122,43
1398400	G	A	0/1	41,107
1400396	A	G	0/1	95,43
1400520	C	T	0/1	62,42
1403592	T	C	0/1	123,66
1409030	CGGATTTCTATT	C	0/1	95,45
1410062	G	C	0/1	139,58
1411210	T	G	1/1	0,140
1413148	C	T	0/1	82,32
1414021	C	T	1/1	0,132
1414621	C	A	0|1	83,7
1414629	T	A	0|1	79,8
1415097	C	G	0/1	28,44
1417019	C	T	0/1	66,39
1417554	G	C	0/1	85,37
1417793	G	A	0/1	93,40
1418430	C	T	0/1	36,89
1418842	C	T	0/1	81,34
1424699	T	C	0/1	43,31
1426928	C	T	0/1	93,43
1440469	C	G	1/1	0,155
1443354	C	T	0/1	95,43
1443428	G	GGGTTAGATTGCCCGGCTCCTCAACCCGCCGTTTCGGCGTGCATCGTCGCCGGGCTA	0/1	30,9
1445781	A	G	0/1	117,50
1445977	C	T	0/1	91,57
1456123	C	A	0/1	78,38
1457144	C	T	1/1	0,98
1458144	C	A	0/1	114,52
1468150	C	T	0/1	58,37
1469852	G	T	0/1	93,47
1471659	C	T	1/1	0,116
1474294	C	G	0/1	32,76
1479085	T	C	0/1	70,32
1482627	T	C	1/1	0,111
1484708	A	C	1/1	0,147
1485363	G	T	0/1	72,35
1490905	A	G	0|1	83,41
1490911	G	A	0|1	83,43
1491275	G	A	0/1	67,37
1491736	A	C	0/1	68,34
1492194	T	C	0/1	81,35
1496451	C	A	0/1	76,37
1496964	G	T	0/1	53,25
1499274	C	G	1/1	0,114
1503571	G	T	0/1	33,87
1505194	T	C	0/1	108,36
1505829	C	T	0/1	79,47
1505973	G	A	0/1	85,62
1514010	G	T	0/1	79,37
1517644	G	A	0/1	39,57
1521526	T	C	0/1	72,45
1522862	C	T	0/1	63,41
1523175	A	C	0/1	86,51
1523791	A	G	0/1	95,55
1525160	G	A	0/1	70,32
1525892	C	T	0/1	104,46
1526819	C	A	0/1	83,45
1534548	G	A	0/1	63,31
1535643	C	T	0/1	82,34
1536251	G	T	1/1	3,135
1540141	T	C	0/1	71,39
1544255	C	T	0/1	63,41
1544488	T	A	0/1	60,25
1545119	C	T	0/1	90,34
1546703	C	T	0/1	88,61
1547125	T	C	1/1	0,159
1548087	G	A	0/1	110,50
1552547	G	A	1/1	0,131
1553406	C	T	0/1	56,42
1559562	C	A	0/1	86,58
1560912	G	A	0/1	43,25
1563686	G	T	0/1	80,42
1563717	C	T	0/1	91,49
1568178	C	T	0/1	82,44
1570566	C	A	0/1	83,51
1574206	T	C	0/1	73,46
1575793	A	G	0/1	129,42
1579898	TC	T	0/1	63,40
1580181	G	A	0/1	86,50
1581377	C	T	0/1	89,47
1584379	A	C	0/1	165,64
1585283	A	C	0/1	74,39
1585404	G	A	0/1	81,41
1588899	G	T	0/1	74,49
1589739	C	T	0/1	88,45
1590555	C	T	0/1	115,67
1594356	G	C	0/1	38,77
1599996	C	T	0/1	100,58
1600685	C	T	0/1	85,64
1601528	C	T	0/1	66,55
1604290	A	T	0/1	84,41
1608276	A	C	0/1	91,53
1609840	A	G	0/1	101,50
1611283	T	C	0/1	97,74
1612624	T	TATCGGTACCGGTGCGCCAGGG	1/1	2,80
1613035	T	C	1/1	0,109
1616831	A	G	0/1	80,51
1617833	C	T	0/1	78,47
1624791	C	G	0/1	101,42
1625259	A	C	0/1	97,68
1627351	T	C	0/1	80,49
1629184	G	A	0/1	110,50
1630148	A	C	0/1	97,47
1638430	C	T	0/1	62,46
1639418	A	G	0/1	88,33
1639594	C	A	1/1	1,124
1639643	T	C	0/1	81,40
1640442	C	T	0/1	120,70
1645802	T	C	0/1	105,65
1647830	G	A	0/1	78,24
1647981	T	C	0/1	71,48
1650072	A	G	1/1	0,149
1658535	G	T	0/1	69,43
1659902	T	C	0/1	91,57
1659994	C	T	0/1	88,42
1660648	G	C	0/1	69,45
1676290	C	A	0/1	122,56
1679876	G	A	0/1	76,50
1687750	C	G	0/1	44,104
1688300	T	C	0/1	104,45
1688856	G	T	0/1	98,57
1689349	C	T	1/1	0,106
1691520	T	G	0/1	61,46
1692141	A	C	0/1	59,30
1693556	G	A	0/1	58,85
1693561	A	G	1/1	0,126
1694547	A	C	0/1	85,32
1695674	G	A	0/1	94,43
1696499	G	GCGGT	0/1	62,44
1697460	C	T	0/1	87,43
1698911	G	A	1/1	0,127
1699849	G	A	0/1	87,48
1704135	C	A	0/1	42,76
1706119	T	C	1/1	0,116
1706746	C	A	0/1	68,34
1709432	C	T	0/1	62,28
1711505	T	C	0/1	66,90
1713192	A	G	0/1	68,44
1716472	A	G	0/1	79,44
1718444	T	C	0/1	81,45
1718911	C	CAGGGCTCGCTCGCCGAGCTGTGCGCAGACATCGGAGATCATGGCGAGCGTTTG	0/1	110,20
1721431	A	G	0/1	77,34
1721490	C	G	0/1	83,39
1721745	C	T	0/1	76,43
1726816	G	T	0/1	66,37
1727782	C	T	0/1	121,45
1728615	A	C	0/1	66,35
1728837	A	G	1/1	1,103
1730124	A	AG	0/1	71,35
1731563	A	T	0/1	70,48
1735903	A	G	0/1	103,71
1739390	A	G	0/1	78,30
1740512	C	T	0/1	107,55
1745446	T	A	0/1	80,59
1753519	G	GC	1/1	1,104
1754016	G	GC	0/1	119,50
1754299	A	C	0/1	100,47
1754983	C	T	0/1	87,40
1758790	C	T	0/1	63,38
1759252	G	T	1/1	0,96
1760292	A	G	1/1	0,121
1760923	T	C	0/1	85,36
1766689	GCA	G	0/1	77,36
1767486	C	A	0/1	63,111
1778430	T	C	1/1	0,152
1789860	T	C	0/1	87,38
1791823	T	C	0/1	81,60
1792777	T	C	0|1	106,58
1792778	T	C	0|1	107,58
1794367	A	ACCCGGTGAGTTCCTT	0/1	27,7
1795768	G	A	0/1	59,43
1797111	C	T	0/1	88,44
1797577	A	G	0/1	80,42
1798355	G	A	0/1	75,40
1803265	G	A	1/1	0,133
1804409	C	A	0/1	109,34
1813910	C	T	0/1	62,40
1814108	G	A	0/1	35,68
1814135	A	G	0/1	63,46
1816107	C	T	0/1	81,29
1817976	A	T	1/1	1,123
1826054	T	C	0/1	60,32
1826264	A	G	0/1	49,47
1826343	C	T	0/1	58,41
1826624	G	A	0/1	70,41
1827553	C	G	0/1	100,57
1828817	C	A	0/1	27,14
1829576	C	T	0/1	111,71
1831177	T	C	0/1	78,38
1832642	G	T	0|1	78,33
1832643	G	C	0|1	77,34
1836286	G	C	1/1	1,111
1836481	A	C	0/1	106,57
1839260	T	G	0/1	82,31
1839306	A	G	0|1	81,31
1839329	G	A	0|1	81,29
1839759	G	C	0/1	65,45
1842978	T	C	0/1	74,55
1843570	T	TGTCATATGCGCCACTGCTCCTATGCCGGCTGCGCCGGCATCATCGTCGTTGGCGCGG	0/1	39,12
1847919	C	G	0/1	84,46
1848147	C	A	0/1	97,57
1849191	T	C	0/1	96,40
1849609	T	C	0/1	85,41
1851670	G	A	0/1	71,36
1853974	C	T	0/1	101,63
1854045	A	G	0/1	108,67
1854300	T	C	0/1	122,53
1855625	C	T	0/1	108,66
1856777	G	C	1/1	0,150
1859559	C	A	0/1	91,47
1859989	C	T	0/1	100,56
1860873	G	A	0/1	58,127
1872959	A	G	0/1	88,49
1873954	G	T	0/1	91,54
1874993	CG	C	0/1	63,35
1876739	T	G	0/1	90,66
1885772	G	A	1/1	1,119
1886263	C	G	0/1	59,33
1886593	C	A	0/1	36,82
1887284	G	A	0/1	55,40
1889073	G	C	0/1	71,30
1894300	G	GGTCTTGCCGC	1/1	0,131
1894422	A	G	0/1	83,48
1897646	G	C	0/1	85,38
1900800	A	G	0/1	96,64
1901493	T	C	1/1	0,111
1902156	G	A	0/1	94,30
1906336	A	G	0/1	75,49
1907177	C	T	0/1	101,49
1907296	G	C	1/1	0,183
1908586	A	G	0/1	89,60
1916046	CG	C	0/1	90,50
1916137	A	G	0/1	87,47
1917972	A	G	1/1	0,128
1920120	G	T	0/1	111,45
1923985	G	A	0/1	84,42
1924959	T	C	0/1	73,37
1930144	G	GCGGTTT	0/1	23,53
1931179	C	A	1/1	0,86
1931470	G	A	0/1	54,32
1933988	G	A	1/1	0,112
1935695	T	G	0/1	86,53
1936525	G	A	0/1	82,45
1940307	G	T	0/1	91,61
1941823	C	T	0/1	129,52
1943723	C	T	0/1	69,42
1944107	A	G	0/1	73,35
1944402	T	C	1/1	0,115
1950767	T	C	1/1	0,136
1952160	T	C	0/1	69,22
1956930	T	G	0/1	93,47
1960284	C	A	0/1	86,45
1963383	G	A	0/1	87,43
1963957	T	C	0/1	95,56
1967237	C	A	1/1	0,130
1967975	G	A	0/1	98,42
1971725	G	C	0/1	73,40
1978807	G	T	0/1	105,44
1979026	C	T	0/1	100,44
1986451	A	G	0/1	92,43
1993808	A	T	1/1	0,57
2004631	G	C	0/1	30,65
2010353	G	A	0/1	44,55
2013943	G	C	0/1	115,67
2016608	CT	C	0|1	48,127
2016610	G	A	0|1	48,127
2017291	T	C	0/1	127,67
2017560	A	T	0/1	71,50
2019236	T	G	0/1	90,31
2020633	C	T	0/1	95,60
2021815	C	G	0/1	45,84
2022868	T	C	1/1	0,161
2023211	G	T	0/1	74,32
2023704	CG	C	0/1	33,54
2030486	G	GT	0|1	92,32
2030488	AT	A	0|1	93,31
2030521	T	C	0/1	84,29
2031371	G	T	0/1	78,34
2035937	G	A	0/1	63,47
2035976	C	T	0/1	51,62
2047425	GCGCT	G	0|1	104,36
2047430	AACTTCCCGTCTC	A	0|1	112,37
2047654	A	G	0/1	83,32
2052960	T	TGCAGACCTATGA	0/1	98,37
2053284	A	C	0/1	52,92
2055271	A	G	1/1	1,120
2056418	G	T	0/1	70,37
2057774	A	T	1/1	0,110
2062922	T	C	0/1	111,28
2066345	C	T	0/1	48,97
2066471	T	C	0/1	106,47
2066654	C	A	0/1	101,41
2069882	T	C	0/1	88,48
2072190	A	C	0/1	72,44
2074754	C	T	0/1	101,46
2083124	T	C	0/1	112,61
2083610	G	C	0/1	112,57
2087141	C	T	0/1	106,61
2090306	G	A	0/1	94,48
2090400	T	TCGCCAACGCCAC	0/1	92,36
2092391	G	T	0/1	97,57
2092970	C	T	0/1	87,62
2093715	T	C	0/1	87,58
2094911	ACAGCGT	A	0/1	104,49
2096094	C	T	0/1	104,52
2096186	A	G	1/1	0,147
2096430	A	C	0/1	84,48
2097144	G	C	0/1	102,52
2099007	T	C	0/1	84,37
2099408	C	T	0/1	90,44
2100244	C	T	0/1	94,59
2104779	C	T	0/1	69,35
2108141	T	C	0/1	35,25
2108890	A	C	0/1	55,31
2109523	C	CG	1/1	0,98
2110365	A	C	0/1	85,43
2116903	C	T	1/1	1,149
2120796	T	A	0/1	84,43
2120953	C	G	0/1	83,41
2122625	A	G	0/1	106,56
2122826	G	A	0/1	79,36
2122976	C	G	0/1	73,43
2123145	C	T	0/1	111,40
2123169	T	G	1/1	0,167
2123731	A	AGCT	0/1	81,50
2128372	A	G	0/1	96,32
2128870	A	G	1/1	0,108
2129281	C	A	0/1	76,38
2130529	A	G	0/1	99,42
2132062	C	G	0/1	76,43
2133468	T	TTCGCATGCCGTCACC	0/1	63,36
2135870	T	C	0/1	56,34
2137013	G	C	0/1	101,37
2137521	A	ACTCCGATCAC	0/1	96,37
2138767	G	C	0/1	49,25
2139752	A	C	0/1	65,27
2140753	C	T	0/1	31,66
2140794	T	G	0/1	77,37
2143328	G	C	1/1	0,125
2143523	C	CT	0/1	77,48
2145878	A	G	0/1	28,20
2147022	A	C	0/1	84,36
2147641	C	CGTTAGTTCATGCGTA	0/1	65,23
2151678	G	T	0/1	85,43
2152311	A	G	0/1	59,19
2152429	G	T	0/1	36,74
2153497	G	A	0/1	29,82
2154724	C	A	0/1	70,54
2155213	C	G	0/1	59,85
2158109	T	C	0/1	73,34
2158563	GT	G	0/1	71,41
2160998	G	A	0/1	109,45
2161343	G	GT	0/1	55,40
2176412	A	C	0/1	108,55
2177073	T	C	0/1	106,51
2177968	G	T	0/1	110,43
2179858	C	T	0/1	38,80
2183786	G	C	0/1	80,50
2185358	G	A	0/1	75,34
2199052	C	G	0/1	65,29
2199416	A	G	0/1	66,29
2200713	G	A	0/1	90,61
2200754	A	G	0/1	55,89
2205147	C	T	0/1	48,103
2207591	T	TC	1/1	0,152
2209465	G	A	0/1	86,42
2211826	A	G	1/1	0,101
2212797	CGCCGCCGCCCGGCGG	C	0/1	25,25
2214069	C	G	0/1	99,49
2216370	G	C	0/1	101,60
2216443	C	A	1/1	0,168
2218012	A	G	0/1	71,43
2218488	G	C	0/1	88,36
2219955	CG	C	0/1	73,27
2220512	T	G	1/1	0,132
2222308	T	C	0/1	72,60
2223293	T	C	1/1	0,122
2228967	A	G	1/1	0,138
2229801	C	G	0/1	80,65
2229918	T	TCTGCG	0/1	58,84
2230777	G	C	0/1	86,35
2231486	A	G	0/1	114,66
2233638	G	A	0/1	92,37
2237497	G	C	0/1	120,59
2238930	A	C	0/1	106,55
2239055	C	T	0/1	108,59
2240062	C	G	0/1	87,41
2241646	C	T	0/1	104,45
2241742	A	G	0/1	88,50
2242808	G	A	0/1	113,51
2243034	T	G	0/1	102,47
2245011	G	C	0/1	5,18
2246881	C	T	0/1	40,76
2246960	G	C	0/1	102,37
2247140	T	C	0/1	85,63
2247677	A	C	0/1	80,44
2249035	A	G	0/1	82,52
2251999	A	G	1/1	0,95
2255827	T	C	0/1	33,71
2255942	G	T	0/1	72,36
2260100	C	T	0/1	93,39
2260151	A	G	0|1	122,9
2260154	C	T	0|1	121,10
2260171	T	C	0|1	126,15
2260174	C	T	0|1	124,18
2260196	C	CA	0|1	114,20
2260199	C	T	0|1	115,20
2260212	G	T	0|1	134,19
2260214	G	C	0|1	132,17
2260220	C	T	0|1	129,17
2260222	C	G	0|1	128,17
2260231	T	C	0|1	129,16
2260525	C	T	1/1	0,123
2264782	C	A	1/1	0,111
2264973	G	A	0/1	51,27
2265059	T	G	0/1	64,40
2266487	G	C	0/1	141,42
2266504	T	TA	0|1	136,44
2266508	A	T	0|1	129,43
2266511	GT	G	0|1	129,43
2266517	T	C	0|1	119,44
2266550	G	T	0|1	114,62
2266553	C	G	0|1	113,61
2266583	C	G	0|1	130,47
2266598	G	C	0|1	128,43
2266604	C	G	0|1	126,41
2266613	G	GC	0|1	127,40
2266624	G	T	0|1	129,36
2267291	A	G	0/1	103,60
2269780	T	C	1/1	0,138
2270102	A	G	1/1	0,132
2272301	G	T	0/1	53,37
2275224	G	GACCGGCCGGTCAAGGT	0/1	50,6
2276026	G	A	0/1	56,67
2278179	C	A	0/1	89,34
2282376	C	T	0|1	74,46
2282377	C	T	0|1	72,45
2282787	C	T	1/1	0,101
2285251	C	A	1/1	0,96
2285900	G	A	0/1	57,43
2287121	A	G	1/1	0,96
2287754	A	T	0/1	101,14
2288854	CA	C	0/1	136,24
2289231	A	G	0/1	64,73
2292202	T	C	0/1	89,30
2309356	G	A	0/1	105,48
2311099	C	G	0/1	71,45
2315880	G	C	0/1	84,50
2318053	T	G	0/1	100,55
2321358	G	C	0/1	65,38
2327329	C	A	0/1	112,53
2327903	ATGAT	A	0/1	106,60
2328543	T	C	0/1	98,52
2329533	A	G	0/1	99,56
2331255	C	T	0/1	127,52
2331620	A	C	0/1	102,53
2331789	G	T	0/1	126,74
2333325	A	C	0/1	40,80
2334007	A	G	0/1	90,63
2335075	A	G	0/1	96,54
2335494	A	G	1|1	0,163
2335500	C	T	0|1	105,54
2336323	C	A	0/1	60,24
2338194	AC	A	0/1	11,9
2341030	G	A	0/1	89,36
2341636	C	G	1/1	0,96
2342403	C	G	0/1	93,50
2342649	A	AGGCGTACACAC	0/1	95,49
2344346	G	T	0/1	86,42
2345037	C	A	0/1	62,39
2346071	C	T	0/1	101,34
2349634	C	T	0/1	61,26
2350186	A	G	0/1	53,30
2350725	T	G	0/1	93,43
2352065	C	CCTCGCCTGGGCTGGCGAGCAGACGCAAAATCCCCCGCACGCCCGGCGTGTCGGGGGATTTTGCGTCTG	1/1	7,78
2357166	CGCCGCCGCCGCCATCGCCGTACAGCCACCCGCCGACCCCACCGTCGCCGCCGCGACTACCTACCTGGAACAGGCGCGCACCGAGCCCTGGGTCGCCGCCGTT	C	0/1	12,14
2358029	T	TG	0/1	60,32
2361604	C	G	0/1	83,43
2362041	C	A	1/1	0,154
2363029	GGACCGCTGGTGGAACCCGGCGGTCGAGAACCAGGC	G	0/1	88,35
2363294	A	G	0/1	126,60
2364826	G	A	0/1	47,70
2368564	TA	T	1/1	0,99
2369186	G	C	0/1	78,43
2369326	C	G	0/1	58,33
2370416	C	G	0/1	80,55
2372949	G	A	0/1	87,43
2374442	G	A	0/1	99,39
2376425	A	G	0/1	74,46
2377069	G	A	0/1	36,75
2378813	A	G	0/1	39,72
2379265	C	CCCTAT	0|1	93,8
2379266	G	GAC	0|1	93,8
2379743	C	G	0/1	69,39
2386389	G	A	1/1	0,129
2388641	G	A	0/1	83,48
2390299	A	G	0/1	75,37
2392454	C	T	0/1	53,85
2394481	C	T	0/1	48,98
2397760	C	G	0/1	95,39
2398586	A	G	0/1	60,100
2399908	C	A	0/1	80,41
2400031	G	A	0/1	90,44
2404298	G	A	0/1	103,40
2413246	C	A	0/1	69,31
2415641	G	C	0/1	62,33
2415656	G	C	1/1	0,127
2419142	A	G	0/1	93,49
2421816	A	G	0/1	101,63
2421975	G	GGGAA	0/1	86,39
2423180	TG	T	0/1	41,61
2424864	A	G	0/1	49,24
2424925	A	G	1/1	0,95
2425097	A	C	0/1	66,25
2425471	T	C	0/1	81,62
2429385	AG	A	0/1	85,43
2432089	A	G	0/1	103,49
2432657	C	T	0/1	115,46
2436215	C	T	0/1	80,53
2437259	G	T	0/1	88,46
2440926	G	T	0/1	89,46
2447539	A	G	0/1	89,49
2448288	G	A	0/1	50,46
2448458	C	T	0/1	48,23
2449219	G	C	0/1	37,44
2449295	G	A	0/1	77,45
2450045	G	A	0/1	93,40
2451081	C	G	0/1	131,71
2451927	G	GCAGC	0/1	113,58
2462871	G	A	0/1	65,31
2463102	C	G	0/1	54,43
2470485	G	T	0/1	66,53
2470591	A	C	0/1	71,53
2472956	T	C	0/1	97,56
2473811	A	C	0/1	104,39
2478062	C	G	0/1	82,20
2480049	C	T	0/1	76,48
2484758	A	G	0/1	67,118
2489955	T	C	0/1	50,113
2495500	T	C	0/1	87,55
2499726	G	A	1/1	0,124
2500892	C	T	0/1	106,46
2501147	G	GC	0|1	81,32
2501148	T	C	0|1	82,30
2503549	C	A	0/1	104,43
2504654	A	G	0/1	62,100
2508395	G	A	0/1	81,68
2509140	G	C	0/1	66,51
2509181	C	G	0/1	59,40
2509722	A	G	1/1	0,178
2510112	G	A	0/1	68,49
2511712	G	T	0/1	106,49
2516567	G	C	0/1	78,49
2517610	G	A	0/1	80,36
2518132	C	T	0/1	80,59
2521342	T	C	1/1	1,113
2522227	G	C	0/1	75,11
2522619	TC	T	0/1	67,106
2523205	G	GCGC	1/1	0,22
2525722	CG	C	1/1	0,144
2526974	T	C	0/1	98,55
2528931	G	A	0/1	64,49
2529680	A	G	0/1	104,46
2530434	G	T	0/1	69,43
2534562	GGA	G	1/1	0,149
2538793	G	A	0/1	89,39
2541357	C	T	0/1	89,37
2544979	T	A	0/1	126,33
2547274	A	G	0/1	96,48
2547529	A	AG	0/1	99,53
2553682	C	T	0/1	76,33
2556481	C	T	0/1	85,64
2562783	T	C	0/1	84,36
2563958	A	C	0/1	97,45
2564368	G	GC	0/1	55,31
2566265	G	T	0/1	45,88
2566766	C	CG	0|1	78,25
2566768	A	C	0|1	79,24
2567620	C	T	0/1	94,50
2569593	A	G	0/1	70,37
2573434	G	T	0/1	107,40
2573756	C	A	0/1	79,36
2573844	T	A	0/1	107,48
2574598	C	T	0/1	76,30
2577246	A	G	0/1	92,34
2578626	A	G	0/1	77,35
2580759	G	A	0/1	88,45
2581109	C	A	0/1	76,39
2581460	G	A	0/1	74,49
2581971	G	A	0/1	99,53
2582324	G	A	0/1	59,31
2586127	A	G	1/1	0,134
2588385	G	A	0/1	53,83
2589216	G	C	0/1	88,47
2592063	GT	G	0/1	85,52
2598400	A	G	1/1	0,130
2602575	G	A	0/1	66,51
2602907	G	A	0/1	83,43
2604156	T	TCAGTGCCAA	0/1	49,12
2605293	G	T	0/1	80,39
2606797	G	GC	0/1	91,46
2608117	C	A	0/1	80,39
2608488	T	C	0/1	83,52
2611442	G	A	0/1	75,40
2611704	A	C	0/1	77,39
2612632	C	A	1/1	0,118
2615813	G	C	0/1	52,79
2619271	T	C	0/1	83,41
2622508	C	T	0/1	49,25
2627040	A	ATGAACCGCCCCGGCATGTCCGGAGACTCCAGTTCTTGGAAAGGATGGGGTCATGT	0/1	80,11
2631641	T	G	0/1	88,37
2631938	G	A	0|1	144,12
2631940	T	A	0|1	142,12
2631941	A	G	0|1	143,12
2631944	C	T	0|1	141,13
2631962	T	G	0|1	138,19
2631967	G	A	0|1	137,19
2631968	A	G	0|1	138,19
2631971	A	G	0|1	137,19
2631977	G	C	0|1	137,21
2632341	C	CA	0/1	83,35
2632500	A	G	0/1	93,26
2637541	C	T	0/1	64,45
2641840	A	G	0/1	60,47
2642383	C	T	0/1	92,46
2643653	G	A	0/1	103,52
2647993	G	A	0/1	54,31
2652908	C	G	0/1	99,52
2655771	C	A	0/1	85,47
2656225	A	G	1/1	1,152
2658150	G	A	0/1	97,35
2660319	C	A	0/1	126,75
2662449	G	C	0/1	106,38
2663210	G	A	0/1	123,58
2665887	G	A	0/1	43,97
2672087	G	A	0/1	85,131
2675026	G	T	0/1	44,55
2680658	T	G	0/1	84,41
2686031	C	T	0/1	42,39
2687134	G	GCGCCGGCGACGATGCAGAGCGCAGCGATGCTGAGGAGCGGCGCCATCGAAGCAC	0/1	37,18
2688225	G	C	0/1	121,58
2688891	G	A	0/1	85,45
2691713	T	C	0/1	91,47
2694189	A	G	0/1	113,64
2695378	C	G	0/1	61,44
2696977	G	C	0/1	68,38
2700486	C	A	0/1	37,9
2700511	G	T	0/1	31,7
2704291	G	A	0/1	102,52
2704884	A	ACAGCGACCATATCGCCGAGCT	0/1	81,44
2705561	A	G	0/1	80,38
2706902	G	A	0/1	50,66
2709307	G	C	0/1	111,47
2709795	A	G	0/1	111,36
2710749	G	A	0/1	92,44
2712913	C	A	0/1	88,48
2713795	C	T	0/1	91,49
2718852	T	G	1/1	0,255
2723506	T	C	0/1	155,51
2723698	G	A	0/1	140,36
2724180	TCACGATCGGGTCTCCTCTAG	T	0/1	136,22
2725884	T	G	0/1	184,50
2726051	G	A	0/1	213,72
2727037	A	T	0/1	187,51
2731741	G	A	0/1	150,54
2732182	C	T	0/1	167,41
2734074	T	C	1/1	0,232
2737572	C	A	0/1	108,24
2740693	T	C	0/1	136,24
2744706	C	G	0/1	47,190
2745739	G	A	0/1	180,31
2745839	G	A	0/1	179,38
2751804	C	T	1/1	0,166
2752698	C	A	1/1	0,221
2755112	G	A	0/1	123,39
2757161	T	C	0/1	94,43
2759534	C	G	0/1	64,44
2760152	A	G	1/1	0,157
2764206	A	G	0/1	78,32
2764939	G	A	0/1	88,37
2773955	G	C	0/1	88,50
2779136	T	C	1/1	0,146
2786151	G	A	0/1	66,43
2786952	A	G	1/1	0,133
2789993	C	A	0/1	93,52
2790458	A	C	0/1	94,45
2791098	C	T	0/1	95,49
2791257	A	T	0/1	94,43
2791475	A	G	0/1	83,47
2799034	G	A	0/1	111,54
2799488	CCGCAA	C	0/1	110,38
2807486	C	A	0/1	88,34
2809621	T	C	1/1	0,155
2809895	G	A	0/1	77,51
2817158	C	A	0/1	126,56
2818837	A	G	1/1	0,93
2819145	C	G	0/1	40,83
2821342	C	T	0/1	106,56
2822369	C	T	0/1	38,71
2822548	C	T	0/1	22,32
2824023	C	T	0/1	63,23
2824432	G	A	0/1	76,35
2825466	G	A	0/1	67,32
2827102	C	T	0/1	99,44
2827984	G	T	1/1	0,113
2828019	T	C	1/1	0,104
2828074	G	A	0/1	68,44
2828104	C	T	0/1	57,45
2830525	C	A	1/1	0,115
2838416	T	G	0/1	44,89
2841022	A	G	0/1	53,26
2842441	T	C	0/1	91,40
2846199	G	C	0/1	56,131
2847281	A	G	0/1	101,55
2855259	A	G	1/1	0,117
2858669	G	T	0/1	85,58
2865760	A	G	1/1	0,147
2865882	T	C	1/1	0,137
2869242	T	C	0/1	104,46
2870386	C	T	0/1	106,56
2878980	C	T	0/1	94,62
2880702	G	C	0/1	58,38
2881244	A	G	0/1	84,38
2881597	AG	A	1/1	0,114
2886570	A	G	0/1	103,69
2887744	C	A	0/1	85,45
2888201	T	C	1/1	0,123
2889633	T	C	1/1	0,170
2889895	G	A	0/1	102,63
2890112	G	A	0/1	83,43
2891267	C	T	1/1	0,146
2891728	A	G	1/1	0,167
2892168	G	A	0/1	65,97
2894208	G	A	1/1	0,98
2894594	G	A	0/1	97,50
2894642	A	G	0/1	100,58
2894791	G	A	0/1	72,114
2897528	G	A	0/1	69,35
2897871	A	G	0/1	107,50
2899890	G	T	0/1	94,54
2910461	G	T	1/1	0,172
2911293	C	G	1/1	0,124
2912294	T	G	1/1	1,168
2923391	T	C	1/1	0,96
2925683	G	A	0/1	71,38
2925962	T	C	0/1	105,51
2926882	C	T	0/1	97,53
2927511	G	T	0/1	102,65
2927939	T	C	1/1	0,155
2929799	C	T	0/1	82,54
2934155	G	A	0/1	91,47
2939373	G	C	1/1	0,144
2939657	T	C	1/1	0,82
2940608	C	T	0/1	63,32
2948573	G	A	0/1	90,44
2948650	T	C	0/1	109,54
2950146	G	T	0/1	80,39
2953307	G	T	0/1	125,52
2954439	T	C	1/1	0,131
2955233	C	T	0/1	114,71
2957568	CT	C	0/1	96,45
2959324	A	G	0/1	80,36
2965900	C	T	0/1	89,44
2967054	C	G	0/1	43,46
2984740	A	G	1/1	0,142
2985216	G	A	0/1	98,64
2986266	C	A	0/1	57,32
2987276	G	C	0/1	115,53
2987918	G	A	0/1	106,59
2988630	C	G	0/1	81,38
2990901	C	A	0/1	57,120
2992564	G	A	0/1	108,69
2993523	T	C	0/1	80,53
2994187	T	C	0/1	102,47
3000362	T	C	0/1	88,48
3002595	C	T	0/1	72,28
3003115	C	G	0/1	106,64
3004841	G	C	0/1	68,35
3005185	G	T	0/1	74,46
3009692	A	G	0/1	115,58
3010420	A	G	0/1	91,62
3015119	CT	C	0/1	87,44
3015379	G	A	0/1	97,48
3017465	T	C	1/1	0,136
3025431	C	T	0/1	76,49
3025701	G	T	0/1	106,55
3027606	C	G	0/1	80,49
3027798	T	C	0/1	93,55
3028871	G	A	0/1	34,89
3031168	A	G	0/1	90,39
3031285	A	T	0/1	97,56
3037377	T	C	0/1	77,18
3041871	G	T	0/1	84,36
3042301	C	T	0/1	103,44
3046347	A	C	0/1	60,100
3051714	T	C	0/1	103,42
3057376	G	A	0/1	91,44
3059853	G	C	0/1	38,11
3064632	G	A	0/1	61,56
3069167	A	G	0/1	87,45
3069805	G	C	0/1	63,36
3074830	C	T	0/1	98,54
3080795	A	G	1/1	0,158
3081322	G	T	0/1	47,84
3085119	G	GC	0/1	66,33
3086261	T	C	0/1	109,65
3086788	T	C	0/1	87,50
3088625	A	G	0/1	116,59
3097349	C	T	0/1	125,54
3103682	T	C	1/1	0,171
3104189	A	G	0/1	123,74
3105019	G	A	0/1	38,13
3105144	C	A	0/1	75,42
3105264	G	A	0/1	35,75
3105382	G	A	0/1	101,48
3108079	G	A	0/1	71,42
3114814	G	A	0/1	88,42
3118449	A	G	0/1	65,31
3131469	T	TTGTCGGCGA	0|1	81,35
3132289	A	G	0/1	121,51
3137058	G	A	1/1	0,142
3137237	T	C	0/1	100,46
3137681	G	A	0/1	99,43
3142852	G	T	0/1	43,27
3142964	C	T	0/1	67,36
3158773	C	T	0/1	104,51
3166706	G	A	0/1	68,51
3169993	A	G	0/1	81,53
3172255	C	T	0/1	42,84
3174496	A	G	0/1	110,51
3177424	C	A	0/1	130,34
3177884	C	A	1/1	0,156
3178816	C	T	0/1	67,32
3180988	C	A	0/1	71,15
3186860	T	G	1/1	0,67
3188428	C	T	0/1	81,32
3188769	A	G	0/1	93,36
3189242	A	G	0/1	99,54
3189580	T	C	0/1	100,55
3190145	TC	T	0/1	102,52
3190342	G	A	0/1	110,77
3197917	G	A	0/1	108,65
3200304	A	G	0/1	74,47
3202629	C	T	0/1	74,47
3208123	C	A	0/1	74,49
3212223	C	G	0/1	95,48
3214481	G	T	0/1	102,49
3220222	G	A	0/1	46,87
3223817	G	A	0/1	39,108
3226181	A	C	1/1	0,102
3227043	C	T	0/1	90,41
3228143	G	T	1/1	0,118
3229692	G	A	0/1	74,37
3232296	C	T	0/1	46,70
3233605	G	A	0/1	117,46
3238705	C	G	0/1	96,60
3241244	G	A	0/1	87,44
3244414	A	G	0/1	92,51
3256494	A	G	0/1	92,49
3266030	A	G	0/1	64,33
3269581	A	G	1/1	0,185
3270289	C	A	0/1	35,64
3270784	A	G	1/1	0,162
3271037	A	G	0/1	93,70
3271280	A	G	0/1	87,47
3273138	C	G	0/1	97,55
3274545	G	A	0/1	90,50
3280132	G	A	0/1	85,49
3284774	G	A	0/1	41,68
3290646	T	C	0/1	65,66
3291399	C	CTGCCCGCCTCCTCACTCGCGCCATTCCGGCGCTCGCCGTCGCCGGGCCCCGCCAAAT	1/1	0,0
3291503	C	CCCCGCCAAATTGCCCGCCTCCTCACTCGCGCCATTCCGGCGCTCGCCGTCGCCGGGCCCCGCCAAA	0/1	155,36
3291713	G	C	0/1	30,37
3292427	C	T	0/1	111,56
3293423	A	G	0/1	86,34
3293601	T	C	0/1	99,38
3293715	G	A	0/1	41,88
3295124	C	T	0/1	96,43
3296371	G	GCCGCGGC	0/1	75,43
3296425	T	C	0/1	86,42
3296721	C	G	0/1	64,28
3296843	A	G	1/1	0,79
3299413	G	A	0/1	96,40
3301148	C	T	0/1	40,60
3301468	CA	C	0/1	36,76
3302264	G	A	0/1	48,92
3302683	C	T	0/1	115,50
3306163	CGGCACTGTGGCG	C	0/1	111,44
3306594	T	G	0/1	86,48
3308141	TCCGACG	T	0/1	99,32
3308446	T	C	0/1	104,46
3308606	G	A	1/1	0,149
3309450	G	A	0/1	48,32
3311119	G	C	0/1	48,25
3312008	C	G	0/1	82,37
3312942	G	A	0/1	109,51
3314243	G	A	0/1	53,34
3314412	A	G	0/1	86,36
3326150	A	G	0/1	57,46
3326554	A	C	0/1	84,45
3328437	C	CCTAT	0|1	128,12
3328439	C	T	0|1	127,11
3328495	G	C	0/1	74,54
3331361	ACG	A	0/1	64,26
3336825	T	C	0/1	87,47
3338603	G	C	1/1	0,159
3348523	G	T	0|1	15,7
3351472	G	A	0/1	44,29
3352932	C	G	0/1	102,55
3358235	A	T	1/1	0,115
3359375	A	C	0/1	50,93
3361404	G	A	0/1	95,47
3363338	A	G	1/1	0,104
3365841	G	A	0/1	99,52
3366409	GATCACATCACC	G	0/1	103,46
3367765	G	A	1/1	0,113
3369869	G	T	0/1	59,55
3369975	C	CGGGG	0|1	62,20
3369979	C	G	0|1	62,4
3371260	T	C	0/1	78,35
3372079	C	T	0/1	116,58
3390722	C	A	0/1	59,99
3393361	C	G	0/1	105,54
3395434	C	T	0/1	73,43
3397948	G	A	0/1	45,32
3399953	G	A	0/1	103,55
3400955	G	A	0/1	73,53
3401850	G	A	0/1	81,41
3401871	A	G	0/1	75,42
3402816	C	T	0/1	116,38
3404376	C	G	0/1	75,52
3406798	G	A	0/1	81,40
3407028	C	T	0/1	86,56
3415180	ACACCTAGGGGGTGG	A	1/1	0,102
3415332	A	G	0/1	74,40
3420825	A	G	0/1	100,56
3423249	C	CGCGAGCAGACGCAGAATCGCCCAAAATCCAAGATTTTGAGGCGATTCTGCGTCTGCTCGCGCAACCGG	0/1	106,12
3424462	C	T	0/1	101,60
3425854	C	T	1/1	0,146
3426157	G	A	0/1	48,85
3427632	C	T	0/1	75,52
3428917	C	A	1/1	0,86
3431407	G	T	0/1	94,73
3436526	G	A	0/1	102,54
3439813	C	T	0/1	48,71
3440464	T	G	1|1	0,174
3440468	G	C	1|1	0,179
3440542	A	G	0/1	113,54
3442240	C	A	0/1	88,44
3447480	A	C	0/1	63,43
3448714	G	C	0/1	66,38
3450725	T	C	0/1	98,77
3453382	C	T	0/1	90,38
3454263	C	G	0/1	128,80
3455686	G	C	0/1	87,76
3456666	A	G	1/1	0,145
3460765	G	C	0/1	92,50
3462135	G	C	1/1	0,154
3464123	C	T	0/1	67,27
3464629	A	G	0/1	87,44
3467465	C	G	0/1	82,51
3468392	G	A	0/1	78,33
3473996	G	GA	0/1	92,42
3474597	C	A	0/1	110,42
3475159	A	G	0/1	91,52
3476583	T	C	0/1	95,44
3478242	G	C	0|1	81,17
3478244	C	A	0|1	78,17
3478245	T	C	0|1	76,17
3478248	T	C	0|1	81,17
3478251	C	T	0|1	77,17
3478254	G	C	0|1	77,17
3478257	A	G	0|1	74,17
3478260	C	G	0|1	76,17
3478263	G	A	0|1	78,16
3478272	G	A	0|1	87,16
3478452	A	C	0|1	111,9
3478455	G	C	0|1	111,10
3478480	C	A	0|1	113,10
3478482	T	G	0|1	119,10
3478485	A	G	0|1	118,10
3478488	G	A	0|1	125,10
3478489	T	C	0|1	125,10
3479561	G	A	0/1	99,43
3480474	G	A	0/1	99,44
3480789	T	C	0/1	77,58
3486977	A	G	1/1	0,157
3487731	A	C	0/1	36,46
3488317	A	G	0/1	27,78
3489511	A	G	0/1	88,31
3494295	GGC	G	0/1	66,49
3494820	CG	C	0/1	84,35
3497586	C	G	0/1	80,33
3498418	A	G	0/1	18,23
3503895	C	T	1/1	0,93
3505005	A	C	0/1	51,22
3509091	G	C	0/1	84,63
3518167	A	G	0/1	80,48
3518555	A	G	1/1	0,100
3519230	A	G	0/1	44,75
3521044	A	G	0/1	89,43
3521432	G	A	0/1	39,77
3526539	G	A	0/1	92,44
3526986	A	G	0/1	82,42
3529809	G	A	0/1	76,48
3530145	C	A	0/1	67,48
3530213	GT	G	0/1	38,69
3530955	C	G	0/1	95,50
3533759	G	A	0/1	77,54
3535318	T	C	0/1	95,48
3536008	G	T	0/1	88,50
3537806	C	G	0/1	38,23
3537817	G	C	0/1	40,22
3539139	CG	C	0/1	112,61
3546754	G	C	0/1	93,52
3549346	G	A	0/1	100,53
3555699	A	G	0/1	78,39
3556275	A	G	0/1	100,52
3560645	C	T	0/1	90,52
3561987	G	A	0/1	60,29
3565413	G	T	0/1	90,50
3566923	A	ACGCTTGTCGG	0/1	48,24
3567686	C	T	0/1	37,100
3569334	G	A	0/1	80,47
3571834	T	G	0/1	79,42
3573636	T	C	0/1	111,48
3577958	A	G	0/1	61,46
3580636	CT	C	1/1	0,116
3581414	A	G	1/1	0,191
3589906	G	A	0/1	103,53
3590633	C	G	0|1	27,17
3590635	A	G	0|1	14,14
3590637	C	G	0|1	14,5
3590638	A	G	0|1	12,3
3590686	G	GC	1/1	0,12
3591063	T	C	1/1	0,87
3597682	C	T	0/1	64,58
3599912	T	C	0/1	65,71
3603417	G	C	0/1	117,54
3604821	G	C	1/1	0,92
3606267	G	A	0/1	46,74
3610128	T	C	0/1	42,97
3610391	A	AC	0/1	95,72
3610668	GGGGTC	G	0/1	99,46
3614080	G	A	0/1	93,57
3614982	T	C	0/1	103,45
3617552	G	C	0/1	65,24
3620820	G	A	0/1	56,115
3621423	A	G	0/1	87,40
3622441	A	C	1/1	0,160
3624486	T	C	0/1	68,43
3625065	T	G	0/1	52,36
3628088	C	G	0|1	18,10
3628090	A	G	0|1	18,6
3628129	G	T	0/1	10,8
3638093	G	A	0/1	97,66
3647041	A	G	0/1	116,58
3647591	A	G	0/1	109,56
3658266	C	G	0/1	80,39
3661802	C	T	0/1	54,33
3662543	T	C	0/1	76,50
3668558	CGGCGGT	C	0/1	82,44
3670040	C	T	0/1	80,37
3670118	G	T	0/1	62,35
3671532	G	C	0/1	104,69
3671843	A	C	0/1	66,37
3672105	G	C	0/1	72,40
3678091	G	A	0/1	94,58
3679949	A	G	0/1	129,86
3681548	A	C	0/1	89,50
3683237	G	T	0/1	82,54
3683715	T	G	0/1	94,55
3687372	A	G	0/1	83,54
3687702	G	A	0/1	75,129
3689523	G	T	1/1	0,90
3689877	C	G	0/1	71,42
3690016	A	G	0/1	91,50
3690221	G	A	0/1	67,38
3693681	A	C	0/1	102,51
3696181	A	G	0/1	107,48
3697708	A	G	0/1	94,52
3699857	G	T	0/1	102,51
3704261	C	A	0/1	50,27
3704596	G	C	1/1	1,101
3707884	G	A	0/1	75,41
3709657	G	A	0/1	113,71
3714211	G	T	1/1	0,187
3714757	A	C	0/1	86,41
3715012	G	T	0/1	100,59
3717841	A	G	0/1	108,47
3718357	C	T	1/1	0,146
3721806	G	C	1/1	0,120
3722609	G	A	0/1	64,29
3723901	G	GT	0/1	106,52
3724596	G	T	0/1	33,11
3743549	A	G	0/1	72,30
3770325	C	T	0/1	129,75
3771123	C	T	0/1	91,51
3771628	A	C	0/1	105,46
3772616	G	A	0/1	116,73
3774506	G	A	0/1	78,53
3781421	G	A	0/1	112,69
3782788	CA	C	0/1	78,84
3782841	G	A	0/1	105,55
3785946	A	G	0/1	70,41
3786033	A	G	0/1	73,40
3788365	T	G	0/1	95,54
3793634	A	G	0/1	83,46
3794867	C	CCA	0/1	69,46
3798095	A	C	0/1	95,47
3808103	T	C	0/1	76,47
3810807	G	A	0/1	24,74
3811629	G	A	0/1	74,34
3815268	G	A	0/1	94,59
3815477	G	T	0/1	88,61
3817117	C	A	1/1	0,178
3823159	A	T	1/1	1,165
3826684	C	T	1/1	0,79
3828941	C	G	0/1	76,40
3829770	T	C	0/1	80,41
3830566	G	A	0/1	55,29
3830695	A	G	0/1	61,38
3838871	A	G	1/1	0,169
3841253	G	A	0/1	115,48
3851084	A	G	0/1	86,45
3851887	A	C	0/1	56,37
3851888	T	C	0/1	58,35
3854899	T	C	0/1	78,44
3859893	C	T	1/1	0,117
3861914	C	T	0|1	9,3
3861917	C	CACAATCGTT	0|1	9,2
3862472	GA	G	1/1	0,138
3864041	G	A	0/1	98,35
3864995	T	C	0/1	90,64
3868738	C	A	0/1	100,60
3868780	C	CGGCGCTGATCGCAATGGTTCCATTGACCGCTTGGCTATGCGGCGCCTACAGCGCCGTTCGCCACCTCG	0/1	61,46
3870025	C	T	0/1	50,122
3870870	C	T	0/1	107,55
3871246	T	C	0/1	98,45
3874722	AT	A	0/1	101,47
3875819	C	T	0/1	77,44
3876953	G	A	0/1	70,30
3877421	A	G	1/1	0,146
3883467	A	G	0/1	85,39
3885886	T	C	0/1	109,78
3892671	A	G	1/1	0,112
3893480	G	A	0/1	100,62
3895727	C	A	0/1	97,55
3896340	T	G	1/1	0,99
3898408	A	G	1/1	0,196
3898869	C	A	0/1	90,58
3899654	C	A	0/1	55,29
3899691	G	C	0/1	17,34
3906949	T	C	0/1	79,40
3909235	G	C	0/1	121,56
3913546	C	T	0/1	56,44
3913737	G	A	0/1	80,33
3920042	G	A	0/1	83,57
3920109	G	T	0/1	51,37
3920745	C	T	0/1	96,44
3921094	C	T	0/1	98,41
3922836	T	C	0/1	90,36
3926023	C	T	0/1	122,71
3952800	G	A	1/1	0,153
3954731	G	A	0/1	56,103
3955393	C	CGCG	0/1	104,51
3958007	C	T	0/1	115,52
3958403	A	G	0/1	105,51
3959418	C	T	1/1	0,134
3961802	A	G	0/1	81,38
3967223	G	A	0/1	64,44
3974142	G	A	0/1	87,38
3976655	C	T	0/1	51,93
3984321	G	A	0/1	91,62
3984926	G	A	0/1	99,68
3985555	C	T	0/1	90,38
3989107	C	T	0/1	130,74
3989605	G	A	0/1	57,136
3989914	G	T	0/1	109,61
3994898	A	G	0/1	129,58
4003645	C	T	0/1	103,48
4005114	G	C	0/1	107,58
4005607	T	C	0/1	147,53
4007272	G	A	0/1	24,66
4008747	A	G	0/1	71,47
4012219	T	C	0/1	75,37
4013076	G	A	0/1	104,56
4014431	C	T	0/1	105,52
4017078	G	A	0/1	99,46
4019103	G	T	0/1	110,60
4022055	A	G	0/1	66,85
4022458	C	G	0/1	78,57
4022652	G	A	0/1	74,46
4024079	T	C	0/1	105,63
4024273	T	C	1/1	0,127
4024967	C	G	0/1	74,44
4026321	C	A	0/1	84,28
4026800	G	C	0/1	97,52
4026899	G	A	1/1	0,149
4028752	A	G	0/1	82,60
4029034	GGGC	G	0/1	71,40
4034827	C	T	1/1	0,153
4036056	C	T	0/1	93,57
4040517	A	G	0/1	81,51
4040770	G	A	0/1	111,77
4054364	C	T	0/1	80,49
4054637	A	G	0/1	53,42
4055801	G	A	1/1	0,164
4056416	C	A	0/1	94,70
4056480	GT	G	0/1	89,51
4057081	A	G	0/1	72,44
4057367	C	A	0/1	86,55
4058711	T	C	0/1	104,59
4059904	A	G	1/1	0,137
4067152	G	A	0/1	67,52
4069292	G	A	0/1	79,23
4069797	C	T	0/1	101,54
4071836	G	A	0/1	104,54
4081987	G	C	0/1	106,52
4081996	G	C	0/1	99,46
4082798	G	T	0/1	44,90
4083327	T	G	0/1	52,21
4083360	T	G	0/1	67,23
4085200	G	C	0/1	67,41
4086449	A	G	0/1	59,104
4088339	G	A	0/1	48,84
4089058	T	C	0/1	109,66
4092173	G	A	0/1	21,76
4093111	G	A	0/1	85,55
4093719	G	A	0/1	83,38
4095001	CG	C	1/1	0,102
4095295	T	C	0/1	88,53
4096190	G	A	0/1	75,46
4096875	G	A	0/1	104,56
4100975	T	C	1/1	0,161
4101018	C	T	0/1	93,48
4101457	T	G	0/1	48,26
4104819	CT	C	0/1	102,46
4105757	C	T	0/1	89,49
4106154	C	T	0/1	82,57
4107074	T	C	0/1	111,49
4107114	TC	T	0/1	121,52
4111303	G	C	1/1	0,146
4112429	T	C	0/1	112,57
4112595	G	A	0/1	53,95
4115029	G	A	0/1	79,31
4116682	T	C	0/1	96,48
4117161	C	A	0/1	104,51
4117564	G	A	0/1	92,49
4119246	T	C	0/1	77,45
4123856	T	A	0/1	75,46
4125679	G	T	0/1	91,70
4126087	T	G	0/1	71,54
4126510	G	T	0/1	98,50
4130711	G	C	0/1	33,28
4131655	C	T	0/1	76,53
4133316	A	G	0/1	41,19
4133907	G	A	0/1	80,43
4137190	T	C	0/1	90,52
4138152	C	G	0/1	49,81
4138377	A	G	0/1	79,33
4139183	A	AC	0/1	78,20
4142689	G	A	0/1	107,64
4145737	A	G	0/1	83,51
4151855	A	G	0/1	108,56
4156099	C	A	1/1	0,154
4156239	A	G	0/1	100,53
4156503	C	T	0/1	96,45
4156672	C	T	0/1	109,82
4158361	A	G	0/1	96,57
4159011	G	C	0/1	55,122
4159195	T	C	0/1	112,69
4160533	TGCGCCCGGC	T	0/1	106,57
4160544	CACCCGGCAT	C	0/1	60,89
4162339	A	G	1/1	0,175
4163558	G	C	0/1	81,46
4169666	GT	G	0/1	78,34
4169719	C	T	0/1	87,43
4170964	G	GA	0/1	92,60
4173360	C	T	0/1	80,55
4179089	C	T	0/1	69,45
4179732	T	G	0/1	95,37
4182695	G	A	0/1	105,61
4187063	G	A	0/1	73,37
4187485	T	C	1/1	0,154
4187817	A	G	1/1	0,157
4190532	A	C	0/1	47,28
4190596	A	C	0/1	65,40
4195718	T	C	0/1	39,112
4195839	C	T	0/1	114,54
4196611	C	T	0/1	60,95
4197138	C	CT	0/1	54,25
4197189	A	G	0/1	55,21
4198611	CG	C	0/1	104,44
4199009	G	A	0/1	91,44
4200220	A	G	0/1	117,68
4201105	G	A	0/1	68,38
4202383	A	C	0/1	44,30
4204137	A	G	0/1	114,62
4204441	A	G	1/1	0,133
4205120	A	G	0/1	79,32
4210274	A	G	1/1	0,144
4210876	T	C	0/1	98,53
4211312	G	T	0/1	119,58
4214842	A	C	0/1	100,38
4215170	C	T	0/1	104,45
4215484	G	C	0/1	136,72
4216255	C	G	0/1	87,46
4217557	A	G	0/1	121,80
4218669	G	GT	0/1	65,41
4220843	G	T	0/1	96,52
4221490	C	G	1/1	0,185
4221741	A	G	0/1	80,52
4222073	A	G	1/1	0,105
4222882	A	G	1/1	0,125
4223172	T	C	0/1	84,48
4229799	T	C	0/1	60,31
4230707	A	C	0/1	82,42
4232327	A	G	0/1	116,76
4240671	C	T	0/1	90,46
4241042	A	G	0/1	108,59
4242643	C	T	1/1	0,150
4243848	G	A	0/1	107,66
4245969	C	T	0/1	102,51
4247646	A	C	0/1	127,56
4247730	G	A	0/1	59,105
4248161	C	T	0/1	130,74
4249732	C	G	0/1	20,96
4251297	G	C	0/1	101,37
4254345	AT	A	0|1	75,43
4254347	T	A	0|1	75,43
4255922	A	G	0/1	101,61
4256146	C	T	0/1	123,69
4257220	A	G	0/1	86,51
4261499	G	A	0/1	101,45
4263279	A	G	0/1	68,57
4267992	G	A	0/1	37,67
4269387	T	G	0/1	80,52
4269606	A	G	0/1	107,55
4271326	G	A	0/1	41,70
4272930	G	A	0/1	38,66
4275935	A	G	0/1	126,77
4276306	C	T	0/1	89,46
4280441	C	A	0/1	102,45
4281143	C	G	0/1	91,42
4281272	G	A	0/1	87,42
4286156	T	C	0/1	104,39
4286253	A	G	0/1	95,53
4287164	A	G	0/1	56,42
4287361	C	T	0/1	70,51
4287528	G	A	0/1	53,76
4289953	A	G	0/1	54,35
4290564	G	T	0/1	102,43
4290827	C	G	0/1	96,62
4296015	G	A	0/1	103,51
4296381	G	T	0/1	99,56
4303407	A	C	0/1	79,20
4306155	C	T	1/1	0,115
4306339	G	T	0/1	75,30
4307179	G	A	0/1	98,49
4307344	C	G	0/1	102,65
4308192	G	A	0/1	117,59
4310743	T	TG	0/1	87,31
4310863	C	T	0/1	41,97
4313128	C	T	0/1	62,51
4314645	A	G	0/1	98,55
4314843	G	A	0/1	97,53
4316566	C	G	0/1	69,41
4320514	G	A	0/1	28,49
4320646	G	C	0/1	75,45
4323006	G	A	0/1	73,32
4323302	T	C	0/1	82,53
4324268	G	C	0/1	53,95
4329782	G	A	0/1	62,43
4334425	G	C	0/1	86,33
4336597	C	A	0/1	98,48
4337574	A	G	0/1	89,39
4338595	GC	G	1/1	0,102
4341396	A	AAGGCGCGGCCGC	0/1	75,44
4344058	T	C	0/1	76,51
4345273	C	G	0/1	44,77
4346926	G	T	0/1	56,40
4348724	A	ACCCGCGCCGGCGACGATGCAAAGCGCAGCGATGAGGAGGAGCGGCGCCAACGG	0/1	3,0
4351039	G	T	1/1	0,141
4356110	G	C	1/1	0,143
4356864	C	CTG	0/1	89,59
4357597	C	G	0/1	106,54
4357773	G	A	0/1	80,52
4357946	C	T	0/1	68,52
4359147	G	GGTGATCGGGGTTCCCGGC	0/1	7,3
4359177	T	TCCCGGCGTGATCGGGGTTCCCGGTGTG	0/1	18,13
4360512	C	T	0/1	78,64
4361089	G	A	0/1	3,18
4366195	T	C	0/1	96,44
4366272	G	C	1/1	1,150
4367649	A	G	0/1	129,46
4369499	G	A	0/1	10,8
4369848	G	A	0/1	65,44
4370830	T	C	0/1	69,43
4372353	G	C	0/1	73,43
4374228	T	C	0/1	75,40
4376182	A	G	0/1	83,55
4376600	C	T	0/1	82,44
4377033	G	C	0/1	67,51
4379680	C	G	1/1	0,135
4381078	C	T	0/1	53,70
4382054	T	C	1/1	0,167
4382275	G	T	1/1	0,183
4382429	C	T	0/1	75,140
4383144	C	CCGGGG	1/1	0,134
4383442	T	C	0/1	89,30
4383552	T	G	0/1	42,64
4383655	A	G	0/1	48,39
4384007	C	G	0/1	78,45
4384254	C	G	0/1	44,78
4385031	CG	C	0/1	63,44
4385187	A	G	0/1	91,57
4385916	C	G	0/1	136,37
4385933	A	G	0/1	135,46
4385937	C	T	0/1	79,102
4385946	C	T	0/1	131,49
4386108	A	G	0/1	126,38
4386142	A	G	0/1	113,36
4386228	T	C	0/1	57,57
4386304	A	AT	0/1	123,15
4386305	C	CCGCG	0|1	131,15
4386308	CAT	C	0|1	131,15
4386315	G	C	0|1	125,13
4386316	C	G	0|1	130,13
4386630	GTCGTA	G	0|1	157,22
4386637	CCGGT	C	0|1	168,23
4386702	G	C	0/1	155,36
4386768	G	A	0|1	159,32
4386774	C	T	0|1	164,27
4390380	A	G	0/1	69,32
4391579	C	G	0/1	49,99
4391871	C	G	0/1	62,143
4393178	A	G	0/1	103,50
4394210	G	C	0/1	79,48
4395387	A	G	0/1	101,24
4396692	C	T	0/1	116,58
4397577	G	T	0/1	82,45
4398732	G	A	0/1	107,68
4399494	G	C	0/1	106,45
4399936	G	T	0/1	65,100
4400660	AC	A	1/1	0,152
4401400	A	G	0/1	127,73
4401753	G	T	0/1	48,86
4402555	C	T	0/1	74,45
4404247	G	A	0/1	97,53
4407588	T	C	0/1	91,47
4407780	C	T	0/1	105,36
4407873	C	A	0/1	99,46
4407993	G	T	0/1	45,112
4408920	A	G	0|1	70,40
4408923	C	T	0|1	71,41
4410386	G	T	0/1	65,43
4411016	G	A	0/1	73,40
4411475	G	A	0/1	71,37
