1742	G	A	0/1	29,10
1977	A	G	0/1	14,4
4013	T	C	1/1	0,69
5520	C	T	0/1	60,10
7222	C	T	0/1	44,11
7362	G	C	1/1	0,46
7585	G	C	0/1	30,11
11879	A	G	1/1	0,43
14251	G	A	0/1	25,6
14785	T	C	1/1	0,76
16807	C	T	0/1	8,44
21795	G	A	1/1	0,10
24493	A	C	0/1	21,8
26959	C	G	1/1	0,50
27487	G	A	0/1	8,41
28640	T	C	0/1	8,30
33457	C	T	0/1	48,8
33551	T	G	0/1	38,6
34044	T	C	1/1	0,51
34859	G	C	0/1	13,62
37031	C	G	0/1	48,13
37594	G	C	0/1	8,43
41257	A	G	0/1	24,4
42967	G	C	1/1	0,60
47699	G	A	0/1	37,8
47782	C	T	0/1	11,39
55553	C	T	1/1	0,23
61981	C	T	0/1	6,26
62049	A	G	1/1	0,32
63771	C	T	0/1	52,9
65660	C	T	0/1	5,20
69025	G	C	0/1	46,12
69989	G	A	1/1	0,63
70747	C	T	0/1	9,22
70816	A	G	1/1	0,25
71336	G	C	1/1	0,18
71584	C	CCGAGCGCTGTTCTGGCGCTAATCTGACGCTAGAATAG	1/1	0,34
74059	C	T	0/1	52,10
75940	G	C	1/1	0,50
77938	A	G	0/1	5,45
79504	TCGGTGGACC	T	0/1	27,4
92199	T	G	0/1	23,3
102188	C	A	0/1	11,5
113838	C	T	0/1	19,6
116000	T	G	1/1	0,49
122109	A	G	1/1	0,44
122483	T	G	0/1	7,32
125830	G	GA	1/1	0,32
131174	T	TG	1/1	0,41
133839	C	T	1/1	0,41
133862	G	A	0/1	22,13
146087	T	C	1/1	0,52
147655	G	C	0/1	47,10
154283	T	C	1/1	0,47
157292	C	T	0/1	44,11
161089	C	G	0|1	16,8
161092	C	G	0|1	17,4
162581	G	A	0/1	33,6
165665	A	G	0/1	50,8
168694	G	T	0/1	26,6
194681	G	C	0/1	19,7
196642	C	T	0/1	39,7
203269	C	T	0/1	32,12
206339	T	C	1/1	0,31
207226	T	C	0/1	34,14
212244	G	A	0/1	4,21
212353	C	T	0/1	27,6
223942	T	C	1/1	0,14
225323	T	C	1/1	0,50
225429	T	G	0/1	12,45
227098	T	C	1/1	0,46
231114	C	G	0/1	35,10
232680	C	A	0/1	7,28
234477	T	G	1/1	0,43
234496	C	CGT	1/1	0,43
237164	T	C	0/1	6,30
243118	G	A	0/1	29,9
243535	C	T	0/1	29,6
244719	G	A	0/1	13,8
244911	G	C	0/1	19,9
253457	C	T	0/1	9,25
261869	T	C	1/1	0,37
265554	A	C	1/1	0,37
273690	C	T	0/1	6,20
278681	C	G	1/1	1,47
282932	G	GCCCCGGCCGCCAGCA	0/1	8,12
283614	T	C	0/1	36,10
285772	A	C	1/1	0,44
285871	A	G	0|1	23,4
285876	C	T	0|1	23,5
287904	T	C	0/1	30,7
293704	CT	C	0|1	25,6
295917	C	T	0/1	37,5
296141	C	T	0/1	5,19
302660	T	C	0/1	56,9
306113	C	T	1/1	3,46
310973	G	A	1/1	0,42
311525	C	G	0/1	5,46
311613	G	T	1/1	0,46
316129	C	G	0/1	30,10
326039	C	T	0/1	49,11
333184	A	G	0/1	12,4
333209	A	G	0|1	15,5
333211	C	T	0|1	15,5
333212	G	C	0|1	15,5
336369	C	T	0|1	29,2
336370	A	G	0|1	29,2
336380	A	T	0|1	29,8
336400	C	G	0|1	29,8
336403	C	G	0|1	29,8
336405	A	G	0|1	29,8
336535	T	G	0|1	13,8
336537	T	G	0|1	13,8
336540	G	T	0|1	13,8
336546	T	G	0|1	14,8
336557	C	CT	0|1	14,7
336560	T	C	0|1	13,6
346275	C	G	1/1	0,49
356528	A	G	1/1	0,39
365528	G	A	0/1	9,32
376774	T	C	0/1	50,9
384380	A	C	1/1	0,40
386432	C	G	1/1	0,48
390828	T	C	1/1	0,73
396811	G	C	0/1	8,30
403980	G	A	1/1	0,46
404326	T	C	0/1	37,11
408723	C	T	0/1	17,5
414486	C	T	1/1	0,45
420008	A	G	1/1	0,66
449704	C	T	0/1	8,44
454295	T	C	1/1	0,41
457452	T	G	0/1	32,7
458323	G	A	0/1	21,12
459399	A	C	1/1	0,35
466096	C	T	0/1	26,7
471701	CT	C	0/1	9,33
472705	T	C	0/1	23,7
474108	G	A	0/1	16,12
474613	C	A	0/1	12,34
476446	T	C	0/1	5,30
478316	G	A	0/1	19,29
489935	G	C	0/1	53,8
498557	C	A	0/1	40,12
502589	C	G	1/1	0,51
503354	G	C	1/1	0,58
510106	C	T	0/1	5,45
513257	T	C	1/1	0,32
515125	T	G	0/1	40,7
541201	A	G	1/1	0,41
545117	C	A	0/1	7,53
551525	A	C	0/1	41,13
559919	C	G	0/1	17,51
563420	T	C	0/1	39,13
573262	A	G	1/1	0,29
584223	A	G	0/1	7,23
588943	G	A	0/1	5,29
589536	G	A	0/1	43,15
590436	T	C	1/1	0,45
597816	A	G	0/1	67,7
598475	G	A	1/1	0,69
610120	T	G	1/1	0,56
637319	G	A	0/1	44,14
637922	C	T	0/1	38,18
646243	T	C	0/1	29,6
648002	T	G	1/1	0,69
649515	G	T	0/1	12,32
665293	A	G	0/1	43,12
669398	T	C	1/1	0,40
680945	T	C	0/1	17,45
685461	C	G	1/1	0,47
685608	T	C	0/1	48,7
686629	G	A	0/1	41,13
686972	T	C	1/1	0,42
690465	T	G	1/1	0,30
698968	G	A	1/1	0,26
699464	GC	G	0/1	4,17
701336	C	T	0/1	38,9
705595	C	T	0/1	19,9
709226	G	A	0/1	21,8
711697	G	A	0/1	7,48
712773	T	C	0/1	21,9
752343	A	G	0/1	45,8
753398	A	G	0/1	6,27
754186	A	G	1/1	0,35
764995	C	G	0/1	38,12
773809	G	A	0/1	24,7
775639	T	C	1/1	0,40
781395	T	C	1/1	0,54
796509	G	T	0/1	26,9
797312	G	A	1/1	2,46
820483	G	T	0/1	26,5
821286	G	A	0/1	4,36
831594	T	A	0/1	10,62
841058	T	C	0/1	25,5
841069	CCA	C	0|1	21,5
841074	T	TAC	0|1	22,5
841087	C	G	0|1	24,6
841090	G	A	0|1	23,6
841099	G	C	0|1	22,7
841105	C	T	0|1	19,7
841110	G	C	0|1	19,8
841128	G	C	0|1	20,10
841132	C	T	0|1	18,12
841141	G	A	0|1	20,13
841278	C	T	0/1	38,14
841320	C	T	0|1	39,10
841326	T	C	0|1	41,10
841353	G	A	0|1	58,7
841356	A	G	0|1	60,7
841764	G	C	0/1	28,14
852910	C	T	1/1	0,31
853469	C	A	0/1	42,8
857696	A	G	0/1	33,6
874835	C	CCG	1/1	0,62
880562	G	T	0/1	47,16
881527	G	T	0/1	6,34
885542	G	C	0/1	22,5
893733	T	G	1/1	0,45
896933	A	G	0/1	5,26
900221	T	C	0/1	52,12
903550	T	C	0/1	36,7
903913	T	C	1/1	0,35
906857	A	G	1/1	0,61
942479	T	C	0/1	17,5
945214	G	A	0/1	44,8
949535	T	C	0/1	34,9
953616	C	G	0/1	33,5
955524	A	G	1/1	0,53
963973	C	T	0/1	12,45
979704	G	C	1/1	0,38
980360	G	T	0/1	32,7
986463	G	C	1/1	0,56
986563	C	T	0/1	34,16
990001	G	C	1/1	0,41
993346	A	C	1/1	0,60
1010204	C	CG	1/1	0,54
1025106	T	C	1/1	0,50
1029671	T	C	0/1	13,30
1037012	T	C	0/1	12,5
1037911	C	T	1/1	0,54
1047683	G	T	0/1	35,9
1055672	C	A	0/1	28,11
1061676	GTGC	G	0/1	46,8
1065361	C	T	0/1	9,27
1068151	T	C	1/1	0,23
1068432	A	G	0/1	34,6
1070359	C	G	0/1	15,44
1070476	C	T	0/1	35,20
1070702	T	C	0/1	33,11
1074558	G	A	1/1	0,50
1076309	G	T	1/1	0,37
1077312	A	G	1/1	0,52
1079927	C	A	1/1	0,42
1081681	T	C	1/1	0,28
1082445	T	A	0/1	8,30
1087193	G	C	0/1	30,13
1090172	G	A	0/1	29,5
1093322	C	T	0/1	23,12
1094812	C	G	0/1	17,32
1100234	T	C	1/1	0,45
1101832	TA	T	0/1	24,7
1103249	C	T	0/1	51,19
1103510	C	T	0/1	23,45
1106422	T	C	0/1	39,14
1107434	A	T	0/1	43,7
1107917	G	T	0/1	44,7
1109975	A	G	1/1	0,61
1118026	T	C	0/1	48,12
1120759	T	G	0/1	14,5
1126889	G	C	1/1	0,42
1127648	C	A	1/1	0,49
1130526	G	A	0/1	8,17
1132437	C	T	0/1	7,30
1149551	C	T	0/1	24,11
1150585	G	A	1/1	0,37
1155868	C	T	0/1	14,22
1157768	A	C	0/1	35,10
1163404	C	G	0/1	28,17
1164125	GGC	G	0/1	13,33
1168715	C	CT	1/1	0,64
1176106	G	A	0/1	9,63
1178116	T	C	0/1	44,15
1196854	C	T	0/1	12,40
1199547	G	A	0/1	39,9
1200418	A	G	0/1	53,13
1201778	C	A	0/1	14,43
1205251	G	A	0|1	45,5
1205252	A	G	0|1	45,5
1205256	CA	C	0|1	47,4
1205269	C	T	0/1	46,10
1211357	G	A	0/1	38,16
1220680	T	C	1/1	0,55
1224367	T	C	1/1	0,45
1227217	C	T	0/1	10,32
1231349	G	A	0/1	45,11
1232496	T	C	0/1	37,6
1257656	T	C	0/1	20,10
1264980	TCGC	T	0/1	39,13
1273071	T	C	0/1	12,43
1281118	T	C	1/1	0,49
1290326	G	A	0/1	39,10
1292102	A	G	0/1	39,7
1301208	G	C	0/1	6,33
1307598	C	G	0/1	40,5
1313337	A	AG	1/1	0,24
1313338	A	C	1/1	0,24
1315191	A	C	1/1	0,43
1315206	C	T	0/1	8,40
1315884	G	A	1/1	0,31
1327890	G	A	0/1	53,11
1328687	G	C	1/1	0,49
1331489	A	G	0/1	15,26
1334260	C	A	0/1	34,6
1338752	ATT	A	1/1	1,30
1354437	A	C	0/1	38,5
1357114	C	T	0/1	9,2
1360209	T	C	0/1	35,5
1363249	A	C	0/1	27,11
1365837	C	CG	1/1	1,37
1374065	T	C	1/1	0,18
1375724	A	C	1/1	0,39
1382628	T	C	1/1	0,61
1389738	G	A	0/1	52,16
1396922	T	C	1/1	0,40
1401551	C	A	0/1	11,37
1404169	T	G	0/1	29,5
1404978	G	C	0/1	23,4
1411210	T	G	1/1	0,31
1411496	A	C	1/1	0,29
1413148	C	T	0/1	30,11
1414021	C	T	1/1	0,43
1416222	A	G	0|1	55,7
1416232	A	G	0|1	59,7
1416234	A	C	0|1	60,7
1428506	G	T	0/1	21,7
1440150	T	C	0/1	44,8
1440469	C	G	1/1	0,47
1443704	C	T	0/1	32,8
1445474	G	A	0/1	30,8
1445781	A	G	0/1	34,12
1446923	T	G	0/1	33,6
1457144	C	T	1/1	0,29
1461309	C	T	0/1	9,35
1471659	C	T	1/1	0,52
1471878	C	T	0/1	52,9
1471896	T	C	0|1	49,9
1471900	C	T	0|1	51,9
1472057	C	G	0|1	58,6
1472061	A	T	0|1	60,6
1472063	CGG	C	0|1	61,6
1472068	T	TCACTTATA	0|1	59,6
1472069	G	GAT	0|1	59,8
1472073	TGAGC	T	0|1	62,8
1472082	G	GCC	0/1	60,6
1472084	CCT	C	0|1	62,9
1472089	C	T	0|1	63,10
1472094	T	A	0|1	63,11
1472101	G	A	0|1	63,11
1472102	G	A	0|1	63,11
1472106	G	A	0|1	63,12
1472112	C	T	0|1	63,18
1472122	G	A	0|1	63,18
1472127	C	T	0|1	65,18
1472129	G	C	0|1	66,18
1472137	G	A	0|1	66,19
1472150	T	A	0|1	62,19
1472151	C	T	0|1	63,19
1472164	G	A	0|1	65,21
1472172	T	C	0|1	63,21
1472177	C	T	0|1	67,22
1472203	G	A	0|1	65,22
1472210	A	C	0|1	65,22
1472213	G	C	0|1	66,22
1472215	A	G	0|1	66,23
1472225	C	A	0|1	64,23
1472234	T	C	0|1	64,22
1472236	C	G	0|1	64,22
1472240	G	A	0|1	63,22
1472251	G	A	0|1	71,21
1472253	G	T	0|1	71,20
1472259	C	A	0|1	74,22
1472262	C	T	0|1	76,21
1472269	G	A	0|1	76,20
1472271	T	C	0|1	74,21
1472277	C	A	0|1	73,22
1472281	T	TG	0|1	72,21
1472283	TCACC	T	0|1	73,21
1472289	T	TTA	0|1	70,21
1472290	C	G	0|1	70,21
1472291	GAC	G	0|1	71,21
1472297	G	GAACAAAT	0|1	72,21
1472299	TCCGG	T	0|1	74,18
1472305	T	TAAG	0|1	70,7
1472306	T	TAA	0|1	71,7
1472308	T	TATG	0|1	71,6
1472310	T	A	0|1	71,5
1472412	A	C	0|1	89,9
1472415	T	G	0|1	93,9
1472422	T	C	0|1	98,9
1472427	T	TTTTAA	0|1	99,11
1472430	CGCGT	C	0|1	100,11
1472437	T	A	0|1	99,11
1472438	TC	T	0|1	99,11
1472446	T	G	0|1	97,11
1472448	T	C	0|1	96,11
1472456	T	C	0|1	101,12
1472460	T	C	0|1	102,15
1472462	T	TG	0|1	103,15
1472465	GCGTGC	G	0|1	105,15
1472473	G	T	0|1	103,15
1472474	C	CATTG	0|1	102,15
1472477	T	A	0|1	105,15
1472480	G	T	0|1	104,15
1472483	C	A	0|1	105,15
1472485	G	A	0|1	106,15
1472489	A	T	0|1	110,15
1472494	A	G	0|1	110,15
1472496	T	A	0|1	110,15
1472498	C	A	0|1	110,17
1472501	G	A	0|1	108,17
1472505	G	A	0|1	104,17
1472507	C	G	0|1	102,17
1472517	T	A	0|1	101,18
1472518	G	T	0|1	101,19
1472530	G	A	0/1	99,21
1472537	C	CAG	0|1	98,21
1472543	TCA	T	0|1	101,20
1472557	G	A	0/1	99,20
1472793	A	T	0|1	87,11
1472803	T	A	0|1	85,12
1472823	C	CAAA	0|1	85,10
1472824	TGGG	T	0|1	85,10
1472828	T	C	0|1	85,9
1472836	G	C	0|1	86,9
1472838	A	T	0|1	90,9
1472839	CA	C	0|1	92,9
1472841	G	T	0|1	89,9
1472845	G	C	0|1	90,9
1472847	G	C	0|1	90,8
1472857	AG	A	0|1	83,9
1472860	C	A	0|1	83,9
1472863	T	TTTC	0|1	81,9
1472868	T	TCG	0|1	83,11
1472870	T	G	0|1	83,11
1472873	C	A	0|1	81,12
1472875	T	A	0|1	77,12
1472877	T	A	0|1	80,14
1472880	G	GA	0|1	82,14
1472895	C	T	0/1	76,15
1472952	T	TAA	0|1	75,11
1472953	GT	G	0|1	75,11
1472957	C	T	0|1	73,11
1472958	AT	A	0|1	73,10
1472967	G	T	0|1	76,10
1472969	AC	A	0|1	77,10
1472971	G	T	0|1	78,10
1472974	AT	A	0|1	79,9
1472977	G	T	0|1	78,9
1472982	G	C	0|1	73,8
1472986	CG	C	0|1	73,6
1473035	G	A	0/1	78,13
1473276	A	G	0|1	57,5
1473352	C	T	0/1	58,16
1474001	C	T	0/1	7,47
1474777	T	C	0|1	72,8
1474779	G	A	0|1	73,8
1474782	G	A	0|1	72,8
1474790	C	T	0|1	72,8
1474794	C	A	0|1	72,8
1474797	G	A	0|1	72,8
1474798	C	T	0|1	72,8
1474799	G	A	0|1	72,8
1474801	G	A	0|1	70,8
1474804	C	T	0|1	68,8
1474812	G	A	0|1	64,8
1474823	C	G	0|1	62,8
1474824	A	C	0|1	62,8
1474827	C	T	0|1	62,8
1474830	A	C	0|1	62,7
1474831	A	C	0|1	62,7
1474839	C	T	0|1	64,12
1474844	G	T	0|1	63,12
1474864	C	T	0|1	67,12
1474866	C	A	0|1	66,13
1474869	G	T	0|1	67,13
1474892	G	A	0|1	61,13
1474896	A	G	0|1	61,13
1474902	T	C	0|1	61,13
1474903	T	A	0|1	61,13
1474904	G	C	0|1	61,13
1474913	T	A	0|1	61,13
1474920	G	C	0|1	63,12
1474927	TC	T	0|1	60,11
1474931	G	A	0|1	60,8
1474934	C	T	0|1	59,8
1474936	C	T	0|1	60,8
1474937	C	T	0|1	59,8
1474938	G	A	0|1	59,8
1474946	C	T	0|1	56,6
1474948	C	T	0|1	56,6
1474950	GCAC	G	0|1	56,6
1474956	C	T	0|1	51,6
1474957	C	G	0|1	51,6
1474958	A	T	0|1	52,6
1474962	TG	T	0|1	53,6
1474966	G	GACAA	0|1	53,6
1474967	TGGGTGTG	T	0|1	58,4
1475514	G	A	0|1	72,8
1475519	G	A	0|1	72,8
1475521	T	A	0|1	70,8
1475522	A	T	0|1	69,8
1475526	C	A	0|1	69,8
1475529	A	T	0|1	65,8
1475531	C	T	0|1	65,8
1475536	C	T	0|1	60,8
1475538	T	A	0|1	59,8
1475539	A	G	0|1	61,8
1475544	A	C	0|1	58,8
1475545	T	G	0|1	58,8
1475550	A	C	0|1	58,9
1475552	G	C	0|1	56,9
1475574	C	A	0/1	51,11
1475596	GGGACCGGAATATC	G	0|1	51,8
1475612	GAACA	G	0|1	46,8
1475618	C	T	0|1	47,9
1475621	TGCGG	T	0|1	48,9
1475626	TGGG	T	0|1	48,10
1475630	AGC	A	0|1	47,10
1475636	A	T	0|1	48,10
1475638	C	CA	0|1	48,9
1475640	GGT	G	0|1	48,8
1475644	G	C	0|1	48,7
1475672	C	T	0|1	48,16
1475673	T	C	0|1	48,16
1475687	C	T	0|1	47,14
1475688	G	C	0|1	47,13
1475692	G	T	0|1	47,13
1475695	G	A	0|1	47,12
1475696	T	C	0|1	47,12
1475699	C	T	0|1	48,12
1475703	A	G	0|1	48,11
1475704	C	T	0|1	48,11
1475713	C	G	0|1	50,22
1475716	A	G	0|1	45,19
1475816	C	G	0|1	54,5
1475817	A	G	0|1	52,5
1476332	G	C	0/1	76,8
1476353	G	T	0|1	73,20
1476358	T	C	0|1	74,20
1476369	C	T	0|1	73,18
1476372	T	C	0|1	74,19
1476382	A	G	0|1	73,19
1476383	T	A	0|1	73,19
1476425	G	T	0|1	75,15
1476428	C	T	0|1	73,15
1476429	A	C	0|1	71,15
1476466	C	T	0/1	63,13
1476481	T	C	0/1	69,15
1476506	T	C	0|1	62,14
1476514	C	T	0|1	64,11
1476517	C	T	0|1	62,11
1476519	C	G	0|1	63,11
1476524	C	A	0|1	63,11
1476525	A	G	0|1	64,11
1476530	C	T	0|1	63,11
1476535	GGA	G	0|1	63,11
1476538	A	AGG	0|1	65,11
1476540	C	G	0|1	68,11
1476547	C	T	0|1	65,11
1476567	C	T	0|1	60,7
1476572	G	A	0/1	54,8
1476573	A	T	0|1	56,6
1482563	C	T	0/1	16,38
1482627	T	C	1/1	0,46
1483235	T	C	0/1	10,39
1484708	A	C	1/1	0,61
1487485	G	A	0/1	8,35
1491036	C	T	0/1	12,54
1497937	A	G	0/1	19,6
1499274	C	G	1/1	0,29
1526819	C	A	0/1	41,11
1527449	G	GT	0/1	31,9
1534221	C	A	0/1	8,41
1535176	C	G	0/1	48,5
1536251	G	T	1/1	1,40
1547125	T	C	1/1	0,63
1547498	G	A	0/1	10,51
1552547	G	A	1/1	0,32
1563717	C	T	0/1	25,11
1570566	C	A	0/1	34,8
1586249	C	T	0/1	38,13
1588899	G	T	0/1	38,5
1592015	C	T	0/1	42,11
1592453	T	C	0|1	27,6
1592454	C	A	0|1	27,6
1594848	G	A	0/1	4,27
1603962	G	A	0/1	9,23
1609840	A	G	0/1	42,10
1612624	T	TATCGGTACCGGTGCGCCAGGG	1/1	0,21
1613035	T	C	1/1	0,28
1613960	G	T	0/1	34,10
1624791	C	G	0/1	25,7
1625019	G	A	0/1	30,14
1630148	A	C	0/1	42,19
1639594	C	A	1/1	0,27
1645802	T	C	0/1	35,12
1650072	A	G	1/1	0,41
1676290	C	A	0/1	57,10
1680231	C	G	0/1	11,41
1689349	C	T	0/1	30,13
1692141	A	C	0/1	67,11
1692205	G	A	0/1	52,10
1692795	G	C	0/1	59,15
1693561	A	G	0/1	47,10
1697242	C	T	0/1	6,50
1706119	T	C	1/1	0,51
1710070	C	G	0/1	39,6
1715258	AT	A	0/1	11,54
1717761	CCCGCAG	C	0/1	7,37
1728837	A	G	1/1	0,47
1734994	C	T	0/1	41,9
1735022	C	T	0/1	8,38
1753519	G	GC	1/1	0,36
1757298	C	T	0/1	8,37
1759252	G	T	1/1	0,38
1760292	A	G	1/1	0,52
1778430	T	C	1/1	0,23
1778557	C	T	0/1	20,11
1793769	C	T	0/1	30,5
1799806	C	T	0/1	16,5
1801706	G	T	0/1	42,5
1802845	G	A	0/1	5,29
1803265	G	A	1/1	0,42
1804409	C	A	0/1	26,7
1809843	C	T	0/1	9,15
1810757	A	G	0/1	42,8
1813255	T	A	0/1	28,10
1817976	A	T	1/1	0,41
1824800	C	T	0/1	14,37
1827152	C	A	0/1	7,30
1830773	A	C	0/1	14,33
1836286	G	C	1/1	0,47
1842280	C	T	0/1	35,6
1842848	C	T	0/1	33,16
1843570	T	TGTCATATGCGCCACTGCTCCTATGCCGGCTGCGCCGGCATCATCGTCGTTGGCGCGG	0/1	23,5
1847919	C	G	0/1	29,8
1854300	T	C	0/1	32,7
1856777	G	C	1/1	0,41
1862066	T	A	0/1	39,6
1862291	G	A	0/1	11,45
1862335	A	G	0/1	35,12
1875472	TG	T	0/1	3,8
1882950	G	GGGC	0/1	4,20
1885073	A	G	0/1	33,7
1885772	G	A	1/1	0,50
1887410	C	G	0/1	21,7
1894300	G	GGTCTTGCCGC	1/1	0,26
1895654	G	GTGAACCGCCCCGGTGAGTCCGGAGACTCTCTGATCTGAGACCTCAGCCGGCGGCTGGTCTCTGGCGTTGAGCGTAGTAGGCAGCCTCGAGTTCGACCGGCGGGA	0/1	18,7
1899351	T	C	0/1	39,12
1901493	T	C	1/1	0,46
1903197	G	T	0/1	4,24
1907296	G	C	1/1	0,58
1917972	A	G	1/1	0,23
1931179	C	A	1/1	0,34
1933988	G	A	1/1	0,60
1941581	T	G	0|1	25,12
1941583	C	T	0|1	23,4
1941795	C	T	0/1	50,8
1943592	C	T	0/1	35,12
1944107	A	G	0/1	31,6
1944121	A	C	0/1	7,30
1944402	T	C	1/1	0,34
1944642	CT	C	0/1	23,7
1950767	T	C	1/1	0,53
1951491	C	T	0/1	7,37
1955581	A	AGTCTGATTGCCCGGTTCCTCCTCGCGCCGCAAACGGCGCGCATCGTCACCGGGCGTC	0/1	0,0
1960284	C	A	0/1	25,4
1967051	AG	A	0/1	3,35
1967237	C	A	1/1	0,34
2017371	A	G	0/1	9,34
2022868	T	C	1/1	0,42
2030340	AG	A	0|1	61,8
2030345	A	G	0|1	62,8
2030355	A	G	0|1	59,8
2034662	A	G	0/1	47,9
2053411	G	C	0/1	63,9
2053682	C	T	0/1	47,13
2055271	A	G	1/1	0,52
2057774	A	T	1/1	0,34
2094911	ACAGCGT	A	0/1	34,6
2096186	A	G	1/1	0,33
2097990	A	C	0/1	47,7
2109523	C	CG	1/1	0,44
2116794	T	C	0/1	3,24
2116903	C	T	1/1	0,31
2121063	C	T	0/1	41,12
2122395	C	T	0/1	6,35
2123169	T	G	1/1	0,68
2128870	A	G	1/1	0,40
2133468	T	TTCGCATGCCGTCACC	0/1	42,8
2136884	G	A	0/1	8,31
2137521	A	ACTCCGATCAC	0/1	31,16
2143328	G	C	1/1	0,58
2144606	C	G	0/1	10,50
2170892	C	T	0/1	5,39
2174216	A	G	0/1	42,15
2177998	A	G	0/1	7,51
2184176	G	A	0/1	5,24
2184371	G	A	0/1	16,3
2184715	TG	T	0/1	9,22
2187841	A	C	0/1	13,38
2191251	G	A	0/1	35,10
2191315	C	A	0/1	8,43
2192350	C	T	0/1	27,4
2205451	C	T	0/1	12,54
2207525	C	T	0/1	34,8
2207591	T	TC	1/1	0,42
2208071	TGC	T	0/1	33,8
2210615	G	A	0/1	3,29
2211826	A	G	0/1	29,16
2212762	C	T	0/1	2,15
2215197	T	G	0/1	10,30
2216248	C	G	0/1	36,6
2216443	C	A	1/1	0,51
2220512	T	G	1/1	0,48
2223293	T	C	1/1	0,38
2228967	A	G	1/1	0,41
2231132	G	A	0/1	46,16
2245532	T	C	0/1	49,6
2246603	C	T	0/1	7,42
2249403	C	T	0|1	24,4
2251999	A	G	1/1	0,41
2257130	C	T	0/1	9,34
2260151	A	G	0|1	48,17
2260154	C	T	0|1	49,17
2260171	T	C	0|1	49,19
2260174	C	T	0|1	48,20
2260196	C	CA	0|1	52,19
2260199	C	T	0|1	52,19
2260212	G	T	0|1	55,19
2260214	G	C	0|1	57,19
2260220	C	T	0|1	54,19
2260222	C	G	0|1	54,18
2260231	T	C	0|1	54,18
2260525	C	T	1/1	0,34
2264782	C	A	1/1	0,42
2265059	T	G	0/1	41,5
2266550	G	T	0|1	44,5
2266553	C	G	0|1	44,5
2266583	C	G	0|1	44,5
2266598	G	C	0|1	45,5
2266604	C	G	0|1	42,4
2269780	T	C	1/1	0,37
2270102	A	G	1/1	0,37
2282787	C	T	1|1	0,33
2283030	A	G	0/1	40,7
2285251	C	A	1/1	0,28
2287121	A	G	1/1	0,48
2316854	C	T	0/1	11,45
2323735	G	A	0/1	9,27
2329533	A	G	0/1	26,10
2334007	A	G	0/1	53,10
2335075	A	G	0/1	28,5
2335494	A	G	0/1	36,5
2337968	G	T	0/1	18,16
2341636	C	G	1/1	0,32
2345037	C	A	0/1	35,5
2351851	C	T	0/1	8,33
2361604	C	G	0/1	25,6
2362041	C	A	1/1	0,39
2368564	TA	T	1/1	0,48
2380682	T	G	0/1	37,5
2386389	G	A	1/1	0,43
2412160	G	C	0/1	20,6
2415656	G	C	1/1	0,20
2424925	A	G	1/1	0,36
2438090	G	A	0/1	29,7
2438357	G	A	0/1	7,25
2440926	G	T	0/1	47,17
2453383	A	G	0/1	48,21
2459162	G	A	0/1	18,51
2461815	A	G	0/1	55,9
2462871	G	A	0/1	20,5
2463094	G	A	0/1	34,6
2463230	G	A	1/1	2,50
2470627	G	A	0/1	34,8
2484255	T	G	0/1	20,15
2500059	C	T	0/1	9,50
2500897	C	T	0/1	8,38
2502073	C	T	0/1	26,6
2507254	G	A	0/1	8,24
2509140	G	C	0/1	22,7
2509722	A	G	1/1	0,33
2521342	T	C	1/1	0,32
2523205	G	GCGC	1/1	0,33
2525722	CG	C	1/1	0,46
2529467	T	C	1/1	6,52
2529680	A	G	0/1	35,7
2532897	A	G	0/1	11,31
2534562	GGA	G	1/1	0,53
2537602	A	C	0/1	35,8
2546359	C	T	0/1	21,9
2551666	C	T	0/1	11,33
2569089	A	G	0/1	7,46
2573044	C	T	0/1	16,42
2573756	C	A	0/1	42,11
2581926	G	A	0/1	24,10
2586127	A	G	1/1	0,40
2591982	C	T	0/1	5,42
2594301	C	T	1/1	1,24
2598400	A	G	0/1	28,5
2604156	TCAGTGCCAA	T	0/1	2,26
2611324	T	C	0/1	13,30
2611777	T	C	0/1	8,41
2612632	C	A	1/1	0,25
2614161	CG	C	0/1	13,24
2627672	G	A	0/1	47,14
2649855	G	A	0/1	42,10
2650186	T	G	0/1	4,20
2654371	G	A	0/1	50,11
2656225	A	G	1/1	0,46
2659711	G	A	0/1	31,6
2660319	C	G	0/1	38,6
2667807	G	C	0/1	4,35
2680658	T	G	0/1	45,9
2684645	G	A	0/1	9,47
2695094	C	G	0/1	47,16
2695378	C	G	0/1	34,9
2704884	A	ACAGCGACCATATCGCCGAGCT	0/1	29,8
2709030	G	T	0/1	11,47
2713795	C	T	0/1	40,8
2714308	G	A	0/1	45,8
2718852	T	G	1/1	0,44
2730496	C	A	0/1	40,7
2733486	T	G	0/1	5,30
2734074	T	C	1/1	0,5
2736434	C	A	0/1	38,5
2742405	G	A	0/1	8,30
2751605	ACGCAAAAGCTCCCAAATCCGACCGGATTTGGGAGCTTTTGCGTCTTTTCGCGGTGGTCAGCCGCGGCGGC	A	0/1	5,28
2751804	C	T	1/1	0,31
2752698	C	A	1/1	0,44
2754600	A	G	0/1	39,12
2754723	T	C	0/1	12,27
2755531	G	A	0/1	4,41
2760152	A	G	1/1	0,54
2779136	T	C	1/1	0,34
2786952	A	G	1/1	0,49
2793360	C	T	0/1	32,11
2809250	C	T	0/1	8,38
2809621	T	C	1/1	0,62
2812917	G	A	0/1	10,38
2818065	A	G	0/1	4,25
2818837	A	G	1/1	0,52
2821342	C	T	0/1	31,8
2827984	G	T	1/1	0,46
2828019	T	C	1/1	0,41
2830525	C	A	1/1	0,47
2835576	G	A	0/1	24,8
2838019	G	A	0/1	13,45
2844689	G	C	0/1	41,8
2855259	A	G	1/1	0,43
2864166	G	A	0/1	9,21
2865760	A	G	1/1	0,48
2865882	T	C	0/1	44,9
2871911	G	A	0/1	12,5
2880702	G	C	0/1	33,10
2881597	AG	A	1/1	0,29
2884398	C	G	0/1	15,45
2888201	T	C	0/1	24,4
2889633	T	C	1/1	1,45
2891267	C	T	1/1	0,38
2891728	A	G	1/1	0,23
2893238	C	A	0/1	27,20
2894208	G	A	1/1	0,37
2907629	G	A	0/1	49,15
2910461	G	T	1/1	0,42
2911293	C	G	1/1	0,27
2912294	T	G	1/1	0,48
2914906	G	C	0/1	10,36
2923391	T	C	1/1	0,23
2927939	T	C	1/1	0,53
2932318	A	C	0/1	20,5
2939373	G	C	1/1	0,41
2939657	T	C	1/1	0,16
2945167	G	T	0/1	37,13
2954439	T	C	1/1	0,48
2955061	T	C	0/1	10,45
2964024	G	A	0/1	43,12
2964956	T	C	0/1	8,34
2968913	T	C	0/1	46,9
2973709	C	T	0|1	37,6
2973718	CCGCT	C	0|1	38,6
2976562	C	T	0|1	5,22
2984740	A	G	1|1	0,34
2984746	T	G	0|1	6,28
2995848	G	A	0/1	8,32
3005185	G	T	0/1	42,6
3005789	T	C	0/1	6,53
3009692	A	G	0/1	45,12
3011834	C	T	0/1	37,11
3017134	G	T	0/1	4,37
3017465	T	C	1/1	0,58
3041871	G	T	0/1	27,7
3051068	C	T	0/1	44,5
3073868	T	C	0/1	26,12
3080795	A	G	1/1	0,58
3082824	C	A	0/1	9,50
3086788	T	C	0/1	49,10
3095606	G	A	0/1	33,8
3097078	G	GTGAACCGCCCCGGTGAGTCCGGAGACTCTCTGATCTGAGACCTCAGCCGGCGGCTGGTCTCTGGCGTTGAGCGTAGTAGGCAGCCTCGAGTTCGACCGGCGGGACGTCGCCGCAGTACTGGT	0/1	34,14
3103682	T	C	1/1	0,60
3107859	C	T	0/1	21,5
3108055	C	T	0/1	29,8
3108674	A	C	0/1	35,11
3109461	A	C	0/1	3,18
3115558	G	A	0/1	8,53
3130682	G	A	0/1	36,7
3131469	T	TTGTCGGCGA	0/1	37,10
3137058	G	A	1/1	0,34
3165074	T	C	0/1	47,10
3168967	C	A	0/1	4,47
3170284	G	A	0/1	16,4
3175702	T	C	0/1	44,5
3177884	C	A	1/1	0,38
3178445	C	G	0/1	30,8
3182591	C	A	0/1	43,5
3186860	T	G	1/1	0,32
3190721	C	T	0/1	6,34
3191027	G	A	0/1	33,6
3196434	G	A	0/1	26,7
3218943	C	G	0/1	7,23
3226181	A	C	1/1	0,37
3228143	G	T	1/1	1,42
3236230	C	A	0/1	24,8
3256494	A	G	0/1	42,9
3267709	A	G	0/1	7,57
3269581	A	G	1/1	0,49
3270784	A	G	1/1	0,56
3281653	T	C	0/1	31,13
3291397	G	T	0/1	26,9
3296843	A	G	1/1	0,16
3308606	G	A	1/1	0,79
3336825	T	C	0/1	22,10
3338603	G	C	1/1	0,37
3339040	T	C	0/1	12,49
3340615	C	G	0/1	26,4
3343014	T	G	0/1	6,40
3348870	G	A	0/1	6,21
3354056	A	C	0/1	20,13
3356655	T	G	0/1	24,16
3358235	A	T	1/1	0,29
3363338	A	G	1/1	0,33
3367765	G	A	1/1	0,51
3378419	G	C	1/1	0,9
3388166	C	G	0/1	40,14
3389124	T	C	0|1	25,6
3389922	T	G	0/1	11,25
3392462	T	A	0/1	30,12
3392605	G	C	0/1	13,27
3401951	G	C	0/1	30,11
3402816	C	T	0/1	38,11
3408208	G	T	0/1	6,42
3409058	G	C	0/1	36,6
3414791	G	C	0/1	56,10
3415180	ACACCTAGGGGGTGG	A	1/1	0,38
3415305	T	C	0/1	8,30
3415607	A	C	0/1	30,18
3418328	T	G	0|1	58,7
3418330	G	A	0|1	59,7
3419467	C	T	0/1	8,42
3422915	G	T	0/1	6,32
3423249	C	CGCGAGCAGACGCAGAATCGCCCAAAATCCAAGATTTTGAGGCGATTCTGCGTCTGCTCGCGCAACCGG	0/1	28,3
3425854	C	T	1/1	0,43
3426795	C	G	0/1	32,9
3427356	G	A	0/1	29,10
3428917	C	A	1/1	0,53
3429202	T	G	0/1	43,10
3434533	A	G	0/1	21,12
3440464	T	G	1|1	0,31
3440468	G	C	1|1	0,32
3452390	G	T	0/1	13,25
3456666	A	G	1/1	0,53
3458491	G	A	0/1	42,5
3462135	G	C	0/1	40,6
3464015	G	A	0/1	12,35
3468524	G	C	0/1	9,30
3472540	T	G	0/1	8,51
3473996	G	GA	0/1	30,8
3478242	G	C	0|1	38,7
3478244	C	A	0|1	39,7
3478245	T	C	0|1	39,7
3478248	T	C	0|1	40,7
3478251	C	T	0|1	41,7
3478254	G	C	0|1	41,7
3478257	A	G	0|1	41,6
3478260	C	G	0|1	41,6
3478263	G	A	0|1	40,6
3478272	G	A	0|1	40,6
3478290	C	T	0/1	37,6
3486800	C	T	0/1	46,13
3486977	A	G	1/1	0,67
3495658	G	C	0/1	51,6
3503895	C	T	1/1	0,42
3518167	A	G	0/1	21,13
3518555	A	G	1/1	0,16
3522293	T	G	0/1	15,10
3524903	G	A	0/1	19,4
3530507	T	A	0/1	8,34
3536093	G	A	0/1	11,29
3546385	G	A	0/1	10,41
3548641	T	C	0/1	47,12
3554520	G	A	0/1	6,43
3556275	A	G	0/1	41,6
3556894	A	AG	0/1	14,46
3564790	G	A	0/1	47,8
3576965	G	A	0/1	26,5
3580634	C	T	0|1	37,8
3580636	CT	C	1|1	0,43
3581414	A	G	1/1	0,51
3590686	G	GC	1/1	0,34
3591063	T	C	1/1	0,29
3594124	C	T	0/1	51,7
3595483	A	ACTGGCAGCGTAGT	0/1	46,7
3600717	T	G	0/1	41,10
3604295	C	T	0/1	24,4
3604821	G	C	1/1	0,17
3604885	G	A	0/1	13,3
3610441	C	T	0/1	42,7
3614982	T	C	0/1	43,10
3622441	A	C	1/1	0,29
3625065	T	G	0/1	29,8
3642874	T	G	0/1	9,22
3652797	G	A	0/1	9,35
3688944	C	T	0/1	30,6
3689523	G	T	1/1	0,38
3690950	T	TAGCTCGGCGACGATGCACGCCGCGCAGCGGCGTGAGGAGGAGCCGAGCAGTCCAACAC	1/1	0,4
3704596	G	C	1/1	0,37
3705930	G	A	0/1	14,43
3714211	G	T	1/1	0,41
3714757	A	C	0/1	46,10
3715660	C	A	0/1	12,27
3717205	C	T	0/1	31,10
3718357	C	T	1/1	0,35
3721806	G	C	1/1	0,51
3722592	C	G	0/1	33,5
3768495	A	C	0/1	19,21
3770705	GC	G	1/1	4,46
3771563	G	T	0/1	34,6
3776706	C	T	0/1	45,14
3784205	C	T	0/1	6,24
3785227	G	A	0/1	13,48
3788840	G	T	0/1	28,5
3796635	T	C	0/1	13,50
3797141	CG	C	0|1	15,30
3797143	G	C	0|1	16,31
3817117	C	A	1/1	0,19
3820407	A	ACGGGCCGCGTAGCGGCCCGAGGAGGAGCCGGGCAATCCAGCCTGAGCCCGGTGACGATG	0|1	18,0
3823159	A	T	1/1	0,40
3826684	C	T	1/1	0,31
3829770	T	C	0/1	24,13
3829958	A	G	0/1	22,4
3831558	C	G	0/1	35,8
3836739	G	A	0/1	7,40
3837397	G	A	0/1	7,42
3838871	A	G	1/1	0,52
3839262	C	T	0/1	7,26
3848944	G	A	1/1	3,41
3853708	C	CT	0/1	49,12
3859376	C	T	0/1	23,6
3859893	C	T	1/1	0,35
3860336	GAT	G	0|1	31,4
3860340	C	CAT	0|1	31,4
3861190	C	A	0/1	4,32
3862472	GA	G	1/1	0,23
3864995	T	C	0/1	45,14
3873392	T	G	0/1	27,12
3877421	A	G	1/1	0,28
3883226	G	A	0/1	58,8
3889834	C	A	0/1	5,35
3890189	T	C	0/1	6,41
3892671	A	G	1/1	0,61
3896340	T	G	1/1	0,38
3898408	A	G	1/1	2,55
3921305	G	C	0/1	5,32
3926369	G	A	0/1	18,32
3937147	G	A	0/1	11,18
3938039	G	A	0/1	4,40
3952800	G	A	1/1	0,42
3958245	A	G	0/1	19,42
3958403	A	G	0/1	43,9
3959418	C	T	1/1	0,42
3967361	C	T	0/1	8,56
3968114	A	G	0/1	44,7
3975253	G	A	0/1	8,40
3983271	T	G	0/1	34,14
4005607	T	C	0/1	35,7
4005862	T	C	0/1	36,11
4024273	T	C	0/1	34,7
4026899	G	A	1/1	0,43
4028292	C	T	0/1	15,59
4033954	G	A	0/1	30,10
4034827	C	T	1/1	0,39
4038287	G	A	0/1	31,7
4045645	C	T	0/1	46,12
4050877	G	C	0/1	21,3
4055801	G	A	1/1	0,68
4059904	A	G	1/1	0,52
4069292	G	A	0/1	18,7
4071994	C	A	0/1	6,32
4080979	A	G	0/1	32,4
4084599	G	T	0/1	33,14
4088346	G	A	0/1	32,8
4093879	TG	T	0/1	26,7
4095001	CG	C	1/1	0,42
4100975	T	C	1/1	0,26
4101654	G	A	0/1	4,10
4105338	G	A	0/1	7,32
4111303	G	C	1/1	0,54
4121791	T	C	0/1	11,18
4127997	G	C	0/1	35,7
4133356	G	C	0/1	18,4
4135112	G	A	0|1	29,6
4137657	G	A	0/1	36,8
4141036	G	T	0/1	50,9
4147496	C	T	0/1	30,11
4148529	T	G	0/1	30,8
4156099	C	A	1/1	0,39
4162339	A	G	1/1	0,63
4163944	A	G	0/1	47,8
4170662	C	G	0/1	10,27
4174564	T	C	0/1	17,6
4182695	G	A	0/1	33,12
4187485	T	C	1/1	0,50
4187817	A	G	1/1	0,24
4188020	A	G	0/1	6,42
4194075	G	A	0/1	4,27
4204441	A	G	1/1	0,37
4210274	A	G	1/1	0,43
4218944	C	T	0/1	9,43
4220174	G	A	0/1	40,8
4221490	C	G	1/1	0,24
4222073	A	G	1/1	0,19
4222882	A	G	1/1	1,34
4225647	G	A	0/1	34,7
4233299	G	A	0/1	24,6
4234664	G	A	0/1	8,44
4242643	C	T	1/1	0,33
4251087	G	A	0/1	42,10
4255922	A	G	0/1	44,5
4257220	A	G	0/1	25,7
4266668	C	T	0/1	25,6
4270177	G	C	0/1	17,7
4270581	T	C	0/1	33,5
4284570	A	C	0/1	12,41
4295631	C	A	0/1	38,15
4297793	T	C	0/1	29,4
4299175	G	C	0/1	37,11
4306155	C	T	1/1	0,49
4315384	T	C	0/1	50,12
4316114	G	A	0/1	41,8
4319930	TAC	T	0/1	6,34
4331807	A	C	0/1	32,8
4336090	A	AT	0/1	55,11
4338595	GC	G	1/1	0,61
4338732	G	A	0/1	35,12
4340330	T	G	0/1	43,17
4349688	C	T	0/1	45,10
4350446	G	C	0/1	32,16
4351039	G	T	1/1	0,37
4356110	G	C	1/1	0,49
4361162	T	G	0/1	13,4
4362171	G	A	0/1	8,39
4364776	G	GT	0/1	3,29
4366272	G	C	1/1	0,39
4373496	C	G	0/1	47,7
4377369	G	A	1/1	4,42
4379680	C	G	1/1	0,34
4382054	T	C	1/1	0,47
4382275	G	T	1/1	0,47
4383144	C	CCGGGG	1/1	0,31
4388153	G	A	0/1	37,10
4389202	C	T	0/1	27,5
4396238	A	T	0/1	41,9
4400660	AC	A	1/1	0,30
4408156	A	C	0/1	35,12
