1519	C	T	0/1	121,341
1977	A	G	1/1	0,230
2532	T	C	1/1	0,381
4013	T	C	1/1	0,352
6112	G	C	1/1	0,382
6124	C	T	0/1	99,274
6736	C	T	0/1	107,276
7362	G	C	1/1	0,368
7585	G	C	1/1	0,336
8452	C	T	1/1	2,362
9143	T	C	1/1	0,364
9304	G	A	1/1	1,292
10996	G	A	0/1	239,77
11611	C	T	0/1	75,182
11879	A	G	1/1	0,202
12234	C	G	0/1	77,164
13298	G	C	1/1	3,346
13460	A	G	1/1	2,190
14401	A	G	1/1	2,263
14775	C	A	0/1	263,67
14785	T	C	1/1	0,328
15117	C	G	1/1	1,325
15177	C	G	0/1	251,87
20544	G	C	0/1	100,242
21795	G	A	1|1	0,139
21819	A	C	1|1	0,129
22389	T	C	0/1	236,69
22961	T	G	1/1	1,309
23174	C	A	1/1	0,258
24698	GCCGCGTTGCTCGGGGTAA	G	1/1	2,140
26335	G	T	0|1	54,157
26347	C	G	1|1	1,222
26959	C	G	1/1	1,220
27469	A	G	1/1	0,235
27495	CG	C	0/1	44,171
27996	T	C	1/1	1,204
28045	C	G	0/1	159,49
30000	G	T	0/1	253,82
30033	C	T	0/1	233,80
30980	C	CCGAT	1/1	0,274
34044	T	C	1/1	0,374
36538	T	C	1/1	0,300
37031	C	G	1/1	0,285
39758	A	G	1/1	0,306
42281	C	A	1/1	1,207
42967	G	C	1/1	0,283
43945	A	G	1/1	0,333
46114	C	G	0/1	113,297
46824	C	T	0/1	260,91
47618	C	T	0/1	81,241
50557	T	C	1/1	0,326
51411	C	A	0/1	208,67
51949	A	G	1/1	0,382
54394	A	G	1/1	0,305
55418	A	G	0/1	77,218
55546	G	GCCT	1/1	1,165
55553	C	CCGCCGT	1/1	0,137
56186	A	G	0/1	190,66
57622	C	G	0/1	231,94
58026	C	T	0/1	272,103
62049	A	G	1/1	0,211
62289	A	G	0/1	238,79
64028	C	T	1/1	3,430
65159	G	A	1/1	3,350
65663	C	G	1/1	0,227
66101	C	A	0/1	157,59
66313	G	A	0/1	152,68
66892	C	G	1/1	0,190
67969	C	T	0/1	162,64
68174	T	C	1/1	0,288
69989	G	A	1/1	0,313
70267	G	T	1/1	1,360
70816	A	G	1/1	0,387
71336	G	C	1/1	0,117
71584	C	CCGAGCGCTGTTCTGGCGCTAATCTGACGCTAGAATAG	1/1	0,110
74737	T	G	1/1	1,296
75940	G	C	1/1	1,274
79281	C	CCCACAT	1/1	1,326
79479	T	C	1/1	4,295
79504	T	TCGGTGGACCCGGTGGACC	1/1	0,79
81675	G	T	0/1	66,294
82843	TC	T	1/1	1,241
84528	T	G	1/1	0,303
88458	G	A	0/1	132,43
88494	A	G	0/1	54,139
89200	G	T	1/1	1,272
89454	A	G	0/1	279,87
89871	C	T	1/1	0,249
92199	T	G	1/1	0,165
93489	G	T	0/1	95,28
97696	T	C	1/1	1,322
97952	C	T	0/1	94,256
98966	G	C	1/1	0,321
101902	C	T	0/1	172,62
103540	C	T	0/1	238,71
103600	A	G	1/1	0,305
108184	C	T	0/1	84,251
113641	C	T	0/1	256,97
115015	T	C	0/1	259,78
115499	T	G	1/1	1,271
116000	T	G	1/1	0,291
117087	C	G	0/1	72,217
117295	G	A	1/1	1,323
120095	G	A	0/1	79,253
122109	A	G	1/1	1,303
123520	T	C	1/1	1,335
123740	TG	T	1/1	1,323
125660	A	AG	0/1	77,212
125830	G	GA	1/1	0,268
126803	A	G	1/1	0,284
129924	G	A	0/1	191,74
131174	T	TG	1/1	1,313
133839	C	T	1/1	0,250
136698	GC	G	0/1	102,300
137233	C	T	1/1	1,448
139556	A	AC	1/1	4,348
139756	T	C	1/1	1,354
139954	A	C	1/1	1,359
142083	A	AGGCGCT	0/1	58,172
143207	T	C	1/1	0,236
143598	C	T	0/1	140,51
144564	C	T	1/1	0,225
145189	G	A	0/1	183,67
146087	T	C	1/1	0,310
146788	G	A	1/1	0,310
146872	C	T	1/1	2,341
147163	G	C	0/1	264,70
147263	T	G	0/1	253,95
151110	C	T	0/1	112,47
154283	T	C	1/1	0,382
154307	C	T	0/1	300,99
156304	G	A	0/1	93,186
158811	G	A	0/1	110,247
160976	C	G	1/1	2,197
162226	G	A	1/1	0,298
165574	C	T	0/1	255,87
167986	C	T	1/1	0,105
168312	C	T	0/1	83,33
168787	C	T	1/1	0,257
170755	G	T	0/1	79,186
174128	T	C	0/1	248,89
177150	G	C	1/1	0,328
183211	T	C	0/1	257,66
185760	C	G	0/1	76,195
187170	A	C	0/1	68,245
191150	A	G	0/1	43,126
191460	T	TCCCCCC	0|1	133,37
191462	G	C	0|1	139,9
193374	G	A	0/1	249,97
194305	C	CGG	1/1	0,242
194681	G	C	1/1	0,266
195360	T	C	1/1	0,363
196220	TTCCATTCTGGGGA	T	0/1	94,252
196642	C	T	1/1	3,364
196874	C	T	1/1	0,341
199470	T	G	1/1	1,371
199857	G	A	0|1	98,268
199859	C	A	0|1	99,267
202872	G	T	0/1	95,266
205599	C	A	0/1	255,110
206339	T	C	1/1	1,282
206481	C	G	1|1	0,241
206484	G	T	1|1	0,232
208316	AT	A	1|1	0,278
208321	G	GC	1|1	0,281
208322	T	G	1|1	0,278
210099	A	G	0/1	89,243
211993	C	A	1/1	4,264
212040	C	T	0/1	206,64
212674	T	G	0/1	249,72
215238	C	T	1/1	3,232
217201	T	C	1/1	0,323
219722	G	T	0/1	87,281
220726	A	G	0/1	86,229
223747	C	CG	1/1	0,123
223942	T	C	1/1	0,156
225039	G	A	0/1	56,220
225323	T	C	1/1	0,311
225668	C	T	1/1	2,351
226676	G	A	1/1	0,346
227098	T	C	1/1	0,260
230576	G	GT	1/1	0,255
231114	C	G	1/1	0,361
233358	A	C	1|1	0,258
233364	G	C	1|1	0,249
234268	G	T	0/1	46,107
234477	T	G	1/1	0,138
234496	C	CGT	1/1	0,160
235567	G	A	0/1	85,251
235901	C	T	0/1	78,238
241465	G	GCCGTCGCAAAC	0/1	42,71
243598	A	G	1/1	1,289
244550	A	G	1/1	1,143
249522	T	C	1/1	1,156
251575	G	A	1/1	1,222
251669	T	C	1/1	1,273
254903	C	A	1/1	0,340
257788	G	GAGGATCATCAAGGGTGCGTCGCGGAAGTA	1/1	2,201
258342	A	C	0/1	90,243
260282	G	T	1/1	0,168
261869	T	C	1/1	0,123
263149	A	C	1/1	0,123
264298	C	A	1/1	0,184
264535	C	T	0/1	214,73
264984	C	G	1/1	0,339
265170	CG	C	1/1	0,261
265554	A	C	1/1	0,357
272678	C	T	1/1	1,328
278681	C	G	1/1	0,305
280294	C	T	0/1	163,59
281208	C	T	0/1	229,97
282150	G	A	0/1	89,245
283517	G	C	0/1	38,88
283614	T	C	1/1	0,126
284367	C	T	0/1	125,57
285772	A	C	1/1	0,112
285871	A	G	1/1	0,129
286580	A	T	0/1	151,43
287510	A	C	0/1	124,51
290273	C	T	0/1	248,81
290374	T	C	1/1	3,275
291000	C	T	0/1	196,66
293628	A	AC	1/1	0,239
295718	C	T	0/1	262,102
304923	A	G	1/1	0,325
309592	C	T	0/1	148,47
310973	G	A	1/1	0,234
311613	G	T	1/1	1,358
315974	G	A	0/1	107,55
317045	G	A	0/1	177,43
318003	T	C	0/1	205,74
319784	A	G	0/1	46,123
320180	A	G	1/1	0,117
321403	G	A	0/1	153,39
325505	T	C	1/1	0,335
326002	A	G	1/1	0,294
329773	C	G	0/1	90,241
331588	G	A	1/1	0,232
333212	G	C	1/1	1,239
333292	A	G	1/1	0,143
336322	CAA	C	0|1	174,39
336325	T	G	0|1	174,39
336327	C	CGG	0|1	178,39
336332	G	C	0|1	175,43
336344	A	G	0|1	183,49
336345	T	C	0|1	183,48
336353	C	T	0|1	192,48
336356	GGAA	G	0|1	201,49
336360	C	CCTCCCCG	0|1	196,48
336369	C	T	0|1	214,46
336370	A	G	0|1	217,47
336380	A	T	0|1	217,75
336400	C	G	0/1	212,77
336403	C	G	0|1	219,76
336405	A	G	0|1	223,75
336422	TTG	T	0/1	228,73
336428	A	G	0|1	230,53
336431	C	T	0|1	227,51
336439	A	G	0|1	228,51
336441	C	T	0|1	225,50
336442	G	A	0|1	225,49
336449	T	C	0|1	223,51
336451	T	G	0|1	224,48
336452	A	G	0|1	222,47
336459	G	A	0|1	223,45
336468	G	GCGTCC	0|1	208,43
336472	C	CAG	0|1	202,44
336473	T	G	0|1	204,43
336476	A	AGTCG	0|1	204,41
336480	A	G	0|1	196,36
336504	G	T	0|1	181,70
336535	T	G	0|1	166,70
336537	T	G	0|1	158,71
336540	G	T	0|1	157,68
336546	T	G	0|1	152,71
336557	C	CT	0|1	137,73
336560	T	C	0|1	133,69
339088	T	G	0|1	145,14
339090	C	CGG	0|1	147,12
339095	G	C	0|1	146,12
342146	A	C	1/1	0,274
343281	G	C	1/1	1,313
344288	C	G	1/1	3,295
346275	C	G	1/1	0,219
356528	A	G	1/1	2,213
356882	G	A	0/1	67,205
357582	G	A	1/1	1,319
358926	A	C	0/1	81,208
376774	T	C	1/1	0,185
378357	T	G	1/1	1,363
378939	G	C	1/1	2,333
380772	G	A	0/1	92,260
381030	A	G	1/1	1,311
382296	G	A	0/1	185,64
384380	A	C	1/1	1,342
384954	G	A	0/1	40,116
386432	C	G	1/1	0,261
390828	T	C	1/1	0,310
391853	A	G	1/1	0,256
392261	T	C	1/1	1,332
393004	T	C	0/1	260,93
393941	C	T	1/1	0,330
396750	G	A	1/1	0,330
403980	G	A	1/1	0,345
404326	T	C	1/1	0,329
404501	G	A	0/1	302,84
405082	G	T	0/1	243,84
406274	T	C	1/1	0,177
406389	G	A	1/1	0,194
406992	G	T	0/1	31,129
407255	C	T	0/1	115,47
407837	G	A	0/1	72,202
409440	C	A	0/1	204,75
412280	T	G	1/1	0,286
412396	T	G	0/1	219,78
414486	C	T	1/1	0,323
415061	G	A	0/1	71,210
416675	CT	C	0/1	245,56
420008	A	G	1/1	1,336
420405	C	T	1/1	0,346
423334	G	A	1/1	0,303
424250	A	G	1/1	0,279
436608	A	G	0/1	98,241
438271	G	A	1/1	0,240
439711	T	C	1/1	0,348
445668	C	T	0/1	51,141
445695	C	T	0/1	126,46
445780	C	T	1/1	0,164
447442	C	T	1/1	1,60
447525	G	C	1/1	0,66
448630	T	C	1/1	0,38
452288	C	T	1/1	0,136
454295	T	C	1/1	0,167
455325	C	G	1|1	1,255
455329	T	C	1|1	0,249
456511	G	A	1/1	1,144
457452	T	G	1/1	0,165
459399	A	C	1/1	0,220
461259	G	A	0/1	130,58
465697	G	C	0/1	37,122
468357	A	G	1/1	0,235
469042	C	T	1/1	3,237
471666	A	G	1/1	0,329
471680	T	C	0/1	79,236
476757	C	A	0/1	142,52
476854	T	G	0/1	46,120
483935	T	G	1/1	0,344
485230	C	T	1/1	1,391
485785	T	G	1/1	2,503
486546	G	A	0/1	350,125
488158	C	T	0/1	69,245
489935	G	C	1/1	0,333
491742	T	C	1/1	1,357
492150	G	C	1/1	0,382
492655	G	A	1/1	0,329
492748	C	T	0/1	99,280
495068	C	T	0/1	76,250
495473	C	T	1/1	0,314
496284	G	T	0/1	52,162
496840	G	A	0/1	241,93
498010	T	C	0/1	81,159
498531	A	G	1/1	0,273
498557	C	A	1/1	0,281
499196	C	T	0/1	74,198
502589	C	G	1/1	0,279
503354	G	C	1/1	1,367
503647	G	A	0/1	77,263
505974	G	A	1/1	0,226
513257	T	C	1/1	0,230
514657	T	G	1/1	0,156
517358	T	C	1/1	0,258
517411	A	G	1/1	0,257
519185	T	G	1/1	1,210
520663	A	G	0/1	80,201
522081	A	G	1/1	0,231
524891	C	A	1/1	2,266
527316	C	G	1/1	0,255
528354	C	A	1/1	1,291
532502	GCTACCGCCCGACCCCCAGCGCCAACAGCATTGCGTGGCTGCTCT	G	0/1	114,114
534427	T	A	1/1	0,344
541201	A	G	1/1	1,404
542959	C	T	0/1	269,79
544939	C	T	0/1	82,243
546356	GA	G	0/1	94,197
547774	A	T	0/1	207,70
549251	C	T	1/1	1,245
549731	GT	G	0|1	68,158
549733	ACC	A	0|1	68,159
550693	T	C	0/1	234,97
551525	A	C	1/1	0,250
553195	C	T	0/1	296,83
555945	T	C	1/1	0,212
555991	A	G	1/1	0,240
556035	G	T	1/1	1,270
556222	C	T	0/1	248,69
557408	C	T	0/1	92,245
558246	C	T	0/1	237,90
558289	C	A	0/1	85,238
559350	G	A	0/1	87,232
560664	C	T	1|1	4,393
560666	A	G	1|1	4,390
564723	C	T	1/1	1,375
565404	G	T	1/1	1,369
565415	C	T	0/1	81,299
565451	C	T	0/1	288,71
565655	A	G	1/1	0,388
566511	C	T	0/1	209,75
567446	G	A	0/1	68,234
567722	C	T	0/1	81,178
568693	G	T	1/1	1,234
569045	C	T	0/1	71,198
569426	G	A	0/1	157,85
573262	A	G	1/1	1,210
573384	T	G	1/1	0,191
584171	T	C	1/1	0,223
584511	G	T	1/1	0,162
590436	T	C	1/1	0,326
590763	G	C	1/1	0,249
591965	G	A	1/1	0,341
597816	A	G	1/1	0,379
598029	A	G	0|1	355,27
598030	T	G	0|1	353,30
598043	G	C	0|1	352,42
598044	C	A	0|1	352,42
598045	G	C	0|1	352,46
598076	T	A	0|1	353,96
598079	A	G	0|1	358,93
598095	G	C	0|1	346,68
598096	A	G	0|1	344,67
598104	T	C	0|1	351,60
598111	T	C	0/1	346,53
598117	A	G	0|1	348,44
598475	G	A	1/1	0,364
599868	A	G	1/1	0,331
610120	T	G	1/1	0,317
615938	G	A	1/1	0,226
621390	G	A	1/1	0,188
627350	C	G	1/1	0,92
633631	C	T	0/1	112,27
637319	G	A	1/1	0,312
637667	C	T	0/1	88,197
643483	G	A	1/1	2,308
646531	A	T	1/1	0,164
648002	T	G	1/1	0,375
648856	T	C	1/1	0,274
649345	C	T	1/1	0,287
649518	T	C	0/1	147,54
652833	C	T	0/1	83,186
653287	G	A	0/1	78,207
655707	G	A	1/1	1,277
655986	T	G	1/1	2,328
657578	A	G	1/1	1,396
659341	T	C	1/1	0,247
662459	A	G	0/1	90,239
662911	T	C	1/1	0,200
665293	A	G	1/1	0,361
669398	T	C	1/1	0,297
670545	G	A	1/1	0,110
677209	G	C	0/1	73,207
677582	T	C	0/1	73,211
678191	T	G	0/1	257,82
678440	C	T	1/1	4,352
683910	C	T	0/1	74,222
684290	A	G	1/1	0,309
684363	C	T	0/1	208,74
685153	A	G	0/1	70,245
685461	C	G	1/1	0,242
685608	T	C	1/1	0,296
685955	G	A	1/1	1,283
686972	T	C	1/1	0,387
688792	T	TG	1/1	0,245
690248	C	A	1/1	0,93
690450	A	C	1/1	0,188
690465	T	G	1/1	0,209
692235	TGCAGA	T	0|1	79,193
692241	TG	T	0|1	79,196
693165	C	A	0/1	112,274
693722	G	T	0/1	273,77
694679	C	T	0/1	257,99
697725	C	T	0/1	232,87
698968	G	A	1/1	1,220
699693	G	A	0/1	48,137
700776	T	C	1/1	1,175
702563	C	T	0/1	216,81
703610	G	C	0/1	199,78
704195	C	T	0/1	240,86
704997	G	A	1/1	0,232
705570	C	T	1/1	0,181
705602	T	C	1/1	0,200
706463	G	A	0/1	135,51
711155	G	A	0/1	70,210
712192	G	GA	1/1	0,207
712693	A	G	1/1	0,201
713310	T	C	1/1	0,161
715266	A	G	1/1	0,291
717588	A	G	1/1	0,113
718395	C	T	0/1	117,43
720863	G	T	1/1	0,160
722852	G	A	1/1	0,127
724203	G	A	0/1	38,136
726336	C	T	0/1	144,46
726498	C	A	1/1	0,141
730087	G	A	1/1	0,317
732044	T	A	0/1	79,257
732988	C	T	0/1	108,285
734116	T	C	1/1	0,317
742634	C	CTCGGTTGGCCCGCTGCTGGGCCGGAGGCGTTCCTTTATCGCAACGATTGGTCGCCGTAAGGTGCGGTCATGCGG	1/1	0,32
745876	C	G	1/1	0,69
747935	C	T	0/1	115,42
749968	T	C	1/1	0,231
750311	TCACCCGCG	T	0/1	70,180
752046	C	T	1/1	0,343
753668	C	T	1/1	0,372
754186	A	G	1/1	0,182
754387	G	A	1/1	0,242
755255	A	G	0/1	124,34
757182	A	G	1/1	0,303
763031	T	C	1/1	0,362
763884	C	T	1|1	0,272
763886	C	A	1|1	0,265
765171	C	T	1/1	0,299
765230	G	A	0/1	191,68
767414	G	A	1/1	0,199
767516	G	T	0/1	61,184
767609	A	G	1/1	1,275
768760	C	A	0/1	96,263
768974	C	T	0/1	273,96
771780	C	T	0/1	103,259
774504	C	T	0/1	63,160
775639	T	C	1/1	0,243
776100	G	A	1/1	0,325
780308	C	T	0/1	203,66
781395	T	C	1/1	0,329
782991	C	T	0/1	92,261
784671	G	A	0/1	98,340
786137	A	C	1/1	0,277
794482	G	C	0/1	93,202
797597	C	T	1/1	1,333
797811	C	A	0/1	239,84
799136	AC	A	1/1	0,337
800357	C	A	1/1	0,302
802500	A	ATGCAGAGCGAAGCGATGAGGAG	0/1	285,78
810287	C	G	1/1	0,351
811492	C	G	1/1	1,366
812502	C	T	1/1	0,351
815236	T	C	1/1	0,266
815851	A	G	1/1	0,175
816389	C	T	0/1	67,165
817696	G	A	1/1	2,373
819213	T	C	1/1	0,218
820483	G	T	1/1	0,250
820752	C	T	1/1	1,178
821907	T	C	1/1	0,159
822625	T	C	0/1	96,24
823600	G	A	0/1	88,34
823876	C	T	0/1	192,68
827787	G	T	0/1	64,216
828439	G	C	0/1	56,154
829719	G	A	1/1	0,180
830868	G	GGC	1/1	2,239
841494	C	G	1|1	2,277
841495	A	G	1|1	1,276
841764	G	C	1/1	0,301
847995	T	C	1/1	0,292
850985	A	G	1/1	1,230
852361	G	A	0/1	82,255
852641	C	T	0/1	213,74
852910	C	T	1/1	0,218
853634	G	A	0/1	52,178
854252	GC	G	1/1	2,279
856563	G	T	0/1	91,216
857696	A	G	1/1	1,397
865761	C	T	1/1	0,263
871271	A	C	1/1	0,194
874835	C	CCG	1/1	1,357
877055	A	C	0/1	294,95
880562	G	T	1/1	0,309
882257	T	C	1/1	0,249
882344	A	G	0/1	188,52
885689	G	T	1/1	0,252
888018	C	T	0/1	140,70
891567	C	T	0/1	83,234
893733	T	G	1/1	0,222
894888	T	C	1/1	0,305
895082	A	G	1/1	0,324
895120	C	T	1/1	0,340
897197	C	G	0/1	157,34
899389	G	A	0/1	97,247
900221	T	C	1/1	0,305
903550	T	C	1/1	0,277
903913	T	C	1/1	0,285
905726	G	T	0/1	143,44
906857	A	G	1/1	1,257
909623	T	C	0/1	237,76
910015	C	A	1/1	0,250
911009	C	T	0/1	190,54
911261	T	C	1/1	0,214
911420	T	G	0/1	66,200
912363	C	T	0/1	224,77
912534	G	A	0/1	189,47
913274	C	G	1/1	2,340
916046	T	G	1/1	0,220
918681	G	T	0/1	79,292
919252	A	G	0/1	197,77
931123	T	C	1/1	0,346
932063	G	T	0/1	204,68
932280	T	C	1/1	1,179
932660	T	C	0/1	268,91
933699	G	T	1/1	2,308
934230	C	G	1/1	1,375
934611	G	T	1/1	0,254
935172	G	A	0/1	235,79
938246	A	G	1/1	0,265
941705	C	G	0/1	76,242
941845	C	A	1/1	0,313
945214	G	A	1/1	0,265
946466	G	T	0/1	208,54
948294	T	C	1/1	2,313
949087	C	T	0/1	68,187
949535	T	C	1/1	0,232
951142	C	A	1/1	1,329
952597	C	T	1/1	0,194
952810	CT	C	1/1	0,248
953334	G	C	0/1	83,221
955442	G	A	0/1	169,63
955524	A	G	1/1	2,282
957117	T	C	1/1	0,213
960367	A	G	1/1	0,308
961472	G	T	0/1	67,153
973214	T	C	0/1	67,13
976012	G	A	0/1	188,64
976043	G	T	1/1	0,253
979704	G	C	1/1	0,246
984782	A	G	0/1	134,58
986463	G	C	1/1	0,363
987416	C	G	0/1	99,206
987601	C	T	1/1	0,329
988490	ACCACAC	A	0/1	107,219
990001	G	C	1/1	0,355
992149	G	A	0/1	76,239
992401	G	T	0/1	85,224
993346	A	C	1/1	0,402
996219	G	A	1/1	2,389
1002342	T	C	1/1	0,235
1002374	G	A	0/1	189,78
1007778	G	A	0/1	59,156
1009490	C	T	1/1	0,271
1010204	C	CG	1/1	0,251
1014815	T	G	1/1	0,374
1022613	G	A	1/1	0,335
1024346	A	G	1/1	0,256
1025106	T	C	1/1	0,331
1029997	A	G	1/1	0,225
1032524	T	C	1/1	2,334
1034713	GT	G	0/1	76,241
1036100	C	T	0/1	125,55
1037012	T	C	1/1	0,260
1037911	C	T	1/1	0,316
1040706	A	C	1/1	0,293
1043136	C	T	1/1	1,335
1047165	T	C	1/1	0,357
1048102	G	A	1/1	1,315
1050367	C	T	0/1	80,196
1054784	C	G	1/1	0,282
1058324	G	A	0/1	191,64
1059690	G	T	0/1	217,61
1061386	T	C	1/1	0,188
1062244	G	A	0/1	296,80
1063765	G	A	1/1	0,357
1063922	C	T	1/1	0,257
1065846	C	G	0/1	154,47
1066025	G	A	0/1	113,36
1066038	A	G	1/1	0,155
1068151	T	C	1/1	0,346
1068432	A	G	1/1	0,308
1070702	T	C	1/1	1,269
1072330	A	G	0/1	115,43
1072342	A	G	1/1	0,154
1073716	C	T	0/1	39,120
1074558	G	A	1/1	1,269
1075167	GCAT	G	1/1	0,255
1075279	T	C	1/1	0,357
1076309	G	T	1/1	1,312
1077312	A	G	1/1	0,293
1077624	GC	G	1/1	0,167
1077754	C	T	1/1	1,267
1079457	C	T	0/1	197,63
1079927	C	A	1/1	0,179
1080192	G	A	1/1	1,162
1080542	T	C	0/1	49,149
1080812	C	T	0/1	98,223
1081681	T	C	1/1	0,242
1083755	A	G	1/1	2,329
1086648	C	A	1/1	1,249
1087193	G	C	1/1	0,306
1087852	G	A	0/1	84,181
1090188	A	AG	1/1	0,235
1097023	G	A	1/1	0,183
1098523	T	A	1/1	0,291
1099070	C	T	0/1	272,94
1100234	T	C	1/1	1,355
1104690	T	G	1/1	1,482
1105284	G	A	1/1	0,385
1106422	T	C	1/1	0,432
1107924	GCCA	G	0/1	43,137
1107940	A	C	1/1	0,185
1108113	G	T	0/1	70,172
1109163	C	G	1/1	0,167
1109961	A	G	0/1	250,120
1109975	A	G	1/1	0,351
1110956	T	G	1/1	2,175
1111518	T	C	1/1	0,221
1113290	G	C	1/1	0,206
1114071	G	A	0/1	258,91
1117286	C	A	0/1	208,81
1117304	C	T	0/1	75,216
1117405	C	T	1/1	2,307
1119739	C	T	1/1	2,228
1119792	C	G	0/1	77,197
1121071	G	A	1/1	0,79
1123597	A	G	1/1	0,295
1126889	G	C	1/1	0,285
1127648	C	A	1/1	0,319
1131229	C	CG	1/1	0,183
1131233	G	T	0/1	48,143
1131300	G	A	1/1	1,276
1136958	G	A	0/1	142,52
1139222	G	A	1/1	1,194
1143832	A	C	1/1	0,137
1144221	G	A	0/1	182,63
1144585	A	G	1/1	0,256
1146224	C	T	0/1	236,83
1147228	C	T	0/1	163,57
1148259	A	G	1/1	1,302
1149551	C	T	1/1	0,278
1150585	G	A	1/1	0,165
1151485	CGT	C	1/1	2,241
1155700	C	T	1/1	1,366
1157416	G	C	0/1	232,78
1157771	G	C	1/1	0,314
1164336	G	A	1/1	3,336
1168715	C	CT	1/1	0,306
1175537	T	C	0/1	57,192
1175935	C	T	0/1	65,183
1177007	G	A	0/1	83,272
1178116	T	C	1/1	0,309
1184798	C	T	0/1	168,68
1184826	G	T	1/1	1,205
1192830	G	A	1/1	0,274
1193668	G	A	0/1	270,82
1194475	C	A	0/1	54,188
1195358	T	G	0/1	63,217
1199019	T	C	1/1	1,310
1200418	A	G	1/1	0,320
1200617	G	A	0/1	258,105
1202191	G	A	0/1	94,254
1203408	C	T	0/1	30,111
1203824	T	C	1/1	1,289
1208602	G	A	0/1	112,51
1211369	A	C	1/1	0,289
1220570	G	T	1/1	1,276
1220680	T	C	1/1	0,337
1222135	G	A	0/1	82,243
1224367	T	C	1/1	0,154
1225168	T	C	0/1	80,203
1228116	A	G	1/1	0,218
1230778	G	A	1/1	1,418
1234978	C	T	0/1	121,41
1235446	T	C	1/1	0,250
1237403	G	A	1/1	0,251
1246672	T	G	0/1	72,199
1248382	A	G	1/1	0,231
1248936	G	C	1/1	0,246
1248978	T	C	1/1	0,236
1249169	T	C	0/1	81,180
1250340	A	G	1/1	0,254
1250357	T	G	1/1	0,261
1251199	C	T	1/1	0,375
1254562	A	G	1/1	0,322
1255343	C	T	0/1	157,76
1260143	G	A	0/1	37,83
1262230	C	T	1/1	0,259
1265067	T	G	0/1	190,67
1270416	C	CCG	0/1	75,206
1271143	A	AG	1/1	3,277
1273250	G	GA	1/1	0,350
1273900	G	C	0/1	71,203
1275957	T	C	1/1	1,365
1281118	T	C	1/1	1,410
1281307	C	T	0/1	96,277
1281771	T	C	1/1	0,294
1281860	C	A	0/1	187,77
1287112	T	C	0/1	170,47
1287160	A	C	1/1	0,205
1292102	A	G	1/1	0,163
1293121	C	T	0/1	122,39
1293597	G	A	0/1	252,93
1300601	G	C	0/1	57,169
1306259	A	G	1/1	0,364
1306444	T	C	0/1	78,219
1307598	C	G	1/1	0,318
1310316	C	T	1/1	0,171
1312604	G	A	0/1	82,228
1313337	A	AG	1|1	0,114
1313338	A	C	1|1	0,116
1314617	C	T	1/1	0,319
1315191	A	C	1/1	0,352
1315532	C	G	0/1	78,229
1315884	G	A	1/1	0,280
1316354	G	A	0/1	80,222
1320508	G	A	1/1	1,417
1320614	C	G	1/1	3,372
1327890	G	A	1/1	0,299
1328687	G	C	1/1	1,180
1332921	C	CT	0/1	221,75
1344857	C	T	1/1	2,274
1346659	A	C	0/1	38,144
1348518	GCCA	G	1/1	1,214
1351172	A	G	1/1	0,261
1356648	C	T	1/1	2,323
1358940	C	A	1/1	2,209
1360002	TG	T	0/1	75,231
1360209	T	C	1/1	0,254
1361350	A	C	0/1	60,142
1361789	C	G	0/1	209,70
1362006	T	C	1/1	2,317
1365837	C	CGG	1/1	0,164
1367484	T	G	1/1	0,318
1368947	A	G	1/1	0,138
1369389	C	T	1/1	0,219
1369735	G	A	1/1	0,242
1373603	C	T	0/1	219,83
1374065	T	C	1/1	0,169
1374578	C	T	1/1	1,250
1374639	T	A	1/1	1,270
1375724	A	C	1/1	0,272
1377008	C	T	0/1	63,171
1382628	T	C	1/1	0,330
1383824	G	C	0/1	50,146
1387211	G	A	1/1	0,224
1389866	C	T	1/1	1,391
1390763	C	T	1/1	0,398
1393626	A	G	1/1	0,225
1395010	A	G	1/1	0,320
1396922	T	C	1/1	0,266
1397199	G	A	0/1	56,129
1397201	A	G	1/1	1,180
1397215	C	G	1/1	2,179
1399506	A	G	0/1	81,219
1400396	A	G	1/1	1,296
1406503	C	G	0/1	68,222
1407625	G	A	0/1	115,39
1408549	C	T	0/1	77,250
1409030	CGGATTTCTATT	C	1/1	0,277
1410062	G	C	1/1	0,341
1411210	T	G	1/1	0,272
1413148	C	T	1/1	0,230
1414021	C	T	1/1	0,326
1414621	C	A	0|1	162,44
1414629	T	A	0|1	166,42
1414653	C	T	0/1	145,35
1415097	C	G	0|1	106,150
1415112	G	T	0|1	224,52
1417019	C	T	1/1	0,233
1417554	G	C	1/1	0,358
1417793	G	A	1/1	1,353
1420317	G	A	0/1	76,240
1422490	C	T	0/1	76,206
1424699	T	C	1/1	0,260
1426589	C	T	0/1	56,175
1426928	C	T	1/1	0,275
1437975	G	C	0/1	95,222
1440469	C	G	1/1	0,395
1443354	C	T	1/1	0,268
1443378	T	C	0/1	168,50
1443428	G	GGGTTAGATTGCCCGGCTCCTCAACCCGCCGTTTCGGCGTGCATCGTCGCCGGGCTA	1/1	0,3
1445781	A	G	1/1	0,261
1445977	C	T	1/1	0,342
1447855	C	T	0/1	89,246
1452479	C	A	0/1	215,77
1457144	C	T	1/1	0,251
1458144	C	A	1/1	0,273
1468150	C	T	0/1	318,60
1470261	G	A	0/1	89,263
1471659	C	T	1/1	0,371
1475049	C	T	0/1	198,60
1477889	C	G	0/1	178,49
1479085	T	C	1/1	1,240
1482627	T	C	1/1	0,289
1482886	C	A	0/1	233,72
1484708	A	C	1/1	0,315
1490905	A	G	1|1	0,338
1490911	G	A	1|1	2,335
1491275	G	A	0/1	263,93
1492194	T	C	1/1	1,394
1495150	A	G	0/1	248,87
1496964	G	T	1/1	0,214
1497986	C	A	0/1	160,56
1499274	C	G	1/1	0,204
1505194	T	C	1/1	1,255
1505973	G	A	1/1	0,361
1508940	G	A	0/1	93,269
1509067	C	T	0/1	85,254
1509924	C	T	0/1	221,91
1511790	C	T	0/1	242,85
1513460	G	A	0/1	86,207
1514010	G	T	1/1	1,191
1517558	T	A	0/1	267,83
1521526	T	C	1/1	2,384
1522862	C	T	1/1	1,357
1523175	A	C	1/1	1,415
1523791	A	G	1/1	0,414
1525160	G	A	1/1	1,357
1526819	C	A	1/1	0,363
1527832	A	G	0/1	291,79
1532323	GCATCTCAGGAGTGTATTAA	G	0/1	105,168
1534548	G	A	1/1	0,335
1535643	C	T	1/1	0,255
1536251	G	T	1/1	0,232
1537947	C	T	0/1	84,253
1540141	T	C	1/1	0,296
1544255	C	T	1/1	0,390
1545119	C	T	1/1	0,353
1546703	C	T	1/1	0,274
1547125	T	C	1/1	0,386
1548087	G	A	1/1	0,375
1552547	G	A	1/1	0,216
1559562	C	A	1/1	0,248
1560912	G	A	1/1	0,142
1563686	G	T	1/1	0,309
1563717	C	T	1/1	0,329
1568178	C	T	1/1	1,277
1569625	G	A	0/1	88,222
1570566	C	A	1/1	0,310
1573931	C	T	0/1	197,68
1574206	T	C	1/1	0,295
1575275	C	A	0/1	40,184
1575793	A	G	1/1	0,249
1580181	G	A	1/1	1,167
1581377	C	T	1/1	0,339
1584379	A	C	1/1	0,183
1584501	G	GT	0/1	63,193
1585283	A	C	1/1	0,168
1585404	G	A	1/1	0,157
1588899	G	T	1/1	1,208
1589739	C	T	1/1	0,205
1590106	G	C	0/1	56,175
1590555	C	T	1/1	0,295
1594754	C	T	0/1	60,208
1596515	C	T	0/1	67,223
1600685	C	T	1/1	1,298
1601336	T	C	0/1	74,205
1601528	C	T	1/1	0,204
1604290	A	T	1/1	0,316
1606262	A	G	0/1	58,213
1608276	A	C	1/1	0,305
1609232	G	T	0/1	72,222
1609840	A	G	1/1	0,215
1611283	T	C	1/1	0,368
1612624	T	TATCGGTACCGGTGCGCCAGGG	1/1	2,64
1613035	T	C	1/1	0,254
1616703	T	C	0/1	243,77
1616831	A	G	1/1	1,314
1617833	C	T	1/1	2,292
1620108	C	T	0/1	154,54
1620665	C	A	0/1	149,53
1624791	C	G	1/1	0,179
1624936	G	A	0/1	59,161
1625259	A	C	1/1	0,278
1627351	T	C	1/1	0,268
1630148	A	C	1/1	1,291
1639418	A	G	1/1	1,303
1639594	C	A	1/1	0,216
1639643	T	C	1/1	0,282
1640442	C	T	1/1	1,319
1640993	G	A	0/1	78,242
1641081	C	T	0/1	70,219
1641187	G	A	0/1	64,183
1645802	T	C	1/1	0,245
1647830	G	A	1/1	1,166
1650072	A	G	1/1	0,268
1655174	A	T	0/1	170,78
1658535	G	T	1/1	0,182
1659865	A	G	0/1	191,50
1659902	T	C	1/1	0,262
1659994	C	T	1/1	0,273
1663441	G	A	0/1	261,100
1669463	G	T	0/1	66,171
1675153	T	G	0/1	81,227
1676290	C	A	1/1	0,332
1686414	C	T	0/1	192,67
1688300	T	C	1/1	0,268
1689349	C	T	1/1	0,261
1689496	T	G	0/1	239,77
1691520	T	G	1/1	0,436
1692141	A	C	1/1	2,491
1693561	A	G	1/1	0,419
1694547	A	C	1/1	0,404
1695674	G	A	1/1	6,549
1696499	G	GCGGT	1/1	0,389
1697267	T	C	0/1	117,339
1697460	C	T	0/1	300,91
1698911	G	A	1/1	0,380
1699849	G	A	1/1	1,373
1705109	G	C	0/1	243,79
1706119	T	C	1/1	0,341
1706746	C	A	1/1	2,361
1708695	C	T	0/1	65,207
1709432	C	T	1/1	0,415
1713192	A	G	1/1	1,372
1714666	G	A	0/1	239,85
1715590	C	T	0/1	81,275
1716057	C	G	0/1	266,85
1716472	A	G	1/1	0,326
1717725	G	A	0/1	68,245
1718444	T	C	1/1	0,249
1718910	T	TCAGGGCTCGCTCGC	1|1	0,103
1718913	A	AGCTGTGCGCAGACATCGGAGATCATGG	1|1	0,63
1721490	C	G	1/1	0,240
1721745	C	T	0/1	232,84
1722467	G	A	0/1	71,202
1724231	C	T	0/1	113,49
1726433	C	T	0/1	46,108
1726816	G	T	1/1	1,136
1727843	G	A	0/1	98,257
1728615	A	C	1/1	0,341
1728837	A	G	1/1	0,324
1729969	CA	C	0/1	225,93
1731563	A	T	1/1	2,295
1734039	A	G	0/1	173,70
1735903	A	G	1/1	0,301
1739390	A	G	1/1	0,234
1745446	T	A	1/1	0,334
1753519	G	GC	1/1	0,199
1754016	G	GC	1/1	0,227
1754299	A	C	1/1	2,219
1754983	C	T	1/1	1,280
1758790	C	T	1/1	0,317
1759252	G	T	1/1	2,343
1760292	A	G	1/1	0,291
1760923	T	C	1/1	1,259
1766689	GCA	G	1/1	1,264
1770137	C	T	0/1	256,90
1775404	A	C	0/1	205,72
1778430	T	C	1/1	0,152
1789860	T	C	0/1	200,70
1791608	T	G	0/1	191,50
1791823	T	C	1/1	1,321
1792777	T	C	1|1	0,281
1792778	T	C	1|1	0,279
1797577	A	G	1/1	0,320
1798355	G	A	1/1	0,272
1798591	A	G	0/1	229,76
1799178	G	A	0/1	163,43
1803265	G	A	1/1	0,302
1804409	C	A	1/1	1,332
1810111	G	A	0/1	71,155
1814135	A	G	1/1	0,271
1817976	A	T	1/1	0,319
1823579	C	T	0/1	60,166
1826054	T	C	1/1	1,320
1826264	A	G	0/1	264,76
1826343	C	T	1/1	1,266
1826624	G	A	1/1	1,304
1827040	G	C	0/1	238,77
1827553	C	G	1/1	0,287
1829576	C	T	1/1	2,295
1831531	G	A	0/1	41,137
1832642	G	T	1|1	0,241
1832643	G	C	1|1	0,243
1836286	G	C	1/1	0,177
1837320	G	C	0/1	194,70
1838136	C	T	0/1	242,74
1839260	T	G	1/1	1,242
1839306	A	G	1|1	1,265
1839329	G	A	1|1	1,262
1839759	G	C	1/1	0,147
1841115	C	T	0/1	68,166
1843639	C	CACTGCTCCTAT	0|1	207,89
1843641	A	C	0|1	214,51
1843643	G	GGCTGCGCCGGCA	0|1	216,46
1847919	C	G	1/1	0,263
1848147	C	A	1/1	0,130
1849191	T	C	1/1	2,284
1849609	T	C	1/1	0,324
1853974	C	T	1/1	0,242
1854045	A	G	1/1	0,201
1854300	T	C	1/1	0,156
1855625	C	T	0/1	202,60
1856777	G	C	1/1	0,282
1857903	C	T	0/1	227,94
1858786	C	T	0/1	146,39
1859559	C	A	1/1	0,299
1859989	C	T	1/1	4,295
1868760	A	C	0/1	54,124
1872959	A	G	1/1	0,125
1873954	G	T	1/1	0,162
1874993	CG	C	1/1	5,226
1876393	C	T	0/1	48,164
1876718	A	G	0/1	36,80
1876739	T	G	1/1	0,135
1879921	T	C	0/1	221,61
1880924	C	A	0/1	68,195
1882406	A	C	0/1	107,40
1882828	T	A	0/1	199,65
1885772	G	A	1/1	0,297
1886263	C	G	1/1	1,304
1887284	G	A	1/1	1,324
1889073	G	C	1/1	2,311
1893470	A	AT	0/1	200,54
1893924	C	T	0/1	206,57
1894300	G	GGTCTTGCCGC	1/1	1,263
1894422	A	G	1/1	0,220
1895189	C	T	0/1	161,71
1897646	G	C	1/1	0,258
1900800	A	G	1/1	0,316
1901493	T	C	1/1	0,343
1901623	G	T	0/1	91,282
1902156	G	A	1/1	0,331
1902378	T	C	0/1	230,79
1905225	A	G	0/1	59,173
1906336	A	G	1/1	0,341
1907177	C	T	1/1	1,399
1907296	G	C	1/1	0,328
1916137	A	G	1/1	0,145
1916716	G	A	0/1	58,180
1917972	A	G	1/1	0,191
1920120	G	T	1/1	0,254
1923985	G	A	1/1	0,373
1924959	T	C	1/1	0,301
1931179	C	A	1/1	1,252
1931470	G	A	1/1	0,284
1933988	G	A	1/1	0,319
1934376	GC	G	0/1	248,91
1935695	T	G	1/1	0,321
1936525	G	A	1/1	0,300
1940307	G	T	1/1	0,271
1941823	C	T	0/1	200,53
1943723	C	T	1/1	0,336
1944107	A	G	1/1	0,287
1944402	T	C	1/1	0,238
1948644	G	A	0/1	75,241
1949419	C	A	0/1	34,109
1950767	T	C	1/1	0,361
1952160	T	C	1/1	0,155
1953888	G	A	0/1	65,206
1955638	C	A	0/1	349,193
1956930	T	G	1/1	2,371
1959843	AC	A	0/1	60,176
1960284	C	A	1/1	0,297
1962680	G	A	0/1	232,73
1963383	G	A	1/1	0,266
1963957	T	C	1/1	1,209
1967237	C	A	1/1	0,312
1967783	A	G	0/1	61,209
1967975	G	A	0/1	228,82
1968933	C	T	0/1	247,71
1971725	G	C	1/1	0,276
1976014	C	T	0/1	233,75
1978807	G	T	1/1	1,290
1978884	G	A	0/1	131,55
1979026	C	T	1/1	0,341
1981330	G	T	0/1	174,81
1993526	C	T	0/1	57,199
1993808	A	T	1/1	0,247
1999091	C	G	0/1	86,250
2005274	A	C	0/1	234,65
2005946	T	C	0/1	96,242
2008404	C	G	0/1	217,59
2008669	T	A	0/1	76,248
2012454	C	T	0/1	222,96
2013943	G	C	1/1	0,172
2016286	C	A	0/1	155,53
2017291	T	C	1/1	1,341
2017560	A	T	1/1	0,378
2019236	T	G	1/1	1,275
2022643	G	T	0/1	36,115
2022868	T	C	1/1	0,178
2023211	G	T	1/1	3,291
2030486	G	GT	1|1	0,266
2030488	AT	A	1|1	0,267
2030521	T	C	1/1	1,273
2031993	C	T	0/1	107,300
2034628	G	A	0/1	216,87
2035937	G	A	1/1	0,304
2047425	GCGCT	G	1|1	1,267
2047430	AACTTCCCGTCTC	A	1|1	1,272
2049889	G	A	0/1	67,186
2052960	T	TGCAGACCTATGA	1/1	1,262
2053320	G	T	0/1	98,280
2055271	A	G	1/1	0,187
2057593	G	A	0/1	54,196
2057774	A	T	1/1	0,288
2060905	C	T	0/1	199,71
2062922	T	C	1/1	0,303
2066471	T	C	1|1	0,321
2066474	T	C	0|1	249,72
2068353	G	A	0/1	98,239
2070181	A	C	0/1	63,161
2072127	G	C	0/1	89,237
2072190	A	C	1/1	0,360
2074754	C	T	1/1	0,286
2077427	G	A	0/1	102,255
2083124	T	C	1/1	2,250
2083610	G	C	1/1	0,182
2085811	C	A	0/1	84,254
2090306	G	A	1/1	0,308
2090400	T	TCGCCAACGCCAC	1/1	0,228
2092391	G	T	1/1	0,263
2092970	C	T	1/1	0,226
2093252	C	G	0|1	185,58
2093253	C	T	0|1	186,58
2093715	T	C	1/1	0,318
2094911	ACAGCGT	A	1/1	0,288
2096094	C	T	1/1	0,162
2096186	A	G	1/1	0,214
2096430	A	C	1/1	1,314
2097144	G	C	1/1	0,293
2104779	C	T	1/1	0,205
2108141	T	C	1/1	2,167
2108890	A	C	1/1	0,224
2109523	C	CG	1/1	0,234
2110365	A	C	1/1	0,207
2110812	G	T	0/1	74,246
2114486	G	A	0/1	74,253
2116903	C	T	1/1	0,257
2120229	C	T	0/1	267,81
2120796	T	A	1/1	0,352
2120953	C	G	1/1	3,325
2122625	A	G	1/1	2,301
2122729	G	T	0/1	198,61
2122826	G	A	1/1	1,270
2122976	C	G	1/1	0,309
2123169	T	G	1/1	0,343
2123894	G	A	0/1	282,104
2128372	A	G	1/1	0,262
2128870	A	G	1/1	0,298
2129281	C	A	1/1	1,374
2130529	A	G	1/1	1,262
2131540	C	T	0/1	72,235
2132062	C	G	1/1	2,322
2133468	T	TTCGCATGCCGTCACC	1/1	1,152
2135870	T	C	1/1	0,284
2136621	G	A	0/1	81,250
2137521	A	ACTCCGATCAC	1/1	0,244
2138280	G	A	0/1	86,258
2138767	G	C	1/1	0,396
2139403	G	C	0/1	90,240
2143328	G	C	1/1	0,264
2143523	C	CT	1/1	0,331
2143973	A	G	0/1	77,212
2144209	G	GC	0/1	93,201
2145744	C	T	0/1	174,42
2145878	A	G	1/1	0,199
2146024	G	A	0/1	29,95
2146065	C	CGGCGGTCGCGGCGGGGCGGGCGGTAGAGGCGGCGACGGCGGGCAA	1/1	0,32
2147022	A	C	1/1	0,328
2147429	G	C	0/1	63,219
2147641	C	CGTTAGTTCATGCGTA	1/1	2,207
2149179	G	GA	0/1	96,278
2150910	C	T	0/1	307,109
2151678	G	T	1/1	0,317
2154724	C	A	1/1	1,336
2156146	T	C	0/1	270,98
2158109	T	C	1/1	0,315
2158563	GT	G	1/1	0,222
2160998	G	A	1/1	0,283
2161343	G	GT	1/1	0,302
2172395	C	A	0/1	274,84
2177073	T	C	1/1	0,372
2177968	G	T	1/1	1,301
2179590	C	T	0/1	236,78
2185358	G	A	1/1	0,217
2198635	T	C	0/1	96,294
2199052	C	G	1/1	0,355
2199416	A	G	1/1	1,243
2207560	G	A	0/1	88,232
2207591	T	TC	1/1	0,293
2209465	G	A	1/1	0,295
2211826	A	G	1/1	0,299
2214069	C	G	0/1	138,55
2214995	G	C	0/1	325,38
2216370	G	C	1/1	0,294
2216443	C	A	1/1	1,217
2218012	A	G	1/1	0,347
2218051	C	T	0/1	70,224
2218488	G	C	1/1	2,301
2219955	CG	C	1/1	0,241
2220512	T	G	1/1	0,358
2220804	C	T	0/1	88,253
2222308	T	C	1/1	0,373
2223293	T	C	1/1	0,329
2223712	C	T	0/1	267,87
2226181	T	C	0/1	218,73
2228967	A	G	1/1	1,350
2229801	C	G	1/1	0,297
2231486	A	G	1/1	2,345
2236091	A	G	0/1	57,176
2236171	G	A	0/1	194,75
2237497	G	C	1/1	1,223
2238930	A	C	1/1	1,356
2239055	C	T	1/1	0,352
2240062	C	G	1/1	0,372
2240564	C	T	0/1	85,241
2241646	C	T	1/1	0,223
2241742	A	G	1/1	0,248
2242808	G	A	1/1	1,373
2243034	T	G	1/1	1,337
2245149	G	T	0/1	69,200
2246960	G	C	1/1	1,374
2247079	C	T	0/1	299,113
2247677	A	C	1/1	1,370
2249035	A	G	1/1	1,195
2249549	G	C	0/1	46,131
2249789	G	A	0/1	68,197
2251999	A	G	1/1	0,342
2252233	C	G	0/1	226,76
2255942	G	T	1/1	0,413
2260100	C	T	1/1	0,319
2260525	C	T	1/1	1,188
2264782	C	A	1/1	0,352
2265059	T	G	1/1	0,359
2266487	G	C	0|1	344,131
2266504	T	TA	0|1	318,155
2266508	A	T	0|1	310,146
2266511	GT	G	0|1	313,149
2266517	T	C	0|1	315,158
2266550	G	T	0|1	324,219
2266553	C	G	0|1	325,219
2266583	C	G	0|1	318,153
2266598	G	C	0|1	344,164
2266604	C	G	0|1	349,166
2266613	G	GC	0|1	355,167
2266624	G	T	0/1	354,147
2269780	T	C	1/1	0,237
2270102	A	G	1/1	0,315
2279244	T	C	0/1	81,263
2282376	C	T	1|1	0,289
2282377	C	T	1|1	0,289
2282787	C	T	1/1	0,303
2283831	A	C	0/1	226,74
2285251	C	A	1/1	2,408
2287121	A	G	1/1	0,358
2290369	C	T	0/1	253,74
2309356	G	A	1/1	2,276
2310831	C	T	0/1	23,62
2311099	C	G	1/1	0,113
2318113	G	A	0/1	80,50
2321358	G	C	1/1	0,124
2322196	T	G	0/1	95,26
2327903	ATGAT	A	1/1	1,179
2328260	G	C	0/1	205,65
2328543	T	C	1/1	0,190
2329533	A	G	1/1	0,158
2331255	C	T	1/1	1,257
2331620	A	C	1/1	0,137
2331789	G	T	1/1	0,228
2334007	A	G	1/1	0,309
2335075	A	G	1/1	0,385
2335494	A	G	1|1	0,225
2335500	C	T	1|1	0,217
2338194	AC	A	1/1	0,196
2341030	G	A	1/1	0,234
2341636	C	G	1/1	1,175
2342403	C	G	1/1	3,299
2342649	A	AGGCGTACACAC	1/1	1,218
2345037	C	A	1/1	1,224
2346463	G	A	0/1	160,39
2349634	C	T	1/1	0,256
2350186	A	G	1/1	0,111
2352065	C	CCTCGCCTGGGCTGGCGAGCAGACGCAAAATCCCCCGCACGCCCGGCGTGTCGGGGGATTTTGCGTCTG	0/1	175,19
2357268	TGCC	T	1/1	1,87
2358029	T	TG	1/1	0,121
2359430	C	T	0/1	29,111
2361604	C	G	1/1	0,184
2362041	C	A	1/1	0,262
2364740	C	T	0/1	246,81
2368564	TA	T	1/1	0,358
2368647	C	T	0/1	103,278
2369186	G	C	1/1	0,346
2369326	C	G	1/1	1,288
2374181	C	G	0/1	100,258
2374442	G	A	1/1	2,330
2376425	A	G	1/1	2,306
2378040	G	A	0/1	234,81
2379743	C	G	1/1	0,249
2386389	G	A	1/1	0,280
2386661	G	C	0/1	168,54
2388641	G	A	1/1	0,253
2390299	A	G	1/1	2,310
2397760	C	G	1/1	0,201
2399887	C	T	0/1	83,252
2400031	G	A	1/1	0,302
2401825	TGGCTCCTCCTCACCCCGTTACCCGGGGCGCATCGTCGCCGAGCTCGATTTGATTGCCC	T	0/1	64,66
2403209	A	G	0/1	57,177
2407121	T	C	0/1	63,151
2415656	G	C	1/1	0,62
2415708	G	T	0/1	15,72
2419142	A	G	1/1	0,57
2419310	G	T	0/1	116,30
2421816	A	G	1/1	0,118
2421975	G	GGGAA	1/1	0,112
2424864	A	G	1/1	1,199
2424925	A	G	1/1	0,212
2425097	A	C	1/1	0,202
2425471	T	C	1/1	1,272
2437259	G	T	1/1	1,299
2440926	G	T	1/1	0,300
2446901	C	A	0/1	224,87
2447539	A	G	1/1	0,333
2448288	G	A	1/1	0,346
2448458	C	T	1/1	0,293
2449295	G	A	1/1	0,198
2450045	G	A	1/1	0,235
2451081	C	G	1/1	0,298
2451927	G	GCAGC	1/1	2,125
2456149	G	A	0/1	161,45
2458229	A	G	0/1	236,88
2462871	G	A	1/1	1,260
2470485	G	T	1/1	0,235
2470591	A	C	1/1	0,208
2472956	T	C	1/1	0,134
2478459	C	T	0/1	125,45
2484747	C	T	0/1	149,69
2495500	T	C	1/1	0,212
2499726	G	A	1/1	0,183
2500892	C	T	1/1	0,277
2501147	G	GC	1|1	0,241
2501148	T	C	1|1	0,243
2503549	C	A	1/1	2,297
2508395	G	A	1/1	0,186
2509140	G	C	1/1	1,119
2509181	C	G	1/1	1,125
2509722	A	G	1/1	0,221
2511144	G	A	0/1	84,286
2511712	G	T	1/1	1,302
2513078	C	T	0/1	75,192
2516567	G	C	1/1	0,278
2517610	G	A	1/1	0,248
2518132	C	T	1/1	0,329
2521342	T	C	1/1	0,256
2523205	G	GCGC	1/1	0,89
2525615	G	T	0/1	41,177
2525722	CG	C	1/1	0,221
2526974	T	C	1/1	0,308
2528931	G	A	1/1	0,291
2529680	A	G	1/1	0,305
2530434	G	T	1/1	1,202
2530739	G	T	0/1	122,38
2534562	GGA	G	1/1	0,216
2536417	C	T	0/1	55,162
2538793	G	A	1/1	0,282
2540560	A	G	0/1	271,71
2544979	T	A	1/1	0,298
2547274	A	G	1/1	2,369
2547529	A	AG	1/1	2,321
2552592	A	C	0/1	53,159
2553682	C	T	1/1	0,315
2562783	T	C	1/1	1,276
2563563	G	A	0/1	211,76
2563958	A	C	1/1	0,336
2564368	G	GC	1/1	0,321
2566766	C	CG	1/1	0,310
2566768	A	C	1/1	0,324
2567126	G	T	0/1	279,96
2569593	A	G	1/1	1,294
2573434	G	T	1/1	0,352
2573756	C	A	1/1	1,320
2574598	C	T	1/1	0,320
2574810	C	T	0/1	260,64
2577246	A	G	1/1	0,179
2578626	A	G	1/1	1,288
2579856	A	G	0/1	79,226
2580759	G	A	0/1	255,91
2581109	C	A	1/1	1,369
2581460	G	A	0/1	249,89
2581971	G	A	0/1	255,107
2582324	G	A	1/1	0,319
2586127	A	G	1/1	1,327
2589216	G	C	1/1	0,315
2592063	GT	G	1/1	5,311
2593057	T	C	0/1	249,84
2594469	C	CA	0|1	224,56
2594471	C	G	0|1	228,57
2594793	G	A	0/1	227,65
2597144	G	A	0/1	39,126
2598400	A	G	1/1	0,278
2602575	G	A	1/1	0,296
2604156	TCAGTGCCAA	T	0/1	73,172
2605293	G	T	1/1	2,295
2606797	G	GC	1/1	0,330
2606844	G	C	0/1	299,83
2608117	C	A	1/1	1,251
2608256	G	A	0/1	89,243
2608488	T	C	1/1	0,359
2611117	A	C	0/1	281,88
2611704	A	C	1/1	0,357
2612140	C	T	0/1	185,69
2612632	C	A	1/1	1,359
2619271	T	C	1/1	0,312
2620989	A	G	0/1	161,54
2622402	G	A	0/1	92,224
2622508	C	T	1/1	0,271
2631641	T	G	1/1	0,241
2632341	C	CA	1/1	0,282
2632500	A	G	1/1	0,281
2637541	C	T	1/1	0,284
2641840	A	G	1/1	0,356
2642383	C	T	1/1	1,357
2643653	G	A	1/1	0,211
2651417	C	T	0/1	185,67
2652908	C	G	1/1	0,218
2656225	A	G	1/1	0,331
2660319	C	A	1/1	0,217
2660370	G	A	0/1	172,49
2662671	G	A	0/1	48,187
2663210	G	A	1/1	2,246
2669000	G	C	0/1	213,59
2671409	G	A	0/1	257,81
2680658	T	G	1/1	0,304
2681336	G	T	0/1	44,172
2686441	C	T	0/1	74,208
2687134	G	GCGCCGGCGACGATGCAGAGCGCAGCGATGCTGAGGAGCGGCGCCATCGAAGCAC	1/1	0,0
2688225	G	C	1/1	2,187
2688891	G	A	0/1	153,73
2690195	G	A	0/1	70,255
2691713	T	C	1/1	2,326
2695378	C	G	1/1	0,385
2696977	G	C	1/1	0,206
2701763	G	A	0/1	264,89
2704291	G	A	1/1	0,326
2704588	C	T	0/1	63,199
2704884	A	ACAGCGACCATATCGCCGAGCT	1/1	1,184
2705561	A	G	1/1	0,226
2706795	T	G	0/1	243,82
2709647	C	T	0/1	213,65
2709795	A	G	1/1	1,283
2711004	G	T	0/1	51,195
2712913	C	A	1/1	0,188
2713795	C	T	1/1	0,221
2718852	T	G	1/1	0,292
2719850	G	A	0/1	90,222
2723506	T	C	1/1	1,351
2724180	TCACGATCGGGTCTCCTCTAG	T	1/1	0,140
2724494	G	C	0/1	218,67
2724884	A	G	0/1	51,181
2725472	G	A	0/1	52,135
2726051	G	A	1/1	0,314
2727037	A	T	1/1	0,356
2729772	G	C	0/1	67,239
2731741	G	A	1/1	2,391
2733776	T	G	0/1	206,69
2734074	T	C	1/1	0,109
2737506	T	C	0/1	94,13
2737572	C	A	1/1	0,137
2737646	C	T	0/1	148,43
2738352	C	T	0/1	166,53
2739385	T	C	0/1	56,151
2740693	T	C	1/1	0,234
2742494	C	T	0/1	223,65
2745739	G	A	1/1	0,334
2745839	G	A	1/1	1,336
2746365	G	A	0/1	130,58
2748241	G	A	0/1	229,69
2748390	G	A	0/1	263,70
2751113	G	C	0/1	44,218
2751804	C	T	1/1	0,183
2752698	C	A	1/1	0,352
2753041	C	T	0/1	88,249
2753258	G	C	0|1	65,196
2753259	C	T	0|1	66,194
2755112	G	A	1/1	0,335
2757583	G	A	0/1	75,125
2759534	C	G	1/1	0,286
2760152	A	G	1/1	0,249
2762455	C	G	0/1	196,75
2763923	C	T	0/1	211,81
2764206	A	G	1/1	1,357
2764939	G	A	1/1	3,328
2767833	G	A	0/1	137,49
2773167	G	A	0/1	242,90
2773743	G	A	0/1	72,188
2773955	G	C	1/1	0,288
2779086	G	A	0/1	86,208
2779136	T	C	1/1	1,331
2781477	G	T	0/1	240,83
2784328	G	A	0/1	171,53
2786952	A	G	1/1	0,301
2787989	C	T	0/1	65,235
2788966	G	T	0/1	57,202
2789661	C	A	0/1	101,264
2790458	A	C	1/1	0,324
2790586	G	A	0/1	79,231
2791098	C	T	1/1	0,255
2791257	A	T	1/1	0,348
2791475	A	G	1/1	0,249
2793898	T	C	0/1	102,31
2799034	G	A	0/1	115,51
2799488	CCGCAA	C	1/1	0,268
2800213	G	A	0/1	194,54
2807486	C	A	1/1	0,443
2809621	T	C	1/1	0,243
2809895	G	A	1/1	0,363
2815277	C	T	0/1	67,161
2816697	C	T	0/1	132,56
2817158	C	A	1/1	0,294
2818837	A	G	1/1	0,361
2821342	C	T	1/1	1,205
2824023	C	T	0/1	230,86
2824432	G	A	1/1	0,220
2825466	G	A	1/1	1,272
2827984	G	T	1/1	0,249
2828019	T	C	1/1	1,227
2828058	G	A	0/1	46,175
2828104	C	T	1/1	0,359
2830126	A	G	0/1	86,279
2830525	C	A	1/1	3,353
2832232	TGC	T	0/1	208,86
2839880	G	A	0/1	51,161
2841022	A	G	1/1	0,196
2842441	T	C	0/1	81,36
2847281	A	G	1/1	0,243
2855110	A	G	0/1	230,75
2855259	A	G	1/1	0,229
2857810	C	T	0/1	209,77
2858046	G	A	0/1	211,89
2858669	G	T	1/1	0,220
2865760	A	G	1/1	0,256
2865882	T	C	1/1	0,351
2868747	G	C	0|1	197,49
2868750	G	C	0|1	197,11
2869242	T	C	1/1	0,331
2870386	C	T	1/1	0,314
2878980	C	T	1/1	0,173
2880702	G	C	1/1	0,346
2881244	A	G	1/1	0,310
2881597	AG	A	1/1	1,301
2884506	G	C	0/1	283,85
2886570	A	G	1/1	0,306
2887705	A	AC	0/1	97,32
2888201	T	C	1/1	0,181
2888217	C	T	0/1	49,147
2889314	C	T	0/1	218,62
2889633	T	C	1/1	0,122
2890112	G	A	0/1	194,61
2891267	C	T	1/1	0,337
2891728	A	G	1/1	1,269
2893536	G	A	0/1	238,80
2893883	A	G	0/1	72,198
2894208	G	A	1/1	0,267
2894302	C	T	0/1	219,62
2894594	G	A	1/1	4,251
2894642	A	G	1/1	4,243
2897528	G	A	1/1	0,237
2897871	A	G	1/1	0,213
2899890	G	T	1/1	0,314
2903617	G	A	0/1	253,89
2906008	C	T	0/1	46,193
2910461	G	T	1/1	0,157
2911293	C	G	1/1	0,232
2912294	T	G	1/1	1,294
2914027	C	T	0/1	217,76
2915482	C	A	0/1	58,145
2918099	G	A	0/1	68,220
2919216	C	T	0/1	81,264
2923391	T	C	1/1	0,155
2925683	G	A	1/1	2,294
2925962	T	C	1/1	0,346
2926882	C	T	1/1	2,314
2927511	G	T	1/1	3,278
2927939	T	C	1/1	0,343
2930329	G	C	0/1	242,90
2939373	G	C	1/1	1,300
2939657	T	C	1/1	0,178
2940608	C	T	1/1	0,318
2946408	G	A	0/1	67,191
2948512	C	T	0/1	154,65
2948650	T	C	1/1	0,245
2953307	G	T	1/1	1,380
2954439	T	C	1/1	0,367
2955233	C	T	1/1	0,381
2957568	CT	C	1/1	2,319
2959324	A	G	1/1	1,306
2963892	G	A	0/1	73,186
2969403	C	T	0/1	276,102
2981182	C	T	0/1	233,79
2984596	C	A	0/1	119,42
2984740	A	G	1/1	2,142
2985216	G	A	1/1	0,226
2986421	G	T	0/1	67,217
2987918	G	A	1/1	0,276
2988577	C	T	0/1	66,223
2988630	C	G	1/1	0,217
2990752	A	C	0/1	52,172
2992374	G	T	0/1	77,161
2992564	G	A	1/1	1,223
2993523	T	C	1/1	0,116
2994187	T	C	1/1	0,107
2996912	C	T	0/1	46,158
2997944	C	T	0/1	179,68
3000362	T	C	1/1	1,382
3002595	C	T	0/1	273,93
3003115	C	G	1/1	0,312
3005185	G	T	1/1	0,352
3009692	A	G	1/1	1,326
3010420	A	G	1/1	0,307
3011102	C	T	0/1	84,267
3011506	T	C	0/1	81,215
3014539	C	T	0/1	61,221
3015119	CT	C	1/1	1,348
3015379	G	A	1/1	3,299
3017465	T	C	1/1	0,306
3025431	C	T	1/1	0,345
3026418	G	A	0/1	218,77
3027606	C	G	1/1	0,330
3027798	T	C	1/1	0,290
3031168	A	G	1/1	0,200
3031285	A	T	1/1	0,213
3032887	G	A	0/1	46,184
3035537	T	TA	0/1	102,249
3036413	G	A	0/1	93,275
3037377	T	C	1/1	0,130
3038735	G	T	0/1	213,57
3039759	C	T	0/1	163,63
3041135	T	G	0/1	48,136
3041871	G	T	1/1	0,325
3057254	C	G	0/1	79,223
3058150	A	G	0/1	72,191
3061837	C	A	0/1	112,39
3064632	G	A	1/1	0,302
3069167	A	G	1/1	0,292
3069805	G	C	1/1	2,374
3070311	C	A	0/1	105,289
3072705	T	TC	0/1	40,140
3074830	C	T	1/1	4,238
3080795	A	G	1/1	0,342
3083546	A	G	0/1	83,216
3085119	G	GC	1/1	1,340
3085669	G	A	0/1	236,93
3086261	T	C	1/1	1,290
3086788	T	C	1/1	1,339
3088625	A	G	1/1	0,221
3092402	A	C	0/1	78,209
3093950	C	G	0/1	257,84
3094760	C	T	0/1	196,46
3095836	C	G	0/1	99,227
3097349	C	T	1/1	0,248
3103469	C	A	0/1	201,76
3103682	T	C	1/1	0,256
3104189	A	G	1/1	0,317
3105144	C	A	1/1	0,253
3105590	A	C	0/1	114,39
3107008	G	T	0/1	130,65
3108155	A	G	0/1	199,50
3114814	G	A	1/1	2,349
3118449	A	G	1/1	0,162
3126160	A	G	0/1	284,48
3127694	G	A	0/1	227,59
3131469	T	TTGTCGGCGA	1/1	1,268
3132289	A	G	0/1	234,63
3136335	G	A	0/1	89,22
3137058	G	A	1/1	0,244
3137237	T	C	1/1	1,266
3137681	G	A	1/1	0,159
3161215	G	A	0/1	138,43
3164730	G	A	0/1	76,212
3169993	A	G	1/1	0,274
3171752	G	A	0/1	218,78
3174496	A	G	1/1	0,232
3177884	C	A	1/1	0,270
3178873	T	C	0/1	173,57
3180988	C	A	1/1	0,220
3182031	A	G	0/1	68,221
3186860	T	G	1/1	1,207
3188428	C	T	1/1	3,249
3188769	A	G	1/1	0,262
3189242	A	G	1/1	0,348
3190145	TC	T	1/1	0,224
3190342	G	A	1/1	0,226
3196551	C	A	0/1	72,228
3197917	G	A	1/1	3,269
3200304	A	G	1/1	0,178
3202130	G	A	0/1	66,191
3202629	C	T	1/1	0,201
3205543	G	A	0/1	124,43
3205565	G	A	0/1	34,118
3207164	G	T	0|1	60,158
3207165	T	C	0|1	60,155
3208394	G	A	0/1	83,272
3214481	G	T	1/1	0,315
3215693	C	A	0/1	211,90
3218669	TA	T	0/1	176,54
3221858	G	A	0/1	73,244
3226181	A	C	1/1	0,290
3228143	G	T	1/1	0,230
3229692	G	A	1/1	1,188
3230082	T	C	0/1	85,203
3231787	C	A	0/1	86,197
3233605	G	A	1/1	0,181
3236497	A	G	0/1	157,50
3237607	G	C	0/1	247,88
3241244	G	A	1/1	0,341
3242134	G	A	0|1	78,246
3242135	C	T	0|1	77,246
3242138	A	C	0|1	77,251
3244414	A	G	1/1	2,337
3256494	A	G	1/1	0,327
3257688	G	C	0/1	60,101
3260882	A	G	0/1	95,282
3261685	C	A	0/1	151,49
3266030	A	G	1/1	0,179
3266585	C	T	0/1	40,151
3268006	C	T	0/1	221,82
3269581	A	G	1/1	1,311
3270784	A	G	1/1	0,369
3271037	A	G	1/1	0,314
3273138	C	G	1/1	1,362
3274545	G	A	1/1	0,441
3280132	G	A	1/1	0,238
3286543	G	A	0/1	150,63
3288133	A	G	0/1	103,201
3293423	A	G	1/1	0,229
3293601	T	C	1/1	0,135
3295124	C	T	1/1	0,173
3295784	C	T	0/1	51,152
3296371	G	GCCGCGGC	1/1	1,156
3296721	C	G	1/1	0,308
3296843	A	G	1/1	0,243
3299413	G	A	1/1	2,420
3302683	C	T	1/1	0,359
3306163	CGGCACTGTGGCG	C	1/1	0,243
3306594	T	G	1/1	2,262
3307182	C	A	0/1	59,204
3308446	T	C	1/1	4,322
3308606	G	A	1/1	0,359
3309009	C	A	0/1	94,302
3309318	G	A	0/1	97,331
3311119	G	C	1/1	0,261
3312942	G	A	1/1	0,319
3314243	G	A	1/1	1,261
3314412	A	G	1/1	0,299
3318047	TC	T	0/1	83,252
3325818	G	A	0/1	97,259
3326150	A	G	1/1	0,237
3326554	A	C	1/1	0,350
3328495	G	C	1/1	1,245
3331361	ACG	A	1/1	0,130
3336825	T	C	1/1	0,138
3337585	G	A	0/1	140,45
3338603	G	C	1/1	0,191
3338834	C	A	0/1	73,187
3351472	G	A	1/1	3,238
3352932	C	G	1/1	0,280
3355282	G	A	0/1	43,106
3358235	A	T	1/1	0,368
3358768	C	T	0/1	212,102
3363222	G	A	0/1	73,231
3363338	A	G	1/1	0,285
3365841	G	A	1/1	0,402
3366409	GATCACATCACC	G	1/1	1,293
3367765	G	A	1/1	1,296
3369869	G	T	1/1	1,190
3371260	T	C	1/1	0,142
3378828	C	A	1/1	0,297
3386551	C	G	0/1	213,83
3389917	C	T	0/1	209,63
3393361	C	G	1/1	3,311
3394177	C	T	0/1	61,197
3401223	G	A	0/1	69,205
3401850	G	A	1/1	1,219
3401871	A	G	1/1	1,232
3402148	C	T	0/1	228,88
3402816	C	T	1/1	0,319
3404376	C	G	1/1	3,351
3406798	G	A	1/1	1,349
3407028	C	T	1/1	0,364
3415180	ACACCTAGGGGGTGG	A	1/1	0,223
3415332	A	G	1/1	0,236
3415691	C	A	0/1	205,83
3420825	A	G	1/1	1,348
3421824	C	T	0/1	84,223
3423249	C	CGCGAGCAGACGCAGAATCGCCCAAAATCCAAGATTTTGAGGCGATTCTGCGTCTGCTCGCGCAACCGG	0/1	181,17
3424462	C	T	1/1	2,282
3425854	C	T	1/1	0,181
3427632	C	T	1/1	0,246
3428917	C	A	1/1	0,352
3431407	G	T	1/1	0,256
3433267	G	A	0/1	237,74
3438045	G	A	0/1	214,72
3440464	T	G	1/1	0,243
3440468	G	C	1/1	0,243
3440542	A	G	1/1	1,263
3442240	C	A	1/1	0,344
3447480	A	C	1/1	1,296
3448714	G	C	1/1	0,301
3450725	T	C	1/1	0,268
3453382	C	T	1/1	2,131
3454263	C	G	1/1	0,244
3455686	G	C	1/1	0,269
3456666	A	G	1/1	0,277
3460765	G	C	1/1	0,219
3461561	C	G	0/1	209,64
3462135	G	C	1/1	0,118
3463547	C	T	0/1	71,33
3464629	A	G	1/1	0,176
3467465	C	G	1/1	3,366
3468392	G	A	0/1	236,68
3473996	G	GA	1/1	0,300
3474597	C	A	1/1	2,343
3475159	A	G	1/1	1,229
3479561	G	A	1/1	1,414
3480474	G	A	1/1	0,427
3480789	T	C	1/1	0,421
3485668	G	A	0/1	88,233
3486977	A	G	1/1	0,287
3493873	G	A	0/1	75,298
3494295	GGC	G	1/1	0,339
3494820	CG	C	1/1	1,320
3495922	G	A	0/1	103,290
3497586	C	G	1/1	1,320
3498418	A	G	1/1	1,291
3498429	A	C	0/1	230,74
3503384	G	C	0/1	214,76
3503895	C	T	1/1	0,223
3504347	C	T	0/1	233,71
3505005	A	C	1/1	0,233
3509091	G	C	1/1	1,302
3518167	A	G	1/1	0,155
3518555	A	G	1/1	0,236
3520247	A	G	0/1	84,278
3521044	A	G	1/1	0,191
3524932	G	A	0/1	85,215
3525374	A	G	0/1	83,244
3526986	A	G	1/1	1,334
3529180	CCTA	C	0|1	286,39
3529186	G	GCGCGC	0|1	281,37
3529190	GTC	G	0|1	291,27
3529195	GGCCA	G	0|1	298,24
3529205	T	A	0|1	294,22
3530145	C	A	1/1	0,299
3530955	C	G	1/1	0,330
3531656	C	T	0/1	96,252
3531706	A	G	0/1	107,277
3532410	C	T	0/1	225,89
3533759	G	A	1/1	2,369
3536008	G	T	1/1	1,258
3536805	C	T	0/1	57,190
3538128	G	A	0/1	52,184
3539139	CG	C	1/1	1,158
3547956	G	A	0/1	88,224
3549346	G	A	0/1	166,84
3554354	A	G	0/1	77,294
3555699	A	G	1/1	0,379
3556275	A	G	1/1	0,353
3560645	C	T	1/1	2,293
3561987	G	A	0/1	269,81
3566923	A	ACGCTTGTCGG	1/1	0,216
3569534	C	T	0/1	57,153
3571262	G	A	0/1	22,95
3571834	T	G	1/1	0,322
3573636	T	C	1/1	0,278
3573684	G	T	0/1	57,217
3575592	G	T	0/1	37,91
3577958	A	G	1/1	0,198
3579150	C	A	0/1	39,125
3580636	CT	C	1/1	0,262
3581414	A	G	1/1	0,350
3583135	G	A	0/1	206,86
3590686	G	GC	1/1	0,108
3591063	T	C	1/1	0,347
3592541	T	G	0/1	43,104
3597682	C	T	1/1	0,398
3597956	C	T	0/1	82,226
3599601	G	T	0/1	85,279
3604821	G	C	1/1	0,103
3607951	C	T	0/1	79,217
3608865	C	T	0/1	68,214
3610391	A	AC	1/1	0,323
3610668	GGGGTC	G	1/1	0,178
3614982	T	C	1/1	0,317
3621423	A	G	1/1	0,272
3622441	A	C	1/1	0,243
3623435	C	T	0/1	186,46
3624486	T	C	1/1	0,290
3625065	T	G	1/1	0,280
3629203	G	A	0/1	83,254
3638093	G	A	1/1	0,232
3644395	A	G	0/1	75,239
3647041	A	G	1/1	0,140
3647591	A	G	1/1	0,313
3654278	C	T	0/1	242,91
3658266	C	G	1/1	0,203
3661802	C	T	1/1	0,229
3662543	T	C	0/1	252,82
3664359	C	T	0/1	209,80
3664603	A	T	0/1	81,237
3669391	A	G	0/1	81,213
3670040	C	T	1/1	1,318
3670118	G	T	1/1	0,252
3671532	G	C	1/1	0,325
3671843	A	C	1/1	1,341
3672105	G	C	1/1	0,307
3674846	G	A	0/1	208,80
3678013	G	A	0/1	172,58
3678091	G	A	1/1	2,267
3679149	C	T	0/1	27,78
3679949	A	G	1/1	0,116
3680944	G	A	0/1	35,150
3681548	A	C	1/1	0,237
3683237	G	T	1/1	0,344
3683715	T	G	1/1	2,291
3687372	A	G	1/1	0,403
3689492	C	T	0/1	77,180
3689523	G	T	1/1	1,265
3690016	A	G	1/1	0,211
3690114	G	A	0/1	56,192
3691912	C	T	0/1	256,94
3693681	A	C	1/1	0,208
3696181	A	G	1/1	0,166
3697708	A	G	1/1	1,287
3704261	C	A	1/1	3,323
3704596	G	C	1/1	1,331
3707884	G	A	0/1	255,102
3710229	AC	A	0/1	258,66
3714152	G	T	0/1	191,56
3714211	G	T	1/1	2,236
3714757	A	C	1/1	0,239
3715012	G	T	0/1	174,52
3717136	C	T	0/1	138,43
3718049	T	C	0/1	74,184
3718357	C	T	1/1	0,283
3721177	T	TCACGA	0/1	148,176
3721806	G	C	1/1	0,254
3721901	C	T	0/1	72,202
3723901	G	GT	1/1	0,248
3727188	C	T	0/1	78,190
3743549	A	G	1/1	0,303
3770325	C	T	1/1	4,217
3771123	C	T	0/1	183,76
3771628	A	C	1/1	0,135
3771890	C	G	0/1	194,55
3772616	G	A	1/1	1,320
3773496	G	A	0/1	92,275
3774506	G	A	1/1	0,201
3774534	A	G	0/1	54,142
3780661	G	A	0/1	37,140
3782503	G	A	0/1	35,101
3782599	G	A	0/1	149,45
3784975	G	A	0/1	61,189
3785036	C	A	0/1	178,92
3785893	C	T	0/1	198,95
3785946	A	G	1/1	1,305
3786033	A	G	1/1	0,299
3788365	T	G	1/1	0,204
3790910	C	T	0/1	286,129
3793634	A	G	1/1	0,410
3794867	C	CCA	1/1	0,372
3798095	A	C	1/1	0,336
3808103	T	C	1/1	2,349
3809393	C	T	0/1	129,47
3811629	G	A	1/1	0,245
3814106	C	G	0/1	184,68
3815268	G	A	1/1	0,253
3815477	G	T	1/1	0,346
3817117	C	A	1/1	2,295
3820407	A	G	0/1	64,18
3820545	A	G	0/1	165,21
3820722	G	A	0/1	99,210
3823159	A	T	1/1	0,360
3826086	C	G	0/1	227,91
3826684	C	T	1/1	1,311
3829770	T	C	1/1	0,270
3830566	G	A	1/1	0,147
3830695	A	G	1/1	0,148
3831551	G	A	0/1	69,227
3838871	A	G	1/1	1,265
3850157	C	T	0/1	94,247
3851084	A	G	1/1	1,329
3851887	A	C	1|1	0,39
3851888	T	C	1|1	0,39
3852119	C	T	0/1	24,82
3854899	T	C	1/1	0,394
3859893	C	T	1/1	0,166
3861914	C	T	1/1	0,247
3862472	GA	G	1/1	0,141
3864041	G	A	1/1	2,132
3864361	G	A	0/1	119,51
3864995	T	C	1/1	0,253
3868738	C	A	1/1	0,233
3870870	C	T	0/1	176,46
3871246	T	C	1/1	0,121
3874722	AT	A	1/1	0,236
3876953	G	A	1/1	0,286
3877421	A	G	1/1	0,339
3879882	G	A	0/1	94,265
3880239	C	CGTCCGGCTCCTCCTCGGACCACTACGCGGCCCGCATCGTCGCCGACCAAGTCCAACT	1/1	0,85
3883467	A	G	1/1	2,318
3885886	T	C	1/1	0,257
3892671	A	G	1/1	0,383
3893480	G	A	1/1	0,287
3895727	C	A	1/1	0,269
3896340	T	G	1/1	0,320
3897374	G	A	0/1	97,256
3898114	C	T	0/1	87,232
3898408	A	G	1/1	0,243
3898869	C	A	1/1	4,285
3899654	C	A	1/1	0,287
3901762	C	T	0/1	67,174
3904694	T	G	0/1	255,91
3904906	C	A	0/1	285,81
3906320	C	A	0/1	80,223
3909235	G	C	1/1	0,276
3913737	G	A	1/1	0,373
3915540	G	A	0/1	192,67
3920109	G	T	1/1	0,391
3921094	C	T	1/1	0,321
3922836	T	C	1/1	0,296
3952800	G	A	1/1	1,253
3955268	A	C	0/1	182,66
3958007	C	T	1/1	0,275
3958403	A	G	1/1	1,311
3959418	C	T	1/1	0,276
3960751	G	A	0/1	61,237
3961802	A	G	1/1	1,351
3962348	C	G	0/1	88,245
3963176	C	T	0/1	288,90
3967223	G	A	1/1	1,344
3974142	G	A	1/1	2,229
3974985	C	G	0/1	58,196
3980385	G	A	0/1	273,86
3984321	G	A	1/1	0,312
3984926	G	A	1/1	3,283
3985300	G	A	0/1	82,207
3988745	C	G	0/1	91,258
3989107	C	T	1/1	0,259
3989914	G	T	1/1	0,262
3990108	C	T	0/1	35,130
3992317	C	G	0/1	64,143
3993161	G	A	0/1	255,88
3993537	C	T	0/1	203,81
3994898	A	G	1/1	0,297
3995765	C	T	0/1	185,46
3995791	C	T	0/1	180,55
4003645	C	T	1/1	0,210
4005114	G	C	1/1	0,170
4005607	T	C	1/1	0,179
4008747	A	G	1/1	2,225
4012219	T	C	1/1	1,333
4013076	G	A	1/1	0,190
4014431	C	T	1/1	2,230
4018918	G	A	0/1	252,77
4019103	G	T	1/1	0,373
4020756	C	G	0/1	44,110
4021680	T	C	0/1	41,135
4022652	G	A	1/1	0,251
4024079	T	C	1/1	0,266
4024273	T	C	1/1	1,260
4024316	G	C	0/1	209,78
4024967	C	G	1/1	1,298
4026800	G	C	1/1	0,254
4026899	G	A	1/1	0,310
4028752	A	G	1/1	0,294
4034827	C	T	1/1	1,294
4036056	C	T	0/1	155,70
4040517	A	G	1/1	1,369
4042526	G	A	0/1	97,256
4047546	C	A	0/1	31,126
4047879	C	T	0/1	41,131
4049074	C	T	0/1	190,62
4050746	G	A	0/1	148,51
4054364	C	T	1/1	0,356
4054637	A	G	1/1	0,304
4055801	G	A	1/1	0,321
4056416	C	A	1/1	1,395
4057081	A	G	1/1	2,433
4058711	T	C	1/1	1,377
4059904	A	G	1/1	0,310
4062318	G	A	0/1	81,232
4064270	G	T	0/1	53,148
4065597	G	T	0/1	179,53
4067152	G	A	1/1	0,182
4067326	C	A	0/1	81,198
4069292	G	A	1/1	0,274
4069797	C	T	1/1	0,190
4081987	G	C	1|1	0,150
4081996	G	C	1|1	0,142
4083360	T	G	1/1	0,141
4085200	G	C	1/1	0,338
4086599	T	G	0/1	47,107
4089058	T	C	1/1	0,166
4090464	G	T	0/1	89,215
4091955	T	A	0/1	244,97
4093111	G	A	0/1	174,66
4093719	G	A	1/1	0,151
4094565	A	G	0/1	13,45
4095001	CG	C	1/1	0,153
4095295	T	C	1/1	0,220
4096190	G	A	1/1	0,181
4096875	G	A	0/1	124,66
4097015	G	A	0/1	40,104
4099402	AG	A	0/1	211,56
4100975	T	C	1/1	0,207
4101018	C	T	1/1	0,257
4105757	C	T	1/1	1,304
4106154	C	T	1/1	0,228
4107074	T	C	1/1	0,320
4109537	C	A	0/1	343,41
4111303	G	C	1/1	0,270
4112429	T	C	1/1	1,306
4112955	G	A	0/1	69,203
4115029	G	A	1/1	0,217
4116682	T	C	1/1	0,345
4117161	C	A	1/1	5,307
4117564	G	A	0/1	230,77
4119246	T	C	1/1	0,325
4122924	G	T	0/1	190,72
4126087	T	G	1/1	0,252
4130711	G	C	1/1	0,178
4131655	C	T	0/1	189,67
4133907	G	A	1/1	2,312
4137190	T	C	1/1	1,361
4138377	A	G	1/1	0,253
4141864	C	A	0/1	41,127
4142689	G	A	1/1	4,191
4145725	G	C	0/1	159,53
4145737	A	G	1/1	1,217
4147095	G	A	0/1	105,35
4150618	G	A	0/1	40,146
4151855	A	G	1/1	0,247
4156099	C	A	1/1	1,226
4156239	A	G	1/1	1,251
4156503	C	T	1/1	0,279
4156672	C	T	0/1	142,67
4157259	G	A	0/1	39,139
4158330	C	T	0/1	193,67
4158361	A	G	1/1	0,262
4159195	T	C	1/1	0,238
4160533	TGCGCCCGGC	T	1/1	0,236
4162339	A	G	1/1	0,300
4163558	G	C	1/1	1,391
4167642	G	T	0/1	100,287
4168445	GCGCGGACGGGAA	G	0/1	74,158
4169145	G	A	0/1	199,82
4169666	GT	G	1/1	1,325
4169719	C	T	1/1	0,334
4170272	G	C	0/1	257,73
4170686	C	T	0/1	69,207
4170964	G	GA	1/1	1,255
4176559	G	A	0/1	26,127
4179089	C	T	1/1	0,242
4182695	G	A	1/1	2,291
4185338	G	C	0/1	72,239
4187063	G	A	1/1	1,338
4187485	T	C	1/1	0,332
4187817	A	G	1/1	0,145
4190532	A	C	1/1	0,295
4190596	A	C	1/1	1,282
4190962	G	A	0/1	86,250
4197138	C	CT	1/1	1,279
4197189	A	G	1/1	0,368
4198611	CG	C	1/1	0,286
4198919	C	T	0/1	63,184
4199087	T	G	0/1	211,65
4200220	A	G	1/1	1,334
4200789	C	T	0/1	183,68
4201105	G	A	1/1	0,247
4202383	A	C	1/1	0,298
4204441	A	G	1/1	0,347
4205120	A	G	1/1	1,299
4209750	C	T	0/1	165,47
4210274	A	G	1/1	0,315
4210876	T	C	1/1	1,252
4212881	G	A	0/1	253,99
4215484	G	C	1/1	0,245
4216255	C	G	1/1	1,125
4217557	A	G	1/1	1,281
4218669	G	GT	0/1	66,205
4221490	C	G	1/1	0,215
4222073	A	G	1/1	0,119
4222882	A	G	1/1	0,308
4223172	T	C	1/1	0,176
4230371	G	A	0/1	283,81
4232327	A	G	1/1	1,278
4233907	C	T	0/1	150,42
4237574	A	G	0/1	234,65
4240671	C	T	1/1	0,196
4241042	A	G	1/1	0,203
4242643	C	T	1/1	0,188
4243848	G	A	1/1	3,172
4245969	C	T	1/1	1,240
4246563	T	G	0/1	37,64
4246567	G	T	0/1	36,67
4247646	A	C	1/1	1,150
4251297	G	C	1/1	2,294
4254345	AT	A	1|1	0,136
4254347	T	A	1|1	0,137
4255922	A	G	1/1	0,279
4257220	A	G	1/1	0,299
4260841	G	A	0/1	60,159
4261499	G	A	1/1	0,256
4263279	A	G	1/1	1,273
4266975	G	C	0/1	232,73
4267431	G	A	0/1	209,61
4269387	T	G	1/1	0,321
4269606	A	G	1/1	3,289
4274419	C	T	0/1	55,142
4275686	TG	T	0/1	77,191
4275935	A	G	1/1	0,227
4276306	C	T	1/1	2,282
4280441	C	A	1/1	1,287
4281143	C	G	1/1	0,285
4281272	G	A	1/1	0,288
4283016	G	C	0/1	81,216
4284395	C	T	0/1	276,96
4285579	C	G	0/1	126,276
4286156	T	C	1/1	1,396
4286738	C	G	0/1	118,272
4287164	A	G	1/1	0,348
4287277	C	T	0/1	244,75
4287361	C	T	1/1	1,330
4289953	A	G	1/1	1,345
4290564	G	T	1/1	0,355
4290827	C	G	1/1	0,369
4296015	G	A	1/1	1,376
4296381	G	T	1/1	1,338
4297181	G	A	0/1	63,206
4298020	G	C	0/1	185,70
4298220	C	CG	0/1	181,50
4298896	G	A	0/1	77,228
4303407	A	C	1/1	0,342
4306155	C	T	1/1	0,346
4306339	G	T	1/1	0,298
4307179	G	A	1/1	0,304
4307344	C	G	1/1	1,324
4310743	T	TG	1/1	2,310
4313128	C	T	1/1	0,271
4313156	G	A	0/1	60,204
4313762	G	A	0/1	70,245
4314645	A	G	1/1	0,238
4314843	G	A	1/1	0,255
4316566	C	G	1/1	0,279
4319446	C	T	0/1	234,86
4321867	G	A	0/1	88,260
4321885	G	A	0/1	277,77
4323006	G	A	1/1	2,266
4323302	T	C	1/1	1,320
4324465	T	A	0/1	147,45
4325923	G	A	0/1	76,251
4329782	G	A	1/1	0,359
4329812	C	T	0/1	263,70
4334425	G	C	1/1	2,303
4334965	A	C	0/1	250,64
4336597	C	A	1/1	0,274
4337574	A	G	1/1	0,335
4338224	CG	C	0/1	56,171
4338595	GC	G	1|1	0,346
4338603	G	A	1|1	0,342
4338732	G	A	1/1	0,366
4339102	G	A	0/1	78,245
4340984	T	TTCCCCGGGTTCCCCTCCCTACCCGGTTTCCCCGGGC	1/1	0,121
4341396	A	AAGGCGCGGCCGC	1/1	1,212
4344058	T	C	1/1	0,223
4349129	C	T	0/1	89,260
4350045	G	T	0/1	251,93
4351039	G	T	1/1	0,270
4355391	G	A	0/1	232,85
4356110	G	C	1/1	0,352
4356864	C	CTG	1/1	1,336
4357597	C	G	1/1	0,246
4357773	G	A	1/1	0,276
4357946	C	T	1/1	1,270
4358979	CG	C	0/1	113,41
4359147	G	GGTGATCGGGGTTCCCGGC	1|1	0,125
4359177	T	TCCCGGCGTGATCGGGGTTCCCGGTGTG	1|1	0,197
4361637	C	T	0/1	267,93
4364246	T	G	0/1	70,177
4364437	G	A	0/1	67,173
4366195	T	C	1/1	0,244
4366272	G	C	1/1	0,227
4367649	A	G	1/1	0,308
4368041	G	A	0/1	161,52
4369499	G	A	1/1	0,164
4369848	G	A	1/1	1,247
4372353	G	C	1/1	0,325
4372867	G	A	0/1	219,103
4374228	T	C	1/1	0,316
4377033	G	C	1/1	0,335
4378049	T	C	0/1	212,52
4379680	C	G	1/1	0,341
4382054	T	C	1/1	0,253
4382275	G	T	1/1	0,215
4383144	C	CCGGGG	1/1	0,194
4383442	T	C	1/1	0,148
4383655	A	G	1/1	0,188
4384007	C	G	1/1	0,290
4385031	CG	C	1/1	2,82
4385187	A	G	1/1	0,133
4385916	C	G	0/1	319,149
4385933	A	G	0/1	314,205
4385937	C	T	1/1	0,531
4385946	C	T	0/1	303,256
4386108	A	G	0/1	273,303
4386142	A	G	0/1	243,277
4386228	T	C	1/1	0,281
4386288	C	T	0/1	253,135
4386304	A	AT	0|1	277,62
4386305	C	CCGCG	0|1	279,60
4386308	CAT	C	0|1	285,55
4386315	G	C	0|1	284,49
4386316	C	G	0|1	285,48
4386322	A	G	0|1	289,41
4386325	A	G	0|1	288,39
4386328	A	T	0|1	291,37
4386335	A	G	0|1	289,29
4386337	G	A	0|1	289,26
4386341	C	A	0|1	282,20
4386562	G	A	0|1	353,40
4386563	C	T	0|1	353,41
4386569	T	C	0|1	356,59
4386580	A	G	0|1	362,86
4386587	C	T	0|1	373,99
4386590	A	T	0|1	379,103
4386599	A	G	0|1	373,129
4386604	G	C	0|1	367,145
4386630	GTCGTA	G	0|1	398,190
4386637	CCGGT	C	0|1	408,190
4386702	G	C	0/1	396,274
4386768	G	A	0|1	367,184
4386774	C	T	0|1	367,164
4388761	G	A	0/1	148,58
4390380	A	G	1/1	0,133
4391076	C	G	0/1	30,70
4393178	A	G	1/1	1,281
4394210	G	C	1/1	0,193
4395387	A	G	1/1	0,122
4397577	G	T	0/1	250,77
4398732	G	A	1/1	0,235
4399888	A	G	0/1	74,187
4400660	AC	A	1/1	0,115
4401400	A	G	1/1	0,200
4402895	C	G	0/1	244,79
4404247	G	A	1/1	3,414
4405397	C	T	0/1	280,89
4407588	T	C	1/1	1,374
4407780	C	T	0/1	217,83
4407873	C	A	1/1	0,339
4408920	A	G	1|1	0,309
4408923	C	T	1|1	0,304
4410386	G	T	1/1	0,291
4411016	G	A	1/1	0,383
4411400	G	T	0/1	107,295
