1849	C	A	1/1	0,111
1977	A	G	1/1	0,45
4013	T	C	1/1	0,106
7362	G	C	1/1	0,92
7585	G	C	1/1	0,125
9304	G	A	1/1	0,90
11820	C	G	1/1	0,132
11879	A	G	1/1	0,101
14785	T	C	1/1	0,172
14861	G	T	1/1	0,166
15117	C	G	1/1	0,140
15890	G	A	0/1	49,61
16119	C	A	1/1	0,82
21795	G	A	1/1	0,8
24698	GCCGCGTTGCTCGGGGTAA	G	1/1	0,74
25610	G	C	1/1	0,96
26959	C	G	1/1	0,104
27455	T	C	0/1	55,43
28366	AT	A	1/1	0,99
34044	T	C	1/1	0,135
35608	C	T	0/1	50,50
36008	G	C	1/1	0,113
37031	C	G	1/1	0,70
37305	C	G	1/1	0,104
39158	C	G	1/1	0,123
40580	A	G	0/1	27,44
40859	A	G	0/1	19,27
42281	C	A	1/1	0,64
42967	G	C	1/1	0,74
44768	A	G	1/1	0,86
49360	C	T	1/1	0,132
49690	GCC	G	1/1	0,96
50557	T	C	1/1	0,72
51949	A	G	1/1	0,92
54394	A	G	1/1	0,102
55546	G	GCCT	1|1	0,40
55553	C	CCGCCGT	1|1	0,40
62049	A	G	1/1	0,72
63146	G	T	1/1	0,136
65150	C	T	1/1	0,80
65246	C	T	0/1	54,59
67069	G	GGCCGGAGAC	0|1	51,43
67071	T	TGGCATCGCCACAATCGGTGGG	0|1	53,42
68337	T	TC	1/1	0,127
69989	G	A	1/1	0,97
70267	G	T	1/1	0,122
70816	A	G	1/1	0,50
71336	G	C	1/1	0,21
71584	C	CCGAGCGCTGTTCTGGCGCTAATCTGACGCTAGAATAG	1/1	0,59
71914	T	C	0/1	32,37
75233	C	A	1/1	0,89
75940	G	C	1/1	0,70
79480	T	C	0/1	28,35
83148	A	G	0/1	43,26
87468	C	T	1/1	0,80
92199	T	G	1/1	0,68
93484	G	T	0/1	41,39
94388	G	A	1/1	0,106
96894	C	T	0/1	59,72
97350	A	C	0/1	47,59
99162	TCGGTGTGCG	T	1/1	0,90
108641	G	T	0/1	52,56
116000	T	G	1/1	0,95
119555	C	T	0/1	36,42
122109	A	G	1/1	0,95
122499	C	T	0/1	53,53
123454	C	T	1/1	0,117
123520	T	C	1/1	0,125
125830	G	GA	1/1	0,122
128469	C	A	0/1	13,34
131174	T	TG	1/1	0,109
133839	C	T	1/1	0,100
135329	C	T	0/1	33,45
139297	G	T	1/1	0,58
141623	G	A	0/1	62,55
142618	C	T	0/1	42,57
143207	T	C	1/1	0,66
146087	T	C	1/1	0,109
146236	C	G	0/1	49,59
147262	G	T	1/1	0,124
154283	T	C	1/1	0,130
154990	G	T	0/1	50,38
156406	C	T	0/1	54,42
161089	C	G	0|1	34,11
161092	C	G	0|1	36,6
162151	GT	G	1/1	0,104
163705	C	T	0|1	38,39
163706	C	T	0|1	39,39
163940	A	G	0/1	43,36
169891	T	TG	0/1	44,40
176141	G	T	0/1	53,65
183091	C	G	0/1	52,54
190816	A	C	1/1	0,70
191750	C	T	0/1	46,52
194305	C	CGG	1/1	0,103
194681	G	C	1/1	0,66
195682	C	G	1/1	0,110
196642	C	T	1/1	0,126
197705	G	A	0/1	51,50
199470	T	G	1/1	0,127
203038	T	C	0/1	65,66
206339	T	C	1/1	0,94
206481	C	G	1|1	0,51
206484	G	T	1|1	0,52
209387	T	G	0/1	43,48
213147	C	A	1/1	0,130
213281	C	T	1/1	0,95
215579	C	T	0/1	33,36
215977	C	T	0/1	21,17
217201	T	C	1/1	0,67
220218	G	A	0/1	62,54
222925	G	A	1/1	0,74
223942	T	C	1/1	0,57
225323	T	C	1/1	0,98
227098	T	C	1/1	0,135
230170	C	T	1/1	0,90
230576	G	GT	1/1	0,80
231114	C	G	1/1	0,100
231130	G	T	0/1	54,47
234477	T	G	1/1	1,96
234496	C	CGT	1/1	0,97
239733	G	T	0/1	36,39
249350	G	A	0/1	42,39
249522	T	C	1/1	0,55
251575	G	A	1/1	0,56
252900	C	T	0/1	60,53
258600	G	C	0/1	33,36
261869	T	C	1/1	0,61
262268	A	T	1/1	0,100
264129	G	A	1/1	0,131
265554	A	C	1/1	0,116
267751	G	C	1/1	0,84
270430	G	C	1/1	1,62
271005	C	CTGG	0|1	66,6
271006	C	CAATGTGGGGTCGCGGCGTTGGGCTCCGCGCTGGT	0|1	66,6
274968	C	T	0/1	63,62
278021	T	C	1/1	0,67
278681	C	G	1/1	0,92
282892	C	T	1/1	0,80
283610	G	A	0/1	28,32
283614	T	C	1/1	0,60
285772	A	C	1/1	0,77
285871	A	G	1/1	0,85
287747	A	C	0/1	31,40
293628	A	AC	1/1	0,76
294596	T	G	0/1	45,39
295024	C	T	0/1	63,48
295746	C	T	0/1	51,44
304923	A	G	1/1	0,117
305188	G	T	1/1	0,111
310973	G	A	1/1	0,88
311613	G	T	1/1	0,85
316093	A	C	0/1	39,46
321492	G	A	0/1	34,24
325505	T	C	1/1	0,109
325964	C	G	0/1	43,38
329763	T	TGGATG	0/1	47,43
336322	CAA	C	1|1	0,18
336325	T	G	1|1	0,18
336327	C	CGG	1|1	0,18
336332	G	C	1|1	0,21
336344	A	G	1|1	0,23
336345	T	C	1|1	0,23
336353	C	T	1|1	0,28
336356	GGAA	G	1|1	0,28
336360	C	CCTCCCCG	1|1	0,28
336369	C	T	1|1	0,35
336370	A	G	1|1	0,35
336380	A	T	1|1	0,63
336400	C	G	1|1	0,66
336403	C	G	1|1	0,67
336405	A	G	1|1	0,68
336422	TTG	T	1|1	0,40
336428	A	G	1|1	0,39
336431	C	T	1|1	0,39
336439	A	G	1|1	0,39
336441	C	T	1|1	0,37
336442	G	A	1|1	0,37
336449	T	C	1|1	0,37
336451	T	G	1|1	0,36
336452	A	G	1|1	0,36
336535	T	G	1|1	0,20
336537	T	G	1|1	0,20
336540	G	T	1|1	0,20
336546	T	G	1|1	0,21
336557	C	CT	1|1	0,19
336560	T	C	1|1	0,17
339088	T	G	0|1	79,8
339090	C	CGG	0|1	81,8
342146	A	C	1/1	0,105
346063	T	G	0/1	58,38
346275	C	G	1/1	0,94
346693	G	T	0/1	44,41
353309	G	A	1/1	0,78
353365	G	A	1/1	0,77
356528	A	G	1/1	0,98
357278	C	T	0/1	58,65
363375	C	A	0/1	48,45
363464	G	A	1/1	0,109
365782	C	T	0/1	42,33
376774	T	C	1/1	0,99
379528	G	T	1/1	0,94
380097	C	T	0|1	44,55
380098	C	T	0|1	44,55
383716	C	T	0/1	23,29
384009	T	G	0/1	60,32
384380	A	C	1/1	0,109
386432	C	G	1/1	0,130
390828	T	C	1/1	0,101
391853	A	G	1/1	0,99
392261	T	C	1/1	0,102
392770	G	A	0/1	39,48
393387	C	T	0/1	46,44
396199	T	C	1/1	0,101
396967	C	T	0/1	25,28
397049	C	T	0/1	19,16
403980	G	A	1/1	0,115
404326	T	C	1/1	0,105
414486	C	T	1/1	0,102
417766	G	T	0/1	57,42
420008	A	G	1/1	0,127
435230	G	T	0|1	39,4
435232	C	CCCG	0|1	39,4
435312	C	T	0/1	34,32
441823	C	T	0/1	39,33
445780	C	T	1/1	0,85
448919	A	T	0/1	42,50
449194	G	A	0/1	48,32
449943	C	T	0/1	47,64
454295	T	C	1/1	0,88
454333	T	G	1/1	0,76
456299	C	G	0/1	34,58
456594	T	C	1/1	0,66
457452	T	G	1/1	0,75
459399	A	C	1/1	0,126
460998	T	C	0/1	40,52
465300	C	T	1/1	0,69
472711	T	TTTGTGGGCC	0/1	26,28
477234	T	G	1/1	0,88
483935	T	G	1/1	0,101
484596	C	T	1/1	0,128
485810	CA	C	1/1	0,133
489935	G	C	1/1	0,147
491742	T	C	1/1	0,86
492150	G	C	1/1	0,83
497491	G	A	1/1	0,70
498531	A	G	1/1	0,80
498557	C	A	1/1	0,77
502589	C	G	1/1	0,111
503354	G	C	1/1	0,125
505843	A	G	0/1	45,40
505974	G	A	1/1	0,65
506567	C	T	0/1	65,45
507028	GC	G	1/1	0,117
513257	T	C	1/1	0,101
517358	T	C	1/1	0,108
518987	C	T	0/1	19,41
521169	C	G	0/1	53,38
524891	C	A	1/1	0,74
533547	C	G	0/1	40,41
541201	A	G	1/1	0,89
542014	C	G	1/1	0,135
543146	G	T	0/1	52,50
546357	A	G	1/1	0,85
546451	A	T	0/1	41,49
549361	C	CG	0|1	51,37
549363	C	G	0|1	52,37
551525	A	C	1/1	0,88
552216	T	G	0/1	53,72
552316	G	A	0/1	61,73
555991	A	G	1/1	1,107
561484	G	C	0/1	58,26
561776	C	T	0|1	51,69
561777	C	T	0|1	51,69
565655	A	G	1/1	0,114
572591	C	T	1/1	0,113
573262	A	G	1/1	0,93
583171	A	C	1/1	1,77
583944	C	T	0/1	62,56
584171	T	C	1/1	0,75
588576	G	A	0/1	60,60
590436	T	C	1/1	0,89
596520	G	C	0/1	50,47
597212	A	G	0/1	43,59
597816	A	G	1/1	0,124
598034	G	A	0/1	46,63
598475	G	A	1/1	0,140
599868	A	G	1/1	0,100
604982	G	A	0/1	62,54
610120	T	G	1/1	0,97
611048	T	G	0/1	44,54
615178	G	A	0/1	55,46
620625	A	G	0/1	55,48
627485	G	A	1/1	0,31
628864	T	C	1/1	0,61
637319	G	A	1/1	0,103
640954	A	G	1/1	0,72
648002	T	G	1/1	0,124
648856	T	C	1/1	0,108
652027	G	T	0/1	35,49
655986	T	G	1/1	0,105
657081	C	T	1/1	0,81
657142	C	T	1/1	0,93
659341	T	C	1/1	0,59
662911	T	C	1/1	0,98
665293	A	G	1/1	0,88
669033	T	A	0/1	61,50
669398	T	C	1/1	0,97
670545	G	A	1/1	0,104
676345	C	T	0/1	64,67
683291	G	T	0/1	42,56
683829	C	T	0/1	44,38
685461	C	G	1/1	0,111
685608	T	C	1/1	0,129
686662	C	G	0/1	90,50
686972	T	C	1/1	0,113
688792	T	TG	1/1	0,103
690450	A	C	1/1	0,48
690465	T	G	1/1	0,54
693685	T	C	0/1	51,38
694531	A	G	0/1	41,49
696917	G	T	1/1	0,82
698968	G	A	1/1	0,67
702234	G	GAACACGGTGAAAGAC	0/1	56,46
702691	G	A	0/1	65,52
707334	T	C	1/1	0,55
712693	A	G	1/1	0,57
713310	T	C	1/1	0,74
714158	GT	G	0/1	43,36
716025	C	T	0/1	58,56
721373	T	G	1/1	0,74
725190	G	A	1/1	0,10
730077	CGCCCACGCG	C	0/1	40,41
738522	T	G	1/1	0,97
749721	G	T	0/1	51,34
750235	C	A	0/1	53,61
752134	C	T	0/1	61,62
754186	A	G	1/1	0,77
757139	C	A	1/1	0,99
757182	A	G	1/1	0,110
763031	T	C	1/1	0,104
767414	G	A	1/1	0,89
771757	ACCGCGAT	A	0/1	60,46
773497	C	A	0/1	42,43
775639	T	C	1/1	0,85
776100	G	A	1/1	0,92
779615	G	C	1/1	0,111
781395	T	C	1|1	0,113
781406	G	GC	0|1	76,47
781687	A	G	0/1	67,68
796897	A	C	0/1	40,62
797736	C	T	0/1	52,67
798355	G	C	1/1	0,114
799666	A	G	1/1	0,58
809840	G	GC	1/1	0,87
811753	C	T	1/1	0,99
812031	T	G	0/1	43,63
816018	C	G	0/1	46,34
820483	G	T	1/1	0,89
820752	C	T	1/1	0,83
825655	C	A	0/1	22,33
826815	T	G	0/1	26,23
830868	G	GGC	1/1	0,82
835611	C	T	0/1	40,42
841764	G	C	1/1	0,113
842030	C	T	0/1	61,56
847995	T	C	1/1	0,132
852910	C	T	1/1	0,100
857696	A	G	1/1	0,115
861216	T	G	1/1	0,89
866051	G	A	1/1	0,79
868560	T	TA	0/1	34,23
869779	C	A	0/1	33,55
872674	A	G	0/1	54,36
874835	C	CCG	1/1	0,123
876141	G	T	1/1	0,107
880562	G	T	1/1	0,135
882257	T	C	1/1	0,110
892416	C	T	1/1	0,67
893733	T	G	1/1	0,106
900221	T	C	1/1	0,105
903537	G	T	1/1	0,86
903550	T	C	1/1	0,90
903913	T	C	1/1	0,90
906857	A	G	1/1	0,112
919351	A	C	1/1	0,94
931123	T	C	1/1	0,91
932280	T	C	1/1	0,98
934230	C	G	1/1	0,133
934611	G	T	1/1	0,113
938240	G	C	0/1	36,41
940602	C	G	1/1	0,95
941845	C	A	1/1	0,72
945214	G	A	1/1	0,130
945387	C	T	0/1	55,46
949535	T	C	1/1	0,100
955127	A	C	0/1	56,55
955524	A	G	1/1	0,88
957117	T	C	1/1	0,69
960367	A	G	1/1	1,96
972980	C	T	1/1	0,93
979704	G	C	1/1	0,85
986463	G	C	1/1	0,149
987585	A	AG	1/1	2,91
988005	A	G	0/1	59,53
988448	A	G	0/1	38,27
990001	G	C	1/1	0,90
993346	A	C	1/1	0,146
994382	C	T	0/1	70,51
996205	T	C	1/1	0,99
1009884	G	A	0/1	51,35
1010204	C	CG	1/1	0,114
1011511	A	C	0/1	44,40
1021776	A	G	0/1	69,48
1022003	A	C	1/1	0,126
1023756	T	C	0/1	44,68
1024346	A	G	1/1	0,89
1025106	T	C	1/1	0,120
1029386	G	GCGC	0/1	38,39
1033625	C	T	0/1	39,37
1034208	CGCT	C	1/1	0,43
1034758	C	T	1/1	0,94
1037012	T	C	1/1	1,52
1037911	C	T	1/1	0,101
1039154	A	G	0/1	50,47
1047165	T	C	1/1	0,66
1047873	C	T	0/1	57,59
1051707	G	A	0/1	44,40
1053912	T	C	0/1	46,43
1054784	C	G	1/1	0,112
1061546	C	T	0/1	54,53
1065793	T	G	0/1	49,38
1066431	C	T	0/1	59,58
1068151	T	C	1/1	0,74
1068432	A	G	1/1	0,116
1070632	C	T	0/1	64,50
1070702	T	C	1/1	0,100
1071966	A	G	1/1	0,81
1074558	G	A	1/1	0,115
1075279	T	C	1/1	0,98
1076309	G	T	1/1	0,100
1076689	A	C	0/1	44,76
1076880	C	T	1/1	0,111
1077312	A	G	1/1	0,103
1079697	G	C	0/1	40,56
1079927	C	A	1/1	0,66
1080192	G	A	1/1	0,78
1081681	T	C	1/1	0,80
1087193	G	C	1/1	0,76
1090188	A	AG	1/1	0,70
1097220	C	T	1/1	0,86
1097442	C	T	1/1	0,124
1098523	T	A	1/1	0,100
1099058	G	A	1/1	0,63
1100234	T	C	1/1	0,116
1102030	GA	G	0/1	54,57
1102117	G	A	1/1	0,120
1102468	C	A	1/1	0,110
1102646	G	A	1/1	0,105
1104690	T	G	1/1	0,150
1106422	T	C	1/1	0,133
1106614	G	T	0/1	53,49
1107940	A	C	1/1	0,97
1108874	G	T	0/1	33,42
1109975	A	G	1/1	0,111
1117002	C	T	0/1	38,44
1126889	G	C	1/1	0,95
1127493	T	C	0/1	50,48
1127648	C	A	1/1	0,131
1138941	C	T	0/1	62,43
1144585	A	G	1/1	2,103
1145848	A	C	1/1	0,78
1146319	T	G	0/1	44,37
1148259	A	G	1/1	0,109
1149316	C	T	0/1	48,53
1149551	C	T	1/1	0,105
1150585	G	A	1/1	0,88
1151054	C	G	1/1	0,112
1164336	G	A	1/1	0,88
1168009	GC	G	0/1	39,48
1168715	C	CT	1/1	0,123
1168776	T	G	1/1	0,90
1172085	C	A	1/1	0,89
1173750	G	T	1/1	0,79
1174655	C	T	0/1	32,51
1175343	C	T	1/1	0,81
1177347	C	G	0/1	66,53
1178116	T	C	1/1	0,126
1190472	C	T	0/1	49,54
1197157	T	G	1/1	0,101
1197567	G	C	0/1	96,62
1199558	CT	C	0/1	53,42
1200418	A	G	1/1	0,118
1201581	A	C	1/1	0,76
1211369	A	C	1/1	0,117
1215742	G	A	0|1	65,65
1215743	C	A	0|1	66,65
1220680	T	C	1/1	0,141
1224367	T	C	1/1	1,87
1227830	G	T	1/1	0,118
1230778	G	A	1/1	0,121
1233758	C	T	0/1	35,41
1246500	C	T	0/1	38,31
1248382	A	G	1/1	0,127
1248936	G	C	1/1	0,105
1248978	T	C	1/1	0,100
1250340	A	G	1/1	0,95
1251199	C	T	1/1	0,96
1254562	A	G	1/1	0,131
1273250	G	GA	1/1	0,128
1275957	T	C	1/1	0,113
1276232	C	A	0/1	77,50
1281118	T	C	1/1	0,101
1281771	T	C	1/1	0,59
1283926	T	G	0/1	46,39
1285001	A	C	1/1	0,104
1288698	G	A	1/1	0,86
1292102	A	G	1/1	0,69
1301002	G	A	0/1	54,51
1306259	A	G	1/1	0,76
1307598	C	G	1/1	0,60
1312065	A	C	0/1	79,57
1313337	A	AG	1/1	0,84
1313338	A	C	1/1	0,84
1315191	A	C	1/1	0,90
1315884	G	A	1/1	0,85
1317655	C	T	1/1	0,113
1322741	A	G	1/1	1,109
1327890	G	A	1/1	0,108
1328687	G	C	1/1	0,98
1329234	G	A	1/1	0,70
1338794	TCGG	T	0/1	33,25
1347352	G	C	0/1	21,24
1349733	G	C	0/1	48,59
1351172	A	G	1/1	0,77
1357724	G	C	0/1	20,30
1360209	T	C	1/1	0,101
1361190	G	A	1/1	0,52
1361285	C	T	1/1	0,77
1362006	T	C	1/1	0,109
1363249	A	C	0/1	44,38
1365837	C	CGG	1/1	0,89
1367484	T	G	1/1	0,83
1368322	C	CG	1/1	0,79
1369098	G	T	0/1	39,26
1370852	T	G	1/1	0,79
1374065	T	C	1/1	0,35
1374201	A	G	0/1	49,48
1375044	C	G	0/1	38,44
1375724	A	C	1/1	0,106
1382628	T	C	1/1	0,84
1390763	C	T	1/1	0,142
1393626	A	G	1/1	0,66
1396922	T	C	1/1	0,107
1398542	T	C	0/1	60,26
1403581	CGGGCACCGAGTGACATCGAGTTCGGCTGCGTCCGGGCCGTATTGGCGTTCGTCACGGTTG	C	0/1	55,51
1406760	T	TG	0/1	40,50
1411210	T	G	1/1	0,105
1413129	CG	C	1/1	0,86
1413148	C	T	1/1	0,86
1414021	C	T	1/1	0,82
1440469	C	G	1/1	0,114
1443428	G	GGGTTAGATTGCCCGGCTCCTCAACCCGCCGTTTCGGCGTGCATCGTCGCCGGGCTA	1/1	1,16
1445781	A	G	1/1	0,108
1457144	C	T	1/1	0,47
1466952	T	C	0/1	53,62
1471659	C	T	1/1	0,132
1477420	A	C	0/1	52,33
1477522	C	A	0/1	45,54
1479085	T	C	1/1	0,77
1482627	T	C	1/1	0,110
1484708	A	C	1/1	0,111
1490905	A	G	1/1	0,109
1498951	G	T	1/1	1,72
1499274	C	G	1/1	0,51
1501700	G	A	1/1	0,87
1511460	C	T	0/1	45,50
1511774	C	G	0/1	36,32
1518621	A	C	0/1	63,82
1519245	G	C	0/1	47,58
1526819	C	A	1/1	0,110
1536251	G	T	1/1	1,93
1540141	T	C	1/1	0,96
1541172	C	A	0/1	61,50
1541798	C	T	1/1	0,91
1544255	C	T	1/1	0,122
1546703	C	T	1/1	0,120
1547125	T	C	1/1	0,137
1547909	G	A	0/1	43,60
1552547	G	A	1/1	0,83
1556787	T	C	1/1	0,90
1557405	A	C	0/1	25,36
1558076	A	G	0/1	43,40
1563717	C	T	1/1	0,123
1565566	C	T	0/1	49,58
1570566	C	A	1/1	0,70
1576481	T	G	0/1	33,29
1576527	G	T	0/1	26,34
1577241	G	A	1/1	0,68
1588899	G	T	1/1	0,79
1593331	G	A	1/1	0,53
1593503	A	G	0/1	37,18
1594906	G	A	1/1	0,76
1595342	T	C	1/1	0,48
1596599	G	A	0/1	50,49
1608276	A	C	1/1	0,100
1609840	A	G	1/1	0,99
1612624	T	TATCGGTACCGGTGCGCCAGGG	1/1	0,69
1613035	T	C	1/1	0,70
1616061	C	T	0/1	20,32
1617302	G	T	1/1	1,87
1620181	C	G	1/1	0,76
1621776	C	T	0/1	37,34
1622580	C	A	0/1	52,68
1624791	C	G	1/1	0,63
1625332	C	CGGT	1/1	2,81
1627351	T	C	1/1	0,83
1630148	A	C	1/1	0,103
1639594	C	A	1/1	0,43
1645802	T	C	1/1	0,98
1647436	G	A	1/1	0,145
1650072	A	G	1/1	0,77
1651308	A	G	1/1	0,97
1657016	T	TGAACCGCCCCGGTGAGTCCGGAGACTCTCTGATCTGAGACCTCAGCCGGCGGCTGG	0/1	52,12
1669158	T	C	0/1	38,38
1676290	C	A	1/1	0,136
1678706	A	C	1/1	0,57
1683052	G	C	0/1	27,22
1688064	A	G	1/1	0,60
1688300	T	C	1/1	0,77
1689349	C	T	1/1	0,115
1692141	A	C	1/1	0,134
1693561	A	G	1/1	0,130
1695037	G	A	1/1	0,147
1695796	C	T	1/1	0,144
1696671	CA	C	1/1	5,69
1698911	G	A	1/1	0,85
1699849	G	A	1/1	0,119
1701215	C	T	1/1	0,110
1701273	GC	G	0|1	42,37
1701276	C	T	0|1	48,47
1703232	G	C	0/1	49,50
1706119	T	C	1/1	0,93
1709432	C	T	1/1	0,96
1711670	C	T	1/1	0,118
1713192	A	G	1/1	0,102
1716472	A	G	1/1	0,82
1717881	TG	T	0/1	56,50
1718152	T	C	0/1	63,51
1718396	GGC	G	0/1	50,35
1720363	GT	G	0/1	52,34
1722200	C	G	0/1	46,46
1722228	A	C	1/1	0,89
1728837	A	G	1/1	0,108
1731293	C	G	0/1	77,46
1733134	C	T	0/1	67,50
1733325	C	G	1/1	0,96
1750386	C	T	0/1	44,40
1753519	G	GC	1/1	0,89
1756358	CG	C	1/1	0,58
1758588	A	G	0/1	66,39
1758812	A	T	0/1	49,42
1759252	G	T	1/1	0,122
1760292	A	G	1/1	1,113
1766344	C	G	0/1	43,66
1774853	C	T	0/1	76,92
1778430	T	C	1/1	0,83
1790479	C	G	0/1	29,26
1792777	T	C	1|1	0,67
1792778	T	C	1|1	0,67
1798355	G	A	1/1	0,56
1803265	G	A	1/1	0,109
1804409	C	A	1/1	0,74
1811375	G	T	1/1	0,157
1817976	A	T	1/1	0,125
1831220	A	C	1|1	0,82
1831226	A	G	1|1	0,83
1831288	C	T	1/1	0,86
1833909	A	C	0/1	69,51
1834177	A	C	1/1	0,128
1836286	G	C	1/1	0,89
1839759	G	C	1/1	0,88
1842769	G	A	0/1	33,44
1847919	C	G	1/1	0,84
1849051	C	T	1/1	0,97
1849609	T	C	1/1	0,92
1854300	T	C	1/1	1,107
1856777	G	C	1/1	0,80
1859559	C	A	1/1	0,86
1877744	A	C	1/1	0,84
1882406	A	C	0/1	21,22
1884050	A	G	0/1	35,37
1885385	T	G	1/1	0,84
1885772	G	A	1/1	0,87
1888373	T	C	0/1	53,40
1892017	T	C	0/1	49,44
1894300	G	GGTCTTGCCGC	1/1	0,72
1894422	A	G	1/1	0,93
1897608	C	T	1/1	0,104
1897733	C	T	0/1	38,48
1899774	G	T	0/1	61,64
1901493	T	C	1/1	0,85
1902337	A	C	1/1	0,105
1906078	A	G	0/1	26,37
1907296	G	C	1/1	0,116
1914779	A	C	0/1	31,33
1916137	A	G	1/1	0,87
1917506	C	T	0/1	50,38
1917972	A	G	1/1	0,74
1924008	G	A	0/1	42,59
1931179	C	A	1/1	0,76
1933988	G	A	1/1	0,98
1935437	C	T	0/1	54,74
1944107	A	G	1/1	0,74
1944402	T	C	1/1	0,95
1944557	C	T	0/1	43,59
1950767	T	C	1/1	0,116
1955672	C	CGGCGCGCATCGTCACCGGGCGTCGTCTGATTGCCCGGTTCCTCCTCGCGCCG	0/1	69,74
1955760	CGAA	C	1/1	0,112
1955941	G	C	1/1	0,99
1960284	C	A	1/1	0,70
1961735	A	G	0/1	40,45
1962251	G	A	0/1	44,57
1967026	C	T	1/1	0,103
1967237	C	A	1/1	0,80
1967543	C	A	1/1	0,104
1971725	G	C	1/1	0,59
1980652	G	T	1/1	0,68
1999006	A	G	0/1	51,50
2003827	A	C	1/1	0,86
2008894	C	T	0/1	56,44
2009290	GC	G	0/1	34,31
2016105	G	A	0/1	49,49
2022868	T	C	1/1	0,94
2023628	C	G	1/1	0,59
2035018	C	T	0/1	63,50
2055271	A	G	1/1	0,106
2056377	G	T	0/1	74,58
2057774	A	T	1/1	0,64
2065434	G	T	0/1	34,28
2072313	C	A	1/1	0,93
2074754	C	T	1/1	1,103
2078246	C	G	0/1	39,28
2082879	C	T	0/1	61,54
2094911	ACAGCGT	A	1/1	0,88
2096186	A	G	1/1	0,80
2097270	C	T	1/1	0,91
2108141	T	C	1/1	0,39
2108890	A	C	1/1	0,84
2109523	C	CG	1/1	0,84
2111284	G	A	0/1	50,52
2112832	A	C	1/1	0,93
2115645	C	T	0/1	42,29
2116903	C	T	1/1	0,76
2122395	C	T	1/1	0,65
2122976	C	G	1/1	0,111
2123169	T	G	1/1	0,118
2128870	A	G	1/1	0,37
2132031	A	C	0/1	57,25
2133468	T	TTCGCATGCCGTCACC	1/1	0,65
2134707	C	A	0/1	30,38
2135154	G	T	0/1	27,36
2135870	T	C	1/1	0,101
2137521	A	ACTCCGATCAC	1/1	0,99
2138453	C	T	1/1	0,101
2140076	G	A	0/1	66,37
2141368	C	T	0/1	56,46
2142266	C	A	1/1	0,91
2143328	G	C	1/1	0,92
2147022	A	C	1/1	0,115
2151222	T	G	0/1	34,64
2153725	CTCATCCCCGTCTCG	C	1/1	0,76
2154724	C	A	1/1	0,75
2158109	T	C	1/1	0,118
2160998	G	A	1/1	0,107
2161343	G	GT	1/1	0,80
2172380	A	C	1/1	0,84
2173860	A	C	1/1	0,44
2177366	C	T	1/1	0,139
2179825	G	C	0/1	39,59
2185009	C	T	0/1	40,34
2185674	A	G	1/1	1,75
2187587	G	C	1/1	0,124
2191498	G	T	1/1	0,92
2195641	C	T	0/1	40,36
2195864	G	A	0/1	54,64
2199052	C	G	1/1	0,126
2201808	C	G	0/1	26,45
2202500	C	T	1/1	0,89
2204949	C	T	0/1	35,48
2207591	T	TC	1/1	0,133
2209465	G	A	1/1	0,88
2211826	A	G	1/1	0,72
2216443	C	A	1/1	0,81
2219418	C	CCAGGTGCGAAAGGAGGAGCAGCCCATTCAACTGAAGGACTTGTTCGGGACCAGTTGGCACGTTCCGTCCGTCCTCGGTGTTGGCCAGCAAGAAGTCGCGGAGCGCCTGGCTGCTGGTCATACGCTCG	0/1	34,51
2220512	T	G	1/1	0,94
2221584	G	C	1/1	0,105
2223293	T	C	1/1	0,128
2228967	A	G	1/1	0,106
2229801	C	G	1/1	0,144
2231742	A	C	0/1	34,33
2238917	AT	A	0/1	62,80
2240152	G	A	0/1	47,60
2241031	AG	A	1/1	0,56
2244421	G	T	1/1	0,103
2245864	C	A	1/1	0,103
2247677	A	C	1/1	0,102
2251605	G	A	0/1	29,34
2251999	A	G	1/1	0,93
2260100	C	T	1/1	0,83
2260525	C	T	1/1	0,92
2264341	A	C	0/1	43,31
2264782	C	A	1/1	0,108
2265059	T	G	1/1	0,76
2266487	G	C	0|1	114,45
2266504	T	TA	0|1	116,57
2266508	A	T	0|1	104,52
2266511	GT	G	0|1	111,52
2266517	T	C	0|1	110,51
2266550	G	T	0|1	111,74
2266553	C	G	0|1	107,74
2266583	C	G	0|1	108,24
2266598	G	C	0|1	102,27
2266604	C	G	0|1	101,25
2266613	G	GC	0|1	102,25
2266624	G	T	0|1	108,28
2267015	T	C	1/1	0,127
2268433	C	A	0/1	59,59
2268627	G	C	1/1	0,128
2268662	A	T	0/1	62,73
2269780	T	C	1/1	0,75
2270052	G	A	0/1	27,17
2270102	A	G	1/1	0,77
2273733	TC	T	1/1	0,76
2282787	C	T	1/1	0,77
2283191	G	C	0/1	42,47
2283528	C	A	0/1	33,33
2285251	C	A	1/1	0,91
2287121	A	G	1/1	0,103
2288085	G	C	1/1	1,118
2294007	T	C	1/1	0,145
2311099	C	G	1/1	0,65
2312000	C	T	0/1	42,48
2314689	C	A	0/1	46,54
2315386	C	A	1/1	0,102
2321975	T	C	0/1	25,44
2328543	T	C	1/1	0,87
2329533	A	G	1/1	0,87
2331620	A	C	1/1	0,81
2331789	G	T	1/1	0,107
2334007	A	G	1/1	0,120
2335075	A	G	1/1	0,108
2335494	A	G	1/1	0,101
2335996	G	A	0/1	32,23
2336551	CCCGAATAAT	C	0/1	49,38
2337179	C	T	1/1	0,99
2338194	A	C	0/1	0,2
2341636	C	G	1/1	0,82
2342649	A	AGGCGTACACAC	1/1	0,88
2344246	G	C	1/1	1,110
2344499	T	G	0/1	51,71
2345037	C	A	1/1	0,91
2346318	G	A	0/1	65,64
2347037	G	A	0/1	37,48
2350126	G	A	0/1	24,26
2352065	C	CCTCGCCTGGGCTGGCGAGCAGACGCAAAATCCCCCGCACGCCCGGCGTGTCGGGGGATTTTGCGTCTG	0/1	16,55
2354660	G	A	0/1	55,67
2354791	A	G	1/1	0,96
2357268	TGCC	T	1/1	0,8
2358029	T	TG	1/1	0,59
2361604	C	G	1/1	0,64
2362041	C	A	1/1	1,115
2368564	TA	T	1/1	0,90
2369186	G	C	1/1	0,103
2369326	C	G	1/1	0,102
2385008	C	G	0/1	57,35
2386389	G	A	1/1	0,86
2388641	G	A	1/1	0,127
2399734	G	A	1/1	0,43
2401417	C	T	0/1	64,50
2401927	T	TCG	0|1	118,99
2401928	A	ATTT	0|1	122,96
2401930	G	A	0|1	127,90
2401933	G	GCCC	0|1	126,81
2401935	G	GCTCCTCCTCACCCCGTTAC	0|1	129,74
2411803	A	G	0/1	44,35
2413246	C	A	1/1	0,54
2415656	G	C	1/1	0,59
2419707	G	A	0/1	22,30
2421816	A	G	1/1	0,70
2421975	G	GGGAA	1/1	0,64
2424925	A	G	1/1	0,107
2425471	T	C	1/1	0,90
2431513	AC	A	0|1	7,11
2431520	G	A	0|1	6,11
2433276	A	C	0/1	44,50
2440926	G	T	1/1	0,122
2442230	C	T	0/1	45,47
2445620	G	A	0/1	39,28
2448458	C	T	1/1	0,85
2452778	A	T	0/1	51,29
2462871	G	A	1/1	0,69
2466736	G	A	0/1	44,52
2470591	A	C	1/1	1,81
2491597	G	T	0/1	45,41
2499726	G	A	1/1	0,110
2505085	G	A	1/1	0,87
2509140	G	C	1/1	0,71
2509722	A	G	1/1	0,88
2510350	C	G	1/1	0,101
2515002	C	T	0/1	45,22
2516567	G	C	1/1	0,105
2521342	T	C	1/1	0,80
2521428	A	G	1/1	0,91
2523205	G	GCGC	1/1	0,74
2525722	CG	C	1/1	0,92
2526974	T	C	1/1	0,110
2529180	C	T	0/1	63,71
2529680	A	G	1/1	0,126
2533377	T	C	1/1	0,94
2534562	GGA	G	1/1	0,79
2536599	C	T	0|1	14,32
2536625	C	CGG	0|1	27,11
2536628	G	GA	0|1	12,27
2543395	T	C	1/1	0,128
2546684	C	A	1/1	0,75
2548700	C	T	1/1	0,96
2551574	A	C	0|1	47,47
2551576	C	G	1|1	0,94
2551577	T	C	1|1	0,94
2552878	T	C	0/1	43,62
2562644	G	T	1/1	0,104
2563534	A	G	0/1	49,49
2564368	G	GC	1/1	0,102
2566766	C	CG	1|1	0,83
2566768	A	C	1|1	0,81
2566928	G	A	0/1	40,28
2570293	C	T	0/1	65,52
2573756	C	A	1/1	0,108
2578626	A	G	1/1	0,100
2581052	G	A	1/1	0,105
2584903	C	T	0/1	47,65
2586076	C	G	1/1	0,100
2586127	A	G	1/1	0,96
2589036	G	C	0/1	54,75
2589216	G	C	1/1	0,120
2592310	G	A	0/1	67,17
2596397	A	G	0/1	70,59
2598400	A	G	1/1	0,86
2600260	A	G	1/1	0,95
2602454	T	G	0/1	60,44
2608117	C	A	1/1	0,93
2612256	G	T	1/1	0,71
2612632	C	A	1/1	0,56
2614909	GC	G	1/1	0,120
2619271	T	C	1/1	0,110
2619799	A	C	0/1	45,35
2627618	C	A	0/1	53,42
2627946	A	G	1/1	0,110
2630740	T	C	1/1	0,84
2631371	C	T	1/1	0,92
2632341	C	CA	1/1	0,105
2637541	C	T	1/1	0,53
2640807	G	A	0/1	52,51
2642383	C	T	1/1	0,103
2645396	G	A	0/1	56,51
2656225	A	G	1/1	0,108
2660319	C	G	1/1	0,91
2662243	G	A	0/1	39,36
2663236	C	T	0/1	49,41
2663795	G	A	0/1	36,40
2673818	C	G	1/1	0,81
2677352	C	T	0/1	47,36
2680658	T	G	1/1	0,88
2692100	C	T	1/1	0,87
2695378	C	G	1/1	0,93
2696943	T	G	0/1	27,12
2697489	C	T	1/1	0,98
2704884	A	ACAGCGACCATATCGCCGAGCT	1/1	0,89
2708334	TTGC	T	0/1	33,38
2711722	T	G	1/1	0,55
2713795	C	T	1/1	0,91
2715738	G	A	0/1	37,25
2718852	T	G	1/1	0,124
2723506	T	C	1/1	0,101
2724180	TCACGATCGGGTCTCCTCTAG	T	1/1	0,59
2729058	A	C	1/1	0,112
2734074	T	C	1/1	0,18
2734481	TA	T	1/1	0,98
2737572	C	A	1/1	0,82
2738274	A	C	1/1	0,74
2740693	T	C	1/1	0,37
2741209	G	A	1/1	0,122
2751804	C	T	1/1	0,47
2752122	G	C	1/1	0,66
2752698	C	A	1/1	0,144
2760152	A	G	1/1	0,106
2772475	T	C	0/1	47,49
2775361	C	T	1/1	0,113
2779136	T	C	1/1	0,88
2786952	A	G	1/1	0,93
2789798	G	T	1/1	0,121
2791098	C	T	1/1	0,69
2793810	C	A	1/1	0,84
2794071	G	A	0/1	62,80
2800623	C	T	0/1	40,67
2807486	C	A	1/1	0,176
2809621	T	C	1/1	0,83
2809633	A	C	0/1	42,41
2817502	A	C	0/1	56,50
2818837	A	G	1/1	0,66
2821342	C	T	1/1	0,72
2824449	C	T	0/1	39,48
2825466	G	A	1/1	0,90
2825581	T	G	0/1	45,32
2827984	G	T	1/1	0,67
2828019	T	C	1/1	0,69
2830525	C	A	1/1	0,122
2833329	G	A	1/1	0,103
2839459	ACGCGCTCAACCAGCTCGCGAGCAGACGCAGAGTCGCATGAAAATCCGGATTTCGATGCGATTCTGCGTCTGCT	A	0/1	117,19
2841022	A	G	1/1	0,71
2842693	G	T	0/1	32,51
2845445	G	A	0/1	45,68
2847281	A	G	1/1	0,86
2847935	G	A	0/1	28,30
2850631	T	C	1/1	0,117
2851160	GAA	G	1|1	0,114
2851164	CATT	C	1|1	0,114
2852598	G	C	0/1	61,53
2855259	A	G	1/1	0,102
2856858	A	G	0/1	43,64
2865760	A	G	1/1	0,86
2865882	T	C	1/1	0,95
2867880	TA	T	1/1	0,109
2880702	G	C	1/1	0,104
2881382	C	T	0/1	46,58
2881542	C	G	0/1	36,49
2881597	AG	A	1/1	0,108
2881974	G	A	1/1	0,110
2883217	G	C	0/1	28,45
2884068	A	C	1/1	0,94
2886570	A	G	1/1	0,105
2886958	TACTGCG	T	0/1	55,43
2888201	T	C	1/1	0,46
2889633	T	C	1/1	0,60
2891267	C	T	1/1	0,83
2891728	A	G	1/1	0,94
2892847	G	C	0/1	42,67
2894208	G	A	1/1	0,98
2898522	T	C	1/1	0,73
2903439	G	A	1/1	0,110
2903643	C	A	0/1	52,60
2910461	G	T	1/1	0,96
2911293	C	G	1/1	0,73
2911405	C	T	0/1	51,39
2912294	T	G	1/1	0,101
2913777	T	C	0/1	50,51
2923391	T	C	1/1	0,57
2925962	T	C	1/1	0,94
2927939	T	C	1/1	0,112
2939373	G	C	1/1	0,75
2939657	T	C	1/1	0,45
2948230	G	A	1/1	0,77
2948470	G	A	0/1	30,40
2954439	T	C	1/1	0,142
2955957	A	C	1/1	0,117
2956276	A	T	0/1	41,33
2969197	A	G	1/1	0,96
2976564	C	T	1|1	0,66
2976575	G	A	0|1	30,32
2980861	A	G	1/1	0,125
2984740	A	G	1/1	0,81
2987172	A	T	0/1	48,37
2987185	A	T	0/1	47,42
2988630	C	G	1/1	0,75
2994187	T	C	1/1	0,51
2995375	G	A	0/1	46,40
3003115	C	G	1/1	0,112
3005014	A	G	0/1	41,28
3005185	G	T	1/1	0,84
3009692	A	G	1/1	0,124
3009834	A	G	1/1	0,131
3010420	A	G	1/1	0,88
3010993	C	T	1/1	0,88
3012950	G	T	0/1	38,43
3015054	GC	G	0/1	63,64
3015993	G	C	0/1	40,12
3017465	T	C	1/1	0,124
3021892	GTTCGACGAC	G	0/1	53,58
3024021	C	A	1/1	0,93
3027798	T	C	1/1	0,120
3031168	A	G	1/1	0,89
3033189	G	A	1/1	0,69
3036826	C	T	1/1	0,122
3037359	CCGGGGCGCGCCAGCCGCTGCGAGCGTAACGCCACGGCGAGCTTGCGTGCACCGAATTCGCCGTGGCGTTACGCT	C	0/1	124,20
3041871	G	T	1/1	0,67
3051182	C	T	0/1	55,58
3057256	G	A	0/1	28,25
3069167	A	G	1/1	0,65
3080795	A	G	1/1	0,116
3086788	T	C	1/1	0,114
3100017	G	A	0/1	53,50
3103682	T	C	1/1	0,91
3104189	A	G	1/1	0,116
3109687	C	CTT	0/1	22,30
3111476	C	T	1/1	0,66
3115384	G	C	1/1	0,141
3128345	C	G	0/1	38,47
3131469	T	TTGTCGGCGA	1/1	0,58
3134017	G	T	0/1	38,40
3135606	A	G	1/1	0,125
3137058	G	A	1/1	0,95
3137736	G	T	1/1	0,72
3144623	C	T	1/1	0,68
3145174	G	A	0/1	66,40
3147511	T	G	0/1	8,7
3150049	G	T	0/1	52,57
3156201	C	CG	1/1	0,104
3162021	G	C	0/1	50,47
3170321	C	G	0/1	24,15
3173283	T	G	0/1	78,65
3174496	A	G	1/1	0,101
3174692	AC	A	0/1	42,46
3177361	G	A	0/1	45,65
3177452	C	A	1/1	0,127
3177884	C	A	1/1	0,102
3180988	C	A	1/1	0,60
3181601	C	T	0/1	54,46
3181980	G	A	0/1	24,31
3186860	T	G	1/1	0,63
3187987	C	T	0/1	32,22
3189242	A	G	1/1	0,95
3190145	TC	T	1/1	0,97
3192354	G	C	0|1	122,33
3192357	G	C	0|1	123,31
3192359	A	ATCT	0|1	122,27
3200282	C	T	1/1	0,43
3200334	C	T	0/1	40,27
3204810	A	C	0/1	22,16
3205504	C	T	0/1	47,46
3209156	G	A	0/1	60,48
3215622	CG	C	1/1	0,36
3226181	A	C	1/1	0,86
3228143	G	T	1/1	0,79
3235797	G	A	0/1	33,22
3238119	CGTG	C	1/1	0,103
3242617	C	T	0/1	50,70
3256494	A	G	1/1	0,72
3257638	A	G	0/1	46,44
3262000	C	T	0/1	36,38
3266030	A	G	1/1	0,18
3268041	C	T	0/1	42,47
3269581	A	G	1/1	0,110
3270784	A	G	1/1	0,106
3275334	G	C	0/1	52,51
3276703	T	G	1/1	0,95
3284855	C	T	1/1	0,84
3293470	C	T	0/1	38,43
3296371	G	GCCGCGGC	1/1	3,99
3296843	A	G	1/1	0,54
3301648	T	G	0/1	63,69
3304966	G	A	1/1	0,99
3308606	G	A	1/1	0,146
3308850	A	G	0|1	66,61
3308851	T	G	0|1	68,64
3310626	T	C	1/1	0,65
3312401	A	C	0/1	72,57
3312805	C	A	0/1	76,84
3314412	A	G	1/1	0,79
3316377	C	G	0/1	44,47
3316955	A	C	1/1	0,104
3326554	A	C	1/1	0,78
3331361	ACG	A	1/1	0,77
3336825	T	C	1/1	0,60
3338603	G	C	1/1	0,55
3348528	T	C	0/1	39,21
3352932	C	G	1/1	0,62
3353711	C	T	0/1	60,52
3358235	A	T	1/1	0,109
3363338	A	G	1/1	0,77
3367765	G	A	1/1	0,73
3373397	G	A	0/1	44,36
3375165	A	C	1/1	0,86
3375807	T	C	0/1	47,43
3389792	G	A	0/1	27,42
3401871	A	G	1/1	0,72
3402429	A	G	0/1	31,40
3402816	C	T	1/1	0,105
3404376	C	G	1/1	0,94
3408150	T	C	1/1	0,99
3412611	T	C	0/1	69,64
3415180	ACACCTAGGGGGTGG	A	1/1	0,84
3415607	A	C	0/1	61,18
3416034	C	T	0/1	69,49
3418386	C	T	0/1	58,57
3420825	A	G	1/1	0,114
3422010	G	A	0/1	41,42
3423249	C	CGCGAGCAGACGCAGAATCGCCCAAAATCCAAGATTTTGAGGCGATTCTGCGTCTGCTCGCGCAACCGG	1/1	1,52
3425854	C	T	1/1	0,126
3428917	C	A	1/1	0,82
3429376	G	A	0/1	50,41
3434528	C	CG	0|1	49,32
3434533	A	G	0|1	50,31
3434539	C	T	0|1	51,7
3438664	G	C	0/1	64,61
3440464	T	G	1|1	0,104
3440468	G	C	1|1	0,100
3446699	C	G	1/1	0,59
3450229	G	A	0/1	45,52
3450725	T	C	1/1	0,72
3453792	G	A	0/1	35,36
3454263	C	G	1/1	0,108
3454865	A	C	0/1	48,25
3455686	G	C	1/1	0,118
3456666	A	G	1/1	0,92
3462135	G	C	1/1	0,89
3467465	C	G	1/1	0,136
3468803	C	G	0/1	43,22
3473996	G	GA	1/1	0,78
3476350	G	A	0/1	40,55
3477942	A	G	1/1	0,109
3478242	G	C	0|1	120,16
3478244	C	A	0|1	120,16
3478245	T	C	0|1	116,16
3478248	T	C	0|1	118,16
3478251	C	T	0|1	117,17
3478254	G	C	0|1	115,17
3478257	A	G	0|1	113,16
3478260	C	G	0|1	110,16
3478263	G	A	0|1	111,18
3478272	G	A	0|1	107,17
3478290	C	T	0/1	82,14
3480474	G	A	1/1	0,123
3480789	T	C	1/1	0,96
3485492	A	G	0/1	64,78
3486977	A	G	1/1	0,148
3487108	C	T	1/1	0,142
3492531	C	T	0/1	36,55
3498198	C	T	0/1	29,50
3500149	G	A	1/1	0,123
3500243	G	C	1/1	0,113
3503895	C	T	1/1	0,60
3506119	G	C	0/1	35,54
3508071	A	C	0/1	37,33
3508970	A	G	0/1	57,48
3509626	C	A	1/1	0,158
3518167	A	G	1/1	0,78
3518392	G	A	0/1	27,18
3518555	A	G	1/1	0,57
3526873	G	T	0/1	55,58
3529180	CCTA	C	0|1	97,27
3529186	G	GCGCGC	0|1	95,27
3529190	GTC	G	0|1	79,24
3529195	GGCCA	G	0|1	94,22
3529205	T	A	0|1	93,22
3529210	CAACG	C	0|1	100,21
3529216	T	TTCGC	0|1	100,19
3529221	GT	G	0|1	115,18
3529224	T	TA	0|1	110,18
3529227	G	C	0|1	111,18
3529228	T	C	0|1	111,18
3529231	T	C	0|1	104,15
3530955	C	G	1/1	1,81
3535460	G	A	0/1	44,46
3539440	C	T	0/1	35,46
3542049	G	A	1/1	0,122
3545248	C	T	0/1	47,71
3550347	C	T	1/1	0,120
3550789	C	G	1/1	0,86
3556275	A	G	1/1	0,107
3569220	G	A	0/1	42,46
3571828	G	C	0/1	31,47
3576231	T	C	0/1	43,46
3576404	G	A	0/1	36,29
3577497	C	T	1/1	0,86
3577885	C	T	0/1	26,37
3578742	G	A	0/1	40,58
3580636	CT	C	1/1	0,142
3581414	A	G	1/1	0,129
3581476	C	T	0/1	49,79
3581967	G	C	0/1	42,77
3583434	C	CCG	0|1	89,11
3583436	TC	T	0|1	89,11
3583440	C	CAGGCGTCGCCGGGCTGGCATCATCGACGCGTGATCATCGACCTTCACG	0|1	86,11
3587446	G	A	1/1	0,95
3590686	G	GC	1/1	0,79
3591063	T	C	1/1	0,77
3597249	C	G	1/1	0,112
3600576	C	T	1/1	0,107
3604821	G	C	1/1	0,35
3609388	G	A	0/1	41,61
3610391	A	AC	1/1	0,144
3612813	T	C	1/1	0,46
3614982	T	C	1/1	0,135
3621423	A	G	1/1	0,81
3622441	A	C	1/1	1,63
3625065	T	G	1/1	0,60
3626562	G	A	0/1	45,57
3628520	G	A	1/1	0,118
3637607	G	A	0/1	76,53
3638093	G	A	1/1	0,92
3642703	T	G	0/1	46,38
3643985	A	C	1/1	0,113
3651947	G	A	0/1	41,36
3653988	G	A	1/1	0,81
3664354	C	G	0/1	35,49
3664457	C	A	0/1	41,59
3670040	C	T	1/1	0,104
3674157	T	A	1/1	0,66
3678249	A	C	1/1	0,105
3680932	G	A	1/1	0,30
3681548	A	C	1/1	0,75
3689523	G	T	1/1	1,74
3690016	A	G	1/1	0,92
3690950	T	TAGCTCGGCGACGATGCACGCCGCGCAGCGGCGTGAGGAGGAGCCGAGCAGTCCAACAC	0/1	0,0
3693681	A	C	1/1	0,90
3704596	G	C	1/1	0,76
3704770	A	G	1/1	0,77
3713627	GC	G	0/1	58,51
3714211	G	T	1/1	0,95
3714757	A	C	1/1	0,106
3718357	C	T	1/1	0,84
3721806	G	C	1/1	0,83
3743656	G	A	1/1	0,85
3775409	T	C	1/1	0,55
3775441	A	C	1/1	0,67
3778011	G	A	1|1	0,100
3778012	G	T	1|1	0,100
3778396	C	T	1/1	0,95
3785898	G	A	0/1	45,50
3789559	G	A	0/1	38,43
3790852	T	C	0/1	67,60
3792664	G	A	0/1	60,91
3792765	C	A	0/1	65,66
3794867	C	CCA	1/1	0,85
3797827	C	CTGAACCGCCCCGGCATGTCCGGAGACTCCAGTTCTTGGAAAGGATGGG	0/1	78,12
3798095	A	C	1/1	0,107
3798596	A	G	1/1	0,167
3808936	C	A	0/1	40,29
3811672	G	T	1|1	0,135
3811675	A	G	1|1	0,135
3815477	G	T	1/1	0,92
3817117	C	A	1/1	0,80
3821845	G	T	1/1	0,112
3823159	A	T	1/1	0,83
3823194	T	C	0/1	61,52
3826684	C	T	1/1	0,79
3828624	G	A	0/1	42,37
3829770	T	C	1/1	0,66
3830349	C	T	1/1	0,47
3830695	A	G	1/1	0,60
3831322	G	A	0/1	55,57
3838871	A	G	1/1	0,80
3851887	A	C	1|1	0,44
3851888	T	C	1|1	0,44
3853561	C	T	0/1	64,75
3859893	C	T	1/1	0,79
3861902	G	C	0/1	25,9
3862454	C	T	0/1	51,51
3862472	GA	G	1/1	0,68
3862931	G	A	0/1	37,70
3864995	T	C	1/1	0,93
3865243	G	T	0/1	40,59
3868820	G	C	0/1	51,48
3870010	A	G	1/1	0,89
3871246	T	C	1/1	0,79
3874621	CG	C	0/1	61,49
3874722	AT	A	1/1	0,131
3877421	A	G	1/1	0,99
3880239	C	CGTCCGGCTCCTCCTCGGACCACTACGCGGCCCGCATCGTCGCCGACCAAATCCAACT	1/1	1,59
3883178	A	C	0/1	63,54
3885886	T	C	1/1	0,99
3892671	A	G	1/1	0,121
3893480	G	A	1/1	0,94
3895727	C	A	1/1	0,119
3896340	T	G	1/1	0,96
3898408	A	G	1/1	0,132
3899627	G	A	0/1	25,32
3901234	A	G	0/1	18,21
3902318	A	AT	0/1	54,57
3906311	G	A	1/1	0,66
3909235	G	C	1/1	0,127
3952800	G	A	1/1	0,82
3958403	A	G	1/1	0,88
3959418	C	T	1/1	1,104
3962187	G	A	1/1	0,132
3964518	G	A	1/1	0,137
3970594	C	G	1/1	0,100
3976595	G	T	0/1	47,58
3979990	C	G	1/1	0,134
3981983	G	A	1/1	0,88
3984321	G	A	1/1	0,108
3987370	CG	C	1/1	1,145
3993058	G	A	1/1	0,61
4001622	T	C	1/1	0,115
4005114	G	C	1/1	0,91
4005607	T	C	1/1	0,81
4008747	A	G	1/1	0,102
4015527	G	C	0/1	37,39
4022388	G	A	1/1	0,52
4024273	T	C	1/1	0,94
4024755	G	A	0/1	37,41
4026899	G	A	1/1	0,106
4028616	C	A	0/1	45,55
4028752	A	G	1/1	0,120
4033549	G	A	0/1	38,43
4034827	C	T	1/1	0,94
4041581	C	T	1/1	0,127
4043104	A	C	0/1	48,48
4050811	G	A	1/1	0,86
4055426	G	C	0/1	35,53
4055801	G	A	1/1	0,130
4056416	C	A	1/1	0,154
4056693	G	T	1/1	1,177
4059143	A	C	0/1	18,25
4059904	A	G	1/1	0,108
4069292	G	A	1/1	0,62
4069757	T	C	0/1	55,40
4089058	T	C	1/1	0,106
4095001	CG	C	1/1	0,105
4095295	T	C	1/1	0,117
4096857	G	A	0/1	44,58
4099134	C	A	0/1	25,36
4100975	T	C	1/1	0,81
4107074	T	C	1/1	0,88
4107517	G	A	0/1	50,67
4111303	G	C	1/1	0,110
4112429	T	C	1/1	0,120
4115890	G	C	1/1	0,118
4116610	G	A	0/1	48,66
4121411	T	C	0/1	52,73
4121613	G	A	0/1	63,47
4122287	G	T	1/1	0,88
4123770	G	A	0/1	21,31
4124349	GCC	G	1/1	0,64
4133316	A	T	1/1	0,50
4137829	C	T	0/1	41,41
4144481	A	T	0/1	62,57
4145737	A	G	1/1	0,93
4151855	A	G	1/1	0,74
4156099	C	A	1/1	0,86
4156503	C	T	1/1	0,98
4156686	C	T	0/1	47,49
4158493	C	T	0/1	56,61
4159195	T	C	1/1	0,90
4160371	C	A	0/1	67,64
4162339	A	G	1/1	0,135
4166441	G	A	1/1	0,80
4167656	A	G	1/1	1,130
4169852	G	T	1/1	0,128
4170739	G	C	1/1	0,75
4170964	G	GA	1/1	0,114
4174131	G	C	1/1	0,122
4176519	G	A	0/1	29,30
4179089	C	T	1/1	0,96
4179832	G	C	1/1	0,125
4182205	G	A	0/1	40,42
4182387	G	C	1/1	0,87
4182695	G	A	1/1	0,115
4185408	G	A	0/1	21,39
4186678	G	A	1/1	0,104
4187485	T	C	1/1	0,105
4187817	A	G	1/1	0,71
4189210	G	T	1/1	0,68
4194501	G	A	0/1	33,54
4196637	G	A	0/1	57,73
4197138	C	CT	1/1	0,82
4198611	CG	C	1/1	0,123
4204441	A	G	1/1	0,90
4205120	A	G	1/1	0,96
4205325	A	G	1/1	0,109
4210274	A	G	1/1	0,93
4212832	GACC	G	1/1	0,149
4215484	G	C	1/1	0,125
4217557	A	G	1/1	0,122
4218416	C	A	0/1	35,61
4218941	G	A	0/1	41,61
4221070	AC	A	0/1	67,52
4221423	C	T	0/1	36,53
4221490	C	G	1/1	0,77
4222073	A	G	1/1	0,34
4222882	A	G	1/1	0,102
4223172	T	C	1/1	0,34
4224884	G	A	0/1	57,46
4229167	T	C	0/1	49,45
4231859	CGCGGTCTGTGCGCCGGGCGCACGCACCGAATTCGAGCTATTAGCGGCCGCGGCAAGGGACGCATTCGGCCTGGACGTCCACCCAGCGGT	C	1/1	2,96
4234322	G	A	0/1	30,33
4234960	A	C	0/1	23,34
4236237	C	T	0/1	48,32
4242643	C	T	1/1	0,91
4243460	C	T	1/1	0,97
4247622	T	G	0/1	32,54
4251297	G	C	1/1	0,123
4252066	T	C	1/1	0,79
4254431	G	A	1/1	0,79
4255922	A	G	1/1	0,85
4256210	G	T	0/1	61,51
4257220	A	G	1/1	0,82
4262388	C	T	1/1	0,101
4264381	G	GC	1/1	0,86
4264660	C	A	0/1	30,28
4267647	T	C	1/1	0,66
4270177	G	C	0/1	28,21
4272480	G	A	0/1	71,62
4274791	C	T	0/1	33,27
4280708	G	A	1/1	0,79
4284429	G	A	1/1	0,117
4287164	A	G	1/1	0,96
4290135	C	T	1/1	0,102
4296015	G	A	1/1	0,108
4296225	G	A	0/1	50,63
4303498	T	TG	0/1	71,75
4305063	G	GA	1/1	0,78
4306155	C	T	1/1	0,83
4307179	G	A	1/1	0,75
4308395	G	A	1/1	0,90
4311664	C	T	0/1	45,74
4313128	C	T	1/1	0,64
4314645	A	G	1/1	0,89
4314800	G	A	1/1	0,86
4319985	G	C	1/1	0,61
4322039	AC	A	1/1	0,116
4326676	G	C	0/1	67,78
4329782	G	A	1/1	0,126
4338595	GC	G	1/1	0,149
4338732	G	A	1/1	0,158
4340028	G	C	1/1	0,90
4346385	G	C	0/1	48,53
4348724	A	ACCCGCGCCGGCGACGATGCAAAGCGCAGCGATGAGGAGGAGCGGCGCCAACGG	1/1	0,0
4349717	T	C	0/1	26,68
4350305	G	A	0/1	34,53
4351039	G	T	1/1	0,100
4356110	G	C	1/1	0,107
4357597	C	G	1/1	0,102
4357804	T	G	1/1	0,95
4359164	G	GC	1/1	0,30
4359653	C	T	1/1	0,124
4359828	G	A	1/1	0,129
4362568	T	G	1/1	0,79
4366195	T	C	1/1	0,102
4366272	G	C	1/1	0,73
4368084	G	C	1/1	0,79
4370678	T	C	0/1	47,36
4371391	A	C	0/1	45,25
4372353	G	C	1/1	0,60
4372440	TTGCCGACGGATA	T	0/1	35,45
4377999	C	A	0/1	34,38
4378504	T	C	1/1	0,118
4379044	CG	C	1/1	1,87
4379680	C	G	1/1	0,82
4382054	T	C	1/1	0,94
4382275	G	T	1/1	0,111
4382421	G	A	0/1	36,36
4383144	C	CCGGGG	1/1	0,74
4383655	A	G	1/1	0,45
4383692	G	A	0/1	20,18
4384007	C	G	1/1	0,90
4386228	T	C	1/1	0,111
4393178	A	G	1/1	0,98
4393590	C	G	0/1	35,42
4397736	C	T	1/1	0,110
4398687	G	T	0/1	36,62
4400660	AC	A	1/1	0,91
4400839	T	C	0/1	34,35
4401764	C	A	0/1	49,45
4407588	T	C	1/1	0,82
4407927	T	G	1/1	0,114
4408923	C	T	1/1	0,72
