1849	C	A	1/1	0,74
1977	A	G	1/1	0,54
3446	C	T	0/1	59,12
4013	T	C	1/1	0,92
7362	G	C	1/1	0,70
7585	G	C	1/1	0,71
8685	A	G	0/1	8,74
8948	G	A	0/1	78,18
9304	G	A	1/1	0,80
11820	C	G	0/1	13,80
11879	A	G	1/1	0,80
14785	T	C	1/1	0,99
14861	G	T	0/1	22,102
15087	C	G	0/1	13,86
15117	C	G	1/1	0,91
16119	C	A	0/1	13,68
17654	T	G	0|1	8,43
17657	T	C	0|1	8,42
17940	G	GGCC	0|1	8,2
17942	ACC	A	0|1	8,2
21795	G	A	1/1	0,8
24007	G	T	0/1	75,19
24698	GCCGCGTTGCTCGGGGTAA	G	1/1	0,52
25610	G	C	0/1	14,85
26747	GC	G	0/1	38,11
26957	C	G	0|1	55,8
26959	C	G	1|1	0,61
27487	G	A	0/1	68,17
28102	C	T	0/1	69,10
28366	AT	A	1/1	4,50
30460	G	A	0/1	59,15
32029	G	A	0/1	66,14
34044	T	C	1/1	0,75
34568	TC	T	0/1	53,13
35608	C	T	1/1	4,62
36008	G	C	0/1	7,75
37031	C	G	1/1	0,57
37305	C	G	0/1	7,72
37334	A	T	0/1	7,69
39158	C	G	0/1	14,51
42281	C	A	1/1	0,38
42967	G	C	1/1	0,60
44768	A	G	1/1	5,61
48503	T	C	0/1	7,62
49360	C	T	1/1	0,105
49690	GCC	G	1/1	0,80
50557	T	C	1/1	0,61
51949	A	G	1/1	0,72
54394	A	G	1/1	0,92
54842	G	T	0/1	85,19
55546	G	GCCT	1/1	0,34
56001	G	A	0/1	68,12
62049	A	G	1/1	0,65
63146	G	T	0/1	13,85
65083	G	A	0/1	40,12
65150	C	T	0/1	15,60
66632	C	T	0/1	59,8
67012	C	T	0/1	57,8
68337	T	TC	0/1	14,76
69984	C	A	0|1	72,14
69989	G	A	1|1	0,91
70267	G	T	1/1	0,78
70816	A	G	1/1	0,44
71336	G	C	1/1	0,11
71584	C	CCGAGCGCTGTTCTGGCGCTAATCTGACGCTAGAATAG	1/1	0,45
72549	C	T	0/1	70,8
75233	C	A	1/1	0,60
75940	G	C	1/1	0,74
79480	T	C	0/1	6,46
87468	C	T	0/1	7,60
92199	T	G	1/1	0,56
94388	G	A	0/1	7,54
96894	C	T	0/1	10,68
97350	A	C	0/1	8,70
99162	TCGGTGTGCG	T	0/1	12,62
101539	C	T	0/1	6,67
113380	A	C	0/1	41,5
116000	T	G	1/1	0,72
117389	C	T	0/1	71,11
122109	A	G	1/1	1,77
123198	T	C	0/1	65,14
123454	C	T	0/1	12,65
123520	T	C	1/1	0,78
123745	G	A	0/1	61,12
124965	C	G	0/1	42,10
125830	G	GA	1/1	0,82
128273	C	T	0/1	31,7
129576	A	C	0/1	88,11
131174	T	TG	1/1	0,76
133839	C	T	1/1	0,65
135329	C	T	0/1	6,44
139297	G	T	0/1	16,73
141623	G	A	0/1	7,58
143207	T	C	1/1	0,74
146087	T	C	1/1	0,70
146236	C	G	0/1	18,73
147262	G	T	0/1	10,75
154283	T	C	1/1	0,108
157129	C	T	0/1	84,15
159542	T	G	0/1	12,67
162151	GT	G	0/1	15,59
163705	C	T	0|1	10,48
163706	C	T	0|1	10,48
166556	G	A	0/1	16,90
168749	G	A	0/1	63,10
170671	G	A	0/1	79,17
172492	C	G	0/1	70,8
176534	TG	T	0/1	53,11
182824	G	A	0/1	9,57
183091	C	G	1/1	5,85
190816	A	C	0/1	14,66
194305	C	CGG	1/1	0,76
194681	G	C	1/1	0,57
195260	G	A	0/1	10,51
195682	C	G	0/1	10,59
196642	C	T	1/1	0,88
198401	G	T	0/1	73,18
199470	T	G	1/1	0,90
201949	G	A	0/1	31,7
203038	T	C	0/1	21,64
204094	G	T	0/1	10,63
206339	T	C	1/1	0,42
206481	C	G	1|1	0,24
206484	G	T	1|1	0,24
207079	G	C	0/1	61,9
210624	C	T	0/1	54,8
213147	C	A	0/1	11,79
213281	C	T	0/1	13,62
215977	C	T	0/1	5,26
217201	T	C	1/1	0,70
218599	T	C	0/1	65,13
222925	G	A	0/1	14,51
223942	T	C	1/1	0,49
224338	C	T	0/1	47,9
225323	T	C	1/1	0,52
227098	T	C	1/1	0,76
230170	C	T	0/1	11,50
230576	G	GT	1/1	0,71
230920	TC	T	0/1	61,12
231114	C	G	1/1	0,85
234477	T	G	1/1	0,66
234496	C	CGT	1/1	0,70
243923	CG	C	0/1	62,14
249522	T	C	1/1	0,57
251575	G	A	1/1	0,53
255373	T	C	0/1	61,13
257071	C	T	0/1	70,10
258622	C	T	0/1	56,10
261481	T	C	1/1	6,64
261809	ACCG	A	0/1	10,51
261869	T	C	1/1	0,60
262268	A	T	1/1	0,75
264129	G	A	0/1	9,75
264992	T	C	0/1	51,10
265554	A	C	1/1	0,86
266405	C	T	0/1	67,11
266550	G	A	0/1	10,57
267751	G	C	0/1	21,52
270430	G	C	0/1	6,49
274463	C	A	0/1	67,13
276539	G	C	0/1	95,14
278021	T	C	1/1	5,62
278681	C	G	1/1	0,75
282892	C	T	0/1	8,50
283503	G	A	0/1	59,8
283610	G	A	0|1	8,58
283614	T	C	1|1	0,65
285772	A	C	1/1	0,76
285871	A	G	1/1	0,67
286970	C	T	0|1	33,14
287092	T	TG	0/1	56,11
287141	GC	G	0/1	49,9
288260	C	T	0/1	13,75
289253	C	T	0/1	57,18
290650	G	C	0/1	55,7
293628	A	AC	1/1	0,49
296312	C	T	0/1	13,71
301341	C	A	0/1	89,15
304923	A	G	1/1	0,79
305188	G	T	0/1	15,68
306699	C	G	0/1	44,9
307554	A	ACCTCG	0/1	43,5
310973	G	A	1/1	0,74
311613	G	T	1/1	0,62
325453	C	T	0/1	11,64
325505	T	C	1/1	0,91
328569	G	C	0/1	81,19
336322	CAA	C	0|1	6,14
336325	T	G	0|1	6,14
336327	C	CGG	0|1	6,14
336332	G	C	0|1	5,15
336344	A	G	0|1	4,16
336345	T	C	0|1	4,16
336353	C	T	0|1	4,18
336356	GGAA	G	0|1	4,19
336360	C	CCTCCCCG	0|1	4,19
336369	C	T	0|1	4,18
336370	A	G	0|1	4,18
336380	A	T	0|1	4,30
336400	C	G	1|1	2,33
336403	C	G	1|1	2,29
336405	A	G	1|1	2,28
336422	TTG	T	1|1	1,21
336428	A	G	1|1	1,22
336431	C	T	1|1	1,22
336439	A	G	1|1	0,22
336441	C	T	1|1	0,22
336442	G	A	1|1	0,22
336449	T	C	1|1	0,25
336451	T	G	1|1	0,25
336452	A	G	1|1	0,25
336535	T	G	0|1	2,10
336537	T	G	0|1	2,10
336540	G	T	0|1	2,11
336546	T	G	0|1	2,9
336557	C	CT	0|1	2,9
336560	T	C	0|1	2,8
339230	G	C	0/1	41,9
342146	A	C	1/1	0,77
342873	C	T	0/1	83,14
346275	C	G	1/1	0,84
353197	C	T	0/1	67,9
353309	G	A	1/1	5,67
353365	G	A	0/1	8,51
356528	A	G	1/1	0,71
358473	G	C	0/1	66,13
363464	G	A	0/1	8,81
363563	G	A	0/1	66,11
364854	C	G	0/1	19,64
376774	T	C	1/1	0,62
377014	C	T	0/1	16,65
379273	C	A	0/1	75,17
379528	G	T	0/1	13,68
383716	C	T	0/1	9,31
384380	A	C	1/1	0,68
386432	C	G	1/1	0,70
390828	T	C	1/1	0,101
391853	A	G	1/1	0,78
392191	T	C	0/1	7,64
392261	T	C	1/1	0,73
394795	C	T	0/1	61,9
395056	G	A	0/1	12,62
396199	T	C	1/1	0,62
402836	G	A	0/1	74,13
403980	G	A	1/1	0,84
404326	T	C	1/1	0,87
406251	T	C	0/1	47,6
408663	C	T	1/1	3,54
414486	C	T	1/1	0,80
420008	A	G	1/1	0,93
422678	G	A	0/1	49,6
424141	G	GAGCGAACGGCGC	0|1	89,57
424145	T	TGGCACCAGCCGGTG	0|1	93,40
438470	C	T	0/1	53,11
440365	G	A	0/1	76,12
440878	C	T	0/1	44,6
441823	C	T	0/1	12,48
445780	C	T	1/1	0,85
447642	G	C	0/1	65,12
454295	T	C	1/1	0,62
454333	T	G	1/1	0,57
455024	G	A	0/1	68,8
456085	G	T	0/1	56,17
456249	T	C	0/1	51,9
456594	T	C	0/1	5,53
457452	T	G	1/1	0,58
459399	A	C	1/1	0,98
460413	C	T	0/1	11,49
465300	C	T	0/1	14,56
476612	G	A	0/1	81,12
477234	T	G	0/1	9,45
481526	AG	A	0/1	73,13
483935	T	G	1/1	0,76
484504	C	G	0/1	69,17
484596	C	T	0/1	15,52
485561	A	C	0/1	68,9
485730	C	T	0/1	53,13
485810	CA	C	1/1	0,53
489935	G	C	1/1	0,95
491742	T	C	1/1	0,85
492150	G	C	1/1	0,74
495669	G	C	0/1	58,6
497491	G	A	0/1	10,60
498531	A	G	1/1	0,89
498557	C	A	1/1	0,91
502589	C	G	1/1	0,83
503354	G	C	1/1	0,98
505974	G	A	1/1	0,42
507028	GC	G	0/1	14,68
507948	C	A	0/1	10,51
513257	T	C	1/1	0,80
517358	T	C	1/1	0,78
517389	C	A	0/1	67,11
518987	C	T	0/1	5,48
523725	C	T	0/1	10,73
524891	C	A	1/1	0,76
532515	C	G	0/1	11,65
533547	C	G	0/1	10,56
536070	C	T	0/1	6,68
537727	G	A	0/1	57,8
541201	A	G	1/1	0,59
542014	C	G	1/1	7,70
542514	C	G	0/1	11,81
545381	C	T	0/1	84,11
546357	A	G	1/1	0,91
548326	T	C	0/1	64,13
549363	C	G	0/1	20,57
551525	A	C	1/1	0,83
554401	A	G	0/1	64,10
555991	A	G	1/1	1,72
560540	ACTTTTC	A	0/1	73,13
561776	C	T	0|1	12,67
561777	C	T	0|1	12,67
562062	GGCCA	G	0/1	69,8
562493	G	T	0/1	13,79
565655	A	G	1/1	0,67
571246	C	G	0/1	13,69
572591	C	T	1/1	0,70
573262	A	G	1/1	0,81
575907	C	T	0/1	7,87
583171	A	C	0/1	8,46
584171	T	C	1|1	0,43
590436	T	C	1/1	0,81
597816	A	G	1/1	0,79
598475	G	A	1/1	0,85
599823	G	C	0/1	70,8
599868	A	G	1/1	0,82
605150	G	A	0/1	16,98
610120	T	G	1/1	0,72
611048	T	G	0/1	8,70
611977	C	T	0/1	56,9
620625	A	G	0/1	8,64
621598	C	T	1/1	6,79
627485	G	A	0/1	6,19
628864	T	C	0/1	9,46
629714	G	A	0/1	59,9
633562	C	T	0/1	55,13
634349	C	T	0/1	48,11
635139	G	C	0/1	65,15
637319	G	A	1/1	0,71
640185	T	G	0/1	79,15
640954	A	G	0/1	12,62
648002	T	G	1/1	0,114
648856	T	C	1/1	0,91
655100	C	A	0/1	71,8
655986	T	G	1/1	0,92
657081	C	T	1/1	0,64
657142	C	T	0/1	7,66
659341	T	C	1/1	0,62
660501	ACG	A	0/1	51,9
662911	T	C	1/1	0,81
665293	A	G	1/1	0,75
669033	T	A	0/1	15,59
669398	T	C	1/1	0,76
670545	G	A	1/1	0,67
681321	C	T	0/1	10,88
683829	C	T	0/1	8,65
684376	T	C	0/1	80,12
685461	C	G	1/1	0,69
685608	T	C	1/1	0,74
686123	C	A	0/1	41,18
686264	G	A	0/1	11,72
686972	T	C	1/1	0,94
688130	C	G	0/1	82,14
688344	G	GA	0/1	11,65
688792	T	TG	1/1	0,82
690450	A	C	1/1	0,37
690465	T	G	1/1	0,42
694531	A	G	0/1	14,63
696917	G	T	0/1	7,63
698968	G	A	1/1	0,57
699840	A	C	0/1	9,53
707334	T	C	1/1	3,42
708056	T	C	0/1	61,9
708206	T	C	0/1	6,51
712693	A	G	1/1	0,55
713310	T	C	1/1	0,64
721373	T	G	0/1	18,60
725190	G	A	1/1	0,9
729685	C	T	0/1	60,14
736168	A	G	0/1	54,9
738522	T	G	0/1	19,82
742604	A	ATTTCCGCCCTCATTACACAT	0/1	4,5
749242	C	T	0/1	31,11
750027	C	CA	0|1	60,9
750033	C	G	0|1	63,10
753174	C	A	0/1	36,9
754186	A	G	1/1	0,75
757139	C	A	0/1	15,60
757182	A	G	1/1	0,68
758515	A	G	1/1	6,81
759746	C	T	0/1	57,9
762434	T	G	0/1	65,8
763031	T	C	1/1	0,74
767339	A	G	0/1	57,11
767414	G	A	1/1	0,67
773497	C	A	0/1	13,57
774990	G	C	0/1	11,57
775639	T	C	1/1	0,62
776100	G	A	1/1	0,62
776182	C	T	0/1	10,65
779615	G	C	0/1	13,70
781395	T	C	1/1	0,81
788615	G	C	0/1	82,13
791249	C	T	0/1	11,89
797736	C	T	0/1	16,77
798355	G	C	1/1	5,79
798779	T	C	0/1	76,11
798934	C	A	0/1	63,12
799579	G	T	0/1	51,8
799666	A	G	0/1	8,48
807405	C	T	0/1	66,18
811753	C	T	0/1	19,81
820483	G	T	1/1	0,49
820734	A	G	0/1	44,10
820752	C	T	1/1	0,55
822356	A	G	0/1	20,77
830868	G	GGC	1/1	0,75
834857	C	T	0/1	54,11
835611	C	T	0/1	7,53
841289	GAA	G	0/1	59,12
841764	G	C	1/1	0,82
842030	C	T	0/1	6,68
847995	T	C	1/1	0,74
852910	C	T	1/1	0,79
854252	GC	G	0/1	11,49
857643	C	G	0/1	76,15
857696	A	G	1/1	0,88
858464	A	G	0/1	65,19
861216	T	G	0/1	12,57
866051	G	A	0/1	14,60
868663	G	A	0/1	9,42
873063	A	G	0/1	3,23
874835	C	CCG	1/1	0,86
876141	G	T	1/1	1,81
880562	G	T	1/1	0,94
882257	T	C	1/1	0,99
892416	C	T	0/1	8,58
893733	T	G	1/1	0,91
896979	T	C	0/1	74,17
900221	T	C	1/1	0,80
903537	G	T	1/1	0,89
903550	T	C	1/1	0,85
903913	T	C	1/1	0,81
906410	G	C	0/1	96,15
906742	T	C	0/1	67,10
906857	A	G	1/1	0,87
919351	A	C	0/1	9,73
919551	C	T	0/1	63,14
921909	C	T	0/1	63,8
931123	T	C	1/1	0,69
932280	T	C	1/1	0,76
934230	C	G	1/1	0,95
934611	G	T	1/1	0,84
936620	CCCA	C	0/1	64,11
940602	C	G	0/1	14,72
941845	C	A	1/1	0,75
942616	C	A	0/1	62,11
945214	G	A	1|1	0,106
945238	G	T	0|1	82,13
949535	T	C	1/1	0,64
950116	C	G	0/1	47,7
951702	C	T	0/1	13,86
954101	C	T	0/1	16,69
954468	C	G	0/1	7,61
955524	A	G	1/1	0,70
957117	T	C	1/1	0,63
960367	A	G	1/1	0,81
972818	C	G	0/1	63,8
972980	C	T	0/1	7,70
975067	A	G	0/1	14,62
979704	G	C	1/1	0,87
986463	G	C	1/1	0,95
987585	A	AG	0/1	11,61
990001	G	C	1/1	0,80
991896	T	C	0/1	7,63
991939	G	A	0/1	59,14
993346	A	C	1/1	0,112
996205	T	C	0/1	16,76
996263	G	A	0/1	67,13
996346	G	A	0/1	11,60
1002172	G	A	0/1	51,15
1004474	G	A	0/1	9,45
1008460	C	T	0/1	79,13
1009500	C	T	0/1	52,10
1010204	C	CG	1/1	0,87
1011087	G	C	0/1	77,11
1011511	A	C	0/1	8,58
1012815	C	G	0/1	48,11
1022003	A	C	0/1	11,58
1023911	C	G	0/1	64,17
1024346	A	G	1/1	0,66
1025106	T	C	1/1	0,87
1029586	G	A	0/1	53,7
1034208	CGCT	C	0/1	7,23
1034381	G	A	0/1	43,11
1034758	C	T	0/1	16,58
1037012	T	C	1/1	0,40
1037911	C	T	1/1	0,91
1040251	C	A	0/1	15,56
1040601	G	A	0/1	13,58
1047165	T	C	1/1	0,57
1048477	C	T	0/1	16,63
1054784	C	G	1/1	0,77
1055642	C	G	1/1	4,49
1061394	C	A	0/1	13,48
1063515	G	C	0/1	52,11
1068151	T	C	1/1	0,49
1068432	A	G	1/1	0,101
1070702	T	C	1/1	0,7
1070795	GC	G	0/1	5,2
1071349	G	C	1/1	0,8
1074558	G	A	1/1	0,78
1075279	T	C	1/1	0,87
1076309	G	T	1/1	0,82
1076689	A	C	0/1	9,81
1076880	C	T	0/1	9,55
1077312	A	G	1/1	0,64
1079927	C	A	1/1	0,66
1080192	G	A	1/1	0,57
1081681	T	C	1/1	0,62
1087193	G	C	1/1	0,72
1090188	A	AG	1/1	0,63
1097220	C	T	1/1	0,65
1097442	C	T	0/1	12,70
1098523	T	A	1/1	0,88
1099058	G	A	1/1	0,50
1100234	T	C	1/1	1,96
1102117	G	A	0/1	18,68
1102468	C	A	0/1	14,48
1102646	G	A	0/1	14,55
1103656	C	T	0/1	12,54
1104690	T	G	1/1	0,80
1105686	C	G	1|1	4,74
1105687	T	C	1|1	5,74
1106099	C	T	0/1	68,13
1106422	T	C	1/1	0,67
1107940	A	C	1/1	0,78
1108521	G	A	0/1	7,64
1109975	A	G	1/1	0,58
1110721	T	C	0/1	72,10
1111678	G	A	0/1	17,69
1111852	G	T	0/1	57,14
1113733	C	A	0/1	78,14
1114861	G	T	0/1	51,8
1126889	G	C	1/1	0,78
1127493	T	C	0/1	9,81
1127648	C	A	1/1	0,113
1139089	G	C	0/1	68,10
1144585	A	G	1/1	0,72
1145848	A	C	0/1	6,62
1148259	A	G	1/1	0,95
1148930	C	T	0/1	9,69
1149551	C	T	1/1	0,92
1150585	G	A	1/1	0,63
1150644	C	T	0/1	13,46
1151054	C	G	1/1	0,95
1152805	T	A	0/1	64,20
1152863	A	G	0/1	73,19
1153388	C	T	0/1	65,12
1164336	G	A	1/1	0,81
1164571	A	G	0/1	83,12
1168009	GC	G	0/1	6,56
1168715	C	CT	1/1	0,83
1168776	T	G	0/1	15,73
1172085	C	A	0/1	14,60
1173750	G	T	1/1	0,55
1175343	C	T	0/1	13,59
1177157	G	A	0/1	15,63
1177184	C	A	0/1	71,14
1178116	T	C	1/1	0,90
1193463	T	A	0/1	77,10
1197157	T	G	0/1	11,62
1198656	C	T	0/1	14,68
1200418	A	G	1/1	0,64
1201484	G	T	0/1	76,13
1201581	A	C	0/1	15,68
1206858	C	G	0/1	60,7
1211369	A	C	1/1	0,86
1215742	G	A	0|1	11,65
1215743	C	A	0|1	11,65
1216356	G	A	0/1	92,16
1220680	T	C	1/1	0,90
1224367	T	C	1/1	0,64
1227830	G	T	1/1	0,100
1230778	G	A	1/1	0,84
1236433	A	C	0/1	78,12
1240744	C	A	0/1	52,9
1241572	A	G	0/1	75,15
1247391	A	C	0/1	63,17
1248382	A	G	1/1	0,89
1248936	G	C	1/1	0,79
1248978	T	C	1/1	0,79
1250340	A	G	1/1	0,70
1250830	T	C	0/1	12,47
1251199	C	T	1/1	0,74
1254562	A	G	1/1	0,97
1265070	G	T	0/1	6,70
1265828	G	A	0/1	88,16
1269028	G	C	0/1	67,12
1271187	C	G	0/1	69,17
1273250	G	GA	1/1	0,77
1275262	C	T	1/1	5,72
1275957	T	C	1/1	0,72
1279968	G	C	0/1	18,60
1281118	T	C	1/1	0,85
1281771	T	C	1/1	0,57
1281984	G	A	0/1	34,11
1285001	A	C	1/1	4,64
1286766	G	C	0/1	10,50
1287372	G	C	0/1	62,13
1288698	G	A	0/1	12,57
1292102	A	G	1/1	0,54
1293333	C	G	0/1	9,40
1306259	A	G	1/1	0,58
1307598	C	G	1/1	0,71
1308317	T	C	0/1	50,10
1313337	A	AG	1/1	0,76
1313338	A	C	1/1	0,76
1315191	A	C	1/1	0,85
1315884	G	A	1/1	0,65
1317655	C	T	1/1	6,65
1318062	T	G	0/1	70,10
1322741	A	G	0/1	15,75
1325650	G	A	0/1	65,17
1327890	G	A	1/1	0,76
1328687	G	C	1/1	0,69
1329234	G	A	0/1	9,39
1333669	T	G	0/1	12,56
1335235	C	T	0/1	61,9
1336164	C	T	0/1	10,71
1345016	C	T	0/1	39,10
1349733	G	C	0/1	14,76
1351172	A	G	1/1	0,50
1360209	T	C	1/1	0,84
1361190	G	A	1/1	0,58
1361285	C	T	0/1	20,67
1362006	T	C	1/1	0,89
1365837	C	CGG	1/1	0,75
1366011	T	C	0/1	7,72
1367484	T	G	1/1	0,71
1368322	C	CG	0/1	14,47
1370852	T	G	0/1	9,61
1374065	T	C	1/1	0,41
1374201	A	G	0/1	9,63
1374685	C	G	0/1	13,80
1375044	C	G	0/1	8,51
1375724	A	C	1/1	0,73
1377568	A	G	0/1	70,11
1382628	T	C	1/1	0,71
1390763	C	T	1/1	0,100
1393626	A	G	1/1	0,41
1396618	C	A	0/1	51,13
1396922	T	C	1/1	0,83
1399526	C	T	0/1	14,45
1401033	C	T	0/1	78,12
1402053	C	T	0/1	45,9
1406760	T	TG	0/1	10,74
1411210	T	G	1/1	0,63
1413129	CG	C	0/1	9,57
1413148	C	T	1/1	0,69
1414021	C	T	1/1	1,82
1418863	C	CGGGAGCCA	0/1	8,43
1418992	C	T	0/1	47,16
1419542	C	T	0/1	7,72
1426215	G	A	0/1	19,56
1440090	C	T	0/1	85,17
1440469	C	G	1/1	0,135
1443428	G	GGGTTAGATTGCCCGGCTCCTCAACCCGCCGTTTCGGCGTGCATCGTCGCCGGGCTA	0|1	9,2
1443468	G	GCATCGTCGCCGGGCTAGGTTAGATTGCCCGGCTCCTCAACCCGCCGTTTCGGCGTA	0|1	18,15
1445781	A	G	1/1	0,75
1450316	C	T	0/1	53,15
1457144	C	T	1/1	0,52
1471659	C	T	1/1	0,61
1477596	C	T	0/1	12,80
1479085	T	C	1/1	0,45
1482627	T	C	1/1	0,66
1484708	A	C	1/1	0,81
1490905	A	G	1/1	0,93
1495836	G	A	0/1	82,15
1498951	G	T	1/1	0,64
1499211	GCT	G	0|1	52,9
1499215	AGGCCGG	A	0|1	60,9
1499274	C	G	1/1	0,67
1501700	G	A	1/1	0,40
1503291	C	A	0/1	6,49
1503858	CG	C	0/1	66,12
1513189	C	T	0/1	46,10
1526311	G	T	0/1	12,89
1526819	C	A	1/1	0,90
1534551	C	T	0/1	76,13
1536251	G	T	1/1	0,78
1540141	T	C	1/1	0,99
1540484	C	G	0/1	79,14
1541798	C	T	0/1	8,63
1544255	C	T	1/1	0,91
1546703	C	T	1/1	0,91
1547125	T	C	1/1	0,95
1552547	G	A	1/1	0,62
1556787	T	C	0/1	9,60
1563717	C	T	1/1	0,93
1569557	C	T	0/1	51,18
1570566	C	A	1/1	0,91
1576481	T	G	1/1	6,57
1576527	G	T	0/1	6,52
1577241	G	A	0/1	5,42
1588875	G	A	0/1	9,54
1588899	G	T	1/1	0,69
1589756	A	G	0/1	46,11
1593331	G	A	1/1	0,47
1593503	A	G	0|1	50,14
1594906	G	A	0/1	12,54
1595342	T	C	1/1	0,49
1599557	C	G	0/1	67,13
1605729	TG	T	0/1	46,8
1608276	A	C	1/1	0,80
1609840	A	G	1/1	0,67
1612624	T	TATCGGTACCGGTGCGCCAGGG	1/1	0,51
1613035	T	C	1/1	0,66
1613234	T	C	0/1	11,66
1616061	C	T	0/1	11,47
1617302	G	T	0/1	14,56
1620181	C	G	0/1	16,58
1624791	C	G	1/1	1,64
1625332	C	CGGT	0/1	6,64
1627351	T	C	1/1	0,68
1630148	A	C	1/1	0,75
1639594	C	A	1/1	0,43
1645802	T	C	1/1	0,78
1647436	G	A	0/1	7,56
1650072	A	G	1/1	0,65
1650406	C	A	0/1	81,15
1651308	A	G	1/1	5,71
1657249	T	C	0/1	13,52
1669158	T	C	0/1	7,58
1676290	C	A	1/1	0,136
1676738	G	C	0/1	12,72
1678706	A	C	0/1	8,60
1681147	G	A	0/1	67,9
1683409	A	C	1/1	1,17
1688064	A	G	0/1	6,49
1688300	T	C	1/1	0,70
1689349	C	T	1/1	0,66
1692141	A	C	1/1	0,80
1692960	T	C	0/1	56,15
1693561	A	G	1/1	0,90
1695037	G	A	0/1	11,76
1695681	A	C	0/1	22,70
1695796	C	T	0/1	16,63
1696671	CA	C	0/1	12,44
1697896	C	T	0/1	5,48
1698911	G	A	1/1	0,66
1699849	G	A	1/1	0,112
1701215	C	T	0/1	11,46
1706119	T	C	1/1	0,81
1706685	C	A	0/1	10,57
1708792	T	C	0/1	72,11
1709432	C	T	1/1	0,82
1711670	C	T	0/1	14,74
1713192	A	G	1/1	0,80
1713923	A	G	0/1	79,11
1716472	A	G	1/1	0,83
1720674	GCCATGATCCGGGGATTGCGTCGAACGCATGGCTGGCCCGCCGCTATGGGTAT	G	0/1	12,57
1722200	C	G	0/1	9,59
1722228	A	C	0/1	9,61
1722257	CCGGT	C	0|1	63,8
1722277	GGCGTAGGAT	G	0|1	66,8
1728837	A	G	1/1	0,77
1733134	C	T	0/1	17,86
1733325	C	G	0/1	7,71
1735739	T	C	0/1	73,9
1741352	C	T	0/1	14,50
1748439	C	T	0/1	72,11
1753519	G	GC	1/1	0,75
1756358	CG	C	0/1	11,59
1759252	G	T	1/1	0,71
1760292	A	G	1/1	0,83
1763482	G	A	0/1	86,17
1764225	C	T	0/1	66,10
1774659	C	T	0/1	12,78
1778430	T	C	1/1	0,51
1789933	G	A	0/1	53,6
1791793	T	C	0/1	66,8
1792777	T	C	1|1	0,56
1792778	T	C	1|1	0,57
1795694	C	T	0/1	50,13
1798355	G	A	1/1	0,49
1801640	G	T	0/1	57,8
1802047	C	G	0/1	68,12
1803265	G	A	1/1	0,74
1804409	C	A	1/1	0,75
1811375	G	T	1/1	0,92
1817976	A	T	1/1	0,82
1827468	C	A	0/1	41,7
1831220	A	C	0|1	19,78
1831226	A	G	0|1	20,80
1831288	C	T	0/1	10,76
1832509	C	G	0/1	58,9
1834177	A	C	0/1	17,65
1836286	G	C	1/1	0,70
1836417	C	A	0/1	63,13
1839759	G	C	1/1	0,74
1844116	G	A	0/1	12,72
1847919	C	G	1/1	0,64
1849051	C	T	0/1	9,81
1849609	T	C	1/1	0,96
1849934	A	G	0/1	20,66
1852877	A	C	0/1	38,11
1854300	T	C	1/1	0,91
1856777	G	C	1/1	0,56
1859559	C	A	1/1	0,80
1873700	G	A	0/1	69,12
1877744	A	C	0/1	7,74
1884110	C	CGCCCCGTGCGATTTGCCGAGGG	0/1	61,6
1885385	T	G	0/1	6,60
1885772	G	A	1/1	0,71
1888373	T	C	0/1	8,80
1892017	T	C	0/1	14,66
1894300	G	GGTCTTGCCGC	1/1	0,65
1894422	A	G	1/1	0,80
1897608	C	T	0/1	11,90
1901493	T	C	1/1	0,83
1902337	A	C	0/1	10,58
1906078	A	G	0/1	10,32
1907296	G	C	1/1	0,99
1908598	G	A	0/1	62,18
1916137	A	G	1/1	0,68
1917972	A	G	1/1	0,66
1918335	G	T	0/1	72,13
1924008	G	A	0/1	20,78
1926029	T	C	0/1	75,15
1929429	C	G	0/1	75,11
1931179	C	A	1/1	0,63
1933988	G	A	1/1	0,95
1942641	G	A	0/1	18,55
1943230	C	A	0/1	10,60
1944107	A	G	1/1	0,70
1944402	T	C	1/1	0,103
1946999	T	G	0/1	75,13
1949283	T	G	0/1	80,13
1950767	T	C	1/1	0,88
1952743	G	A	0/1	61,12
1955672	C	CGGCGCGCATCGTCACCGGGCGTCGTCTGATTGCCCGGTTCCTCCTCGCGCCG	0/1	49,59
1955760	CGAA	C	0/1	14,69
1955913	CCCGGAAG	C	0|1	13,61
1955921	TCGATGACCGTTG	T	0|1	12,61
1955941	G	C	0|1	11,63
1960284	C	A	1/1	0,56
1960831	G	GC	0/1	51,13
1961735	A	G	0/1	9,55
1964257	C	T	0/1	62,11
1967026	C	T	0/1	10,79
1967237	C	A	1/1	0,77
1967543	C	A	0/1	10,62
1971725	G	C	1/1	0,54
1972901	C	T	0/1	66,9
1977086	A	G	0/1	75,13
1977646	G	A	0/1	82,12
1980652	G	T	0/1	23,41
1986638	G	GTGAAC	0|1	11,18
1986641	C	CCCCGGTGAGTCCGGAGACTCTCTGATCTGAGACCTCAGCCGGCGGCTGGTCTCTGGCGT	0|1	11,13
2000575	C	T	0/1	69,16
2003105	C	T	0/1	10,67
2003252	C	T	0/1	53,9
2003827	A	C	1/1	0,58
2009290	GC	G	0/1	8,49
2009803	TG	T	0/1	10,76
2010880	T	G	0/1	78,12
2011568	G	C	0/1	53,15
2022868	T	C	1/1	0,59
2023628	C	G	1/1	0,52
2034676	C	T	0/1	76,13
2055271	A	G	1/1	0,92
2056184	C	T	0/1	59,17
2057774	A	T	1/1	0,53
2058949	GC	G	0/1	47,9
2067684	G	A	0/1	6,73
2067948	C	T	0/1	79,16
2069771	C	A	0/1	11,60
2072313	C	A	0/1	11,67
2074754	C	T	1/1	0,71
2076992	C	T	0/1	66,15
2078246	C	G	0/1	10,60
2082053	A	G	0/1	8,62
2084697	G	T	0/1	58,7
2086672	C	T	0/1	13,57
2087652	C	T	0/1	76,9
2094911	ACAGCGT	A	1/1	0,70
2096186	A	G	1/1	0,65
2097270	C	T	0/1	18,70
2108141	T	C	1/1	0,22
2108890	A	C	1/1	0,73
2109523	C	CG	1/1	0,69
2112832	A	C	0/1	19,74
2116360	C	T	0/1	8,67
2116903	C	T	1/1	0,93
2122395	C	T	0/1	10,57
2122976	C	G	1/1	0,80
2123169	T	G	1/1	0,98
2128870	A	G	1/1	0,66
2133468	T	TTCGCATGCCGTCACC	1/1	0,72
2135154	G	T	0/1	7,42
2135870	T	C	1/1	0,78
2137521	A	ACTCCGATCAC	1/1	0,85
2138436	A	G	0/1	8,79
2138453	C	T	1/1	0,93
2139139	A	AC	0/1	9,62
2142266	C	A	0/1	6,63
2143327	CG	C	0/1	70,12
2147022	A	C	1/1	0,86
2151222	T	G	0/1	15,67
2151780	G	T	0/1	58,11
2153184	T	G	0/1	75,9
2153725	CTCATCCCCGTCTCG	C	0/1	16,57
2154724	C	A	1/1	0,88
2158109	T	C	1/1	0,48
2160998	G	A	1/1	0,99
2161343	G	GT	1/1	0,82
2161565	G	A	0/1	68,15
2172380	A	C	1/1	4,76
2172526	A	C	0/1	75,11
2173860	A	C	1/1	0,68
2177366	C	T	0/1	14,78
2179825	G	C	0/1	11,57
2185674	A	G	0/1	8,58
2185884	T	C	0/1	8,58
2186127	G	A	0/1	45,7
2187274	C	T	0/1	76,10
2187587	G	C	1/1	0,94
2191498	G	T	0/1	8,66
2199052	C	G	1/1	0,71
2202500	C	T	0/1	6,59
2203544	T	G	0|1	36,23
2203545	GTATGTC	G	0|1	44,21
2207591	T	TC	1/1	0,116
2209465	G	A	1/1	0,90
2210127	A	C	0/1	9,64
2211826	A	G	1/1	0,89
2216345	C	A	0/1	55,14
2216443	C	A	1/1	0,67
2216963	C	G	0/1	5,61
2219418	C	CCAGGTGCGAAAGGAGGAGCAGCCCATTCAACTGAAGGACTTGTTCGGGACCAGTTGGCACGTTCCGTCCGTCCTCGGTGTTGGCCAGCAAGAAGTCGCGGAGCGCCTGGCTGCTGGTCATACGCTCG	0/1	43,41
2220512	T	G	1/1	0,99
2220940	CGCCACGAT	C	0/1	64,13
2221584	G	C	1/1	0,94
2223293	T	C	1/1	0,76
2225365	T	C	0/1	18,77
2228967	A	G	1/1	0,78
2229801	C	G	1/1	0,98
2230045	G	A	0/1	25,95
2235087	G	A	0/1	12,73
2235947	C	A	0/1	7,53
2241031	AG	A	0/1	11,33
2242798	A	G	0/1	60,11
2244421	G	T	1/1	0,88
2245864	C	A	0/1	11,62
2245916	T	G	0/1	56,10
2247677	A	C	1/1	0,104
2251605	G	A	0/1	5,41
2251999	A	G	1/1	0,88
2260100	C	T	1/1	0,78
2260525	C	T	1/1	0,89
2264782	C	A	1/1	1,83
2265059	T	G	1/1	0,95
2266487	G	C	0|1	105,34
2266504	T	TA	0|1	111,40
2266508	A	T	0|1	108,37
2266511	GT	G	0|1	102,36
2266517	T	C	0|1	94,37
2266550	G	T	0|1	90,56
2266553	C	G	0|1	87,53
2266583	C	G	0|1	87,17
2266598	G	C	0|1	91,16
2266604	C	G	0|1	91,16
2266613	G	GC	0|1	92,17
2266624	G	T	0|1	95,23
2267015	T	C	0/1	17,72
2268433	C	A	0/1	11,53
2268627	G	C	0/1	11,60
2269545	G	A	0/1	8,81
2269780	T	C	1/1	0,68
2270102	A	G	1/1	0,104
2273733	TC	T	0/1	13,66
2275764	G	A	0/1	64,11
2276646	GGGGCTT	G	0/1	19,80
2282787	C	T	1/1	0,81
2283191	G	C	0/1	15,61
2284456	T	G	0/1	61,7
2285251	C	A	1/1	0,76
2285558	G	A	0/1	75,10
2287121	A	G	1/1	0,84
2288085	G	C	0/1	17,67
2289047	G	A	0/1	62,21
2289365	CG	C	0/1	55,18
2294007	T	C	0/1	12,65
2307586	CGTCG	C	0/1	60,6
2309203	G	A	0/1	71,12
2311099	C	G	1/1	0,61
2314689	C	A	0/1	12,50
2314751	G	T	0|1	23,6
2315386	C	A	0/1	9,75
2316123	C	A	0/1	11,48
2318725	C	T	0/1	8,80
2320320	C	T	0/1	10,73
2321975	T	C	0/1	11,75
2323603	G	A	0|1	44,5
2323605	C	CCGGGTGTGCAGATGCATGTAGGAGCTGTA	0|1	44,5
2325320	T	C	0/1	78,13
2328543	T	C	1/1	0,73
2328897	G	T	0/1	6,64
2329533	A	G	1/1	0,73
2331620	A	C	1/1	0,85
2331789	G	T	1/1	0,108
2334007	A	G	1/1	0,98
2334666	C	CTGAACCGCCCCGGTGAGTCCGGAGACTCTCTGATCTGAG	0/1	26,7
2335075	A	G	1|1	0,62
2335080	T	C	0|1	50,11
2335494	A	G	1/1	0,77
2337179	C	T	0/1	11,71
2338194	A	AC	1/1	0,13
2341636	C	G	1/1	0,49
2342649	A	AGGCGTACACAC	1/1	0,80
2344246	G	C	1/1	1,69
2344499	T	G	0/1	13,70
2345037	C	A	1/1	0,71
2346318	G	A	0/1	6,70
2346929	C	T	0/1	47,6
2348708	G	A	0/1	75,10
2352065	C	CCTCGCCTGGGCTGGCGAGCAGACGCAAAATCCCCCGCACGCCCGGCGTGTCGGGGGATTTTGCGTCTG	0/1	10,37
2353385	G	C	0/1	67,16
2354791	A	G	0/1	13,64
2356899	C	T	0/1	15,5
2357268	TGCC	T	1/1	0,14
2358029	T	TG	1/1	0,40
2361604	C	G	1/1	0,60
2361979	C	A	0/1	12,75
2362041	C	A	1/1	0,82
2364475	T	C	0/1	17,64
2367060	TA	T	0/1	49,10
2368564	TA	T	1/1	0,64
2369186	G	C	1/1	0,69
2369326	C	G	1/1	0,74
2376135	A	G	0/1	11,81
2382776	A	C	0/1	13,63
2384784	A	C	0/1	37,16
2386389	G	A	1/1	0,79
2388641	G	A	1/1	0,76
2399734	G	A	0/1	4,39
2401927	T	TCG	0|1	93,81
2401928	A	ATTT	0|1	93,81
2401930	G	A	0|1	95,70
2401933	G	GCCC	0|1	92,62
2401935	G	GCTCCTCCTCACCCCGTTAC	0|1	94,53
2402092	A	C	1/1	8,91
2402765	G	A	0/1	53,10
2406842	AC	A	0/1	14,64
2411496	G	A	0/1	5,33
2413246	C	A	1/1	0,47
2415656	G	C	1/1	0,51
2421816	A	G	1/1	0,60
2421975	G	GGGAA	1/1	0,56
2424925	A	G	1/1	0,77
2425471	T	C	1/1	0,83
2434749	C	T	0/1	44,9
2440323	C	G	0/1	92,13
2440926	G	T	1/1	0,84
2440935	G	C	0/1	78,13
2442468	C	T	0/1	13,96
2448458	C	T	1/1	0,52
2451700	A	C	0/1	18,48
2452452	G	A	0/1	61,12
2453647	T	A	0/1	69,13
2462871	G	A	1/1	0,73
2469537	C	T	0/1	58,10
2470591	A	C	1/1	0,78
2472029	T	G	0/1	42,6
2477984	G	A	0/1	60,10
2480809	G	C	0/1	57,7
2483686	G	A	0/1	76,23
2491597	G	T	0/1	15,62
2494430	C	G	0/1	62,7
2499726	G	A	1/1	0,101
2504177	C	T	0/1	38,7
2505085	G	A	0/1	12,62
2507774	G	A	0/1	51,7
2509140	G	C	1/1	0,60
2509722	A	G	1/1	0,66
2510350	C	G	1/1	6,87
2510774	G	A	0/1	11,78
2512222	C	G	0/1	61,9
2516271	T	C	0/1	69,10
2516567	G	C	1/1	0,76
2521342	T	C	1/1	0,53
2521428	A	G	0/1	8,52
2522955	T	G	0/1	8,67
2523205	G	GCGC	1/1	0,82
2525722	CG	C	1/1	0,76
2526974	T	C	1/1	0,78
2529680	A	G	1/1	0,83
2532616	G	A	0/1	14,54
2533377	T	C	1/1	0,91
2534562	GGA	G	1/1	0,76
2536312	C	T	0/1	80,11
2536599	C	T	0|1	4,45
2536628	G	GA	0|1	4,49
2536892	T	C	0/1	4,18
2538511	C	T	0/1	9,48
2540554	T	C	0/1	57,14
2541779	G	A	0/1	52,8
2542543	G	A	0/1	92,13
2543395	T	C	1/1	7,95
2546684	C	A	1/1	3,40
2548700	C	T	0/1	6,50
2551576	C	G	1|1	0,67
2551577	T	C	1|1	0,67
2555823	G	A	0/1	7,72
2562644	G	T	1/1	0,85
2563495	T	C	1/1	6,65
2564368	G	GC	1/1	0,61
2566766	C	CG	1|1	0,56
2566768	A	C	1|1	0,57
2573756	C	A	1/1	0,78
2574456	A	G	0/1	33,11
2578626	A	G	1/1	0,94
2581052	G	A	0/1	13,66
2586076	C	G	0/1	8,62
2586127	A	G	1/1	0,63
2589036	G	C	0/1	9,79
2589216	G	C	1/1	0,99
2591172	G	A	0/1	52,7
2592310	G	A	0/1	58,39
2598400	A	G	1/1	0,73
2600260	A	G	1/1	0,78
2604156	TCAGTGCCAA	T	0/1	38,11
2608117	C	A	1/1	0,63
2612256	G	T	0/1	6,47
2612632	C	A	1/1	0,48
2614909	GC	G	0/1	15,81
2615413	A	G	0/1	49,8
2617474	G	A	0/1	13,63
2619271	T	C	1/1	0,78
2622505	T	C	0/1	43,7
2624985	G	C	0|1	51,10
2624986	T	G	0|1	51,9
2627618	C	A	0/1	15,80
2627946	A	G	1/1	0,79
2630740	T	C	0/1	9,72
2631009	G	GGTGCC	0/1	40,8
2631371	C	T	1/1	5,70
2632341	C	CA	1/1	0,73
2632362	T	C	0/1	73,7
2634282	T	G	0/1	11,54
2637541	C	T	1/1	0,63
2642383	C	T	1/1	0,73
2643745	T	C	0/1	10,63
2647905	G	A	0/1	7,52
2651385	G	A	0/1	17,5
2652254	G	C	0/1	52,10
2656225	A	G	1/1	0,93
2656635	G	A	0/1	53,13
2660319	C	G	1/1	0,81
2661039	G	A	0/1	79,12
2663795	G	A	0/1	11,40
2673818	C	G	0/1	14,58
2680658	T	G	1/1	0,84
2688700	C	T	0/1	58,8
2692100	C	T	0/1	7,76
2695378	C	G	1/1	0,74
2697489	C	T	1/1	0,73
2699145	AG	A	0/1	12,63
2703902	C	CG	1/1	3,48
2704884	A	ACAGCGACCATATCGCCGAGCT	1/1	0,71
2711722	T	G	0/1	8,41
2712328	C	T	0/1	49,12
2713795	C	T	1/1	2,66
2718852	T	G	1/1	0,69
2719997	G	A	0/1	78,9
2720444	C	T	0/1	51,6
2723506	T	C	1/1	0,77
2724180	TCACGATCGGGTCTCCTCTAG	T	1/1	0,52
2729058	A	C	1/1	0,88
2734074	T	C	1|1	0,22
2734481	TA	T	0/1	10,68
2736158	A	C	0/1	9,64
2737572	C	A	1/1	0,51
2738274	A	C	0/1	7,66
2740693	T	C	1/1	0,48
2741209	G	A	0/1	11,87
2750373	G	C	0/1	55,11
2751308	G	T	0/1	53,10
2751804	C	T	1/1	0,64
2751960	A	G	0|1	14,4
2751963	T	G	0|1	14,4
2752122	G	C	0/1	7,40
2752698	C	A	1/1	0,80
2760152	A	G	1/1	0,87
2771383	A	G	0/1	82,14
2774555	T	C	0/1	10,49
2775361	C	T	0/1	10,75
2779136	T	C	1/1	0,88
2782498	G	A	0/1	71,13
2786952	A	G	1/1	0,56
2789798	G	T	0/1	11,88
2791098	C	T	1/1	0,52
2793810	C	A	0/1	10,52
2794071	G	A	0/1	24,69
2798595	C	T	0/1	35,7
2800087	G	A	0/1	8,53
2807486	C	A	1/1	0,83
2808452	T	C	0/1	10,70
2809621	T	C	1/1	0,74
2809633	A	C	1/1	5,66
2812520	C	T	0/1	77,16
2817502	A	C	0/1	12,79
2818837	A	G	1/1	0,63
2821342	C	T	1/1	0,58
2825466	G	A	1/1	0,81
2825581	T	G	0/1	11,51
2827984	G	T	1/1	0,50
2828019	T	C	1/1	0,55
2830525	C	A	1/1	0,77
2833329	G	A	0/1	12,61
2838934	G	A	0/1	13,68
2840999	C	G	0/1	49,13
2841022	A	G	1/1	0,64
2847281	A	G	1/1	0,86
2850631	T	C	0/1	16,66
2850923	C	T	0/1	62,11
2851160	GAA	G	0|1	6,81
2851164	CATT	C	0|1	6,81
2855259	A	G	1/1	0,69
2865760	A	G	1/1	0,76
2865882	T	C	1/1	0,76
2867880	TA	T	0/1	7,67
2871738	A	C	0/1	6,22
2877378	G	C	0/1	99,16
2880702	G	C	1/1	0,70
2881337	C	T	0/1	74,8
2881597	AG	A	1/1	0,62
2881974	G	A	0/1	7,82
2884068	A	C	1/1	0,68
2886570	A	G	1/1	0,99
2888201	T	C	1/1	0,55
2889633	T	C	1/1	0,64
2891267	C	T	1/1	0,98
2891728	A	G	1/1	0,67
2894208	G	A	1/1	0,61
2897660	T	C	0/1	50,8
2898522	T	C	1/1	0,67
2903050	G	A	0/1	83,10
2903439	G	A	0/1	10,49
2906535	T	C	0/1	64,9
2910461	G	T	1/1	0,83
2910852	C	G	0/1	35,7
2911293	C	G	1/1	0,32
2912294	T	G	1/1	0,71
2923391	T	C	1/1	0,54
2925462	T	A	0/1	84,15
2925962	T	C	1/1	0,87
2927939	T	C	1/1	0,75
2931976	C	T	0/1	81,11
2939373	G	C	1/1	0,69
2939657	T	C	1/1	0,49
2941179	G	A	0/1	68,18
2948230	G	A	0/1	12,53
2948524	T	A	0/1	51,10
2949251	G	A	0/1	64,16
2950537	A	G	1/1	4,49
2954439	T	C	1/1	0,90
2955957	A	C	0/1	13,66
2957850	T	G	0/1	42,10
2958693	G	A	0/1	73,12
2959256	TA	T	0|1	91,10
2959258	TCCAATCA	T	0|1	95,10
2964594	G	A	0/1	48,8
2969197	A	G	0/1	16,70
2980861	A	G	0/1	10,80
2982369	G	A	0/1	41,6
2984740	A	G	1/1	0,45
2988630	C	G	1/1	0,59
2992572	T	C	0/1	11,63
2994187	T	C	1/1	0,35
2995548	C	A	0/1	62,10
3003115	C	G	1/1	0,85
3005185	G	T	1/1	0,64
3009692	A	G	1/1	0,103
3009834	A	G	0/1	14,71
3010014	G	A	0/1	74,10
3010420	A	G	1/1	0,78
3010993	C	T	0/1	12,57
3011837	A	G	0/1	73,14
3017465	T	C	1/1	0,111
3017587	G	T	0/1	11,63
3021892	GTTCGACGAC	G	0/1	9,57
3024021	C	A	0/1	7,62
3024343	G	A	0/1	8,74
3027548	C	T	0/1	67,9
3027798	T	C	1/1	0,79
3031168	A	G	1/1	0,60
3033189	G	A	1/1	3,45
3036826	C	T	0/1	7,79
3037377	T	C	1/1	0,44
3040344	C	T	0/1	59,10
3040850	G	A	0/1	53,14
3041871	G	T	1/1	0,49
3048912	C	G	0/1	6,61
3059447	C	T	0/1	14,77
3059811	CT	C	0/1	60,5
3059819	G	GT	0/1	61,6
3059821	CA	C	0/1	66,6
3059829	G	GA	0/1	67,6
3061703	G	A	1/1	1,33
3067467	G	A	0/1	12,49
3068145	G	T	0/1	10,76
3069167	A	G	1/1	0,68
3069566	C	T	0/1	55,11
3072285	A	C	0/1	47,9
3076103	C	T	0/1	51,6
3076172	C	T	0/1	28,6
3080795	A	G	1/1	0,85
3086788	T	C	1/1	0,81
3089299	C	G	0/1	72,12
3099447	A	G	0/1	65,15
3103682	T	C	1/1	0,63
3104189	A	G	1/1	0,92
3110140	G	T	0/1	13,52
3111476	C	T	0/1	9,52
3112700	C	T	0/1	42,8
3115384	G	C	1/1	0,97
3131185	T	C	0/1	16,84
3131469	T	TTGTCGGCGA	1/1	0,60
3135272	G	A	0/1	81,16
3135606	A	G	0/1	8,70
3137058	G	A	1/1	0,59
3137736	G	T	0/1	10,61
3144623	C	T	1/1	2,39
3147510	C	A	0|1	3,2
3147511	TG	T	0|1	3,2
3147513	CG	C	0|1	3,2
3147516	TCGGAGG	T	0|1	3,2
3147525	CGGGTG	C	0|1	3,2
3147531	CGG	C	0|1	4,2
3147534	CGGGGGTAGTTGGGGAGA	C	0|1	6,2
3147553	G	A	0|1	3,2
3147555	T	C	0|1	3,2
3147557	G	A	0|1	3,2
3147558	CCG	C	0|1	4,2
3147573	C	G	0|1	3,3
3156201	C	CG	1/1	5,82
3165636	G	A	1/1	5,75
3165807	G	A	0/1	73,11
3168492	G	A	0/1	87,11
3172857	G	A	0/1	69,13
3174496	A	G	1/1	0,74
3174692	AC	A	0/1	9,70
3177452	C	A	0/1	17,94
3177884	C	A	1/1	0,69
3180988	C	A	1/1	0,49
3184316	GC	G	0/1	9,90
3185789	G	A	1/1	5,62
3186860	T	G	1/1	0,47
3189242	A	G	1/1	0,84
3190145	TC	T	1/1	0,63
3200282	C	T	0/1	13,43
3200478	G	A	0/1	36,8
3204879	C	T	0/1	40,13
3208600	G	A	0/1	60,11
3209156	G	A	0/1	19,62
3212723	C	A	0/1	64,9
3214869	A	G	0/1	8,50
3215622	CG	C	0/1	3,25
3217905	G	A	0/1	11,59
3219500	T	A	0/1	69,10
3226181	A	C	1/1	0,80
3228143	G	T	1/1	0,67
3236497	A	T	0/1	88,11
3238119	CGTG	C	0/1	13,73
3244113	T	C	0/1	72,11
3256494	A	G	1/1	0,80
3259249	G	A	0/1	69,16
3266030	A	G	1/1	0,25
3269581	A	G	1/1	0,84
3270784	A	G	1/1	0,62
3273107	C	A	0/1	60,18
3276703	T	G	0/1	20,74
3284640	A	G	0/1	7,76
3284855	C	T	0/1	14,68
3295108	A	G	0/1	9,36
3296371	G	GCCGCGGC	1/1	1,67
3296843	A	G	1/1	0,39
3298300	G	A	0/1	11,58
3302589	A	C	0/1	74,16
3304966	G	A	0/1	11,66
3306441	G	A	0/1	75,12
3308606	G	A	1/1	0,80
3310427	T	C	0/1	8,39
3310626	T	C	0/1	9,38
3312620	C	A	0/1	60,24
3314412	A	G	1/1	0,86
3315725	CG	C	0/1	60,13
3316955	A	C	1/1	0,75
3326554	A	C	1/1	0,86
3330749	G	C	0/1	61,13
3331361	ACG	A	1/1	2,64
3338603	G	C	1/1	0,47
3351090	G	GCCCTGCCGGGCGACGATTCGGGCCGGCACGGCCCGATGAGGAGCCCGGCAATCAGA	0/1	0,0
3352932	C	G	1/1	0,82
3353395	G	A	0/1	8,69
3355949	A	C	0/1	70,13
3357464	C	G	0/1	61,21
3358235	A	T	1/1	0,78
3363338	A	G	1/1	0,74
3367765	G	A	1/1	0,71
3373485	A	G	0/1	12,74
3375165	A	C	0/1	15,57
3385218	C	T	0/1	46,11
3393640	C	T	0/1	75,8
3395654	G	A	0/1	41,10
3401871	A	G	1/1	0,58
3402816	C	T	1/1	0,76
3404376	C	G	1/1	0,103
3408150	T	C	0/1	15,72
3412611	T	C	0/1	16,61
3413785	C	T	0/1	67,8
3415180	ACACCTAGGGGGTGG	A	1/1	0,59
3415607	A	C	0/1	38,18
3419019	C	T	0/1	12,40
3420825	A	G	1/1	0,69
3423249	C	CGCGAGCAGACGCAGAATCGCCCAAAATCCAAGATTTTGAGGCGATTCTGCGTCTGCTCGCGCAACCGG	1/1	1,57
3425854	C	T	1/1	0,68
3426415	T	C	0/1	10,81
3428897	G	C	0/1	74,8
3428917	C	A	1/1	0,74
3434533	A	G	0|1	54,25
3434536	T	G	0|1	57,15
3434539	C	T	0|1	56,8
3437007	G	C	0/1	56,13
3440464	T	G	1|1	0,99
3440468	G	C	1|1	0,99
3441078	C	G	0/1	54,13
3446699	C	G	0/1	19,72
3447293	T	G	0/1	13,78
3450113	C	CAATACCCAGCCGGCGGGAAGCGAACA	0/1	73,8
3450725	T	C	1/1	0,74
3454263	C	G	1/1	0,76
3455686	G	C	1/1	0,93
3456666	A	G	1/1	0,82
3459081	G	C	0/1	52,10
3462135	G	C	1/1	0,71
3467465	C	G	1/1	0,98
3473996	G	GA	1/1	0,56
3476900	G	T	0/1	61,9
3477942	A	G	0/1	17,75
3478242	G	C	0|1	64,11
3478244	C	A	0|1	64,11
3478245	T	C	0|1	63,11
3478248	T	C	0|1	62,11
3478251	C	T	0|1	60,11
3478254	G	C	0|1	57,10
3478257	A	G	0|1	56,10
3478260	C	G	0|1	55,10
3478263	G	A	0|1	55,10
3478272	G	A	0|1	54,10
3480474	G	A	1/1	0,92
3480789	T	C	1/1	0,96
3486977	A	G	1/1	0,103
3487108	C	T	0/1	17,80
3487307	C	T	0/1	82,9
3489384	G	A	0/1	11,78
3489665	C	T	0/1	81,11
3492404	A	T	0/1	13,52
3498198	C	T	1/1	0,63
3499497	G	C	0/1	74,10
3500149	G	A	0/1	10,71
3500243	G	C	1/1	0,79
3503895	C	T	1/1	0,58
3506650	A	C	0/1	79,10
3508071	A	C	0/1	28,11
3508970	A	G	0/1	10,68
3509231	G	A	0/1	69,18
3509299	CAG	C	0/1	68,17
3509626	C	A	0/1	16,75
3515467	C	T	0/1	69,12
3518167	A	G	1/1	0,57
3518555	A	G	1/1	0,62
3529180	CCTA	C	0|1	61,10
3529186	G	GCGCGC	0|1	61,10
3529190	GTC	G	0|1	58,9
3529195	GGCCA	G	0|1	57,9
3529205	T	A	0|1	57,9
3529210	CAACG	C	0|1	62,9
3529216	T	TTCGC	0|1	61,8
3529221	GT	G	0|1	66,8
3529224	T	TA	0|1	63,8
3529227	G	C	0|1	65,8
3529228	T	C	0|1	65,8
3529231	T	C	0|1	69,7
3530955	C	G	1/1	0,101
3539139	C	CG	0/1	53,15
3539353	G	A	0/1	47,17
3542049	G	A	0/1	12,96
3542099	A	G	0/1	87,10
3542219	G	A	0/1	11,66
3544678	G	A	0/1	55,10
3550347	C	T	0/1	13,62
3550789	C	G	0/1	16,76
3556275	A	G	1/1	0,90
3557253	C	T	0/1	80,10
3559187	C	T	0/1	11,67
3562338	G	T	0/1	81,14
3567818	CGGT	C	0|1	56,5
3571828	G	C	0/1	14,56
3576231	T	C	0/1	11,62
3577497	C	T	0/1	16,52
3580636	CT	C	1/1	0,81
3581414	A	G	1/1	0,81
3587446	G	A	0/1	8,68
3590686	G	GC	1/1	0,55
3591063	T	C	1/1	0,55
3597249	C	G	0/1	7,74
3600576	C	T	1/1	1,68
3604821	G	C	1/1	0,26
3608000	G	A	0/1	63,7
3610391	A	AC	1/1	0,87
3611286	GC	G	0/1	63,14
3612813	T	C	1/1	4,40
3614982	T	C	1/1	0,75
3621423	A	G	1/1	0,70
3622441	A	C	1/1	0,48
3625065	T	G	1/1	0,49
3626562	G	A	0/1	8,60
3628520	G	A	0/1	9,74
3638093	G	A	1/1	0,70
3643985	A	C	0/1	12,83
3645524	C	T	0/1	66,8
3650836	T	G	0/1	35,17
3651665	C	T	0/1	55,13
3653988	G	A	1/1	0,87
3664457	C	A	0/1	11,79
3665753	G	A	1/1	5,67
3670040	C	T	1/1	1,83
3674157	T	A	1/1	6,67
3675504	G	T	0/1	9,65
3678094	C	T	0/1	78,10
3678249	A	C	0/1	8,78
3679764	G	A	0/1	34,6
3680932	G	A	0/1	4,30
3681548	A	C	1/1	0,49
3685510	T	C	0/1	59,11
3689523	G	T	1/1	0,77
3690016	A	G	1/1	0,70
3690950	T	TAGCTCGGCGACGATGCACGCCGCGCAGCGGCGTGAGGAGGAGCCGAGCAGTCCAACAC	0/1	0,0
3693681	A	C	1/1	0,104
3697585	C	T	0/1	70,8
3704596	G	C	1/1	0,58
3704770	A	G	0/1	7,46
3714211	G	T	1/1	0,89
3714639	G	A	0/1	69,14
3714757	A	C	1/1	0,89
3715775	C	T	0/1	66,18
3718357	C	T	1/1	0,70
3719995	G	A	0/1	27,4
3721806	G	C	1/1	0,74
3729342	C	T	0/1	55,10
3743656	G	A	0/1	11,77
3771009	T	G	0/1	62,15
3772833	CA	C	0/1	71,10
3775409	T	C	0/1	15,40
3775441	A	C	0/1	11,46
3778011	G	A	0|1	8,84
3778012	G	T	0|1	8,85
3778396	C	T	0/1	14,59
3792187	C	A	0/1	67,18
3794867	C	CCA	1/1	0,71
3798095	A	C	1/1	0,54
3798596	A	G	0/1	12,74
3804299	G	A	0/1	13,31
3811672	G	T	0|1	13,61
3811675	A	G	0|1	13,60
3815477	G	T	1/1	0,82
3817117	C	A	1/1	0,44
3821503	A	C	0/1	80,11
3821845	G	T	1/1	0,84
3823159	A	T	1/1	0,71
3826084	A	G	0/1	87,13
3826501	C	T	0/1	15,74
3826684	C	T	1/1	0,69
3829770	T	C	1/1	0,57
3830349	C	T	0/1	6,38
3830695	A	G	1/1	0,47
3834486	T	C	0/1	8,62
3838871	A	G	1/1	0,85
3844680	G	GGT	0|1	29,14
3844682	A	AACCGCCCCGGTGAGTCCGGAGACTCTCTGATC	0|1	29,12
3851887	A	C	1/1	0,46
3851888	T	C	1/1	0,46
3859893	C	T	1/1	0,69
3860216	G	A	0/1	53,9
3861902	G	C	0/1	9,2
3862472	GA	G	1/1	0,65
3863138	G	A	0/1	7,67
3863681	C	G	0/1	9,59
3864433	G	C	0/1	12,37
3864995	T	C	1/1	0,96
3865383	AC	A	0/1	9,58
3869355	T	C	0/1	68,9
3870010	A	G	1/1	0,100
3871246	T	C	1/1	0,72
3874722	AT	A	1/1	0,67
3874745	G	C	0/1	68,9
3876050	G	T	0/1	90,10
3877421	A	G	1/1	0,75
3880175	C	A	0/1	74,12
3880239	C	CGTCCGGCTCCTCCTCGGACCACTACGCGGCCCGCATCGTCGCCGACCAAATCCAACT	1/1	2,46
3883178	A	C	0/1	14,81
3885886	T	C	1/1	0,78
3889580	C	A	0/1	16,84
3892671	A	G	1/1	0,87
3893480	G	A	1/1	0,78
3895727	C	A	1/1	0,82
3896295	G	A	0/1	8,64
3896340	T	G	1/1	0,71
3898408	A	G	1/1	0,86
3902318	A	AT	0/1	9,48
3906311	G	A	0/1	10,63
3906462	A	AT	0/1	71,9
3908062	C	T	0/1	64,15
3908465	A	G	0/1	15,68
3909235	G	C	1/1	0,92
3916386	G	T	0/1	15,75
3918649	T	C	0/1	73,10
3952800	G	A	1/1	1,91
3958403	A	G	1/1	0,66
3959418	C	T	1/1	0,78
3959730	T	C	0/1	11,62
3962187	G	A	0/1	11,82
3964518	G	A	0/1	13,71
3968006	A	C	1/1	4,76
3970594	C	G	0/1	10,63
3973911	T	G	0/1	11,9
3976595	G	T	0/1	17,75
3979990	C	G	0/1	11,80
3981983	G	A	1/1	0,73
3984321	G	A	1/1	0,86
3985488	C	T	0/1	42,19
3987370	CG	C	0/1	14,48
3990093	C	T	0/1	46,16
3993058	G	A	0/1	9,35
3994101	A	G	0/1	94,14
4001622	T	C	0/1	9,66
4004896	G	A	0/1	52,7
4005114	G	C	1/1	0,82
4005607	T	C	1/1	0,87
4007272	G	A	0/1	66,19
4008747	A	G	1/1	0,74
4012286	C	T	0/1	67,14
4013010	G	A	0/1	9,70
4016353	T	G	1/1	6,71
4019110	G	T	0/1	67,16
4022388	G	A	0/1	11,42
4024135	A	G	0/1	7,72
4024273	T	C	1/1	0,66
4026899	G	A	1/1	0,77
4028160	A	G	0/1	14,80
4028752	A	G	1/1	0,91
4033577	A	G	0/1	10,75
4033711	A	G	0/1	55,8
4034259	A	G	0/1	9,81
4034827	C	T	1/1	1,93
4041581	C	T	0/1	8,71
4041994	T	C	0/1	13,58
4043065	G	A	0/1	60,9
4044872	G	A	0/1	76,10
4050811	G	A	0/1	11,47
4052349	T	G	0/1	71,15
4054932	G	A	0/1	9,66
4055801	G	A	1/1	0,86
4056416	C	A	1/1	0,96
4056693	G	T	0/1	20,97
4057036	A	G	0/1	68,15
4059143	A	C	1/1	4,40
4059904	A	G	1/1	0,63
4062206	T	C	0/1	12,59
4069292	G	A	1/1	0,65
4075422	T	C	1/1	7,80
4080057	GCCAGAA	G	0/1	62,8
4087880	G	A	0/1	52,11
4089058	T	C	1/1	1,82
4090453	C	G	0/1	75,10
4092376	T	C	0/1	80,14
4095001	CG	C	1/1	1,78
4095295	T	C	1/1	0,96
4096636	C	T	0/1	61,11
4097490	A	AC	0/1	40,6
4097569	G	T	0/1	32,6
4100975	T	C	1/1	0,83
4107074	T	C	1/1	0,91
4111303	G	C	1/1	0,80
4112429	T	C	1/1	0,96
4114931	T	TAACGGTCCGGGCGCGGCGGCACTACGCGGTG	0/1	48,5
4115890	G	C	0/1	6,66
4116280	G	C	0/1	84,14
4116610	G	A	0/1	11,60
4122287	G	T	1/1	0,89
4123770	G	A	0/1	11,41
4124349	GCC	G	1/1	0,60
4132509	G	A	0/1	32,7
4133316	A	T	1/1	2,39
4135463	C	G	0|1	19,3
4135464	CCG	C	0|1	21,2
4137829	C	T	0/1	9,57
4138622	G	A	0/1	59,8
4139636	G	A	0/1	45,8
4142192	G	A	0/1	71,10
4145737	A	G	1/1	0,72
4148801	C	A	0/1	44,8
4151855	A	G	1/1	0,63
4156099	C	A	1/1	0,95
4156503	C	T	1/1	0,81
4158493	C	T	0/1	13,73
4159195	T	C	1/1	0,83
4160371	C	A	0/1	11,84
4162339	A	G	1/1	0,81
4166290	G	A	0/1	51,10
4166441	G	A	1/1	0,59
4166747	A	G	0/1	14,63
4167656	A	G	0/1	13,87
4169852	G	T	1/1	0,98
4170739	G	C	1/1	0,75
4170964	G	GA	1/1	0,92
4174131	G	C	0/1	13,57
4174701	A	C	0/1	15,8
4179089	C	T	1/1	0,83
4179832	G	C	0/1	20,57
4180839	G	C	0/1	7,48
4182387	G	C	0/1	19,58
4182695	G	A	1/1	0,85
4186678	G	A	0/1	10,71
4187485	T	C	1/1	0,65
4187817	A	G	1/1	0,52
4189210	G	T	0/1	9,53
4194501	G	A	0/1	12,51
4195390	A	T	0/1	45,8
4195799	C	A	0/1	80,13
4197138	C	CT	1/1	0,48
4198611	CG	C	1/1	0,78
4199054	G	GT	0/1	92,15
4204168	T	C	0/1	12,99
4204441	A	G	1/1	0,74
4205120	A	G	1/1	0,59
4205325	A	G	0/1	8,48
4210274	A	G	1/1	0,79
4212832	GACC	G	0/1	12,83
4214988	G	A	0/1	11,68
4215484	G	C	1/1	0,78
4217188	A	G	0/1	17,64
4217557	A	G	1/1	0,87
4218416	C	A	0/1	9,79
4218631	G	A	0/1	88,16
4218941	G	A	0/1	16,66
4219219	G	A	1/1	6,72
4221070	AC	A	0/1	10,81
4221423	C	T	0/1	13,67
4221490	C	G	1/1	0,77
4221835	C	T	0/1	62,13
4222073	A	G	1/1	0,32
4222882	A	G	1/1	0,52
4223172	T	C	1/1	0,42
4226275	C	T	0/1	46,11
4229167	T	C	0/1	11,67
4231859	CGCGGTCTGTGCGCCGGGCGCACGCACCGAATTCGAGCTATTAGCGGCCGCGGCAAGGGACGCATTCGGCCTGGACGTCCACCCAGCGGT	C	1/1	0,108
4232555	T	C	0/1	67,16
4234960	A	C	0/1	10,49
4236237	C	T	0/1	14,33
4236525	C	T	0/1	9,66
4238163	G	GAC	0|1	61,6
4238165	GC	G	0|1	62,6
4242075	G	A	0/1	50,8
4242643	C	T	1/1	0,77
4243460	C	T	0/1	8,76
4245680	G	T	0/1	56,12
4251297	G	C	1/1	0,86
4252066	T	C	0/1	8,43
4254431	G	A	0/1	8,73
4255922	A	G	1/1	0,73
4256210	G	T	0/1	9,69
4257220	A	G	1/1	0,66
4258106	G	A	0/1	8,67
4258447	G	A	0/1	34,5
4262388	C	T	1/1	0,96
4264381	G	GC	0/1	11,59
4265013	C	G	0/1	14,62
4266647	A	G	0/1	59,6
4267647	T	C	0/1	7,51
4270144	A	C	1/1	3,35
4273092	C	T	0/1	46,10
4280708	G	A	0/1	5,62
4282707	C	G	0/1	79,14
4284429	G	A	0/1	12,72
4286826	A	G	0/1	77,9
4287164	A	G	1/1	0,83
4290135	C	T	0/1	12,55
4292941	G	A	0/1	54,8
4296015	G	A	1/1	0,99
4303498	T	TG	0/1	12,66
4305063	G	GA	0/1	16,59
4305243	G	A	0/1	78,13
4306155	C	T	1/1	0,83
4307179	G	A	1/1	0,76
4308395	G	A	0/1	10,71
4309927	T	G	0/1	8,37
4311664	C	T	0/1	14,59
4313128	C	T	1/1	0,73
4313156	G	A	0/1	64,10
4314645	A	G	1/1	0,58
4314800	G	A	1/1	0,50
4316809	G	A	0/1	72,11
4317112	A	G	0/1	17,68
4319985	G	C	1/1	0,43
4322039	AC	A	1/1	0,73
4322302	C	T	0/1	65,13
4328492	G	A	0/1	64,13
4329782	G	A	1/1	0,83
4336991	C	T	0/1	23,10
4338595	GC	G	1|1	0,80
4338604	C	T	0|1	66,9
4338732	G	A	1/1	0,79
4340028	G	C	0/1	11,54
4345548	G	A	0/1	86,11
4348724	A	ACCCGCGCCGGCGACGATGCAAAGCGCAGCGATGAGGAGGAGCGGCGCCAACGG	1/1	1,28
4350305	G	A	0/1	11,55
4351039	G	T	1/1	0,76
4351068	G	GATCACCATGCTGTGGCAC	0/1	55,14
4355319	C	G	0/1	75,13
4356110	G	C	1/1	0,60
4357597	C	G	1/1	0,73
4357804	T	G	1/1	4,63
4358827	GT	G	0/1	23,8
4359164	G	GC	0/1	3,11
4359653	C	T	0/1	10,66
4359828	G	A	0/1	16,72
4361508	G	A	0/1	11,56
4362568	T	G	0/1	5,44
4363897	G	C	0/1	71,10
4366195	T	C	1/1	0,77
4366272	G	C	1/1	1,71
4368084	G	C	0/1	24,58
4372353	G	C	1/1	0,78
4372540	A	C	0/1	76,20
4374223	GC	G	0/1	68,11
4377583	T	C	0/1	11,60
4378504	T	C	0/1	7,49
4379044	CG	C	0/1	13,46
4379680	C	G	1/1	0,78
4382054	T	C	1/1	0,103
4382275	G	T	1/1	0,110
4383144	C	CCGGGG	1/1	0,56
4383655	A	G	1/1	0,48
4384007	C	G	1/1	0,75
4386228	T	C	1/1	0,82
4386248	G	C	0/1	67,14
4388414	G	A	0/1	90,17
4390267	A	G	0/1	10,52
4390471	C	A	0/1	69,11
4391493	G	T	0/1	12,63
4393178	A	G	1/1	0,72
4393590	C	G	0/1	15,54
4393638	G	A	0/1	56,11
4396495	C	A	0/1	45,10
4397736	C	T	1/1	0,93
4400660	AC	A	1/1	0,61
4401509	C	T	0/1	47,13
4407588	T	C	1/1	0,77
4407927	T	G	0/1	13,71
4408923	C	T	1/1	1,80
4409954	G	C	0/1	69,11
