1593	T	TTTGAACCGCCCCGGCATGTCCGGAGACTCCAGTTCTTGGAAAGGATGGGGTCATGTCAGGTGGTTCATCGAGGAGGTACCCGCCGGAGCTGCGTGAGCGGGCGGTGCGGATGGTCGCAGAGCGCTGGGGATCGTTCGCTGGATACCACCCGCATAAC	0/1	80,9
1849	C	A	0/1	61,50
1977	A	G	1/1	0,72
4013	T	C	1/1	0,71
7362	G	C	1/1	0,68
7585	G	C	1/1	0,72
9304	G	A	1/1	0,78
11370	C	T	0/1	37,43
11820	C	G	0/1	56,44
11879	A	G	1/1	0,84
14785	T	C	1/1	0,82
14861	G	T	0/1	41,33
15117	C	G	0/1	48,54
16119	C	A	0/1	47,27
17654	T	G	0|1	27,21
17657	T	C	0|1	27,21
21795	G	A	1/1	0,13
24698	GCCGCGTTGCTCGGGGTAA	G	1/1	0,28
25610	G	C	0/1	55,20
26959	C	G	1/1	0,76
28366	AT	A	0/1	48,30
29482	CA	C	0/1	51,58
30943	C	T	0/1	29,24
31077	C	T	0/1	29,29
34044	T	C	1/1	0,99
35608	C	T	0/1	47,51
36008	G	C	0/1	57,41
36470	GC	G	0/1	27,42
37031	C	G	1/1	0,63
37305	C	G	0/1	48,37
37334	A	T	0/1	49,39
38982	C	CTCGCGCGCTGGGCGCGCTCATCGACCGGGGCTTGGGTTGATTGGCCCTGGCTCTCTTCGCGCGCTGGGCGCGCTCATCGACCGGGGCTTGGGTTGGTTGGCCCTGGCTCTCTTCGCGCGCTGGGCGCGCTCATCGACCGGGGCTTGGGTTGATTGGCCCTGGCTCTCT	0/1	54,26
39158	C	G	0/1	43,52
42281	C	A	0/1	28,22
42967	G	C	1/1	0,97
44768	A	G	0/1	48,34
48503	T	C	0/1	33,24
49042	C	G	0/1	46,38
49360	C	T	0/1	76,41
49690	GCC	G	0/1	77,47
50557	T	C	1/1	0,49
51949	A	G	1|1	4,89
51954	T	A	0|1	45,45
54394	A	G	1/1	3,87
55546	G	GCCT	0/1	14,8
57393	A	T	0/1	27,25
62049	A	G	1/1	0,72
62657	G	A	0/1	52,48
63146	G	T	0/1	51,32
63868	C	T	0/1	36,38
65150	C	T	0/1	43,30
68337	T	TC	0/1	50,35
69834	C	T	0/1	54,53
69871	C	T	0/1	55,49
69989	G	A	1/1	0,108
70095	G	A	0/1	54,47
70267	G	T	0/1	57,30
70816	A	G	1/1	0,82
70924	C	T	0/1	45,34
71336	G	C	1/1	0,17
71584	C	CCGAGCGCTGTTCTGGCGCTAATCTGACGCTAGAATAG	1/1	0,32
75233	C	A	0/1	43,25
75940	G	C	1/1	0,91
79480	T	C	0/1	30,19
79504	T	TCGGTGGACCCGGTGGACC	0/1	5,18
81963	G	A	1/1	0,38
83842	G	A	0/1	23,29
83982	A	G	0/1	31,39
87468	C	T	0/1	60,40
92199	T	G	1/1	0,57
93514	C	G	0/1	36,35
94344	G	A	0/1	23,51
94388	G	A	0/1	46,24
94915	C	T	0/1	28,23
96894	C	T	0/1	56,36
97350	A	C	0/1	42,47
98415	C	T	0/1	42,35
99162	TCGGTGTGCG	T	0/1	45,34
101539	C	T	0/1	35,22
107485	T	C	0/1	31,42
107794	C	T	0/1	50,74
115672	T	C	0/1	35,29
116000	T	G	1/1	0,81
122109	A	G	1/1	0,75
123454	C	T	0/1	37,44
123520	T	C	0/1	36,44
125830	G	GA	1/1	0,70
130997	C	T	0/1	37,51
131174	T	TG	1/1	0,86
133839	C	T	1/1	0,81
135329	C	T	0/1	43,27
139297	G	T	0/1	53,50
141623	G	A	0/1	49,37
143207	T	C	0/1	36,28
146087	T	C	1/1	0,60
146236	C	G	0/1	49,38
146624	T	C	0/1	34,29
146737	C	T	0/1	32,40
147262	G	T	0/1	38,46
154283	T	C	1/1	0,89
162151	GT	G	0/1	33,27
162453	A	G	0/1	39,37
163705	C	T	0|1	43,31
163706	C	T	0|1	43,30
164676	G	A	0/1	24,33
172963	A	C	0/1	54,31
182824	G	A	0/1	40,29
183091	C	G	0/1	58,30
187420	G	C	0/1	46,67
190816	A	C	0/1	59,38
194305	C	CGG	0/1	55,46
194681	G	C	1/1	0,46
195682	C	G	0/1	55,31
196642	C	T	1/1	0,76
199470	T	G	0/1	36,32
201165	C	T	0/1	39,35
202197	G	A	0/1	18,16
203038	T	C	0/1	62,45
203207	G	C	0/1	46,58
204094	G	T	0/1	36,21
206339	T	C	1/1	0,48
206481	C	G	0|1	25,21
206484	G	T	0|1	24,20
212085	G	C	0/1	51,34
213147	C	A	0/1	42,26
213281	C	T	0/1	48,44
215977	C	T	0/1	44,16
217201	T	C	0/1	39,38
220050	C	T	0/1	42,43
222476	C	T	0|1	27,40
222486	C	T	0|1	29,34
222925	G	A	0/1	35,39
223942	T	C	1/1	0,52
225323	T	C	1/1	0,62
227098	T	C	1/1	0,92
230170	C	T	0/1	47,30
230576	G	GT	0/1	42,27
231114	C	G	1/1	0,109
234477	T	G	1/1	0,62
234496	C	CGT	1/1	0,63
249522	T	C	0/1	39,34
251575	G	A	0/1	59,48
258682	A	G	0/1	50,41
260862	T	G	0/1	42,42
261869	T	C	1/1	0,59
262268	A	T	0/1	35,41
264129	G	A	0/1	34,37
265554	A	C	1/1	0,89
267751	G	C	0/1	41,36
270430	G	C	0/1	29,29
278021	T	C	0/1	47,34
278681	C	G	1/1	0,65
282892	C	T	0/1	29,15
283610	G	A	0|1	30,26
283614	T	C	1|1	0,57
284623	G	A	0/1	31,43
285772	A	C	1/1	0,57
285871	A	G	1/1	0,63
288260	C	T	0/1	42,36
292606	A	G	0/1	24,31
293628	A	AC	1/1	2,39
296312	C	T	0/1	52,43
304923	A	G	1/1	1,89
305188	G	T	0/1	51,47
310973	G	A	1/1	0,68
311613	G	T	1/1	0,78
311886	C	T	0/1	43,37
325505	T	C	0/1	49,45
330362	T	C	0|1	40,30
330363	A	T	0|1	40,31
336322	CAA	C	0|1	23,2
336325	T	G	0|1	23,3
336327	C	CGG	0|1	24,3
336332	G	C	0|1	23,3
336344	A	G	0|1	20,4
336345	T	C	0|1	20,4
336353	C	T	0|1	20,5
336356	GGAA	G	0|1	25,5
336360	C	CCTCCCCG	0|1	25,5
336369	C	T	0|1	25,5
336370	A	G	0|1	25,5
336380	A	T	0|1	24,18
336400	C	G	0|1	22,21
336403	C	G	0|1	22,20
336405	A	G	0|1	23,21
336422	TTG	T	0|1	20,9
336428	A	G	0|1	20,9
336431	C	T	0|1	20,9
336439	A	G	0|1	20,8
336441	C	T	0|1	21,7
336442	G	A	0|1	21,7
336449	T	C	0|1	25,7
336451	T	G	0|1	25,7
336452	A	G	0|1	25,7
336459	G	A	0|1	28,8
336468	G	GCGTCC	0|1	26,11
336472	C	CAG	0|1	27,12
336473	T	G	0|1	28,13
336476	A	AGTCG	0|1	28,13
336480	A	G	0|1	25,12
336504	G	T	0/1	25,28
336535	T	G	0|1	20,16
336537	T	G	0|1	20,16
336540	G	T	0|1	19,16
336546	T	G	0|1	20,15
336557	C	CT	0|1	21,17
336560	T	C	0|1	21,16
342146	A	C	0/1	52,34
342340	C	T	0/1	26,38
346275	C	G	1/1	0,66
353309	G	A	0/1	38,28
353365	G	A	0/1	45,22
353651	C	T	0/1	20,20
356528	A	G	1/1	0,59
358523	CGG	C	0/1	38,35
363464	G	A	0/1	33,34
364854	C	G	0/1	41,28
365534	A	G	0/1	40,18
376774	T	C	1/1	0,71
377014	C	T	0/1	68,38
377508	G	T	0/1	62,43
379528	G	T	0/1	31,38
383716	C	T	0/1	41,23
384380	A	C	1/1	0,90
386013	G	A	0/1	28,37
386432	C	G	1/1	0,68
386935	C	T	0/1	22,21
390828	T	C	1/1	0,89
391247	T	C	0/1	41,31
391853	A	G	1/1	3,67
392261	T	C	0/1	55,27
396199	T	C	0/1	26,38
397275	G	C	0/1	20,24
403980	G	A	1/1	0,82
404326	T	C	1/1	0,90
408738	T	C	0/1	28,31
411457	G	A	0/1	25,49
414486	C	T	1/1	0,76
420008	A	G	1/1	0,104
435190	C	T	0/1	16,37
438158	T	G	0/1	32,39
441823	C	T	0/1	43,24
443277	A	C	0/1	27,26
445780	C	T	0/1	51,29
446165	G	C	0/1	34,30
453470	G	T	0/1	32,32
454167	T	C	0/1	27,35
454295	T	C	1/1	0,60
454333	T	G	0/1	29,27
456281	C	T	0/1	25,40
456594	T	C	0/1	48,25
457452	T	G	1/1	0,58
459399	A	C	1/1	0,59
460413	C	T	0/1	32,24
465300	C	T	0/1	20,10
472299	C	T	0/1	41,31
477234	T	G	0/1	35,28
483935	T	G	1/1	3,94
484596	C	T	0/1	42,31
485810	CA	C	0/1	57,37
487852	C	G	0/1	18,43
489073	C	G	0/1	36,20
489935	G	C	1/1	0,97
491591	A	T	0/1	27,39
491742	T	C	0/1	53,33
492150	G	C	0/1	29,36
497491	G	A	0/1	29,17
498531	A	G	0/1	36,32
498557	C	A	1/1	0,69
502589	C	G	1/1	1,101
503354	G	C	1/1	0,96
505974	G	A	0/1	34,22
507028	GC	G	0/1	42,40
507794	G	T	0/1	35,50
508688	A	T	0/1	57,35
513257	T	C	1/1	0,73
517358	T	C	0/1	38,22
518987	C	T	0/1	48,19
524891	C	A	1/1	2,76
525833	C	T	0/1	17,25
533012	A	AC	0/1	43,26
533547	C	G	0/1	31,25
541201	A	G	1/1	0,47
542014	C	G	0/1	35,43
542514	C	G	0/1	39,29
542911	C	A	0/1	39,42
546357	A	G	0/1	47,35
546914	G	A	0/1	29,39
549363	C	G	0/1	39,38
551525	A	C	1/1	0,81
552495	G	GCTA	0/1	38,38
555991	A	G	0/1	42,38
561776	C	T	0|1	51,36
561777	C	T	0|1	52,36
565655	A	G	1/1	1,88
572591	C	T	0/1	32,43
573262	A	G	1/1	0,53
575679	A	G	0/1	47,29
575907	C	T	0/1	33,37
583171	A	C	0/1	42,43
583404	G	A	0/1	23,24
584171	T	C	0/1	30,27
590436	T	C	1/1	0,63
593344	A	G	0/1	53,37
594843	C	T	0/1	33,36
597816	A	G	1/1	0,101
598475	G	A	1/1	0,91
599868	A	G	0/1	43,28
605150	G	A	0/1	60,38
608775	T	C	0/1	33,39
610120	T	G	1/1	0,90
611048	T	G	0/1	52,31
617079	C	T	0/1	29,34
620625	A	G	0/1	41,26
621598	C	T	0/1	41,30
627485	G	A	0/1	22,23
628864	T	C	0/1	32,24
628895	G	A	0/1	23,31
629925	C	A	0/1	35,47
632455	T	G	0/1	20,21
637172	A	G	0/1	54,31
637319	G	A	1/1	0,82
637730	C	T	0/1	32,49
640954	A	G	0/1	53,39
648002	T	G	1/1	0,119
648856	T	C	0/1	56,50
648990	G	C	0/1	39,38
655559	G	A	0/1	48,26
655986	T	G	0/1	63,36
656965	G	C	0/1	35,41
657081	C	T	0/1	32,42
657142	C	T	0/1	33,42
657269	A	G	0/1	46,37
659080	C	A	0/1	46,28
659341	T	C	0/1	37,39
662911	T	C	0/1	43,31
665293	A	G	1/1	0,75
668349	C	T	0/1	49,39
669033	T	A	0/1	56,32
669206	C	A	0/1	46,35
669398	T	C	1/1	0,102
670545	G	A	0/1	55,28
677685	G	GCGCCA	0/1	21,48
683829	C	T	0/1	40,25
685461	C	G	1/1	0,62
685608	T	C	1/1	0,78
686264	G	A	0/1	62,31
686655	C	T	0/1	45,37
686972	T	C	1/1	0,61
688792	T	TG	0/1	48,33
690167	C	T	0/1	29,5
690450	A	C	0/1	28,14
690465	T	G	1/1	0,49
691887	G	GC	0/1	34,35
694531	A	G	0/1	43,28
696917	G	T	0/1	46,38
698968	G	A	1/1	0,55
699840	A	C	0/1	32,30
707334	T	C	0/1	23,19
712693	A	G	1/1	1,48
713310	T	C	0/1	35,30
714879	G	A	0/1	39,30
721373	T	G	0/1	35,26
725137	G	GTTGCTCGGCAAGCCC	0|1	14,2
725190	G	A	0/1	4,6
730764	C	G	0/1	29,51
738522	T	G	0/1	53,48
750681	A	G	0/1	40,49
754186	A	G	1/1	0,55
757139	C	A	0/1	46,24
757182	A	G	0/1	47,23
760115	C	T	0/1	36,42
763031	T	C	0/1	43,36
765150	G	A	0/1	57,41
767414	G	A	0|1	6,62
767416	T	C	0|1	39,29
767525	C	CG	0/1	38,33
772926	C	T	0/1	39,36
773497	C	A	0/1	46,34
775639	T	C	1/1	0,65
776100	G	A	0/1	40,36
776182	C	T	0/1	41,37
779615	G	C	0/1	58,33
781276	A	C	0/1	45,44
781395	T	C	1/1	0,87
788259	G	T	0/1	45,35
791249	C	T	0/1	44,43
797736	C	T	0/1	40,42
798355	G	C	0/1	56,40
799666	A	G	0/1	45,28
802427	C	CCGGCCTAGCCCGGCGACGATGCAGAGCGAAGCGATGAGGAGGAGCAGGGCAATGCGGCCTAGCCCGGCGACGATGCAGAGCGAAGCGATGAGGAGGAGCAGGGCAATG	1/1	0,32
805663	G	T	0/1	52,59
809840	G	GC	0/1	38,14
811753	C	T	0/1	39,37
813269	C	T	0/1	35,32
816277	C	T	0/1	61,35
818868	A	G	0/1	50,40
820125	G	T	0/1	48,23
820483	G	T	1/1	0,66
820752	C	T	0/1	30,29
823700	G	A	0/1	23,18
830868	G	GGC	0/1	53,28
832389	G	A	0/1	26,31
835611	C	T	0/1	19,21
841764	G	C	1/1	0,93
842030	C	T	0/1	46,32
847995	T	C	0/1	37,27
850591	C	T	0/1	35,40
852910	C	T	1/1	0,64
854252	GC	G	1/1	0,73
857696	A	G	1/1	0,85
861216	T	G	0/1	36,39
866051	G	A	0/1	27,24
874835	C	CCG	1/1	0,95
876141	G	T	0/1	68,45
880562	G	T	1/1	0,116
882257	T	C	1/1	0,67
891756	A	G	0/1	36,52
892416	C	T	0/1	36,23
893733	T	G	1/1	0,82
897209	G	C	0/1	39,45
900221	T	C	1/1	0,101
902413	C	T	0/1	42,57
903537	G	T	0/1	47,27
903550	T	C	1/1	0,72
903633	C	T	0/1	27,38
903913	T	C	1/1	0,49
906857	A	G	1/1	0,76
909724	G	C	0/1	44,43
917905	C	A	0/1	34,46
919351	A	C	0/1	48,37
919574	T	C	0/1	40,47
921296	GC	G	0/1	38,29
923065	T	A	0/1	35,34
931123	T	C	0/1	58,31
932081	T	G	0/1	40,36
932280	T	C	0/1	37,21
934230	C	G	0/1	34,36
934611	G	T	0/1	23,19
940602	C	G	0/1	39,29
941845	C	A	0/1	47,37
944222	C	G	0/1	28,39
945214	G	A	1/1	0,82
949535	T	C	1/1	0,87
951702	C	T	0/1	45,29
953233	T	G	0/1	45,40
954101	C	T	0/1	44,38
954468	C	G	0/1	36,37
955524	A	G	1/1	0,72
957117	T	C	1/1	2,45
960367	A	G	0/1	62,36
967572	C	T	0/1	35,43
972980	C	T	0/1	38,30
979704	G	C	1/1	0,64
981670	C	T	0/1	35,45
983485	T	G	0/1	38,40
985621	G	A	0/1	19,57
986463	G	C	1/1	0,101
987585	A	AG	0/1	33,28
990001	G	C	1/1	0,87
991896	T	C	0/1	33,20
993346	A	C	1/1	1,116
996205	T	C	0/1	45,31
1000539	C	T	0/1	24,51
1010204	C	CG	1/1	0,81
1011511	A	C	0/1	48,30
1019632	A	G	0/1	24,23
1022003	A	C	0/1	69,36
1023219	TCGGTGACTCGGCGTTGTTGCGGCAACGCAACAA	T	0/1	33,41
1024346	A	G	0/1	36,48
1025106	T	C	1/1	0,99
1034208	CGCT	C	0/1	32,26
1034758	C	T	0/1	43,29
1037012	T	C	1/1	0,56
1037911	C	T	1/1	0,69
1040251	C	A	0/1	54,28
1047165	T	C	1/1	0,45
1054784	C	G	0/1	44,41
1058356	C	T	0/1	49,36
1060793	T	C	0/1	26,30
1068151	T	C	1/1	0,83
1068432	A	G	1/1	0,70
1070702	T	C	1/1	0,55
1071966	A	G	0/1	60,32
1074558	G	A	1/1	0,70
1075279	T	C	1/1	0,76
1076309	G	T	1/1	0,98
1076689	A	C	0/1	56,49
1076880	C	T	0/1	62,26
1077312	A	G	1/1	0,69
1079927	C	A	1/1	0,70
1080192	G	A	0/1	46,48
1080528	G	A	0/1	33,36
1081681	T	C	1/1	0,69
1082594	C	T	0/1	45,60
1087193	G	C	1/1	0,91
1090188	A	AG	0/1	36,30
1097220	C	T	0/1	44,35
1097442	C	T	0/1	46,26
1098523	T	A	0/1	41,35
1099058	G	A	0/1	35,16
1100234	T	C	1/1	0,108
1101317	C	G	0/1	46,19
1102117	G	A	0/1	39,36
1102468	C	A	0/1	42,35
1102646	G	A	0/1	44,22
1103656	C	T	0/1	43,36
1104690	T	G	0/1	59,43
1105686	C	G	0|1	38,47
1105687	T	C	0|1	38,47
1106422	T	C	1/1	0,105
1106959	C	T	0/1	47,37
1107940	A	C	0/1	60,23
1108521	G	A	0/1	40,38
1109975	A	G	1/1	0,56
1111678	G	A	0/1	35,41
1111826	G	T	0/1	34,36
1111925	A	G	0/1	39,49
1126889	G	C	1/1	0,67
1127493	T	C	0/1	45,36
1127648	C	A	1/1	0,113
1135251	T	G	0/1	31,46
1144585	A	G	0/1	36,40
1145848	A	C	0/1	26,40
1148255	G	A	0|1	49,59
1148259	A	G	0|1	67,46
1148930	C	T	0/1	49,35
1149551	C	T	1/1	0,73
1150585	G	A	1/1	0,71
1151054	C	G	0/1	46,43
1153676	C	G	0/1	28,42
1155983	T	C	0/1	49,27
1164336	G	A	1/1	4,96
1168009	GC	G	0/1	48,35
1168715	C	CT	1/1	0,78
1168776	T	G	0/1	53,22
1172085	C	A	0/1	46,36
1173750	G	T	0/1	45,27
1175343	C	T	1/1	2,28
1177157	G	A	0/1	69,62
1178116	T	C	1/1	0,97
1192881	C	T	0/1	47,35
1197157	T	G	0/1	41,29
1200418	A	G	1/1	0,106
1201581	A	C	0/1	38,28
1211369	A	C	0/1	62,40
1215742	G	A	0|1	39,38
1215743	C	A	0|1	39,38
1220680	T	C	1/1	0,119
1221777	A	G	0/1	51,35
1224307	C	G	0/1	67,10
1224367	T	C	1/1	0,63
1227830	G	T	0/1	48,35
1230778	G	A	0/1	54,42
1232037	C	A	0/1	54,43
1234262	G	C	0/1	28,31
1248382	A	G	0/1	38,32
1248936	G	C	0/1	38,44
1248978	T	C	1/1	0,81
1250340	A	G	0/1	48,25
1251199	C	T	1/1	2,66
1254055	G	A	0/1	31,37
1254562	A	G	0/1	65,35
1265070	G	T	0/1	46,31
1271331	A	C	0/1	50,32
1273250	G	GA	0/1	43,38
1275957	T	C	1/1	1,70
1281118	T	C	1/1	0,96
1281771	T	C	0/1	31,25
1285001	A	C	0/1	41,28
1285468	G	A	0/1	43,33
1286766	G	C	0/1	53,38
1288698	G	A	0/1	52,36
1292102	A	G	1/1	0,74
1292464	C	T	0/1	41,36
1293333	C	G	0/1	31,15
1306259	A	G	1/1	10,92
1307598	C	G	1/1	0,86
1308632	C	A	0/1	30,50
1313337	A	AG	1|1	0,49
1313338	A	C	1|1	0,49
1315191	A	C	1/1	0,88
1315884	G	A	1/1	0,45
1317655	C	T	0/1	38,39
1322741	A	G	0/1	51,44
1324993	G	T	0/1	36,34
1327890	G	A	1/1	0,96
1328687	G	C	1/1	0,68
1329234	G	A	0/1	31,33
1333669	T	G	0/1	56,31
1336164	C	T	0/1	44,37
1338172	G	C	0/1	54,59
1349733	G	C	0/1	43,20
1351172	A	G	0/1	35,38
1355687	G	C	0|1	38,30
1355688	G	T	0|1	38,29
1356135	C	T	0/1	37,43
1360209	T	C	1/1	0,73
1361190	G	A	0/1	46,27
1361285	C	T	0/1	59,30
1362006	T	C	1/1	4,108
1367484	T	G	0/1	34,31
1368322	C	CG	0/1	35,15
1368860	T	G	0/1	37,34
1370852	T	G	0/1	52,31
1374065	T	C	1/1	0,44
1374201	A	G	0/1	41,32
1375044	C	G	0/1	36,24
1375724	A	C	1/1	0,85
1382628	T	C	1/1	0,93
1390763	C	T	0/1	56,49
1392767	G	A	0/1	32,23
1393626	A	G	1/1	0,58
1393694	C	A	0/1	20,36
1393994	C	T	0/1	40,51
1396311	G	T	0/1	20,44
1396922	T	C	1/1	0,75
1397765	C	T	0/1	42,34
1401298	A	G	0/1	37,29
1406760	T	TG	0/1	47,24
1411210	T	G	1/1	0,55
1413129	CG	C	0/1	28,19
1413148	C	T	1/1	0,47
1414021	C	T	1/1	0,74
1418863	C	CGGGAGCCA	0/1	35,27
1440469	C	G	1/1	0,93
1443428	G	GGGTTAGATTGCCCGGCTCCTCAACCCGCCGTTTCGGCGTGCATCGTCGCCGGGCTA	0/1	5,28
1444202	C	G	0/1	34,43
1445781	A	G	1/1	0,89
1457144	C	T	1/1	0,64
1471196	C	T	0/1	34,60
1471659	C	T	1/1	0,67
1477588	G	C	0|1	42,46
1477596	C	T	0|1	48,38
1479085	T	C	0/1	39,18
1482627	T	C	1/1	0,87
1482750	AT	A	0/1	54,31
1484708	A	C	1/1	0,75
1490905	A	G	0/1	37,37
1493778	C	T	0/1	26,28
1495326	A	G	0/1	48,42
1498951	G	T	0/1	49,39
1499274	C	G	1/1	0,54
1501700	G	A	0/1	29,16
1526311	G	T	0/1	59,39
1526819	C	A	1/1	0,81
1529952	G	A	0/1	37,46
1530191	GC	G	0/1	49,40
1536251	G	T	1/1	0,70
1538466	GTCT	G	0/1	51,35
1540141	T	C	0/1	43,27
1541798	C	T	0/1	51,24
1544255	C	T	0/1	52,31
1546703	C	T	0/1	41,48
1547125	T	C	1/1	0,88
1550175	C	T	0/1	40,31
1552547	G	A	1/1	0,52
1556787	T	C	0/1	34,36
1563717	C	T	1/1	0,77
1570566	C	A	1/1	0,87
1571489	A	G	0/1	40,51
1576481	T	G	0/1	24,12
1576527	G	T	0/1	31,11
1577241	G	A	0/1	28,25
1588899	G	T	1/1	1,79
1589383	A	G	0/1	29,27
1590190	C	T	0/1	56,35
1593331	G	A	0/1	39,41
1594906	G	A	0/1	24,24
1595342	T	C	0/1	35,21
1598472	G	T	0/1	33,33
1603014	G	A	0/1	27,51
1608276	A	C	0/1	55,31
1609840	A	G	1/1	0,77
1612278	G	GCGTCGA	0/1	23,43
1612624	T	TATCGGTACCGGTGCGCCAGGG	1/1	0,37
1613035	T	C	1/1	0,66
1616061	C	T	0/1	19,35
1617302	G	T	0/1	48,37
1620181	C	G	0/1	32,26
1622964	C	A	0/1	32,50
1624791	C	G	1/1	0,68
1625332	C	CGGT	0/1	35,34
1627351	T	C	1/1	4,61
1630148	A	C	1/1	0,84
1639594	C	A	1/1	0,87
1645802	T	C	1/1	0,81
1647436	G	A	0/1	35,34
1648620	G	A	0/1	47,50
1650072	A	G	1/1	0,54
1651308	A	G	0/1	31,21
1669158	T	C	0/1	49,22
1669358	C	A	0/1	21,35
1676290	C	A	1/1	0,120
1678706	A	C	0/1	29,28
1681067	C	T	0/1	50,38
1688064	A	G	0/1	34,25
1688300	T	C	0/1	31,24
1688649	G	C	0/1	30,29
1689349	C	T	1/1	0,64
1692141	A	C	1/1	0,87
1693561	A	G	1/1	0,81
1695037	G	A	0/1	43,38
1695364	C	G	0/1	36,51
1695796	C	T	0/1	68,41
1696671	CA	C	0/1	32,23
1697896	C	T	0/1	34,32
1698911	G	A	1/1	0,103
1699849	G	A	0/1	76,59
1701215	C	T	0/1	58,24
1703314	G	A	0/1	58,38
1703946	C	G	0/1	39,37
1705038	C	A	0/1	49,35
1706119	T	C	1/1	0,77
1706602	C	T	0/1	32,31
1706685	C	A	0/1	39,25
1708846	C	T	0/1	33,48
1709432	C	T	1/1	1,68
1711670	C	T	0/1	43,62
1712824	A	G	0/1	37,58
1713192	A	G	1/1	6,78
1715942	G	A	0/1	45,24
1716472	A	G	0/1	43,19
1717764	G	A	0/1	30,46
1722200	C	G	0/1	34,32
1722228	A	C	0/1	33,34
1722702	A	C	0/1	22,39
1728622	C	G	0/1	32,34
1728837	A	G	1/1	0,73
1733134	C	T	0/1	60,45
1733325	C	G	0/1	45,38
1741352	C	T	0/1	44,28
1741624	C	G	0/1	36,21
1742730	C	T	0/1	50,34
1743643	G	A	0/1	45,46
1753519	G	GC	1/1	0,69
1754369	G	A	0/1	36,14
1756358	CG	C	0/1	33,25
1759252	G	T	1/1	0,94
1759904	C	T	0/1	37,44
1760292	A	G	1/1	0,84
1774659	C	T	0/1	45,30
1778430	T	C	1/1	0,49
1778789	G	T	0/1	31,29
1792777	T	C	1|1	1,75
1792778	T	C	1|1	1,76
1793306	C	T	0/1	42,54
1798048	C	T	0/1	29,33
1798355	G	A	1/1	0,57
1803265	G	A	1/1	0,83
1804409	C	A	1/1	0,93
1810237	G	A	0/1	42,41
1811375	G	T	0/1	49,41
1817976	A	T	1/1	0,79
1831220	A	C	0|1	45,24
1831226	A	G	0|1	46,25
1831288	C	T	0/1	35,21
1833254	G	C	0/1	51,31
1834177	A	C	0/1	55,43
1836286	G	C	1/1	0,60
1839759	G	C	0/1	41,19
1843570	T	TGTCATATGCGCCACTGCTCCTATGCCGGCTGCGCCGGCATCATCGTCGTTGGCGCGG	0/1	23,13
1847919	C	G	1/1	0,75
1849051	C	T	0/1	62,31
1849609	T	C	0/1	49,35
1849934	A	G	0/1	35,46
1854300	T	C	1/1	0,66
1856777	G	C	1/1	0,90
1859559	C	A	0/1	46,49
1861804	G	T	0/1	14,52
1865976	C	T	0/1	30,30
1869241	C	A	0/1	26,26
1875207	C	T	0/1	32,20
1877744	A	C	0/1	31,19
1878571	G	A	0/1	9,15
1885385	T	G	0/1	47,33
1885772	G	A	1/1	0,69
1888373	T	C	0/1	48,35
1892017	T	C	0/1	47,31
1894300	G	GGTCTTGCCGC	1/1	0,57
1894422	A	G	1/1	0,62
1897608	C	T	0/1	35,42
1901493	T	C	1/1	0,59
1902337	A	C	0/1	29,47
1906078	A	G	0/1	42,32
1907296	G	C	1/1	0,91
1911883	G	T	0/1	41,49
1913811	G	C	0/1	36,54
1916137	A	G	1/1	0,77
1917972	A	G	1/1	0,62
1924008	G	A	0/1	57,47
1930028	G	C	0/1	40,56
1931020	G	A	0/1	30,33
1931179	C	A	1/1	0,46
1931219	G	A	0/1	20,31
1933988	G	A	1/1	0,62
1941785	G	T	0/1	35,45
1944107	A	G	1/1	0,70
1944355	G	A	0/1	32,44
1944402	T	C	1/1	0,80
1950767	T	C	1/1	0,94
1955581	A	AGTCTGATTGCCCGGTTCCTCCTCGCGCCGCAAACGGCGCGCATCGTCACCGGGCGTC	1/1	0,77
1955760	CGAA	C	0/1	51,30
1955913	CCCGGAAG	C	0|1	53,37
1955921	TCGATGACCGTTG	T	0|1	55,37
1955941	G	C	0|1	51,40
1958497	A	C	0/1	27,42
1960284	C	A	1/1	0,75
1961479	A	G	0/1	50,29
1961735	A	G	0/1	37,22
1967026	C	T	0/1	40,44
1967237	C	A	1/1	0,84
1967543	C	A	0/1	45,15
1971725	G	C	0/1	31,20
1980652	G	T	0/1	37,30
1986638	G	GTGAAC	0|1	21,9
1986640	G	GCCCCGGTGAGTCCGGAGACTCTCTGATCTGAGACCTCAGCCGGCGGCTGGTCTCTGGCGTTGAGCGTAGTAGGCAGC	0|1	22,7
1993808	A	T	1/1	0,26
1994342	T	C	1/1	0,56
1994404	G	T	1/1	0,45
2003105	C	T	0/1	47,27
2003827	A	C	0/1	39,16
2004079	G	A	0/1	17,35
2007502	G	A	0/1	30,38
2009290	GC	G	0/1	41,20
2010991	A	C	0/1	35,40
2011762	T	C	0/1	52,31
2017672	G	T	0/1	59,39
2020144	G	A	0/1	30,34
2022868	T	C	1/1	0,73
2023628	C	G	0/1	50,31
2044790	G	A	0/1	34,32
2053987	G	A	0/1	48,47
2055271	A	G	1/1	0,68
2057774	A	T	1/1	0,62
2062805	C	G	0/1	23,34
2066633	C	G	0/1	39,46
2067684	G	A	0/1	26,55
2068975	ACAGCCCGCCGTTTCGGCGCGCATCGTCGCCAGGCTAGATCCGATTGCCCGGCTCCT	A	0/1	59,27
2069771	C	A	0/1	37,31
2072313	C	A	0/1	47,45
2074695	C	T	0/1	34,52
2074754	C	T	1/1	5,77
2078246	C	G	0/1	29,25
2082053	A	G	0/1	56,44
2086672	C	T	0/1	48,40
2089556	G	A	0/1	28,14
2092233	T	G	0/1	47,43
2093991	C	T	0/1	36,30
2094911	ACAGCGT	A	1/1	0,75
2096186	A	G	1/1	0,79
2097270	C	T	0/1	48,35
2108141	T	C	1/1	0,40
2108890	A	C	0/1	50,23
2109523	C	CG	1/1	0,61
2112832	A	C	0/1	55,33
2116903	C	T	1/1	0,83
2122395	C	T	0/1	42,38
2122976	C	G	0/1	48,42
2123169	T	G	1/1	0,88
2128161	C	T	0/1	49,47
2128870	A	G	1/1	0,66
2133468	T	TTCGCATGCCGTCACC	1/1	0,77
2135154	G	T	0/1	36,41
2135870	T	C	1/1	0,51
2137521	A	ACTCCGATCAC	1/1	0,64
2138436	A	G	0/1	50,39
2138453	C	T	0/1	47,36
2142266	C	A	0/1	31,39
2143328	G	C	1/1	0,94
2147022	A	C	1/1	0,80
2151222	T	G	0/1	41,55
2153725	CTCATCCCCGTCTCG	C	0/1	43,31
2154724	C	A	0/1	41,33
2158109	T	C	0/1	52,28
2160998	G	A	1/1	0,69
2161343	G	GT	1/1	0,59
2172380	A	C	0/1	37,20
2173860	A	C	0/1	31,28
2177366	C	T	0/1	41,31
2179825	G	C	0/1	27,33
2180796	CCGCCTTGGCCTTGTTTGACCAT	C	0/1	36,41
2185674	A	G	0/1	33,23
2187376	G	A	0/1	27,42
2187587	G	C	0/1	47,30
2191498	G	T	0/1	43,35
2197361	T	C	0|1	83,8
2197362	G	A	0|1	83,8
2197364	C	CGAAGA	0|1	83,8
2197366	GTGGCA	G	0|1	81,7
2197379	T	TCG	0|1	76,7
2197381	A	ATCACAGAATCACTGAAGCAGATGCGGACCGACC	0|1	76,7
2199052	C	G	0/1	38,30
2202500	C	T	0/1	49,34
2202833	G	A	0/1	37,40
2207591	T	TC	1/1	0,86
2209465	G	A	0/1	37,32
2211826	A	G	1/1	0,72
2216443	C	A	1/1	0,96
2216963	C	G	0/1	49,53
2219329	C	T	0|1	27,41
2219342	T	G	0|1	30,41
2220512	T	G	1/1	0,103
2221584	G	C	0/1	67,52
2223293	T	C	1/1	0,66
2225365	T	C	0/1	47,29
2225456	A	T	0/1	31,29
2228967	A	G	1/1	0,75
2229801	C	G	0/1	49,30
2230045	G	A	0/1	28,26
2235087	G	A	0/1	57,32
2238613	T	C	0/1	40,35
2239489	G	A	0/1	35,44
2241031	AG	A	0/1	35,22
2244421	G	T	0/1	46,28
2244770	G	A	0/1	29,37
2245422	A	G	0/1	35,49
2245864	C	A	0/1	37,50
2247677	A	C	1/1	3,107
2248179	A	G	0/1	54,61
2251605	G	A	0/1	37,24
2251999	A	G	1/1	0,70
2253453	T	C	0/1	37,44
2260100	C	T	0/1	51,32
2260151	A	G	0|1	90,26
2260154	C	T	0|1	90,26
2260171	T	C	0|1	93,30
2260174	C	T	0|1	97,31
2260196	C	CA	0|1	92,32
2260199	C	T	0|1	92,32
2260212	G	T	0|1	99,31
2260214	G	C	0|1	96,29
2260220	C	T	0|1	88,27
2260222	C	G	0|1	88,27
2260231	T	C	0|1	90,27
2260525	C	T	1/1	0,62
2263760	C	T	0/1	35,42
2264782	C	A	1/1	1,67
2265059	T	G	1/1	0,89
2266487	G	C	0|1	96,34
2266504	T	TA	0|1	99,34
2266508	A	T	0|1	88,32
2266511	GT	G	0|1	88,31
2266517	T	C	0|1	88,31
2266550	G	T	0|1	94,42
2266553	C	G	0|1	93,42
2266583	C	G	0|1	98,44
2266598	G	C	0|1	99,39
2266604	C	G	0|1	95,37
2266613	G	GC	0|1	95,37
2266624	G	T	0|1	89,37
2267015	T	C	0/1	49,54
2268433	C	A	0/1	31,23
2268627	G	C	0/1	37,31
2269545	G	A	0/1	40,38
2269780	T	C	1/1	0,73
2270102	A	G	1/1	0,77
2271322	C	T	0/1	42,41
2273733	TC	T	0/1	32,34
2282787	C	T	1/1	0,90
2283191	G	C	0/1	30,17
2285251	C	A	1/1	0,67
2287121	A	G	1/1	0,60
2288038	A	G	0/1	55,45
2288085	G	C	0/1	63,35
2294007	T	C	0/1	56,52
2307701	G	A	0/1	26,42
2311099	C	G	1/1	3,52
2314689	C	A	0/1	43,23
2315386	C	A	0/1	47,28
2315752	G	C	0/1	52,27
2316123	C	A	0/1	38,16
2318725	C	T	0/1	29,23
2320320	C	T	0/1	30,14
2321975	T	C	0/1	33,27
2325009	C	T	0/1	42,41
2325981	C	T	0/1	28,42
2326102	C	T	0/1	27,40
2328543	T	C	0/1	49,26
2329533	A	G	1/1	0,74
2331620	A	C	0/1	29,26
2331789	G	T	0/1	46,41
2334007	A	G	1/1	0,73
2335075	A	G	1/1	0,74
2335494	A	G	1/1	0,91
2337179	C	T	0/1	63,36
2341636	C	G	1/1	0,46
2342649	A	AGGCGTACACAC	0/1	61,27
2344246	G	C	0/1	75,39
2344499	T	G	0/1	58,40
2345037	C	A	1/1	0,83
2346318	G	A	0/1	40,35
2346941	T	C	0/1	41,32
2352065	C	CCTCGCCTGGGCTGGCGAGCAGACGCAAAATCCCCCGCACGCCCGGCGTGTCGGGGGATTTTGCGTCTG	0/1	3,40
2354791	A	G	0/1	36,30
2357268	TGCC	T	1/1	0,12
2358029	T	TG	1/1	2,48
2360236	C	T	0/1	27,35
2361604	C	G	1/1	0,70
2362041	C	A	1/1	0,26
2364475	T	C	0/1	48,32
2368564	TA	T	1/1	2,76
2369186	G	C	0/1	45,27
2369326	C	G	1/1	2,47
2386389	G	A	1/1	0,58
2388641	G	A	0/1	53,34
2392980	C	G	0/1	42,26
2397275	C	A	0/1	48,26
2399734	G	A	0/1	48,25
2401825	T	TGGCTCCTCCTCACCCCGTTACCCGGGGCGCATCGTCGCCGAGCTCGATTTGATTGCCCGGCTCCTCCTCACCCCGTTACCCGGGGCGCATCGTCGCCGAGCTCGATTTGATTGCCC	0/1	63,0
2403375	G	T	0/1	30,27
2406186	C	T	0/1	46,49
2406842	AC	A	0/1	50,42
2411496	G	A	0/1	19,13
2413246	C	A	0/1	33,22
2415656	G	C	1/1	0,57
2416156	G	A	0/1	30,32
2421816	A	G	0/1	27,23
2421975	G	GGGAA	0/1	25,28
2424925	A	G	1/1	0,51
2425471	T	C	0/1	34,46
2440926	G	T	1/1	0,110
2442468	C	T	0/1	48,32
2448458	C	T	0/1	34,20
2451700	A	C	0/1	39,31
2462871	G	A	1/1	0,68
2465041	G	A	0/1	25,29
2468098	G	A	0/1	29,40
2470591	A	C	0/1	32,40
2473699	C	T	0/1	35,38
2491597	G	T	0/1	38,31
2499726	G	A	1/1	0,64
2505085	G	A	0/1	39,28
2508754	G	A	0/1	38,36
2509140	G	C	1/1	0,45
2509722	A	G	1/1	0,68
2510350	C	G	0/1	53,31
2516567	G	C	1/1	4,42
2518076	C	T	0/1	44,51
2521342	T	C	1/1	0,56
2521428	A	G	0/1	38,15
2522955	T	G	0/1	49,32
2523205	G	GCGC	1/1	0,66
2525722	CG	C	1/1	0,77
2526229	G	C	0/1	62,19
2526974	T	C	1/1	3,83
2529680	A	G	1/1	0,88
2533377	T	C	0/1	39,40
2534562	GGA	G	1/1	0,67
2536599	C	T	0|1	22,16
2536628	G	GA	0|1	13,10
2536892	T	C	0/1	23,6
2539391	A	C	0/1	46,33
2542965	TC	T	0/1	33,56
2543395	T	C	0/1	52,26
2546684	C	A	0|1	8,25
2548700	C	T	0/1	5,27
2551576	C	G	0|1	6,35
2551577	T	C	0|1	6,35
2552982	G	GC	0/1	36,27
2562644	G	T	0/1	46,12
2564368	G	GC	0/1	30,23
2566766	C	CG	0|1	30,21
2566768	A	C	0|1	30,21
2568273	A	G	0/1	30,43
2568375	A	C	0/1	41,41
2573756	C	A	1/1	0,78
2574022	C	T	0/1	36,40
2578626	A	G	1/1	0,62
2578975	G	T	0/1	45,41
2581052	G	A	0/1	41,41
2583564	G	A	0/1	15,26
2586076	C	G	0/1	37,30
2586127	A	G	1/1	0,69
2589036	G	C	0/1	54,34
2589216	G	C	1/1	5,111
2592302	CG	C	0/1	50,39
2592310	G	A	0/1	54,37
2598400	A	G	1/1	0,97
2599398	C	A	0/1	26,30
2600260	A	G	0/1	28,19
2608117	C	A	1/1	4,86
2610702	T	C	0/1	57,46
2611229	C	T	0/1	67,11
2611246	G	A	0/1	36,40
2612256	G	T	0/1	29,19
2612632	C	A	1/1	0,76
2614909	GC	G	0/1	40,38
2616403	TTCG	T	0/1	41,54
2619271	T	C	0/1	50,30
2627618	C	A	0/1	43,38
2627946	A	G	0/1	56,21
2630740	T	C	0/1	41,35
2631371	C	T	0/1	48,31
2631530	G	GGGA	0|1	63,3
2631532	CCGT	C	0|1	66,9
2631538	G	A	0|1	62,9
2631539	C	T	0|1	62,9
2631541	G	C	0|1	64,9
2631549	T	A	0|1	64,9
2631550	G	A	0|1	64,9
2631556	C	G	0|1	64,22
2631565	T	C	0|1	68,24
2631574	T	C	0|1	69,26
2631583	G	A	0|1	67,31
2631599	G	A	0/1	65,31
2631620	A	G	0|1	70,28
2631625	T	TCAC	0|1	67,28
2631626	G	C	0|1	67,22
2631628	TCAAA	T	0|1	74,22
2631636	AC	A	0|1	74,20
2631638	A	G	0|1	78,20
2631640	A	G	0|1	76,20
2631644	T	G	0|1	78,19
2631646	CT	C	0|1	78,19
2631649	C	CCGA	0|1	77,19
2631653	G	A	0|1	81,19
2631656	G	C	0|1	80,20
2631657	G	T	0|1	80,18
2631659	C	G	0|1	80,18
2631668	C	T	0|1	80,17
2631671	C	T	0|1	80,17
2631860	C	T	0|1	92,10
2631861	G	A	0|1	91,10
2631863	G	C	0|1	92,10
2631865	C	T	0|1	97,10
2631872	C	T	0|1	107,10
2631877	T	C	0|1	104,11
2631883	T	C	0|1	101,11
2631887	A	G	0|1	99,11
2631890	C	T	0|1	93,12
2631929	C	G	0|1	84,13
2631931	G	A	0|1	85,13
2631932	C	G	0|1	85,13
2631938	G	A	0|1	89,13
2631940	T	A	0|1	90,13
2631941	A	G	0|1	92,13
2631944	C	T	0|1	91,14
2631962	T	G	0|1	94,14
2631967	G	A	0|1	92,15
2631968	A	G	0|1	92,16
2631971	A	G	0|1	86,16
2631977	G	C	0|1	81,16
2632341	C	CA	0/1	47,32
2637541	C	T	1/1	3,63
2642383	C	T	1/1	8,82
2646133	A	G	0/1	34,47
2647905	G	A	0/1	31,22
2656225	A	G	1/1	0,120
2660319	C	G	1/1	0,71
2663795	G	A	0/1	48,33
2668045	C	T	0/1	25,34
2671061	C	A	0/1	34,37
2673818	C	G	0/1	59,25
2680155	G	A	0/1	35,43
2680658	T	G	1/1	0,72
2689715	G	C	0/1	18,37
2692100	C	T	0/1	37,29
2692441	C	G	0/1	36,20
2695378	C	G	1/1	0,97
2697489	C	T	0/1	35,52
2700239	G	A	0/1	20,43
2703902	C	CG	0/1	23,23
2704884	A	ACAGCGACCATATCGCCGAGCT	1/1	0,79
2711722	T	G	0/1	24,21
2713795	C	T	1/1	0,74
2718852	T	G	1/1	0,74
2723506	T	C	0/1	39,34
2724180	TCACGATCGGGTCTCCTCTAG	T	0/1	28,14
2724782	C	T	0/1	30,35
2729058	A	C	0/1	45,32
2734074	T	C	1/1	0,76
2734481	TA	T	0/1	55,53
2735595	T	C	0/1	48,32
2737572	C	A	0/1	6,59
2738274	A	C	0/1	56,21
2739174	T	G	0/1	23,39
2740693	T	C	0/1	35,25
2740970	G	A	0/1	37,49
2741209	G	A	0/1	56,36
2751804	C	T	1/1	0,49
2752122	G	C	0/1	30,21
2752698	C	A	1/1	0,73
2759390	G	A	0/1	48,42
2760152	A	G	1/1	0,83
2760241	G	A	0/1	53,40
2767085	G	C	0/1	47,37
2775361	C	T	0/1	60,37
2775592	G	A	0/1	31,25
2779136	T	C	1/1	1,84
2779490	C	T	0/1	31,29
2780323	T	C	0/1	36,33
2786785	GCT	G	0/1	35,34
2786952	A	G	1/1	0,87
2787955	T	C	0/1	50,46
2788298	T	C	0/1	35,37
2788745	C	T	0/1	50,45
2788963	T	G	0/1	18,29
2789798	G	T	0/1	38,34
2791098	C	T	0/1	52,48
2793810	C	A	0/1	33,28
2794071	G	A	0/1	38,24
2800087	G	A	0/1	27,26
2807050	G	T	0/1	50,30
2807486	C	A	0/1	48,39
2808452	T	C	0/1	57,47
2808506	G	C	0/1	38,46
2809502	A	G	0/1	54,39
2809621	T	C	1/1	0,84
2809633	A	C	0/1	49,30
2817502	A	C	0/1	46,33
2818697	A	G	0/1	45,28
2818837	A	G	1/1	0,71
2819009	G	A	0/1	52,53
2821342	C	T	1/1	0,53
2824564	G	C	0/1	32,36
2825466	G	A	0/1	36,31
2825581	T	G	0/1	32,17
2827984	G	T	1/1	0,67
2828019	T	C	1/1	0,61
2830525	C	A	1/1	0,77
2833329	G	A	0/1	44,34
2838540	A	C	0/1	30,24
2841022	A	G	0/1	21,29
2847281	A	G	0/1	54,28
2850631	T	C	0/1	36,24
2851160	GAA	G	0|1	47,40
2851164	CATT	C	0|1	49,40
2855259	A	G	1/1	0,69
2865760	A	G	1/1	0,60
2865882	T	C	1/1	0,81
2867880	TA	T	0/1	27,23
2868432	G	A	0/1	28,41
2871251	G	A	0/1	12,15
2872610	C	T	0/1	26,14
2880702	G	C	1/1	0,90
2881582	GT	G	0/1	20,46
2881597	AG	A	1/1	0,71
2881974	G	A	0/1	44,34
2884068	A	C	0/1	41,43
2885170	C	A	0/1	42,38
2886570	A	G	0/1	37,30
2888201	T	C	1/1	0,51
2889633	T	C	1/1	0,69
2891267	C	T	1/1	0,72
2891728	A	G	1/1	0,85
2894208	G	A	1/1	0,62
2898337	C	T	0/1	41,41
2898522	T	C	0/1	29,36
2900308	T	C	0/1	36,32
2903439	G	A	0/1	32,29
2903597	G	A	0/1	41,37
2906978	C	T	0/1	20,31
2910461	G	T	1/1	0,82
2911293	C	G	1/1	0,50
2911823	G	A	0/1	32,51
2912294	T	G	1/1	0,70
2923391	T	C	1/1	0,42
2925962	T	C	0/1	59,36
2927015	G	A	0/1	32,35
2927939	T	C	1/1	0,70
2931696	C	T	0/1	31,45
2932155	G	A	0/1	33,30
2937946	G	A	0/1	51,32
2939373	G	C	1/1	0,56
2939657	T	C	1/1	0,39
2946426	G	A	0/1	28,46
2947990	G	T	0/1	41,54
2948230	G	A	0/1	46,31
2949750	A	G	0/1	38,39
2953367	T	C	0/1	59,47
2954439	T	C	1/1	0,95
2955957	A	C	0/1	49,38
2958749	G	A	0/1	41,59
2967653	C	T	0/1	27,36
2969197	A	G	0/1	47,42
2969494	T	C	0/1	41,41
2973658	T	G	0/1	18,26
2980861	A	G	0/1	60,41
2984740	A	G	1/1	0,48
2988630	C	G	0/1	33,31
2994187	T	C	0/1	32,23
3003115	C	G	0/1	51,34
3005185	G	T	1/1	0,70
3005618	C	T	0/1	29,42
3009692	A	G	1/1	0,88
3009834	A	G	0/1	39,42
3010420	A	G	0/1	36,28
3010993	C	T	0/1	36,31
3011692	A	C	0/1	41,41
3013784	C	G	0/1	39,29
3017465	T	C	1/1	0,56
3021892	GTTCGACGAC	G	0/1	41,31
3021970	G	C	0/1	37,38
3022094	T	C	0/1	25,42
3024021	C	A	0/1	25,37
3024343	G	A	0/1	45,31
3027798	T	C	0/1	52,37
3031168	A	G	0/1	41,26
3033189	G	A	0/1	26,23
3036826	C	T	0/1	45,41
3037377	T	C	1/1	2,55
3041871	G	T	1/1	0,62
3048912	C	G	0/1	29,38
3069167	A	G	1/1	1,69
3072567	C	A	0/1	34,40
3080795	A	G	1/1	0,68
3086208	G	T	0/1	33,34
3086788	T	C	1/1	0,69
3091595	G	A	0/1	27,40
3091722	G	A	0/1	24,59
3096807	G	T	0/1	51,54
3103682	T	C	1/1	0,78
3104189	A	G	0/1	59,44
3109457	G	A	0/1	18,33
3110140	G	T	0/1	47,26
3111476	C	T	0/1	33,30
3115384	G	C	0/1	42,58
3131469	T	TTGTCGGCGA	1/1	0,61
3135606	A	G	0/1	54,30
3136335	G	A	0/1	26,47
3136576	C	T	0/1	23,29
3137058	G	A	1/1	0,69
3137736	G	T	0/1	32,39
3144623	C	T	0/1	17,15
3144658	C	G	0/1	19,16
3147376	G	A	0/1	7,2
3147742	A	G	0/1	10,21
3156201	C	CG	0/1	54,33
3159202	G	C	0/1	42,40
3159998	CAA	C	0/1	47,40
3164731	T	C	0/1	34,33
3165636	G	A	0/1	39,26
3172479	G	A	0/1	38,33
3174496	A	G	0/1	61,38
3174692	AC	A	0/1	45,49
3177452	C	A	0/1	48,41
3177884	C	A	1/1	0,69
3180988	C	A	0/1	16,16
3181479	T	G	0/1	57,41
3186860	T	G	1/1	0,59
3187090	G	A	0/1	37,42
3189242	A	G	0/1	44,35
3189801	G	A	0/1	52,39
3190145	TC	T	1/1	1,68
3200282	C	T	0/1	28,29
3209156	G	A	0/1	36,40
3214869	A	G	0/1	37,39
3215622	CG	C	0/1	8,9
3216312	A	G	0/1	27,39
3218997	T	A	0/1	43,33
3226181	A	C	1/1	0,59
3228143	G	T	1/1	0,102
3238090	G	A	0/1	29,37
3238119	CGTG	C	0/1	38,30
3242581	T	C	0/1	39,40
3256494	A	G	1/1	0,84
3258274	A	C	0/1	18,13
3266030	A	G	0/1	23,20
3269581	A	G	1/1	0,85
3270784	A	G	1/1	0,74
3276703	T	G	0/1	22,36
3281134	G	T	0/1	55,35
3284640	A	G	0/1	40,38
3284855	C	T	0/1	7,33
3295830	AC	A	0/1	34,42
3296371	G	GCCGCGGC	0/1	34,27
3296843	A	G	1/1	0,48
3300518	A	G	0/1	34,31
3304966	G	A	0/1	42,33
3308606	G	A	1/1	0,97
3310626	T	C	0/1	34,18
3314412	A	G	0/1	43,35
3316955	A	C	0/1	49,33
3317093	G	A	0/1	55,56
3326554	A	C	0/1	75,34
3331361	ACG	A	0/1	38,24
3332254	C	T	0/1	40,31
3336825	T	C	1/1	0,40
3338603	G	C	1/1	0,70
3340328	G	T	0/1	11,20
3351090	GCCCTGCCGGGCGACGATTCGGGCCGGCACGGCCCGATGAGGAGCCCGGCAATCAGA	G	0/1	13,9
3352932	C	G	1/1	2,81
3355161	C	T	0/1	17,25
3358235	A	T	1/1	0,93
3363338	A	G	1/1	0,62
3367765	G	A	1/1	0,58
3375165	A	C	0/1	48,34
3390059	G	A	0/1	35,38
3398223	G	A	0/1	29,12
3398228	G	C	0/1	29,12
3401871	A	G	1/1	2,51
3402816	C	T	1/1	0,92
3404376	C	G	1/1	4,89
3408150	T	C	0/1	45,26
3412611	T	C	0/1	61,44
3415180	ACACCTAGGGGGTGG	A	1/1	0,48
3417839	A	G	0/1	31,55
3420059	T	C	0/1	38,36
3420825	A	G	0/1	58,39
3423249	C	CGCGAGCAGACGCAGAATCGCCCAAAATCCAAGATTTTGAGGCGATTCTGCGTCTGCTCGCGCAACCGG	0/1	3,35
3425854	C	T	1/1	0,85
3428374	C	G	0/1	54,49
3428917	C	A	1/1	0,98
3437134	GT	G	0|1	38,35
3437136	CTGGATGTCG	C	0|1	40,35
3440464	T	G	1|1	0,58
3440468	G	C	1|1	0,57
3440895	G	A	0/1	34,42
3446699	C	G	0/1	48,36
3447293	T	G	0/1	55,36
3450463	C	T	0/1	42,34
3450725	T	C	1/1	7,87
3454263	C	G	0/1	70,41
3455089	CGTCGAGT	C	0/1	43,31
3455686	G	C	1/1	2,100
3456666	A	G	1/1	0,72
3462135	G	C	1/1	0,60
3462145	A	AGGCGC	0/1	21,38
3467465	C	G	0/1	57,69
3469280	C	T	0/1	55,40
3473996	G	GA	1/1	0,55
3477942	A	G	0/1	51,43
3478242	G	C	0|1	81,33
3478244	C	A	0|1	81,34
3478245	T	C	0|1	78,34
3478248	T	C	0|1	79,34
3478251	C	T	0|1	76,34
3478254	G	C	0|1	74,34
3478257	A	G	0|1	76,33
3478260	C	G	0|1	77,34
3478263	G	A	0|1	74,34
3478272	G	A	0|1	78,33
3478290	C	T	0/1	78,30
3480474	G	A	1/1	4,98
3480789	T	C	0/1	58,43
3486977	A	G	1/1	0,108
3487108	C	T	0/1	75,35
3493907	T	TCGATGAACCACCTGACATGACCCCATCCTTTCCAAGAACTGGAGTCTCCGGACATGCCGGGGCGGTTCA	0/1	65,4
3495204	C	T	0/1	35,35
3498198	C	T	0/1	54,39
3498851	G	C	0/1	47,30
3500149	G	A	0/1	60,47
3500243	G	C	0/1	69,34
3503895	C	T	1/1	0,80
3508970	A	G	0/1	39,27
3509626	C	A	0/1	59,35
3518167	A	G	1/1	0,60
3518555	A	G	1/1	0,29
3529180	CCTA	C	0|1	61,8
3529186	G	GCGCGC	0|1	61,8
3529190	GTC	G	0|1	61,8
3529195	GGCCA	G	0|1	65,8
3529205	T	A	0|1	64,8
3529210	CAACG	C	0|1	64,8
3529216	T	TTCGC	0|1	64,8
3529221	GT	G	0|1	68,7
3529224	T	TA	0|1	65,7
3529227	G	C	0|1	66,7
3529228	T	C	0|1	66,7
3530955	C	G	0/1	41,36
3542049	G	A	0/1	44,47
3542219	G	A	0/1	47,37
3544710	T	C	0/1	30,21
3550347	C	T	0/1	43,24
3550789	C	G	0/1	44,32
3556275	A	G	1/1	0,84
3556484	G	T	0/1	45,31
3556607	G	T	0/1	32,41
3569605	G	T	0/1	45,22
3571828	G	C	0/1	41,22
3573090	C	A	0/1	36,38
3576231	T	C	0/1	47,27
3577497	C	T	0/1	50,25
3580636	CT	C	1/1	0,81
3581414	A	G	1/1	0,78
3584834	T	C	0/1	23,32
3587072	T	C	0/1	48,35
3587446	G	A	0/1	40,29
3590686	G	GC	1/1	0,95
3591063	T	C	1/1	0,60
3597249	C	G	0/1	59,37
3600576	C	T	0/1	39,38
3603355	G	A	0/1	47,42
3604821	G	C	1/1	0,48
3610391	A	AC	0/1	51,57
3612813	T	C	0/1	35,18
3614505	A	T	0/1	32,42
3614982	T	C	1/1	0,86
3621423	A	G	1/1	0,58
3622441	A	C	1/1	0,64
3625065	T	G	1/1	0,60
3626562	G	A	0/1	58,38
3628520	G	A	0/1	30,35
3630444	ACTCCAGT	A	0/1	39,36
3638093	G	A	0/1	54,24
3641332	G	A	0/1	40,21
3643985	A	C	0/1	54,31
3653988	G	A	0/1	41,34
3661340	C	T	0/1	34,46
3664457	C	A	0/1	40,42
3665753	G	A	0/1	34,27
3670040	C	T	0/1	30,23
3674157	T	A	0/1	31,26
3674820	G	A	0/1	21,30
3675504	G	T	0/1	46,44
3678249	A	C	0/1	41,42
3680932	G	A	0/1	14,11
3681548	A	C	0/1	38,27
3684649	G	A	0/1	48,37
3689523	G	T	1/1	0,72
3690016	A	G	0/1	46,24
3690950	T	TAGCTCGGCGACGATGCACGCCGCGCAGCGGCGTGAGGAGGAGCCGAGCAGTCCAACACAGCTCGGCGACGATGCACGCCGCGCAGCGGCGTGAGGAGGAGCCGAGCAGTCCAACAC	0/1	0,0
3693681	A	C	0|1	41,28
3693689	C	T	0|1	27,42
3693875	G	A	0/1	25,46
3704596	G	C	1/1	0,84
3704770	A	G	0/1	47,17
3714211	G	T	1/1	0,74
3714757	A	C	1/1	0,97
3717464	C	G	0/1	27,39
3718357	C	T	1/1	0,70
3721806	G	C	1/1	0,87
3743656	G	A	0/1	47,34
3767499	GAT	G	0/1	41,48
3775409	T	C	0/1	32,20
3775441	A	C	0/1	40,20
3777612	C	T	0/1	45,52
3778011	G	A	0|1	27,21
3778012	G	T	0|1	28,21
3778396	C	T	0/1	30,24
3783058	G	A	0/1	51,59
3788853	G	T	0/1	25,32
3798095	A	C	1/1	0,37
3804299	G	A	0/1	27,18
3811672	G	T	0|1	43,39
3811675	A	G	0|1	43,39
3812821	A	C	0/1	26,52
3815477	G	T	1/1	4,78
3817117	C	A	1/1	0,77
3820665	C	T	0/1	32,40
3821845	G	T	0/1	48,41
3823159	A	T	1/1	0,94
3826501	C	T	0/1	34,34
3826684	C	T	1/1	0,62
3829770	T	C	1/1	0,44
3830349	C	T	0/1	20,19
3830695	A	G	0/1	26,24
3834486	T	C	0/1	43,25
3838871	A	G	1/1	0,76
3842976	A	G	0/1	41,34
3851887	A	C	0|1	25,20
3851888	T	C	0|1	25,19
3854174	G	A	0/1	33,42
3859893	C	T	1/1	0,51
3862472	GA	G	1/1	0,53
3863138	G	A	0/1	35,32
3863681	C	G	0/1	46,14
3864995	T	C	1/1	0,69
3866350	C	T	0/1	36,48
3870010	A	G	0/1	45,22
3871246	T	C	0/1	33,29
3873242	G	A	0/1	54,38
3874722	AT	A	1/1	2,75
3877421	A	G	1/1	0,76
3880239	C	CGTCCGGCTCCTCCTCGGACCACTACGCGGCCCGCATCGTCGCCGACCAAATCCAACT	0/1	30,18
3883178	A	C	0/1	51,41
3885886	T	C	1/1	0,87
3887921	A	G	0/1	42,40
3892671	A	G	1/1	0,86
3893480	G	A	0/1	49,54
3895727	C	A	0/1	30,34
3896340	T	G	1/1	0,65
3898408	A	G	1/1	0,87
3902318	A	AT	0/1	57,21
3906311	G	A	0/1	38,21
3906725	G	A	0/1	43,54
3908465	A	G	0/1	38,35
3909235	G	C	0/1	55,29
3916386	G	T	0/1	61,36
3922380	G	A	0/1	32,45
3925733	T	G	0/1	34,29
3952800	G	A	1/1	0,79
3957614	G	A	0/1	32,39
3958403	A	G	1/1	0,82
3959023	GT	G	0/1	38,38
3959418	C	T	1/1	0,101
3959730	T	C	0/1	59,38
3959957	C	A	0/1	32,28
3962187	G	A	0/1	58,33
3964518	G	A	0/1	37,31
3966813	G	A	0/1	35,44
3968006	A	C	0/1	44,24
3969137	G	C	0/1	45,44
3970594	C	G	0/1	33,37
3973152	C	G	0/1	20,39
3976595	G	T	0/1	58,36
3979990	C	G	0/1	44,35
3981983	G	A	0/1	28,36
3984321	G	A	0/1	46,33
3985439	A	C	0/1	48,28
3987370	CG	C	0/1	39,36
3987954	C	T	0/1	40,39
3989135	C	T	0/1	29,39
3993058	G	A	0/1	35,36
3993134	G	A	0/1	39,44
4001622	T	C	0/1	39,43
4004650	C	T	0/1	23,35
4005114	G	C	0/1	33,27
4005607	T	C	1/1	0,69
4008747	A	G	0/1	45,27
4022388	G	A	0/1	36,20
4024273	T	C	1/1	0,74
4026899	G	A	1/1	0,92
4028752	A	G	0/1	40,47
4033577	A	G	0/1	50,28
4034827	C	T	1/1	0,100
4041581	C	T	0/1	43,37
4050811	G	A	0/1	36,24
4054252	T	C	0/1	56,34
4055801	G	A	1/1	0,89
4056416	C	A	0/1	60,38
4056650	C	G	0/1	61,61
4056693	G	T	0/1	58,53
4059143	A	C	0/1	38,43
4059904	A	G	1/1	0,67
4063121	T	G	0/1	35,31
4063682	G	T	0/1	44,50
4069292	G	A	1/1	0,54
4083183	C	T	0/1	39,37
4086802	G	A	0/1	17,42
4089058	T	C	0/1	38,30
4095001	CG	C	1/1	0,61
4095295	T	C	0/1	40,44
4095728	C	G	0/1	28,32
4100975	T	C	1/1	0,51
4107074	T	C	0/1	47,38
4111303	G	C	1/1	0,69
4112429	T	C	0/1	53,38
4115890	G	C	0/1	52,35
4116610	G	A	0/1	63,39
4117167	GGC	G	0/1	37,48
4119354	A	G	0/1	39,30
4121727	A	C	0/1	32,17
4122287	G	T	0/1	45,25
4123770	G	A	0/1	36,18
4124349	GCC	G	0/1	14,18
4133316	A	T	0/1	27,28
4137829	C	T	0/1	45,22
4145737	A	G	0/1	36,36
4146314	G	T	0/1	33,39
4151855	A	G	1/1	0,90
4156099	C	A	1/1	0,93
4156503	C	T	0/1	55,29
4158493	C	T	0/1	35,26
4159195	T	C	1/1	6,86
4160371	C	A	0/1	67,45
4162339	A	G	1/1	0,111
4166441	G	A	0/1	56,43
4167656	A	G	0/1	53,49
4169852	G	T	0/1	46,28
4170739	G	C	0/1	59,44
4170964	G	GA	0/1	42,48
4174131	G	C	0/1	32,29
4178354	C	T	0/1	47,43
4178709	T	C	0/1	42,29
4179089	C	T	0/1	43,37
4179832	G	C	0/1	56,29
4182387	G	C	0/1	42,34
4182695	G	A	1/1	0,94
4186678	G	A	0/1	53,17
4187485	T	C	1/1	0,89
4187817	A	G	1/1	0,71
4189210	G	T	0/1	26,20
4194501	G	A	0/1	45,16
4197138	C	CT	1/1	0,69
4198611	CG	C	1/1	0,103
4204168	T	C	0/1	52,37
4204441	A	G	1/1	0,103
4205120	A	G	1/1	0,74
4205325	A	G	0/1	34,29
4210274	A	G	1/1	0,69
4212832	GACC	G	0/1	57,26
4214988	G	A	0/1	58,40
4215484	G	C	0/1	42,44
4216779	G	C	0/1	48,47
4217557	A	G	0/1	48,27
4218416	C	A	0/1	29,34
4218941	G	A	0/1	60,45
4221070	AC	A	0/1	42,25
4221423	C	T	0/1	35,39
4221490	C	G	1/1	0,86
4222073	A	G	1/1	0,29
4222882	A	G	1/1	0,62
4223172	T	C	1/1	3,65
4229167	T	C	0/1	48,32
4231859	CGCGGTCTGTGCGCCGGGCGCACGCACCGAATTCGAGCTATTAGCGGCCGCGGCAAGGGACGCATTCGGCCTGGACGTCCACCCAGCGGT	C	0/1	55,32
4234960	A	C	0/1	48,38
4236237	C	T	0/1	33,20
4239298	C	T	0/1	27,28
4242643	C	T	1/1	0,72
4242803	G	C	0/1	39,31
4243460	C	T	0/1	22,33
4245335	A	C	0/1	31,40
4251297	G	C	0/1	33,33
4252066	T	C	0/1	38,40
4254431	G	A	0/1	45,30
4255922	A	G	1/1	0,98
4256210	G	T	0/1	39,40
4256758	G	C	0/1	32,34
4257220	A	G	1/1	0,69
4258106	G	A	0/1	37,33
4262388	C	T	0/1	44,39
4264381	G	GC	0/1	25,24
4267647	T	C	0/1	33,22
4269670	A	G	0/1	27,27
4270660	G	A	0/1	41,14
4274672	GT	G	0/1	29,24
4280708	G	A	0/1	41,28
4284347	C	T	0/1	47,53
4284429	G	A	0/1	51,41
4287164	A	G	0/1	58,36
4288040	T	G	0/1	31,24
4290135	C	T	0/1	43,44
4296015	G	A	1/1	2,108
4303498	T	TG	0/1	48,43
4305063	G	GA	0/1	45,43
4306155	C	T	1/1	0,80
4306929	G	T	0/1	35,33
4307179	G	A	1/1	0,85
4308395	G	A	0/1	34,33
4309927	T	G	0/1	26,18
4311664	C	T	0/1	52,32
4313128	C	T	0/1	40,32
4314645	A	G	1/1	4,61
4314800	G	A	0/1	44,20
4319985	G	C	0/1	25,27
4322039	AC	A	0/1	30,35
4323348	C	T	0|1	42,45
4323355	G	C	0|1	42,45
4329782	G	A	0/1	26,33
4331585	G	A	0/1	33,39
4338595	GC	G	1/1	0,82
4338732	G	A	1/1	0,81
4340006	A	C	0/1	52,29
4340028	G	C	0/1	39,47
4348724	A	ACCCGCGCCGGCGACGATGCAAAGCGCAGCGATGAGGAGGAGCGGCGCCAACGG	0/1	37,12
4350305	G	A	0/1	35,30
4351039	G	T	1/1	0,66
4352475	G	A	0/1	37,43
4356110	G	C	1/1	0,87
4357123	C	A	0/1	22,26
4357597	C	G	1/1	3,62
4357804	T	G	0/1	43,17
4359164	G	GC	0/1	1,5
4359165	G	GTGATCGGGGTTCCCGGGGTGATCGGGGTTCCCGGC	1/1	1,5
4359653	C	T	0/1	46,36
4359667	A	C	0/1	40,45
4359828	G	A	0/1	44,44
4362568	T	G	0/1	50,28
4362807	A	G	0/1	42,52
4365461	G	A	0/1	50,56
4366195	T	C	1/1	3,76
4366272	G	C	1/1	0,85
4368084	G	C	0/1	40,39
4369613	CG	C	1/1	0,4
4370548	CG	C	0/1	41,33
4372353	G	C	0/1	30,33
4373007	CT	C	0/1	30,25
4378504	T	C	0/1	51,46
4379044	CG	C	0/1	41,30
4379680	C	G	1/1	0,87
4382054	T	C	1/1	0,84
4382275	G	T	1/1	0,80
4383144	C	CCGGGG	1/1	0,43
4383655	A	G	0/1	20,17
4384007	C	G	0/1	39,33
4384112	C	T	0/1	31,33
4384417	C	T	0/1	24,24
4386228	T	C	1/1	5,52
4386709	C	T	0/1	42,50
4393178	A	G	1/1	1,67
4393590	C	G	0/1	30,26
4397736	C	T	0/1	54,25
4399185	C	T	0/1	33,32
4400246	G	A	0/1	31,45
4400660	AC	A	1/1	0,68
4400727	CT	C	0/1	43,24
4401187	G	A	0/1	35,34
4404034	C	G	0/1	66,44
4404832	G	T	0/1	33,44
4407588	T	C	0/1	51,29
4407927	T	G	0/1	38,37
4408923	C	T	0/1	53,29
