1718	C	A	0/1	48,10
1977	A	G	1/1	0,48
4013	T	C	1/1	0,67
5075	C	T	0/1	51,21
7268	C	T	0/1	41,7
7362	G	C	1/1	0,47
7585	G	C	1/1	0,59
7879	A	G	0/1	50,9
8452	C	T	0/1	55,9
9143	T	C	0/1	64,14
9304	G	A	1/1	0,92
10174	C	T	0/1	19,4
11190	G	C	0/1	68,10
11370	C	T	0/1	7,64
11879	A	G	1/1	0,63
13298	G	C	0/1	40,7
13460	A	G	0/1	53,17
13482	G	A	0/1	54,20
13699	T	C	0/1	55,22
14401	A	G	0/1	57,11
14785	T	C	1/1	0,62
20407	G	A	0/1	19,9
22961	T	G	0/1	42,17
23338	T	C	0/1	35,7
24509	C	T	0/1	41,10
24698	GCCGCGTTGCTCGGGGTAA	G	1/1	2,35
26347	C	G	0/1	46,7
26959	C	G	1/1	0,45
27469	A	G	0/1	34,9
29482	CA	C	0/1	7,47
30297	C	T	0/1	16,41
30943	C	T	0/1	3,32
31037	C	G	0/1	42,7
31077	C	T	0/1	8,46
31575	CCTGCCGCGGTGG	C	0|1	10,46
31588	ATACATGCAT	A	0|1	10,47
32773	G	A	0/1	29,10
34044	T	C	1/1	0,60
35137	C	G	0/1	49,11
35503	C	T	0/1	72,14
37031	C	G	1|1	0,30
37040	C	A	0|1	23,7
38357	C	A	0/1	16,54
39758	A	G	0/1	50,8
42281	C	A	0/1	17,8
42967	G	C	1/1	0,37
43945	A	G	0/1	53,15
46552	C	G	0/1	49,11
47317	A	G	0/1	34,10
47343	G	A	0/1	30,11
49524	A	C	0/1	57,8
50557	T	C	1/1	0,43
50593	A	C	0/1	31,5
51949	A	G	1|1	0,52
51954	T	A	0|1	13,37
54394	A	G	1/1	0,53
55458	C	T	1/1	3,32
55553	C	CCGT	1/1	0,20
56531	T	C	0/1	45,6
57393	A	T	1/1	3,35
61842	T	C	0/1	47,10
62049	A	G	1/1	0,40
62657	G	A	0/1	12,53
64028	C	T	0/1	62,14
65159	G	A	0/1	44,9
65663	C	G	0/1	38,7
66892	C	G	0/1	24,7
68174	T	C	0/1	58,15
69871	C	T	0/1	8,46
69989	G	A	1/1	0,55
70267	G	T	0/1	42,9
70816	A	G	1/1	0,55
71336	G	C	1/1	0,12
71584	C	CCGAGCGCTGTTCTGGCGCTAATCTGACGCTAGAATAG	1/1	0,22
74737	T	G	0/1	36,6
75231	C	T	0/1	6,52
75940	G	C	1/1	0,47
79479	T	C	0/1	37,8
81747	C	T	0/1	11,53
82843	TC	T	0/1	28,7
83842	G	A	0/1	4,29
83982	A	G	0/1	4,32
85272	A	C	0/1	32,4
89871	C	T	0/1	52,16
92199	T	G	1/1	0,34
93562	G	T	0|1	9,46
93563	A	C	0|1	9,45
97696	T	C	0/1	65,15
98134	C	T	0/1	9,35
103600	A	G	0/1	35,9
116000	T	G	1/1	0,58
116975	G	A	0/1	40,7
121245	G	A	0/1	29,6
122109	A	G	1/1	0,69
123520	T	C	0/1	61,13
123740	TG	T	0/1	50,8
124534	C	T	0/1	55,13
125830	G	GA	1/1	0,40
126803	A	G	0/1	25,10
129148	G	T	0/1	28,6
131174	T	TG	1/1	0,47
133839	C	T	1/1	0,42
134726	T	G	0/1	6,43
137233	C	T	0/1	49,8
137416	C	T	0/1	10,53
139556	A	AC	0/1	59,12
139756	T	C	0/1	67,13
139954	A	C	0/1	53,12
143207	T	C	0/1	29,8
144564	C	T	0/1	31,11
146087	T	C	1/1	0,24
146872	C	T	0/1	41,6
154051	A	G	0/1	46,6
154283	T	C	1/1	0,69
155585	C	A	0/1	13,38
155950	C	T	0/1	12,43
157948	C	A	0/1	6,43
158688	A	G	0/1	60,11
160775	C	A	0/1	55,19
160976	C	G	0/1	37,14
162226	G	A	0/1	35,6
164814	G	A	0/1	35,9
165507	T	C	0/1	32,5
168787	C	T	0/1	34,7
169446	G	GT	0/1	35,10
172664	T	C	0/1	57,9
177065	ATGAGGGTGTAGGGCGG	A	0/1	25,5
194305	C	CGG	0/1	62,7
194681	G	C	1/1	0,32
195360	T	C	0/1	60,13
196642	C	T	1/1	0,44
196874	C	T	0/1	59,9
206339	T	C	1/1	0,54
206481	C	G	0|1	33,6
206484	G	T	0|1	32,6
208316	AT	A	0|1	56,15
208321	G	GC	0|1	56,15
208322	T	G	0|1	56,15
211993	C	A	0/1	45,9
215238	C	T	0/1	43,7
215960	C	T	0/1	7,49
216316	C	T	0/1	36,9
217201	T	C	0/1	52,9
219706	C	A	0/1	43,11
220050	C	T	0/1	6,56
223747	C	CG	0|1	25,7
223942	T	C	1/1	0,28
225323	T	C	1/1	0,45
225668	C	T	0/1	71,15
226676	G	A	0/1	50,22
227098	T	C	1/1	0,54
227386	G	T	0/1	38,9
229303	A	G	0/1	40,7
230576	G	GT	1/1	0,7
231114	C	G	1/1	0,7
233358	A	C	0|1	32,7
233364	G	C	0|1	31,7
234477	T	G	1/1	0,42
234496	C	CGT	1/1	0,35
243598	A	G	0/1	46,10
244550	A	G	0/1	14,5
249522	T	C	0/1	34,9
251575	G	A	0/1	43,7
254859	C	T	0/1	13,61
254903	C	A	0/1	51,11
257788	G	GAGGATCATCAAGGGTGCGTCGCGGAAGTA	0/1	45,15
261869	T	C	1|1	0,30
262706	G	A	0/1	8,50
263149	A	C	0/1	52,13
264984	C	G	0/1	39,14
265170	CG	C	0/1	37,7
265554	A	C	1/1	0,61
269553	G	A	0/1	59,12
272678	C	T	0/1	37,11
275908	G	A	0/1	54,12
278681	C	G	1/1	0,57
283614	T	C	1/1	0,39
284623	G	A	0/1	7,52
285772	A	C	1/1	0,40
285871	A	G	1/1	0,32
289406	ACGC	A	0/1	31,13
290374	T	C	0/1	33,5
293628	A	AC	1/1	0,29
304923	A	G	1/1	0,79
310973	G	A	1/1	0,59
311613	G	T	1/1	0,43
314180	T	G	0/1	54,8
320087	G	A	0/1	40,9
320726	C	T	0/1	6,44
325505	T	C	0/1	48,10
326002	A	G	0/1	67,9
326365	G	A	0/1	39,9
330900	C	T	0/1	5,53
332098	G	A	0/1	9,33
336369	C	T	0/1	46,3
336370	A	G	0|1	48,3
336380	A	T	0|1	50,10
336400	C	G	0|1	51,10
336403	C	G	0|1	51,10
336405	A	G	0|1	51,10
336413	T	TG	0/1	46,9
336535	T	G	0|1	34,6
336537	T	G	0|1	33,6
336540	G	T	0|1	33,6
336546	T	G	0|1	32,6
336557	C	CT	0|1	32,6
336560	T	C	0|1	32,6
342146	A	C	0/1	42,7
343281	G	C	0/1	46,9
344288	C	G	0/1	43,6
344699	C	G	0/1	13,60
346275	C	G	1/1	0,58
352569	C	T	0/1	8,77
356528	A	G	1/1	0,42
358410	C	A	0/1	44,11
359985	G	A	0/1	8,43
364642	A	C	0/1	7,54
376774	T	C	1/1	0,65
376802	C	G	0/1	56,9
378357	T	G	0/1	54,14
381030	A	G	0/1	61,10
384380	A	C	1/1	0,47
386432	C	G	1/1	0,53
390828	T	C	1/1	0,76
391853	A	G	1/1	0,50
392261	T	C	0/1	50,9
392990	G	T	0/1	22,4
393941	C	T	0/1	55,15
396750	G	A	0/1	63,11
397275	G	C	0/1	9,33
403980	G	A	1/1	0,50
404326	T	C	1/1	0,81
406274	T	C	0/1	31,6
411154	T	C	0/1	12,49
413611	C	T	0/1	48,17
414486	C	T	1/1	0,66
420008	A	G	1/1	0,57
424250	A	G	0/1	27,4
435190	C	T	0/1	5,34
435279	C	T	0/1	8,28
438271	G	A	0/1	23,4
439711	T	C	0/1	48,11
443277	A	C	0/1	5,37
445780	C	T	0/1	38,9
446165	G	C	0/1	9,51
447442	C	T	0/1	72,11
447525	G	C	0/1	76,11
449527	C	A	0/1	48,9
454167	T	C	1/1	2,31
454295	T	C	1/1	0,32
455325	C	G	0|1	49,7
455329	T	C	0|1	48,7
457452	T	G	1/1	0,37
459399	A	C	1/1	0,41
469042	C	T	0/1	38,10
471666	A	G	0/1	55,9
471788	C	CG	0/1	9,49
483489	G	A	0/1	57,13
483935	T	G	1/1	0,30
485230	C	T	0/1	47,10
485785	T	G	0/1	65,15
486511	T	C	0/1	31,11
486543	C	T	0/1	27,11
487265	GC	G	0|1	2,16
487267	G	A	0|1	2,16
487852	C	G	0/1	9,14
489073	C	G	0/1	12,18
489935	G	C	1/1	0,62
491742	T	C	0/1	42,12
492150	G	C	0/1	42,6
492655	G	A	0/1	51,11
495473	C	T	0/1	48,8
497970	T	C	1/1	2,26
498557	C	A	1/1	0,58
501352	C	T	0/1	4,45
502589	C	G	1/1	0,49
503354	G	C	1/1	0,63
511113	G	T	0/1	11,43
513257	T	C	1/1	0,43
514657	T	G	0/1	29,5
519185	T	G	0/1	33,13
522353	C	T	0/1	38,16
524891	C	A	1/1	0,57
527316	C	G	0/1	53,15
534427	T	A	0/1	57,15
540126	C	T	0/1	39,14
541201	A	G	1/1	0,38
546357	A	G	0/1	36,10
546914	G	A	0/1	7,40
549251	C	T	0/1	32,8
549875	C	T	0/1	36,10
551329	C	G	0/1	71,11
551525	A	C	1/1	0,61
551572	G	A	0/1	48,9
551637	A	G	0/1	57,7
553220	C	T	0/1	57,8
555945	T	C	0/1	67,10
555991	A	G	0/1	61,9
556035	G	T	0/1	56,10
560664	C	T	0|1	52,14
560666	A	G	0|1	52,14
562458	C	T	0/1	7,45
564723	C	T	0/1	33,14
565404	G	T	0/1	23,6
565655	A	G	1/1	0,47
568693	G	T	0/1	45,10
570798	C	T	0/1	49,9
573262	A	G	1/1	0,46
584171	T	C	0/1	29,10
584712	C	T	1/1	1,26
590436	T	C	1/1	0,39
591965	G	A	0/1	48,7
595501	G	A	0/1	36,10
596475	C	T	0/1	37,10
597415	T	C	0/1	49,8
597816	A	G	1/1	0,61
598076	T	A	0|1	59,6
598079	A	G	0|1	60,6
598095	G	C	0|1	63,6
598096	A	G	0|1	63,6
598475	G	A	1/1	0,64
605080	C	T	0/1	9,51
610120	T	G	1/1	0,55
615938	G	A	0/1	32,9
627350	C	G	0/1	33,6
628895	G	A	0/1	10,35
637319	G	A	1/1	0,55
643483	G	A	0/1	36,9
646531	A	T	0/1	51,12
648002	T	G	1/1	0,76
648856	T	C	0/1	50,10
649345	C	T	0/1	48,9
654355	C	T	0/1	46,6
655707	G	A	0/1	50,12
655986	T	G	0/1	49,20
657269	A	G	0/1	6,25
658985	G	C	0/1	55,10
659341	T	C	0/1	37,9
662911	T	C	0/1	57,10
665293	A	G	1/1	0,48
666879	G	C	0/1	11,28
669398	T	C	1/1	0,54
670545	G	A	0/1	32,8
678440	C	T	0/1	32,12
684290	A	G	0/1	32,10
685461	C	G	1/1	0,68
685608	T	C	1/1	0,65
685629	T	C	0/1	12,53
685955	G	A	0/1	39,8
686655	C	T	0/1	19,47
686972	T	C	1/1	0,39
688792	T	TG	0/1	49,14
690465	T	G	1|1	0,28
692100	G	A	0/1	33,8
698968	G	A	1/1	0,43
700776	T	C	0/1	41,10
704997	G	A	0/1	23,11
712192	G	GA	0/1	20,7
712693	A	G	1/1	0,26
715266	A	G	0/1	37,7
717786	C	T	0/1	41,15
722852	G	A	0/1	21,7
724768	C	T	0/1	30,9
725629	G	T	0/1	14,28
726498	C	A	0/1	34,6
727440	C	T	0/1	35,5
729357	C	T	0/1	52,8
732912	C	A	0/1	31,17
734116	T	C	0/1	45,11
745089	C	T	0/1	34,12
749968	T	C	0/1	45,9
751977	G	A	0/1	10,62
752046	C	T	0/1	51,9
753668	C	T	0/1	52,18
754186	A	G	1/1	0,60
754237	A	C	0/1	45,9
754387	G	A	0/1	54,13
754600	G	A	0/1	52,13
757182	A	G	0/1	73,13
761155	C	T	0/1	41,7
763031	T	C	0/1	58,9
763552	C	T	0/1	44,15
763884	C	T	0|1	27,14
763886	C	A	0|1	26,14
764333	C	T	0/1	36,10
765150	G	A	0/1	10,51
767123	G	T	0/1	46,11
767414	G	A	1/1	0,41
767609	A	G	0/1	38,6
771326	C	T	0/1	60,21
772400	G	C	0/1	48,16
774320	A	G	0/1	40,6
775639	T	C	1/1	0,51
781395	T	C	1/1	0,64
783102	C	T	0/1	5,51
786137	A	C	0/1	35,10
787745	T	G	0/1	41,22
788259	G	T	0/1	12,52
788857	C	T	0/1	55,7
797597	C	T	0/1	45,12
799136	AC	A	0/1	39,13
800357	C	A	0/1	87,11
810287	C	G	0/1	20,5
811492	C	G	0/1	61,13
812502	C	T	0/1	55,13
814443	A	C	0/1	46,8
815236	T	C	0/1	48,19
815851	A	G	0/1	38,11
817696	G	A	0/1	63,12
819213	T	C	0/1	51,14
820483	G	T	1/1	0,34
821907	T	C	0/1	43,10
828422	T	G	0/1	43,14
829719	G	A	0/1	26,8
830868	G	GGC	0/1	53,7
834986	G	A	0/1	11,41
841494	C	G	0|1	49,7
841495	A	G	0|1	49,7
841764	G	C	1/1	0,69
847995	T	C	0/1	50,10
850591	C	T	0/1	10,54
850985	A	G	0/1	36,9
852910	C	T	1/1	0,49
854252	GCC	G	0/1	10,40
854812	C	T	0/1	5,43
857696	A	G	1/1	0,56
861612	C	T	0/1	7,44
865761	C	T	0/1	40,10
866827	T	C	0/1	48,12
871271	A	C	0/1	37,10
872393	T	G	1/1	3,39
874835	C	CCG	1/1	0,43
877030	G	A	0/1	10,61
880562	G	T	1/1	0,72
882257	T	C	1/1	0,46
886348	A	G	0/1	50,7
891756	A	G	0/1	17,54
893733	T	G	1/1	0,42
897209	G	C	0/1	10,60
900221	T	C	1/1	0,53
902413	C	T	0/1	9,36
902583	C	A	0/1	17,7
903550	T	C	1/1	0,48
903913	T	C	1/1	0,38
906857	A	G	1/1	0,52
909921	G	A	0/1	35,6
910015	C	A	0/1	35,9
911261	T	C	0/1	42,10
911707	G	A	0/1	6,39
911927	C	T	0/1	39,13
916046	T	G	0/1	13,3
919574	T	C	1/1	4,58
923065	T	A	0/1	9,63
931123	T	C	0/1	64,7
932280	T	C	0/1	49,11
933126	G	A	0/1	49,8
933699	G	T	0/1	53,12
934230	C	G	0/1	33,11
934611	G	T	0/1	42,14
937545	C	T	0/1	42,8
941845	C	A	0/1	31,14
942094	C	G	0/1	14,36
942811	C	A	0/1	40,8
945214	G	A	1/1	0,49
948294	T	C	0/1	65,16
949535	T	C	1/1	0,59
951142	C	A	0/1	35,15
951872	G	T	0/1	41,10
952984	G	A	0/1	41,6
955493	G	T	0/1	8,54
955524	A	G	1/1	0,64
957117	T	C	1/1	0,41
960367	A	G	0/1	49,7
966552	C	T	0/1	22,6
979704	G	C	1/1	0,48
983485	T	G	0/1	8,36
986463	G	C	1/1	0,52
987201	C	CG	0/1	12,31
987601	C	T	0/1	43,14
989137	C	T	0/1	32,9
990001	G	C	1/1	0,52
991690	C	T	0/1	11,42
993346	A	C	1/1	0,78
994091	G	A	0/1	59,18
996219	G	A	0/1	47,13
1010204	C	CG	1/1	0,44
1013240	G	T	0/1	8,29
1014815	T	G	0/1	42,7
1018811	G	A	0/1	40,8
1021737	T	C	0/1	13,56
1022613	G	A	0/1	38,10
1025106	T	C	1/1	0,50
1029997	A	G	0/1	37,12
1032524	T	C	0/1	69,30
1033573	A	G	0/1	20,4
1037012	T	C	1/1	0,41
1037911	C	T	1/1	0,51
1040415	C	T	0/1	40,7
1043136	C	T	0/1	31,8
1047165	T	C	1/1	0,37
1048102	G	A	0/1	38,5
1049161	C	A	0/1	54,10
1049620	C	G	0/1	8,40
1054784	C	G	0/1	44,15
1061386	T	C	0/1	44,11
1061496	G	A	0/1	8,53
1062228	C	T	0/1	9,47
1063922	C	T	0/1	29,5
1067529	C	T	0/1	24,15
1068151	T	C	1/1	0,53
1068432	A	G	1/1	0,52
1070702	T	C	1/1	0,53
1072342	A	G	0/1	38,13
1072628	G	A	0/1	48,20
1074558	G	A	1/1	0,44
1074904	C	G	0/1	9,28
1075167	GCAT	G	0/1	39,11
1075279	T	C	1/1	0,61
1076309	G	T	1/1	0,67
1077312	A	G	1/1	0,44
1077624	GC	G	0/1	39,10
1077754	C	T	0/1	36,7
1079511	C	A	0/1	41,11
1079927	C	A	1/1	0,49
1080192	G	A	0/1	49,7
1081681	T	C	1/1	0,65
1083755	A	G	0/1	40,9
1086719	C	T	0/1	9,31
1087193	G	C	1/1	0,53
1090188	A	AG	0/1	42,9
1093312	G	A	0/1	10,24
1098523	T	A	0/1	45,14
1100234	T	C	1/1	0,63
1102186	T	G	0/1	5,38
1102334	G	C	1/1	2,42
1102856	ACTGG	A	0/1	43,13
1102924	T	C	0/1	36,16
1105284	G	A	0/1	48,10
1105367	C	T	0/1	35,7
1106422	T	C	1/1	1,57
1107940	A	C	0/1	29,8
1108247	AGAACTCCCC	A	0/1	50,21
1109975	A	G	1/1	0,56
1111925	A	G	0/1	11,56
1112880	C	T	0/1	25,5
1113290	G	C	0/1	41,10
1117405	C	T	0/1	45,6
1123597	A	G	0/1	33,13
1126847	G	T	0/1	46,13
1126889	G	C	1/1	0,64
1127648	C	A	1/1	0,75
1131229	C	CG	0/1	32,5
1131300	G	A	0/1	36,7
1133310	T	A	0/1	25,5
1134674	C	T	0/1	8,57
1139222	G	A	0/1	30,5
1141775	G	A	0/1	49,12
1144585	A	G	0/1	43,12
1144991	T	C	0/1	11,42
1148255	G	A	0|1	13,64
1148259	A	G	0|1	66,14
1149551	C	T	1/1	0,54
1150585	G	A	1/1	0,52
1150793	C	G	0/1	11,38
1151485	CGT	C	0/1	41,12
1153676	C	G	0/1	14,41
1157583	G	A	0/1	57,11
1157771	G	C	0/1	72,14
1164336	G	A	1/1	0,69
1164571	A	G	0/1	16,60
1168715	C	CT	1/1	0,72
1174673	G	GATGCTCGGA	0/1	32,5
1176148	C	T	0/1	56,18
1176926	C	T	0/1	59,16
1178116	T	C	1/1	0,58
1184826	G	T	0/1	59,14
1184852	C	T	0/1	56,16
1193829	G	A	0/1	57,11
1199019	T	C	0/1	30,13
1200418	A	G	1/1	0,68
1201778	C	T	0/1	63,10
1203824	T	C	0/1	46,11
1204408	A	G	0/1	14,31
1211369	A	C	0/1	66,21
1214118	A	G	0/1	40,6
1216441	C	T	0/1	8,29
1220680	T	C	1/1	0,74
1224367	T	C	1/1	0,36
1228067	G	A	0/1	43,6
1228116	A	G	0/1	45,7
1229235	G	A	0/1	31,9
1230778	G	A	0/1	80,11
1233021	T	C	0/1	8,43
1234214	C	T	0/1	48,10
1235446	T	C	0/1	44,7
1248936	G	C	0/1	53,17
1248978	T	C	1/1	0,72
1250340	A	G	0/1	52,6
1251199	C	T	1/1	0,43
1254562	A	G	0/1	52,9
1268350	GT	G	0/1	14,48
1269553	CATTGTCGGAGGCCAATACGAGGTCACAAGCGAGCGCCAGGGAGACGCCACAGCCGACGGTTGGTCCCTGCACGACGGCAACGACCGGTTGTGGT	C	0/1	12,45
1271143	A	AG	0/1	37,9
1272170	C	T	0/1	40,13
1273250	G	GA	0/1	51,7
1273606	G	A	0/1	35,7
1274446	A	C	0/1	10,51
1275957	T	C	1/1	0,54
1281118	T	C	1/1	0,71
1281771	T	C	0/1	37,6
1287081	C	T	0/1	44,8
1287112	T	C	0/1	46,8
1287639	C	T	0/1	30,5
1292102	A	G	1/1	0,47
1292464	C	T	0/1	10,29
1306259	A	G	1/1	0,60
1307598	C	G	1/1	0,26
1307894	G	T	0/1	26,6
1308134	T	G	0/1	10,34
1310316	C	T	0/1	31,11
1313337	A	AG	1|1	0,48
1313338	A	C	1|1	0,48
1313576	T	G	0/1	13,67
1314503	G	A	0/1	9,48
1314617	C	T	0/1	35,9
1315191	A	C	1/1	0,57
1315884	G	A	1/1	0,33
1323353	G	A	0/1	13,52
1324654	C	T	0/1	50,15
1324918	C	G	0/1	55,9
1327890	G	A	1/1	0,66
1328687	G	C	1/1	0,70
1344857	C	T	0/1	62,14
1347021	C	T	0/1	25,5
1348518	GCCA	G	0/1	24,11
1351222	GTTCAACACCGCCGGCGTTAGCCGGCCA	G	0/1	6,48
1356648	C	T	0/1	40,7
1358940	C	A	0/1	55,10
1359652	G	C	1/1	5,71
1360209	T	C	1/1	0,42
1362006	T	C	1/1	0,88
1363330	C	G	0/1	54,10
1365837	C	CG	1/1	0,36
1367484	T	G	0/1	49,8
1368947	A	G	0/1	46,10
1369389	C	T	0/1	26,4
1369735	G	A	0/1	29,7
1370066	C	T	0/1	53,8
1374065	T	C	1/1	0,38
1374578	C	T	0/1	42,15
1374639	T	A	0/1	39,11
1375724	A	C	1/1	0,58
1380460	C	T	0/1	50,12
1382628	T	C	1/1	0,59
1387211	G	A	0/1	31,9
1393275	A	G	0/1	39,6
1393626	A	G	1/1	0,32
1393994	C	T	0/1	11,43
1395010	A	G	0/1	34,8
1396922	T	C	1/1	0,56
1397201	A	G	0/1	42,8
1397215	C	G	0/1	41,8
1400236	C	T	0/1	18,54
1400396	A	G	0/1	43,13
1409030	CGGATTTCTATT	C	0/1	52,14
1410062	G	C	0/1	57,9
1411111	A	C	0/1	12,36
1411210	T	G	1/1	0,63
1413148	C	T	1/1	0,35
1414021	C	T	1/1	0,49
1415097	C	G	0/1	26,7
1417019	C	T	0/1	50,14
1417140	C	A	0/1	8,48
1417554	G	C	0/1	52,11
1418018	G	A	0/1	6,47
1421403	G	T	0/1	3,11
1423699	T	C	0/1	59,6
1424699	T	C	0/1	33,6
1426928	C	T	0/1	25,10
1433264	G	A	1/1	7,67
1440469	C	G	1/1	0,95
1440771	T	G	0/1	56,8
1443354	C	T	0/1	46,7
1444202	C	G	0/1	8,40
1445781	A	G	1/1	0,58
1445977	C	T	0/1	55,12
1446005	T	C	0/1	55,13
1457144	C	T	1/1	0,37
1458144	C	A	0/1	57,10
1460552	G	T	0/1	6,47
1462181	G	A	0/1	12,55
1471659	C	T	1/1	0,57
1479085	T	C	0/1	41,10
1482627	T	C	1/1	0,63
1483491	C	A	0/1	7,52
1484101	C	A	0/1	6,58
1484708	A	C	1/1	0,63
1486965	C	T	0/1	29,6
1490905	A	G	0|1	82,10
1490911	G	A	0|1	72,11
1492049	C	T	0/1	44,6
1492194	T	C	0/1	40,7
1495326	A	G	0/1	12,56
1496964	G	T	0/1	39,8
1499274	C	G	1/1	0,36
1503065	T	G	1/1	2,45
1505194	T	C	0/1	42,6
1505973	G	A	0/1	35,12
1514010	G	T	0/1	29,6
1518423	G	A	0/1	51,10
1521526	T	C	0/1	43,7
1523175	A	C	0/1	53,13
1523791	A	G	0/1	56,16
1525160	G	A	0/1	42,6
1526065	A	C	0/1	14,58
1526819	C	A	1/1	0,58
1534548	G	A	0/1	44,12
1535643	C	T	0/1	49,8
1536251	G	T	1/1	0,41
1537796	A	C	0/1	43,6
1540141	T	C	0/1	43,8
1544255	C	T	0/1	47,8
1544648	T	C	0/1	12,38
1547125	T	C	1/1	0,88
1548087	G	A	0/1	53,9
1552547	G	A	1/1	0,28
1554231	A	C	0/1	59,9
1559562	C	A	0/1	27,17
1563717	C	T	1/1	0,54
1564586	C	T	0/1	32,6
1570566	C	A	1/1	1,78
1574206	T	C	0/1	38,11
1575450	GT	G	0|1	5,28
1575452	AGTCG	A	0|1	5,28
1575793	A	G	0/1	31,9
1579861	C	G	0/1	6,27
1581377	C	T	0/1	49,12
1584934	G	C	0/1	12,49
1585283	A	C	0/1	38,12
1585404	G	A	0/1	32,7
1588899	G	T	1/1	0,54
1589234	C	A	0/1	33,7
1589383	A	G	0/1	11,31
1590555	C	T	0/1	64,9
1593347	C	T	0/1	53,9
1599345	G	A	0/1	7,42
1600685	C	T	0/1	38,6
1608276	A	C	0/1	54,14
1609840	A	G	1/1	0,60
1611283	T	C	0/1	43,7
1612278	G	GCGTCGA	0/1	13,53
1612624	T	TATCGGTACCGGTGCGCCAGGG	1/1	0,46
1613035	T	C	1/1	0,51
1614083	T	G	0/1	23,60
1616831	A	G	0/1	36,11
1617833	C	T	0/1	66,10
1619757	CTAGCTGCT	C	0/1	32,8
1619841	G	A	0/1	48,7
1624069	C	G	0/1	8,59
1624791	C	G	1|1	0,40
1625259	A	C	0/1	49,8
1627351	T	C	1/1	0,68
1630148	A	C	1/1	0,74
1630279	G	T	0/1	44,8
1630293	G	A	0/1	8,45
1639418	A	G	0/1	40,14
1639594	C	A	1/1	0,50
1639643	T	C	0/1	34,13
1640442	C	T	0/1	45,9
1645802	T	C	1/1	0,56
1646338	G	A	0/1	12,37
1647830	G	A	0/1	39,7
1650072	A	G	1/1	0,55
1659902	T	C	0/1	45,6
1659994	C	T	0/1	53,10
1666758	C	G	0/1	10,28
1669358	C	A	0/1	10,29
1673249	C	T	0/1	12,53
1675292	C	T	0/1	8,47
1676290	C	A	1/1	0,73
1676460	G	A	0/1	16,46
1679487	G	T	0/1	21,63
1688300	T	C	0/1	41,6
1689349	C	T	1/1	0,59
1689491	G	A	0/1	10,71
1691520	T	G	0/1	42,7
1692141	A	C	1/1	0,61
1693561	A	G	1/1	0,74
1694547	A	C	0/1	50,14
1695674	G	A	0/1	85,16
1696499	G	GCGGT	0/1	48,14
1698911	G	A	1/1	0,57
1699849	G	A	0/1	62,10
1699859	GA	G	0/1	9,61
1700898	G	T	0/1	8,67
1702410	C	T	0/1	20,7
1704851	C	T	0/1	9,41
1706119	T	C	1/1	0,39
1706746	C	A	0/1	32,17
1709432	C	T	1/1	0,49
1711510	C	A	0/1	48,14
1713192	A	G	1/1	0,56
1713460	C	G	0/1	64,16
1716472	A	G	0/1	31,12
1718444	T	C	0/1	52,11
1721436	C	A	1/1	1,18
1721447	GC	G	1/1	1,19
1722667	C	A	0/1	47,7
1726816	G	T	0/1	34,6
1728615	A	C	0/1	44,8
1728622	C	G	0/1	8,43
1728837	A	G	1/1	0,69
1735903	A	G	0/1	59,16
1736653	G	T	0/1	53,14
1745446	T	A	0/1	57,11
1747966	C	T	0/1	43,6
1753519	G	GC	1/1	0,41
1754016	G	GC	0/1	49,11
1754299	A	C	0/1	53,11
1757793	T	C	0/1	14,50
1758757	T	G	1/1	4,47
1759252	G	T	1/1	0,55
1760292	A	G	1/1	0,67
1760923	T	C	0/1	56,14
1766689	GCA	G	0/1	42,9
1771017	C	G	0/1	3,18
1776713	C	T	0/1	4,27
1778430	T	C	1/1	0,36
1779920	T	C	0/1	22,8
1791823	T	C	0/1	51,16
1792777	T	C	1|1	0,74
1792778	T	C	1|1	0,73
1797577	A	G	0/1	40,5
1798355	G	A	1/1	0,34
1799482	A	G	0/1	37,12
1803265	G	A	1/1	0,50
1804409	C	A	1/1	0,44
1814868	T	C	0/1	19,7
1817976	A	T	1/1	0,61
1823798	G	A	0/1	7,55
1826054	T	C	0/1	35,8
1826343	C	T	0/1	41,11
1826624	G	A	0/1	43,15
1827553	C	G	0/1	50,18
1829576	C	T	0/1	47,10
1829837	C	T	0/1	48,12
1832642	G	T	0|1	39,14
1832643	G	C	0|1	39,14
1836286	G	C	1/1	0,41
1839260	T	G	0/1	33,4
1839329	G	A	0/1	32,6
1839759	G	C	0/1	32,5
1843570	T	TGTCATATGCGCCACTGCTCCTATGCCGGCTGCGCCGGCATCATCGTCGTTGGCGCGG	1/1	0,29
1847647	T	C	0/1	8,38
1847919	C	G	1/1	0,50
1849034	T	C	0/1	73,15
1849191	T	C	0/1	48,10
1854300	T	C	1/1	0,52
1854846	C	T	0/1	9,49
1856777	G	C	1/1	0,63
1857514	AG	A	0/1	11,37
1859559	C	A	0/1	46,13
1859989	C	T	0/1	39,8
1872959	A	G	0/1	45,8
1873954	G	T	0/1	44,7
1874392	A	C	0/1	8,34
1874993	CG	C	0/1	40,8
1875207	C	T	0/1	12,44
1876739	T	G	0/1	28,7
1880494	C	T	0/1	4,13
1885772	G	A	1/1	0,56
1886263	C	G	0/1	19,11
1887284	G	A	0/1	31,8
1889073	G	C	0/1	38,7
1891957	C	G	0/1	44,14
1894300	G	GGTCTTGCCGC	1/1	0,40
1894422	A	G	1/1	0,54
1900800	A	G	0/1	43,10
1901493	T	C	1/1	0,54
1902156	G	A	0/1	49,9
1902378	T	C	0/1	39,10
1906308	T	TC	0/1	10,36
1906336	A	G	0/1	33,10
1907177	C	T	0/1	61,14
1907296	G	C	1/1	0,60
1909143	C	G	1/1	3,31
1916137	A	G	1/1	0,43
1917972	A	G	1/1	0,43
1920120	G	T	0/1	40,12
1920360	A	G	0/1	54,9
1923985	G	A	0/1	38,19
1924959	T	C	0/1	68,18
1931179	C	A	1/1	1,37
1931470	G	A	0/1	22,9
1932655	C	T	0/1	6,32
1933988	G	A	1/1	0,48
1935695	T	G	0/1	40,11
1936525	G	A	0/1	38,6
1938006	A	G	0/1	7,41
1940307	G	T	0/1	53,8
1944107	A	G	1/1	0,45
1944402	T	C	1/1	0,56
1950767	T	C	1/1	0,63
1952160	T	C	0|1	27,3
1952161	G	T	0|1	27,3
1955638	C	A	0|1	60,16
1955672	C	CGGCGCGCATCGTCACCGGGCGTAGTCTGATTGCCCGGTTCCTCCTCGCGCCG	0|1	53,23
1956381	C	T	0/1	49,7
1956930	T	G	0/1	59,27
1960284	C	A	1/1	1,51
1962475	TA	T	0/1	56,6
1963383	G	A	0/1	55,9
1963957	T	C	0/1	37,6
1967237	C	A	1/1	0,70
1971093	T	C	0/1	34,5
1978807	G	T	0/1	51,6
1979026	C	T	0/1	38,14
1980556	C	T	0/1	41,10
1984819	G	T	0/1	29,13
1993808	A	T	1/1	0,49
2007502	G	A	0/1	5,33
2007659	C	T	0/1	3,24
2009896	C	T	0/1	20,44
2013943	G	C	0/1	32,13
2017291	T	C	0/1	60,11
2017560	A	T	0/1	66,17
2019236	T	G	0/1	39,13
2020144	G	A	1/1	2,37
2022868	T	C	1/1	0,44
2030249	T	G	0/1	11,45
2030486	G	GT	0|1	63,15
2030488	AT	A	0|1	63,14
2030521	T	C	0/1	60,15
2035937	G	A	0/1	35,8
2041820	C	CTGAACCGCCCCGGTGAGTCCGGAGACTCTCTGATCTGAGACCTCAGCCGGCGGCTGGTCTCTGGCGTTGAGCGTAGT	0/1	18,15
2047425	GCGCT	G	0|1	80,13
2047430	AACTTCCCGTCTC	A	0|1	84,13
2047861	C	T	0/1	64,11
2047874	G	A	0/1	67,11
2052960	T	TGCAGACCTATGA	0/1	60,9
2053701	G	A	0/1	34,5
2055271	A	G	1/1	0,56
2057774	A	T	1/1	0,51
2058827	T	G	0/1	13,3
2062709	G	A	0/1	8,44
2062805	C	G	0/1	12,50
2062922	T	C	0/1	50,10
2066633	C	G	0/1	11,55
2066828	G	A	0/1	51,12
2070980	C	G	0/1	48,6
2072190	A	C	0/1	52,10
2072409	A	C	0/1	44,6
2074754	C	T	1/1	0,54
2083124	T	C	0/1	44,11
2084078	C	T	0/1	15,35
2084485	C	A	0/1	3,21
2084789	T	C	0/1	29,7
2090306	G	A	0/1	51,12
2090400	T	TCGCCAACGCCAC	0/1	42,12
2093715	T	C	0/1	43,6
2094911	ACAGCGT	A	1/1	0,56
2096094	C	T	0/1	31,16
2096186	A	G	1/1	0,52
2096430	A	C	0/1	52,15
2097049	TGATCGA	T	0/1	7,60
2100164	G	A	0/1	46,13
2102240	C	T	0/1	34,5
2104779	C	T	0/1	46,17
2108141	T	C	1/1	0,50
2108890	A	C	0/1	46,8
2109523	C	CG	1/1	0,55
2110365	A	C	0/1	28,14
2116648	TC	T	0/1	23,5
2116903	C	T	1/1	0,32
2119694	C	T	0/1	62,13
2120796	T	A	0/1	45,9
2122976	C	G	0/1	47,8
2123145	C	T	0/1	52,10
2123169	T	G	1/1	0,68
2123181	C	T	0/1	10,62
2127504	T	C	0/1	46,8
2127760	C	T	0/1	64,8
2128372	A	G	1/1	0,12
2128870	A	G	1/1	0,8
2129281	C	A	0/1	53,11
2130529	A	G	0/1	36,7
2132062	C	G	0/1	35,7
2133371	T	C	0/1	7,36
2133468	T	TTCGCATGCCGTCACC	1/1	0,38
2135870	T	C	1/1	0,59
2137153	T	C	0|1	6,37
2137158	C	T	0|1	6,38
2137521	A	ACTCCGATCAC	1/1	0,50
2138767	G	C	0/1	40,8
2143328	G	C	1/1	0,63
2143523	C	CT	0/1	36,6
2145878	A	G	0/1	16,7
2147022	A	C	1/1	0,60
2147566	T	G	0/1	53,16
2147641	C	CGTTAGTTCATGCGTA	0/1	47,19
2151555	G	T	0/1	11,43
2151678	G	T	0/1	35,7
2154724	C	A	0/1	48,7
2158563	GT	G	0/1	63,12
2160998	G	A	1/1	0,53
2161343	G	GT	1/1	0,46
2162175	C	T	0/1	12,55
2167316	C	T	0/1	2,19
2167368	G	T	0/1	4,23
2175090	A	C	0/1	11,23
2177073	T	C	0/1	68,14
2177968	G	T	0/1	46,17
2180796	CCGCCTTGGCCTTGTTTGACCAT	C	0/1	9,45
2181410	A	G	0/1	33,6
2185358	G	A	0/1	49,8
2185523	G	T	0/1	11,44
2187363	T	C	0/1	67,11
2191428	C	T	0/1	61,13
2195321	C	T	0/1	21,64
2197904	C	T	0/1	8,42
2199416	A	G	0/1	40,7
2202833	G	A	0/1	9,37
2207591	T	TC	1/1	0,64
2211826	A	G	1/1	0,37
2216443	C	A	1/1	1,39
2218488	G	C	0/1	59,14
2220512	T	G	1/1	0,64
2223293	T	C	1/1	0,33
2223553	G	T	0/1	45,14
2225456	A	T	0/1	13,35
2228967	A	G	1/1	0,59
2229801	C	G	0/1	37,11
2231486	A	G	0/1	57,14
2234247	C	CG	0/1	12,43
2235123	G	GA	0/1	49,14
2235683	G	T	0/1	8,40
2237497	G	C	0/1	35,13
2238930	A	C	0/1	67,19
2239055	C	T	0/1	60,16
2240062	C	G	0/1	60,8
2241646	C	T	0/1	54,12
2241742	A	G	0/1	46,9
2243034	T	G	0/1	38,8
2246960	G	C	0/1	49,15
2247677	A	C	1/1	0,72
2248179	A	G	1/1	3,44
2249035	A	G	0/1	31,7
2251999	A	G	1/1	0,39
2253453	T	C	0/1	13,50
2255942	G	T	0/1	38,13
2259223	G	A	0/1	12,37
2260094	T	C	0|1	51,13
2260100	C	T	0|1	56,13
2260151	A	G	0|1	68,23
2260154	C	T	0|1	65,23
2260171	T	C	0|1	69,27
2260174	C	T	0|1	66,27
2260196	C	CA	0|1	64,28
2260199	C	T	0|1	64,28
2260212	G	T	0|1	69,27
2260214	G	C	0|1	70,26
2260220	C	T	0|1	66,26
2260222	C	G	0|1	69,26
2260231	T	C	0|1	69,26
2260525	C	T	1/1	0,63
2263278	C	T	0/1	46,8
2263760	C	T	1/1	4,43
2264782	C	A	1/1	1,50
2265059	T	G	1/1	0,54
2265999	A	G	0/1	8,55
2266487	G	C	0|1	19,26
2266504	T	TA	0|1	18,27
2266508	A	T	0|1	17,26
2266511	GT	G	0|1	17,27
2266517	T	C	0|1	16,27
2266550	G	T	0|1	16,34
2266553	C	G	0|1	16,34
2266583	C	G	0|1	15,7
2266598	G	C	0|1	13,8
2266604	C	G	0|1	13,8
2266613	G	GC	0|1	12,10
2266624	G	T	0|1	11,11
2269780	T	C	1/1	0,59
2270102	A	G	1/1	0,53
2282058	C	T	0/1	80,10
2282376	C	T	0|1	42,8
2282377	C	T	0|1	43,7
2282787	C	T	1/1	0,63
2283313	C	T	0/1	38,7
2284848	G	A	0/1	35,6
2285251	C	A	1/1	0,45
2287121	A	G	1/1	0,53
2287549	T	C	0/1	46,10
2288237	G	A	0/1	41,11
2307701	G	A	0/1	12,33
2311099	C	G	1/1	0,31
2317346	G	A	0/1	7,45
2317632	T	C	0/1	4,39
2321358	G	C	0/1	27,6
2323136	GGCC	G	0/1	43,7
2325009	C	T	0/1	10,60
2327744	C	T	0/1	15,60
2327903	ATGAT	A	0/1	59,10
2328543	T	C	0/1	47,13
2329533	A	G	1/1	0,35
2330343	C	A	0/1	38,12
2331255	C	T	0/1	33,5
2331620	A	C	0/1	39,9
2331789	G	T	0/1	50,17
2334007	A	G	1/1	0,47
2335075	A	G	1/1	0,58
2335494	A	G	1|1	0,42
2335500	C	T	0|1	29,15
2338275	G	C	0/1	9,15
2338416	C	G	0|1	23,26
2338422	C	T	0|1	24,27
2338425	A	G	0|1	24,27
2338428	G	A	0|1	26,26
2338431	A	G	0|1	26,27
2338434	C	T	0|1	27,27
2338457	G	A	0|1	30,30
2338464	C	G	0|1	32,21
2338466	A	G	0|1	32,21
2338469	TCG	T	0|1	33,21
2338476	A	ACG	0|1	33,21
2338477	A	C	0|1	34,21
2338479	C	CGGT	0|1	34,21
2338484	ACAAC	A	0|1	35,21
2338491	G	GA	0|1	35,21
2338495	T	C	0|1	35,21
2338497	C	T	0|1	35,21
2338499	C	CGGG	0|1	35,21
2338500	AAAC	A	0|1	37,20
2338504	A	G	0|1	36,20
2338512	A	G	0|1	33,18
2341030	G	A	0/1	30,6
2341636	C	G	1/1	0,30
2342649	A	AGGCGTACACAC	0/1	53,7
2345037	C	A	1/1	0,39
2350186	A	G	0/1	21,9
2352065	C	CCTCGCCTGGGCTGGCGAGCAGACGCAAAATCCCCCGCACGCCCGGCGTGTCGGGGGATTTTGCGTCTG	0/1	6,21
2357268	TGCC	T	1/1	0,3
2358029	T	TG	1/1	0,38
2361604	C	G	1/1	0,39
2361708	C	T	0/1	28,14
2362041	C	A	1/1	0,47
2364420	G	A	0/1	60,11
2368564	TA	T	1/1	0,61
2369186	G	C	0/1	46,16
2369326	C	G	1/1	0,50
2376425	A	G	0/1	56,10
2379743	C	G	0/1	42,8
2386389	G	A	1/1	0,54
2388641	G	A	0/1	52,14
2390299	A	G	0/1	46,5
2396140	G	A	0/1	51,7
2396679	C	T	0/1	58,13
2397760	C	G	0/1	22,7
2400031	G	A	0/1	53,13
2404133	C	T	0/1	38,6
2407078	T	C	0/1	49,10
2413246	C	A	0/1	17,6
2415656	G	C	1/1	0,33
2416156	G	A	0/1	7,24
2419142	A	G	0/1	20,6
2424864	A	G	0/1	20,9
2424908	G	T	0/1	12,25
2424925	A	G	1/1	0,46
2425471	T	C	0/1	63,10
2432170	A	G	0/1	43,14
2433956	T	C	0/1	48,12
2440926	G	T	1/1	1,58
2447539	A	G	0/1	50,17
2447616	G	A	0/1	43,11
2448288	G	A	0/1	51,12
2448458	C	T	0/1	44,7
2448990	G	A	0/1	40,9
2449295	G	A	0/1	32,6
2450045	G	A	0/1	28,16
2451081	C	G	0/1	38,8
2451927	G	GCAGC	0/1	51,15
2452983	G	A	0/1	24,44
2457819	G	A	0/1	3,36
2462871	G	A	1/1	0,30
2467626	C	T	0/1	17,45
2470485	G	T	0/1	25,12
2470591	A	C	0/1	34,5
2472956	T	C	0/1	27,14
2473880	A	G	0/1	35,10
2499726	G	A	1/1	0,64
2500892	C	T	0/1	45,14
2501007	C	T	0/1	40,8
2501147	G	GC	0|1	30,9
2501148	T	C	0|1	30,9
2503549	C	A	0/1	19,9
2504379	G	A	0|1	50,6
2504380	C	A	0|1	50,6
2508395	G	A	0/1	37,10
2509140	G	C	1/1	0,37
2509722	A	G	1/1	0,49
2509748	A	G	0/1	37,9
2511712	G	T	0/1	74,18
2516567	G	C	1/1	0,48
2518132	C	T	0/1	32,9
2521342	T	C	1/1	0,26
2523205	G	GCGC	1/1	0,16
2525722	CG	C	1/1	0,42
2526218	G	A	0/1	13,52
2526974	T	C	1/1	0,60
2528931	G	A	0/1	51,11
2529680	A	G	1/1	0,58
2530434	G	T	0/1	48,7
2534562	GGA	G	1/1	0,33
2538793	G	A	0/1	39,6
2543811	C	A	0/1	37,8
2544070	C	A	0/1	46,14
2544903	G	T	0/1	13,75
2544979	T	A	0/1	74,10
2546411	G	T	0/1	8,55
2547274	A	G	0/1	41,11
2547529	A	AG	0/1	48,10
2553682	C	T	0/1	42,11
2562783	T	C	0/1	48,7
2563958	A	C	0/1	48,11
2564368	G	GC	0/1	49,7
2565061	G	A	0/1	45,10
2565091	G	A	0/1	12,47
2566766	C	CG	0|1	23,5
2566768	A	C	0|1	24,5
2569593	A	G	0/1	35,8
2573434	G	T	0/1	33,11
2573756	C	A	1/1	0,32
2574022	C	T	0/1	6,42
2574561	G	A	0/1	48,10
2574598	C	T	0/1	50,9
2577881	G	C	0/1	44,10
2578626	A	G	1/1	0,51
2581109	C	A	0/1	35,14
2582324	G	A	0/1	41,7
2583803	G	A	0/1	20,5
2586127	A	G	1/1	0,55
2589216	G	C	1/1	0,63
2592063	GT	G	0/1	42,8
2598400	A	G	1/1	0,50
2602575	G	A	0/1	51,11
2605293	G	T	0/1	50,8
2606797	G	GC	0/1	64,22
2608117	C	A	1/1	0,56
2608488	T	C	0/1	56,17
2610702	T	C	0/1	16,53
2611704	A	C	0/1	35,8
2612632	C	A	1/1	0,38
2616403	TTCG	T	0/1	22,47
2616790	A	G	0/1	73,18
2631666	G	A	1/1	1,61
2631860	C	T	0|1	67,12
2631861	G	A	0|1	67,11
2631863	G	C	0|1	67,11
2631865	C	T	0|1	67,11
2631872	C	T	0|1	73,11
2631877	T	C	0|1	68,11
2631883	T	C	0|1	69,11
2631887	A	G	0|1	68,10
2631890	C	T	0|1	68,9
2631929	C	G	0|1	64,14
2631931	G	A	0|1	64,14
2631932	C	G	0|1	64,14
2631938	G	A	0|1	65,14
2631940	T	A	0|1	64,14
2631941	A	G	0|1	64,14
2631944	C	T	0|1	63,17
2631962	T	G	0|1	63,21
2631967	G	A	0|1	63,20
2631968	A	G	0|1	63,20
2631971	A	G	0|1	64,20
2631977	G	C	0|1	61,19
2632341	C	CA	0/1	29,10
2632500	A	G	0/1	39,9
2637541	C	T	1/1	0,36
2641840	A	G	0/1	54,7
2642383	C	T	1/1	0,70
2643653	G	A	0/1	36,9
2650565	G	C	0/1	12,56
2656225	A	G	1/1	0,75
2671061	C	A	0/1	11,46
2680658	T	G	1/1	0,52
2688225	G	C	0/1	60,15
2689427	A	AC	0/1	5,43
2689715	G	C	0/1	14,33
2691713	T	C	0/1	35,8
2695378	C	G	1/1	0,55
2696977	G	C	0/1	28,9
2700239	G	A	0/1	11,44
2704291	G	A	0/1	43,13
2704884	A	ACAGCGACCATATCGCCGAGCT	1/1	0,50
2705603	G	A	0/1	37,11
2709795	A	G	0/1	47,8
2711204	G	T	0/1	29,10
2711432	CACTGCGCA	C	0/1	37,10
2713795	C	T	1/1	1,49
2718852	T	G	1/1	0,54
2723040	GC	G	0/1	11,34
2723506	T	C	0/1	29,13
2724180	TCACGATCGGGTCTCCTCTAG	T	0/1	20,3
2724643	C	T	1/1	0,28
2726051	G	A	0/1	51,12
2727037	A	T	0/1	50,17
2731741	G	A	0/1	32,18
2732939	G	A	0/1	45,15
2734074	T	C	1/1	0,36
2737572	C	A	1/1	0,27
2739174	T	G	0/1	7,54
2740872	G	A	0/1	5,44
2743259	T	C	0/1	68,10
2745739	G	A	0/1	55,12
2745839	G	A	0/1	48,9
2747022	C	T	0/1	10,48
2747962	T	C	0/1	38,9
2751502	G	T	0/1	42,13
2751804	C	T	1/1	0,15
2752698	C	A	1/1	0,54
2755112	G	A	0/1	35,6
2759883	G	A	1/1	5,46
2760152	A	G	1/1	0,66
2760241	G	A	0/1	9,47
2764206	A	G	0/1	40,21
2764939	G	A	0/1	30,7
2765565	C	T	0/1	67,8
2772261	G	A	0/1	8,49
2773955	G	C	0/1	38,15
2779136	T	C	1/1	0,48
2780364	C	A	0/1	54,9
2786952	A	G	1/1	0,64
2788745	C	T	0/1	10,45
2790458	A	C	0/1	39,8
2791098	C	T	0/1	52,16
2791257	A	T	0/1	57,11
2791475	A	G	0/1	49,7
2800514	G	A	0/1	11,45
2801147	C	T	0/1	38,9
2807486	C	A	0/1	70,12
2808218	G	A	0/1	11,43
2808506	G	C	0/1	12,49
2809621	T	C	1/1	0,50
2809895	G	A	0/1	53,17
2810688	G	A	0/1	27,9
2817158	C	A	0/1	53,17
2818837	A	G	1/1	0,37
2819009	G	A	0/1	8,41
2819673	T	C	0/1	38,5
2821342	C	T	1/1	0,36
2821709	G	A	0/1	27,14
2822393	C	A	0/1	37,6
2825466	G	A	0/1	20,5
2825698	G	GGCCGGGGCCTCTTGC	0/1	2,9
2827984	G	T	1/1	0,48
2828019	T	C	1/1	0,54
2828104	C	T	0/1	46,16
2830525	C	A	1/1	0,77
2841022	A	G	0/1	36,6
2847994	G	A	0/1	6,31
2850399	G	A	0/1	11,50
2855259	A	G	1/1	0,57
2858669	G	T	0/1	51,10
2865760	A	G	1/1	0,60
2865882	T	C	1/1	0,68
2869242	T	C	0/1	40,10
2870386	C	T	0/1	40,15
2878980	C	T	0|1	40,12
2878981	C	G	0|1	12,40
2880702	G	C	1/1	0,49
2881128	G	A	0/1	38,7
2881244	A	G	0/1	49,10
2881597	AG	A	1/1	0,45
2882317	C	T	0/1	52,13
2886570	A	G	0/1	48,7
2888178	G	A	0/1	11,23
2888201	T	C	1/1	0,32
2888329	CT	C	0/1	9,2
2888948	G	A	0/1	11,36
2889449	T	A	0/1	53,9
2889633	T	C	1/1	0,61
2891267	C	T	1/1	0,62
2891728	A	G	1/1	0,45
2894208	G	A	1/1	0,37
2894642	A	G	0/1	47,8
2899890	G	T	0/1	40,11
2900739	G	A	0/1	11,32
2906978	C	T	0|1	8,13
2908891	G	A	0/1	58,13
2910461	G	T	1/1	0,51
2911293	C	G	1|1	0,36
2912294	T	G	1/1	0,51
2923391	T	C	1/1	0,39
2925683	G	A	0/1	52,18
2926882	C	T	0/1	63,10
2927511	G	T	0/1	48,14
2927939	T	C	1/1	0,53
2928934	A	G	0/1	28,6
2929745	C	A	0/1	52,16
2932770	G	GC	0/1	59,12
2933869	C	T	0/1	60,14
2939373	G	C	1/1	0,33
2939657	T	C	1/1	0,26
2945403	C	T	1/1	4,52
2948650	T	C	0/1	46,7
2949583	G	C	0/1	7,49
2953307	G	T	0/1	62,15
2953367	T	C	0/1	13,58
2953871	C	A	0/1	39,11
2954439	T	C	1/1	0,75
2955233	C	T	0/1	68,12
2957568	CT	C	0/1	51,7
2958021	G	A	0/1	7,48
2958749	G	A	0/1	11,48
2982689	G	A	0/1	5,44
2984740	A	G	1/1	0,33
2985216	G	A	0/1	35,5
2987918	G	A	0/1	61,10
2988630	C	G	0/1	44,7
2992564	G	A	0/1	56,16
2993523	T	C	0/1	18,6
2994081	C	T	0/1	30,4
2994522	G	A	0/1	33,6
3000362	T	C	0/1	70,10
3001053	T	C	0/1	78,16
3003115	C	G	0/1	50,11
3005185	G	T	1/1	0,52
3005618	C	T	0/1	16,48
3009692	A	G	1/1	0,73
3015119	CT	C	0/1	46,11
3017465	T	C	1/1	0,65
3020446	GC	G	0|1	46,12
3020449	A	G	0|1	46,12
3025431	C	T	0/1	43,11
3027798	T	C	0/1	46,12
3031168	A	G	0/1	44,8
3031285	A	T	0/1	29,7
3037377	T	C	1/1	0,39
3039713	C	A	0/1	9,31
3041871	G	T	1/1	0,37
3049806	C	T	0/1	44,13
3053616	C	T	0/1	44,11
3061362	T	C	0/1	40,9
3069167	A	G	1/1	0,54
3069805	G	C	0/1	43,11
3079025	C	T	0/1	10,29
3080795	A	G	1/1	0,61
3081599	G	A	0/1	64,12
3085119	G	GC	0/1	27,14
3086208	G	T	0/1	11,54
3086261	T	C	0/1	62,17
3086788	T	C	1/1	0,47
3088625	A	G	0/1	44,8
3093213	T	C	0/1	10,68
3097349	C	T	0/1	40,10
3100154	A	AC	0/1	9,49
3103682	T	C	1/1	0,70
3104189	A	G	0/1	54,9
3105144	C	A	0/1	39,6
3105332	G	A	0/1	54,12
3114814	G	A	0/1	79,15
3118449	A	G	0/1	27,5
3118822	G	T	0/1	9,31
3131469	T	TTGTCGGCGA	1/1	0,57
3134555	A	G	0/1	13,52
3137058	G	A	1/1	0,62
3137681	G	A	0/1	25,6
3145129	C	T	0/1	46,16
3147742	A	G	0/1	9,31
3154760	G	A	0/1	5,45
3159998	CAA	C	0/1	8,48
3169993	A	G	0/1	36,5
3177884	C	A	1/1	0,60
3180988	C	A	0/1	18,3
3183210	A	G	0/1	55,13
3183572	AGG	A	0/1	40,9
3186860	T	G	1/1	0,37
3188428	C	T	0/1	45,10
3188769	A	G	0/1	63,10
3189154	T	C	0/1	66,11
3189242	A	G	0/1	69,9
3190125	T	C	0/1	60,11
3190145	TC	T	1/1	0,65
3190342	G	A	0/1	46,6
3193189	C	T	0/1	6,26
3200304	A	G	0/1	22,7
3214481	G	T	0/1	48,7
3219263	T	C	0/1	38,8
3225267	A	T	0/1	51,10
3226181	A	C	1/1	0,51
3228143	G	T	1/1	0,41
3229692	G	A	0/1	34,10
3233605	G	A	0/1	34,9
3238090	G	A	0/1	12,38
3238516	G	A	1/1	2,45
3239269	T	C	0/1	30,8
3239476	G	A	0/1	8,59
3241244	G	A	0/1	65,12
3256494	A	G	1/1	0,52
3258274	A	C	0/1	5,9
3259318	G	A	0/1	28,10
3265772	C	T	0/1	23,4
3266997	G	C	0/1	42,17
3269581	A	G	1/1	0,58
3270784	A	G	1/1	0,54
3271037	A	G	0/1	40,6
3273138	C	G	0/1	43,8
3274545	G	A	0/1	77,16
3277985	C	T	0/1	34,7
3280132	G	A	0/1	44,8
3290535	T	C	0/1	52,9
3293423	A	G	0/1	47,7
3296721	C	G	0/1	24,5
3296843	A	G	1/1	0,31
3299413	G	A	0/1	57,16
3300767	G	C	0/1	14,52
3300852	T	C	0/1	11,51
3301053	A	G	0/1	39,9
3304586	A	G	0/1	33,15
3306163	CGGCACTGTGGCG	C	0/1	55,10
3306594	T	G	0/1	29,6
3308606	G	A	1/1	0,82
3311119	G	C	0/1	27,5
3312942	G	A	0/1	61,21
3314412	A	G	0/1	37,8
3314986	A	C	0|1	53,8
3314987	G	C	0|1	53,8
3324802	G	A	0/1	9,40
3326150	A	G	0/1	64,9
3331361	ACG	A	0/1	64,8
3338603	G	C	1/1	0,54
3342207	C	T	0/1	44,22
3346121	A	T	0/1	55,13
3351472	G	A	0/1	22,5
3352932	C	G	1/1	0,43
3355161	C	T	0/1	9,23
3358235	A	T	1/1	0,61
3361726	C	A	0/1	5,42
3363338	A	G	1/1	0,49
3365841	G	A	0/1	45,10
3366409	GATCACATCACC	G	0/1	84,14
3367765	G	A	1/1	0,46
3369869	G	T	0/1	37,7
3371085	C	G	0/1	7,34
3371260	T	C	0/1	35,6
3378720	C	T	1/1	0,6
3378828	C	A	1/1	0,5
3383295	CCCG	C	0/1	48,13
3383337	G	A	0/1	46,12
3386782	G	A	0/1	12,61
3401871	A	G	1/1	0,45
3402816	C	T	1/1	0,51
3404376	C	G	1/1	0,55
3405494	G	A	0/1	6,56
3406798	G	A	0/1	50,13
3407028	C	T	0/1	55,13
3415051	G	C	0/1	52,17
3415180	ACACCTAGGGGGTGG	A	1/1	0,46
3415332	A	G	0/1	35,6
3417550	G	C	0/1	44,11
3420825	A	G	0/1	36,12
3421955	C	T	0/1	9,44
3423249	C	CGCGAGCAGACGCAGAATCGCCCAAAATCCAAGATTTTGAGGCGATTCTGCGTCTGCTCGCGCAACCGG	1/1	0,24
3423707	C	G	0/1	9,39
3424251	C	A	0/1	47,8
3424462	C	T	0/1	31,8
3425854	C	T	1/1	0,43
3428374	C	G	0/1	10,50
3428917	C	A	1/1	0,45
3429876	G	C	0/1	51,10
3431407	G	T	0/1	43,6
3434076	C	T	0/1	32,4
3439457	T	C	0/1	7,41
3440464	T	G	1|1	0,37
3440468	G	C	1|1	0,35
3440542	A	G	0/1	40,11
3440895	G	A	0/1	8,54
3442240	C	A	0/1	59,16
3447151	G	T	0/1	60,15
3447480	A	C	0/1	32,7
3448714	G	C	0/1	66,13
3448894	T	G	1/1	4,42
3449642	A	G	1/1	7,88
3450725	T	C	1/1	0,74
3454263	C	G	0/1	50,11
3455442	C	T	0/1	44,6
3455686	G	C	1/1	0,70
3456666	A	G	1/1	0,39
3458422	C	A	0/1	45,11
3458491	G	T	0/1	42,11
3460765	G	C	0/1	35,9
3462135	G	C	1/1	0,39
3462145	A	AGGCGC	0/1	3,33
3464629	A	G	0/1	55,12
3467465	C	G	0/1	65,10
3470324	T	C	0/1	47,11
3470377	C	T	0/1	51,9
3472370	C	T	0/1	12,54
3473996	G	GA	1/1	0,25
3474597	C	A	0/1	44,9
3475159	A	G	0/1	44,12
3478242	G	C	0|1	48,25
3478244	C	A	0|1	52,25
3478245	T	C	0|1	52,25
3478248	T	C	0|1	52,25
3478251	C	T	0|1	52,25
3478254	G	C	0|1	53,25
3478257	A	G	0|1	53,24
3478260	C	G	0|1	54,24
3478263	G	A	0|1	55,23
3478272	G	A	0|1	58,22
3478290	C	T	0/1	61,20
3479561	G	A	0/1	42,11
3480474	G	A	1/1	0,56
3482823	C	A	0/1	65,13
3485276	G	A	0/1	14,74
3486977	A	G	1/1	0,74
3494295	GGC	G	0/1	65,8
3494820	CG	C	0/1	44,7
3495449	G	C	0/1	7,58
3498418	A	G	0/1	14,3
3501221	G	GC	0|1	44,5
3501226	CTCGGAGCCG	C	0|1	52,5
3501237	TCG	T	0|1	48,5
3501263	G	GT	0|1	43,4
3501267	C	CGA	0|1	42,4
3501269	C	CA	0|1	42,4
3501334	A	ACTCGGCAGCCGGATAGGTCAGGCATCCGGGGTGCCATCGTCGTCGAAACGGCCAGTGCCAGCAACACCGC	1|1	18,14
3503895	C	T	1/1	0,29
3517413	C	T	0/1	61,14
3518167	A	G	1/1	0,31
3518555	A	G	1/1	0,29
3518993	G	A	0/1	11,24
3519161	T	C	0/1	10,41
3521044	A	G	0/1	31,13
3529180	CCTA	C	0|1	46,6
3529186	G	GCGCGC	0|1	46,6
3529190	GTC	G	0|1	42,5
3529195	GGCCA	G	0|1	44,5
3529205	T	A	0|1	45,5
3529210	CAACG	C	0|1	46,4
3530145	C	A	0/1	41,13
3530955	C	G	0/1	68,9
3533759	G	A	0/1	32,17
3536008	G	T	0/1	36,5
3540941	C	T	0/1	50,11
3543422	G	T	0/1	37,6
3544710	T	C	0/1	9,33
3549089	G	T	0/1	38,10
3549269	G	A	0/1	37,9
3555699	A	G	0/1	53,7
3556275	A	G	1/1	0,46
3556607	G	T	0/1	14,38
3560645	C	T	0/1	52,14
3562538	A	G	0/1	10,47
3566923	A	ACGCTTGTCGG	0/1	31,7
3568921	C	G	0/1	4,35
3570133	G	A	0/1	55,8
3571834	T	G	0/1	46,14
3573636	T	C	0/1	38,9
3577958	A	G	0/1	27,5
3580636	CT	C	1/1	0,46
3581414	A	G	1/1	0,62
3586633	C	T	0/1	31,7
3587944	C	A	0/1	50,12
3590686	G	GC	1/1	0,52
3591063	T	C	1/1	0,57
3593096	G	A	0/1	26,18
3598524	G	C	0/1	5,29
3603355	G	A	0/1	9,36
3604821	G	C	1/1	0,16
3610391	A	AC	0/1	80,9
3610668	GGGGTC	G	0/1	64,11
3614982	T	C	1/1	0,74
3621423	A	G	1/1	0,46
3622441	A	C	1/1	0,50
3624486	T	C	0/1	41,7
3625065	T	G	1/1	0,34
3626467	C	T	0/1	30,19
3637063	G	T	0/1	6,32
3638093	G	A	0/1	48,8
3641164	A	G	1/1	2,44
3647591	A	G	0/1	48,12
3653386	C	T	0/1	42,9
3658266	C	G	0/1	26,6
3661802	C	T	0/1	36,13
3665822	C	CCG	0/1	10,42
3671532	G	C	0/1	54,15
3677203	G	A	0/1	35,11
3678091	G	A	0/1	46,9
3679949	A	G	0/1	28,9
3683499	T	C	0/1	10,43
3683715	T	G	0/1	43,7
3687372	A	G	0/1	45,24
3689523	G	T	1/1	1,41
3690009	G	A	0|1	36,8
3690016	A	G	0|1	35,9
3690137	C	T	0/1	39,5
3690950	T	TAGCTCGGCGACGATGCACGCCGCGCAGCGGCGTGAGGAGGAGCCGAGCAGTCCAACAC	0/1	0,0
3691767	G	T	0/1	53,8
3696181	A	G	0/1	36,11
3696316	G	T	0/1	32,8
3697708	A	G	0/1	33,19
3704261	C	A	0/1	48,11
3704596	G	C	1/1	0,59
3704672	C	T	0/1	13,53
3706524	A	G	1/1	5,69
3714211	G	T	1/1	0,45
3714757	A	C	1/1	0,69
3718357	C	T	1/1	0,44
3718462	T	C	0/1	8,39
3721232	G	T	0/1	21,4
3721806	G	C	1/1	0,49
3743549	A	G	0/1	34,9
3769146	A	G	0/1	12,43
3770325	C	T	0/1	73,11
3771585	G	A	0/1	43,12
3771628	A	C	0/1	36,12
3772616	G	A	0/1	44,14
3780782	G	A	0/1	35,7
3781564	G	T	0/1	28,8
3783058	G	A	0/1	7,48
3785946	A	G	0/1	50,7
3786033	A	G	0/1	44,7
3786641	A	C	0/1	10,42
3788365	T	G	0/1	38,14
3790075	G	A	0/1	8,46
3791473	C	A	0/1	12,50
3793634	A	G	0/1	50,9
3794867	C	CCA	0/1	46,10
3794977	C	T	0/1	10,60
3798095	A	C	1/1	0,59
3799821	G	A	0/1	28,10
3808103	T	C	0/1	45,13
3808977	G	A	0/1	27,7
3812821	A	C	0/1	8,45
3814737	C	A	0/1	25,9
3815477	G	T	1/1	0,46
3816432	G	A	0/1	36,7
3816833	G	A	0|1	38,9
3816840	C	T	0|1	9,39
3817117	C	A	1/1	0,78
3823159	A	T	1/1	0,42
3823873	G	A	0/1	7,36
3824167	G	C	0/1	47,10
3826684	C	T	1/1	0,41
3827721	AT	A	0/1	15,51
3829770	T	C	1/1	0,41
3830695	A	G	0/1	36,6
3831722	A	T	0/1	13,46
3838871	A	G	1/1	0,45
3851084	A	G	0/1	45,8
3851887	A	C	0|1	27,6
3851888	T	C	0|1	27,6
3854174	G	A	0/1	9,46
3854899	T	C	0/1	59,11
3858076	C	T	0/1	8,27
3859893	C	T	1/1	0,38
3862472	GA	G	1/1	0,42
3864041	G	A	0/1	28,7
3864995	T	C	1/1	0,65
3866350	C	T	0/1	13,59
3868738	C	A	0/1	25,8
3871918	G	A	0/1	54,17
3873242	G	A	0/1	11,45
3874722	AT	A	1/1	0,60
3877421	A	G	1/1	0,69
3881447	G	GA	0/1	5,55
3883467	A	G	0/1	52,9
3885886	T	C	1/1	0,74
3887921	A	G	0/1	9,41
3892671	A	G	1/1	0,58
3893480	G	A	0/1	58,10
3893499	C	T	0/1	11,57
3895727	C	A	0/1	32,10
3896340	T	G	1/1	0,44
3898408	A	G	1/1	0,54
3898869	C	A	0/1	67,21
3899654	C	A	0/1	23,9
3906803	C	T	0/1	17,35
3907255	C	G	0/1	55,8
3909235	G	C	0/1	32,6
3913737	G	A	0/1	31,11
3914710	C	G	0/1	28,5
3915585	G	A	0/1	58,16
3917003	CAG	C	0|1	33,4
3917008	T	C	0|1	31,4
3917009	G	A	0|1	31,4
3917011	C	CCT	0|1	31,4
3920109	G	T	0/1	19,12
3921094	C	T	0/1	53,12
3922380	G	A	0/1	6,50
3925733	T	G	0/1	7,43
3950404	C	T	1/1	3,56
3952800	G	A	1/1	0,60
3958007	C	T	0/1	43,12
3958403	A	G	1/1	0,65
3959418	C	T	1/1	0,44
3959957	C	A	0/1	12,49
3962794	C	T	0/1	49,8
3967966	C	T	0/1	52,19
3973551	C	G	0/1	9,38
3974142	G	A	0/1	37,6
3982027	G	A	0/1	11,53
3984321	G	A	0/1	57,8
3984926	G	A	0/1	45,9
3985572	A	G	0/1	31,8
3989107	C	T	0/1	48,9
3989449	C	T	0/1	8,31
3989914	G	T	0/1	56,11
3994898	A	G	0/1	46,7
4003645	C	T	0/1	50,8
4005114	G	C	0/1	41,10
4005607	T	C	1/1	0,45
4008747	A	G	0/1	36,5
4012219	T	C	0/1	39,6
4014431	C	T	0/1	39,13
4015895	G	A	0/1	33,14
4019054	A	G	0/1	11,60
4019103	G	T	0/1	53,10
4024079	T	C	0/1	53,11
4024273	T	C	1/1	0,53
4026800	G	C	0/1	32,11
4026899	G	A	1/1	0,55
4030249	G	C	0/1	11,39
4034827	C	T	1/1	0,63
4040517	A	G	0/1	56,10
4040719	T	C	0/1	48,12
4052488	G	A	0/1	41,10
4054637	A	G	0/1	57,13
4055801	G	A	1/1	0,46
4056416	C	A	0/1	62,18
4057081	A	G	0/1	56,12
4057367	C	A	0/1	31,6
4058711	T	C	0/1	62,13
4059904	A	G	1/1	0,58
4063682	G	T	0/1	9,40
4064823	A	G	0/1	8,27
4067152	G	A	0/1	31,7
4069292	G	A	1/1	0,46
4072044	C	A	1/1	3,44
4080715	A	G	0/1	55,12
4081987	G	C	0|1	34,4
4081996	G	C	0|1	34,4
4082427	G	C	0/1	11,27
4083277	C	T	0/1	43,8
4085200	G	C	0/1	32,11
4086802	G	A	0/1	12,68
4089058	T	C	0/1	24,12
4093719	G	A	0/1	36,6
4095001	CG	C	1/1	0,46
4096190	G	A	0/1	25,7
4096692	T	C	0/1	37,10
4096967	T	G	0/1	40,19
4100975	T	C	1/1	0,60
4101018	C	T	0/1	47,11
4105757	C	T	0/1	42,9
4107074	T	C	0/1	44,10
4111073	T	G	0/1	57,9
4111303	G	C	1/1	0,66
4112429	T	C	0/1	60,11
4115029	G	A	0/1	27,5
4116682	T	C	0/1	45,8
4117161	C	A	0|1	53,14
4117167	GGC	G	0|1	14,53
4117307	G	A	0/1	36,11
4117954	C	G	0/1	14,45
4119246	T	C	0/1	43,10
4126087	T	G	0/1	33,6
4133881	C	G	1/1	4,35
4134402	C	T	0/1	29,8
4137190	T	C	0/1	58,11
4138016	G	A	0/1	8,33
4140775	T	C	0/1	56,10
4142689	G	A	0/1	45,6
4146314	G	T	0/1	12,26
4151855	A	G	1/1	0,53
4156099	C	A	1/1	0,57
4156503	C	T	0/1	60,12
4158361	A	G	0/1	36,8
4159195	T	C	1/1	0,67
4159405	G	T	0/1	64,17
4160533	TGCGCCCGGC	T	0/1	51,6
4162072	A	C	0/1	55,6
4162339	A	G	1/1	0,83
4163558	G	C	0/1	49,15
4163589	C	T	0/1	49,11
4169666	GT	G	0/1	31,12
4169719	C	T	0/1	46,12
4170964	G	GA	0/1	57,13
4175124	C	A	0/1	14,36
4176694	G	A	0/1	38,8
4178067	C	T	0/1	8,44
4179089	C	T	0/1	42,13
4182283	G	A	0/1	39,10
4182695	G	A	1/1	0,57
4185489	G	A	0/1	12,41
4186814	G	T	0/1	11,59
4187054	CTGGCGCTCGGGG	C	0|1	33,6
4187075	G	A	0|1	32,6
4187485	T	C	1/1	0,59
4187817	A	G	1/1	0,53
4190532	A	C	0/1	34,9
4190596	A	C	0/1	39,10
4192145	T	C	0/1	42,10
4197138	C	CT	1/1	0,35
4197189	A	G	0/1	18,7
4198611	CG	C	1/1	0,57
4200220	A	G	0/1	50,11
4200993	T	G	0/1	36,6
4201105	G	A	0/1	24,8
4204441	A	G	1/1	0,73
4205120	A	G	1/1	0,46
4205432	AT	A	0/1	56,11
4205988	G	A	0/1	11,30
4206863	G	T	0/1	51,17
4210274	A	G	1/1	1,40
4210876	T	C	0/1	41,8
4216255	C	G	0/1	40,12
4221490	C	G	1/1	0,45
4222073	A	G	1/1	0,19
4222882	A	G	1/1	0,38
4223172	T	C	1/1	0,36
4227324	C	T	0/1	54,12
4228951	G	A	0/1	5,41
4237196	C	A	0/1	54,10
4238120	G	A	0/1	34,8
4240671	C	T	0/1	53,11
4241042	A	G	0/1	47,8
4242643	C	T	1/1	0,43
4242803	G	C	0/1	8,39
4246979	G	T	0/1	36,14
4247429	A	G	0/1	39,11
4251796	G	A	0/1	41,12
4255922	A	G	1/1	0,69
4256429	T	C	0/1	71,17
4257220	A	G	1/1	0,59
4261499	G	A	0/1	36,8
4262549	T	C	0/1	11,49
4263279	A	G	0/1	52,10
4265593	G	T	0/1	51,8
4266941	G	A	0/1	5,46
4267960	C	T	0/1	40,6
4268861	A	G	0/1	12,48
4269387	T	G	0/1	39,12
4269606	A	G	0/1	46,9
4275935	A	G	0/1	54,13
4276306	C	T	0/1	40,11
4278976	A	G	0/1	5,38
4280441	C	A	0/1	44,10
4281143	C	G	0/1	39,7
4281272	G	A	0/1	36,10
4285318	C	T	0/1	35,11
4286295	G	C	0/1	13,57
4287164	A	G	0/1	46,13
4287361	C	T	0/1	47,11
4288427	A	G	0/1	52,11
4288997	C	A	1/1	6,55
4289953	A	G	0/1	40,6
4290564	G	T	0/1	49,8
4290827	C	G	0/1	51,10
4292602	G	C	0/1	51,11
4296015	G	A	1/1	0,69
4296381	G	T	0/1	57,16
4299189	C	T	0/1	12,56
4299514	C	T	0/1	38,9
4303407	A	C	0/1	46,8
4304483	C	G	1/1	2,70
4306155	C	T	1/1	0,51
4306339	G	T	0|1	27,5
4306929	G	T	0/1	13,45
4307179	G	A	1/1	0,64
4307344	C	G	0/1	37,13
4310743	T	TG	0/1	40,16
4313128	C	T	0/1	37,10
4313156	G	A	0/1	46,15
4314645	A	G	1/1	0,57
4316051	G	A	0/1	8,43
4322359	GT	G	0/1	47,21
4322630	G	A	0/1	23,8
4323006	G	A	0/1	20,5
4323355	G	C	0/1	6,42
4324323	G	A	0/1	40,6
4326148	C	A	0/1	67,11
4326439	G	T	0/1	76,17
4329782	G	A	0/1	53,14
4338203	G	A	0/1	43,9
4338595	GC	G	1|1	0,72
4338603	G	A	0|1	53,19
4338732	G	A	1/1	0,52
4340006	A	C	0/1	9,40
4340286	G	A	0/1	37,7
4341396	A	AAGGCGCGGCCGC	0/1	36,5
4344058	T	C	0/1	30,9
4348724	ACCCGCGCCGGCGACGATGCAAAGCGCAGCGATGAGGAGGAGCGGCGCCAACGG	A	0/1	68,7
4351039	G	T	1/1	0,49
4356110	G	C	1/1	0,60
4356477	G	A	0/1	60,12
4356690	G	A	0/1	57,11
4357123	C	A	0/1	9,36
4357597	C	G	1/1	0,35
4359164	G	GC	0/1	2,6
4360524	G	C	0/1	46,14
4364672	G	T	0/1	14,41
4366195	T	C	1/1	0,45
4366272	G	C	1/1	0,59
4367033	G	A	0/1	11,49
4367649	A	G	0/1	52,6
4377033	G	C	0/1	40,6
4379195	A	G	0/1	40,8
4379680	C	G	1/1	0,54
4382054	T	C	1/1	0,52
4382275	G	T	1/1	0,61
4383144	C	CCGGGG	1/1	0,35
4384417	C	T	0/1	7,24
4384594	C	A	0/1	20,5
4385031	CG	C	0|1	24,4
4385187	A	G	0/1	23,5
4385933	A	G	0|1	39,5
4385937	C	T	0|1	39,5
4385946	C	T	0|1	41,5
4386108	A	G	0/1	45,8
4386142	A	G	0/1	45,9
4386228	T	C	1/1	0,60
4386304	A	AT	0|1	63,9
4386305	C	CCGCG	0|1	63,9
4386308	CAT	C	0|1	63,9
4386315	G	C	0|1	61,9
4386316	C	G	0|1	62,9
4386322	A	G	0|1	63,9
4386325	A	G	0|1	63,9
4386328	A	T	0|1	63,9
4386335	A	G	0|1	65,9
4386337	G	A	0|1	63,9
4386341	C	A	0|1	64,9
4386343	G	A	0|1	64,9
4386346	G	A	0|1	66,9
4386347	T	C	0|1	66,9
4386709	C	T	0/1	12,67
4387212	C	T	0/1	72,13
4390380	A	G	0/1	27,7
4393178	A	G	1/1	0,59
4395387	A	G	0/1	35,9
4396073	G	A	0/1	36,13
4397564	C	T	0/1	35,8
4397657	G	A	0/1	36,9
4398180	A	G	0/1	9,24
4399121	A	G	0/1	42,7
4400246	G	A	0/1	10,61
4400660	AC	A	1/1	0,52
4401400	A	G	0/1	39,15
4407588	T	C	0/1	48,19
4407848	C	T	0/1	46,7
4407873	C	A	0/1	49,6
4408920	A	G	0|1	39,5
4408923	C	T	0|1	40,4
4410386	G	T	0/1	29,6
4411016	G	A	0/1	33,13
