371	C	T	0/1	8,59
1552	TA	T	1/1	3,66
4013	T	C	1/1	0,47
7362	G	C	1/1	0,88
7585	G	C	0/1	58,9
11820	C	G	0/1	54,12
11879	A	G	1/1	0,65
12372	A	G	1/1	3,58
14785	T	C	1/1	0,72
15117	C	G	0/1	54,9
16119	C	A	0/1	60,8
20359	G	A	0/1	5,34
21795	G	A	1/1	0,53
24698	GCCGCGTTGCTCGGGGTAA	G	0/1	60,6
25610	G	C	0/1	54,9
26959	C	G	1/1	0,50
27254	C	T	0/1	62,8
28366	AT	A	0/1	53,10
28640	T	C	0/1	6,56
34044	T	C	1/1	0,59
37031	C	G	0/1	41,7
37305	C	G	0/1	50,9
39030	C	T	0/1	66,25
39044	C	T	0/1	27,60
39158	C	G	0/1	62,9
40904	A	C	0/1	51,14
42005	C	T	0/1	12,62
42281	C	A	0/1	46,7
42967	G	C	1/1	0,77
44768	A	G	0/1	60,8
49360	C	T	0/1	49,7
54394	A	G	0/1	66,9
55553	C	T	1/1	0,41
62049	A	G	1/1	0,51
63778	G	A	0/1	46,9
68337	T	TC	0/1	54,8
69989	G	A	1/1	0,69
70816	A	G	1/1	0,28
71336	G	C	1/1	0,49
71584	C	CCGAGCGCTGTTCTGGCGCTAATCTGACGCTAGAATAG	1/1	0,67
71880	C	G	0/1	5,63
75940	G	C	1/1	0,49
79480	T	C	0/1	36,8
79504	T	TCGGTGGACCCGGTGGACC	0/1	25,4
79570	G	GTGGGACGGGCGCGACGGCACGCCGCGGCCGCGTTGCGCTC	0/1	42,5
81649	C	G	1/1	0,47
87468	C	T	0/1	50,8
92199	T	G	0/1	58,10
96894	C	T	0/1	65,10
97547	A	G	0/1	48,12
113892	C	T	0/1	38,9
116000	T	G	1/1	0,72
117880	C	G	0/1	7,47
122109	A	G	1/1	1,42
125830	G	GA	1/1	0,55
126772	A	C	0/1	43,5
131174	T	TG	1/1	0,56
133839	C	T	1/1	0,74
143207	T	C	0/1	53,9
143262	C	T	0/1	7,58
145806	C	T	0/1	13,60
146087	T	C	1/1	0,85
146236	C	G	0/1	61,9
147262	G	T	0/1	51,8
151169	T	G	1/1	2,39
154283	T	C	1/1	0,70
163705	C	T	0|1	38,5
163706	C	T	0|1	39,5
170284	GTGCCGCACTCTTGGACCCCGACCTCTGTCATGACGCCGCCGCTCGTCGTGGCCGCGTTCAGGCCGGTCGGCCATTACCGACTCGCAACGGACAGA	G	0/1	17,61
171963	T	C	1/1	5,66
183091	C	G	0/1	56,10
190816	A	C	0/1	57,9
194899	C	G	0/1	40,5
196642	C	T	0/1	63,7
199470	T	G	0/1	69,8
203038	T	C	0/1	42,9
205347	G	A	1/1	5,60
206339	T	C	1/1	0,36
206481	C	G	0|1	26,3
206484	G	T	0|1	25,3
212244	G	A	0/1	11,28
213281	C	T	0/1	46,6
215977	C	T	0/1	30,4
219104	GA	G	0/1	8,67
223942	T	C	1/1	0,51
225323	T	C	1/1	0,56
227098	T	C	1/1	0,69
230170	C	T	0/1	57,9
230576	G	GT	0/1	32,5
230944	C	T	1/1	4,56
231671	G	A	1/1	3,55
231811	C	G	0/1	5,51
232361	A	G	0/1	4,39
234296	C	T	0/1	4,39
234477	T	G	1/1	0,73
234496	C	CGT	1/1	0,74
236166	G	C	0/1	58,7
245003	C	T	0/1	7,67
248521	T	G	0/1	52,10
255955	C	T	0/1	49,9
261869	T	C	1/1	0,50
265554	A	C	1/1	0,67
267751	G	C	0/1	57,8
276143	A	G	1/1	1,46
278681	C	G	1/1	0,59
279515	GCGGCCTCGGCCTAGGCCTGGCGAGCAGACGCAAAATCGCCCAATTTCGTGCCGAATTGGGCGATTTTGCGTCTGC	G	0/1	10,62
281862	AT	A	0/1	45,7
283610	G	A	0|1	41,6
283614	T	C	0|1	41,7
284047	C	G	0/1	4,50
284394	G	T	0/1	5,40
285772	A	C	1/1	0,47
285871	A	G	0/1	42,6
292488	G	C	0/1	35,8
292672	G	A	0/1	9,39
293177	A	G	0/1	7,62
304923	A	G	0/1	58,11
310973	G	A	1/1	0,48
311613	G	T	1/1	0,55
317300	G	A	0/1	6,53
325505	T	C	0/1	44,7
325767	A	G	0/1	47,9
336322	CAA	C	0|1	57,6
336325	T	G	0|1	57,6
336327	C	CGG	0|1	57,6
336332	G	C	0|1	57,6
336344	A	G	0|1	52,8
336345	T	C	0|1	52,8
336353	C	T	0|1	50,8
336356	GGAA	G	0|1	49,8
336360	C	CCTCCCCG	0|1	49,8
336369	C	T	0|1	47,9
336370	A	G	0|1	47,13
336380	A	T	0|1	48,25
336400	C	G	0|1	45,27
336403	C	G	0|1	44,27
336405	A	G	0|1	45,27
336422	TTG	T	0|1	45,17
336428	A	G	0|1	43,16
336431	C	T	0|1	44,16
336439	A	G	0|1	44,14
336441	C	T	0|1	44,15
336442	G	A	0|1	44,15
336449	T	C	0|1	42,15
336451	T	G	0|1	42,16
336535	T	G	0|1	20,15
336537	T	G	0/1	20,14
336540	G	T	0/1	18,14
336546	T	G	0|1	17,14
336557	C	CT	0|1	14,13
336560	T	C	0|1	13,8
346275	C	G	1/1	0,75
353309	G	A	0/1	41,7
353365	G	A	0/1	51,7
356528	A	G	1/1	0,76
357261	G	GC	0/1	14,43
363464	G	A	0/1	37,7
364854	C	G	0/1	65,8
365513	G	A	0/1	5,63
379528	G	T	0/1	45,7
384380	A	C	1/1	0,55
384895	AC	A	1/1	5,67
386432	C	G	1/1	0,71
387918	C	T	0/1	54,7
390828	T	C	1/1	0,69
393976	A	G	0/1	9,35
396199	T	C	0/1	48,8
397910	G	C	1/1	4,63
403980	G	A	1/1	0,78
404326	T	C	0/1	71,7
406162	G	A	0/1	21,8
411940	G	A	0/1	44,11
414486	C	T	1/1	0,72
420008	A	G	1/1	0,55
441823	C	T	0/1	63,10
444309	C	T	1/1	3,61
445780	C	T	0/1	55,8
454253	C	T	0/1	5,49
454295	T	C	1/1	0,52
454333	T	G	0/1	46,8
456594	T	C	0/1	47,6
459399	A	C	1/1	0,60
465172	CG	C	0/1	52,12
465300	C	T	0/1	65,8
483935	T	G	0/1	58,10
484596	C	T	0/1	50,14
485810	CA	C	0/1	74,10
491742	T	C	0/1	54,9
492150	G	C	0/1	65,8
497491	G	A	0/1	41,6
502589	C	G	1/1	0,62
503354	G	C	1/1	0,68
504499	T	G	0/1	42,6
505006	C	T	0/1	46,8
505454	C	T	0/1	6,52
505974	G	A	0/1	57,15
508181	C	G	0/1	63,6
513257	T	C	1/1	1,65
524891	C	A	0/1	45,7
533547	C	G	0/1	45,5
533910	C	T	1/1	1,24
541201	A	G	1/1	0,42
542014	C	G	0/1	61,13
545883	G	A	0/1	3,37
549363	C	G	0/1	40,8
551525	A	C	0/1	60,7
555991	A	G	0/1	36,8
561776	C	T	0|1	65,15
561777	C	T	0|1	64,15
566285	T	TGCTCCGGCCAAGAAGGCC	0/1	5,35
572591	C	T	0/1	51,7
573262	A	G	1/1	0,79
582638	G	A	0/1	6,38
587065	G	C	0/1	7,61
590436	T	C	1/1	0,56
598475	G	A	1/1	0,67
599868	A	G	0/1	54,7
609173	A	G	0/1	54,6
610120	T	G	1/1	0,65
611048	T	G	0/1	45,9
620625	A	G	0/1	42,6
621598	C	T	0/1	73,9
627485	G	A	0/1	29,5
636924	C	G	0/1	27,11
640954	A	G	0/1	50,7
645622	C	T	0/1	5,49
648002	T	G	1/1	0,65
648856	T	C	0/1	65,12
655986	T	G	0/1	64,9
661334	G	T	0/1	10,65
661922	G	T	0/1	10,68
662911	T	C	0/1	70,7
665293	A	G	0/1	60,8
669033	T	A	0/1	64,8
669398	T	C	1/1	0,69
671916	ATCTTCAGT	A	0/1	2,25
681585	T	C	0/1	5,45
683829	C	T	0/1	59,9
685461	C	G	1/1	0,69
685608	T	C	0/1	59,6
686972	T	C	1/1	0,56
690465	T	G	1/1	1,72
696862	G	T	0/1	12,57
697018	ACGTGG	A	0/1	5,58
698968	G	A	1/1	0,33
707334	T	C	0/1	35,4
712693	A	G	0/1	53,8
713310	T	C	0/1	47,5
716111	G	A	1/1	5,73
718799	G	A	0/1	9,53
725439	T	G	0/1	5,40
754186	A	G	1/1	0,69
763031	T	C	0/1	72,11
767414	G	A	0/1	45,12
775639	T	C	1/1	0,46
776100	G	A	0/1	61,11
779615	G	C	0/1	70,11
781395	T	C	1/1	0,55
791249	C	T	0/1	64,13
793421	T	G	1/1	6,62
794602	T	C	0/1	7,45
798355	G	C	0/1	62,12
799666	A	G	0/1	55,7
802427	C	CCGGCCTAGCCCGGCGACGATGCAGAGCGAAGCGATGAGGAGGAGCAGGGCAATG	1/1	0,47
809840	G	GC	0/1	41,6
830319	GGGCGGGATGTCC	G	0/1	59,13
834798	G	A	0/1	31,5
841764	G	C	0/1	67,12
842030	C	T	0/1	62,15
847995	T	C	0/1	59,10
852910	C	T	1/1	0,60
854252	GC	G	1/1	0,39
857696	A	G	0/1	63,8
874835	C	CCG	1/1	0,76
884985	C	T	1/1	5,64
893733	T	G	1/1	0,55
900221	T	C	0/1	58,8
903913	T	C	1/1	0,74
905190	C	T	0/1	4,35
906857	A	G	1/1	0,64
931123	T	C	0/1	49,8
932280	T	C	0/1	68,9
934611	G	T	0/1	45,8
940602	C	G	0/1	60,8
942284	C	A	0/1	6,56
942651	G	A	0/1	6,59
945214	G	A	0/1	56,10
949535	T	C	0/1	48,6
954468	C	G	0/1	56,12
955524	A	G	1/1	0,56
960367	A	G	0/1	58,9
962363	C	A	0/1	12,44
975747	G	A	0/1	8,63
979704	G	C	1/1	0,70
986463	G	C	1/1	0,94
987585	A	AG	0/1	52,7
990001	G	C	1/1	0,57
993346	A	C	1/1	0,80
995176	A	C	0/1	10,60
996205	T	C	0/1	35,4
1001116	T	G	0/1	7,45
1003998	G	T	0/1	5,41
1006005	T	C	0/1	66,8
1010204	C	CG	1/1	0,81
1011511	A	C	0/1	50,7
1024346	A	G	0/1	50,7
1025106	T	C	1/1	0,56
1034208	CGCT	C	0/1	24,4
1037911	C	T	1/1	0,64
1039931	C	T	0/1	6,53
1047165	T	C	0/1	57,8
1054784	C	G	0/1	53,7
1068151	T	C	1/1	0,31
1070702	T	C	0/1	65,8
1071966	A	G	0/1	36,9
1074558	G	A	1/1	1,64
1076309	G	T	1/1	0,58
1076689	A	C	0/1	32,8
1077312	A	G	1/1	0,54
1079927	C	A	1/1	0,43
1080192	G	A	0/1	69,9
1081681	T	C	1/1	0,52
1082445	T	A	0/1	6,44
1085120	A	C	1/1	3,54
1097220	C	T	0/1	48,12
1098523	T	A	0/1	45,6
1100234	T	C	1/1	0,60
1103656	C	T	0/1	48,7
1104690	T	G	0/1	51,6
1106422	T	C	0/1	55,8
1109975	A	G	1/1	0,59
1116773	C	T	0/1	5,43
1121109	G	A	0/1	4,27
1121686	C	G	0/1	8,53
1126889	G	C	1/1	0,73
1127493	T	C	0/1	72,7
1127648	C	A	1/1	0,77
1130526	G	A	0/1	7,50
1144585	A	G	0/1	60,6
1145848	A	C	0/1	61,13
1148259	A	G	0/1	61,9
1150585	G	A	1/1	0,66
1151054	C	G	0/1	43,6
1151379	A	C	0/1	45,10
1151693	G	C	0/1	68,12
1152944	C	T	1/1	4,63
1164336	G	A	0/1	59,10
1168715	C	CT	1/1	0,64
1172085	C	A	0/1	54,7
1173750	G	T	0/1	53,7
1197157	T	G	0/1	71,9
1200418	A	G	0/1	53,8
1207386	A	G	0/1	9,57
1211369	A	C	0/1	73,9
1213886	G	GC	1/1	3,52
1220680	T	C	1/1	0,62
1222692	T	G	0/1	11,67
1224367	T	C	1/1	0,48
1227217	C	T	0/1	6,47
1248936	G	C	0/1	69,9
1248978	T	C	0/1	52,9
1250340	A	G	0/1	54,7
1273071	T	C	1/1	5,48
1273735	C	T	0/1	6,59
1275957	T	C	0/1	62,9
1281118	T	C	1/1	0,62
1281771	T	C	0/1	61,8
1283827	C	T	0/1	42,5
1284464	AGCTGCCGCCGGGGCGGTGACGGGGAGCGCCGGTGCCGCCGGGGTTATCCCCGGGATCGGGGCGTTCACTCCGGGAATGGACGGAGTTAGCGCGGGGGCCGCG	A	0/1	14,57
1285001	A	C	0/1	50,6
1289307	C	T	0/1	3,32
1292102	A	G	0/1	39,7
1296078	A	C	1/1	5,50
1313337	A	AG	1|1	0,56
1313338	A	C	1|1	0,55
1315191	A	C	1/1	0,69
1315884	G	A	1/1	0,69
1317655	C	T	0/1	64,10
1322741	A	G	0/1	75,9
1328687	G	C	1/1	0,63
1349733	G	C	0/1	60,8
1351172	A	G	0/1	41,6
1352224	C	T	0/1	9,58
1358042	G	A	0/1	5,31
1358411	T	C	1/1	4,65
1361285	C	T	0/1	65,8
1362006	T	C	0/1	49,8
1366255	C	T	0/1	6,48
1367484	T	G	0/1	58,6
1370852	T	G	0/1	52,6
1374065	T	C	1/1	0,20
1374201	A	G	0/1	67,10
1375724	A	C	1/1	0,68
1382628	T	C	1/1	0,72
1396922	T	C	1/1	0,44
1400391	G	A	0/1	6,48
1406760	T	TG	0/1	59,8
1406789	G	A	0/1	6,58
1411210	T	G	1/1	0,51
1413148	C	T	0/1	46,6
1414021	C	T	1/1	0,63
1416222	A	G	0|1	72,38
1416232	A	G	0|1	70,38
1416234	A	C	0|1	70,38
1425923	G	A	0/1	6,40
1430532	G	A	0/1	55,12
1440469	C	G	1/1	0,78
1457144	C	T	1|1	0,44
1457146	C	G	1|1	3,40
1461309	C	T	1/1	3,53
1471659	C	T	1/1	0,58
1472127	C	T	0|1	61,8
1472128	G	C	0/1	60,8
1472129	G	A	0/1	60,9
1472138	C	T	0/1	59,10
1472147	G	A	0/1	63,12
1472150	T	A	0|1	61,13
1472151	C	A	0/1	61,12
1472172	T	C	0/1	65,14
1472210	A	C	0|1	66,14
1472213	G	C	0|1	66,14
1472215	A	G	0|1	67,14
1472222	G	A	0|1	67,14
1472225	C	A	0/1	64,16
1472229	C	T	0|1	66,14
1472234	T	C	0|1	66,14
1472236	C	G	0|1	67,14
1472240	G	A	0/1	66,15
1472251	G	A	0|1	63,15
1472253	G	T	0|1	64,14
1472256	T	A	0|1	63,14
1472259	C	A	0|1	63,14
1472297	G	T	0/1	63,27
1472299	TCC	T	0/1	63,26
1472303	G	T	0/1	62,26
1472304	G	GAC	0/1	60,19
1472307	C	G	0/1	60,26
1472308	TCTC	T	0/1	64,26
1472313	G	A	0/1	62,26
1472315	T	TAATGAGTCATAA	0/1	62,23
1472323	AG	A	0|1	61,23
1472325	G	C	0|1	60,23
1472327	G	A	0|1	61,21
1472332	A	AG	0|1	59,19
1472338	A	C	0|1	57,19
1472339	C	A	0|1	57,19
1472344	C	T	0|1	57,18
1472378	G	T	0|1	61,25
1472379	T	G	0|1	61,25
1472400	C	T	0/1	60,16
1472415	T	G	0|1	55,20
1472422	T	C	0/1	54,13
1472425	T	G	0/1	54,13
1472426	T	TAGA	0/1	53,13
1472427	T	TAA	0/1	53,13
1472430	CGCGT	C	0|1	56,10
1472438	TCG	T	0|1	56,11
1472442	G	T	0|1	54,11
1472445	ATCTC	A	0|1	59,11
1472450	A	AGTG	0|1	58,11
1472451	C	CGG	0/1	55,11
1472456	T	C	0|1	58,16
1472458	A	ACC	0|1	58,17
1472460	T	C	0|1	62,13
1472464	AGCG	A	0|1	65,14
1472469	GCGGGC	G	0|1	60,15
1472476	AT	A	0|1	58,15
1472479	C	T	0|1	57,15
1472481	GGC	G	0|1	58,15
1472485	G	A	0|1	56,15
1472487	C	CTGTT	0|1	56,15
1472489	A	ATCTT	0/1	56,14
1472496	T	C	0|1	54,13
1472498	C	G	0|1	54,13
1472501	G	A	0|1	53,11
1472505	G	A	0|1	55,8
1472507	C	G	0|1	55,7
1472517	T	C	0/1	55,6
1472518	G	A	0|1	55,6
1472677	CTT	C	0|1	69,5
1472697	T	G	0|1	72,9
1472700	C	T	0|1	72,9
1472708	T	A	0|1	78,9
1472742	C	T	0|1	77,24
1472744	A	G	0|1	77,24
1472781	C	T	0|1	84,42
1472786	C	T	0|1	79,41
1472793	A	T	0|1	78,38
1472803	T	C	0/1	78,27
1472824	T	A	0|1	77,40
1472825	G	A	0|1	106,11
1472827	G	A	0|1	88,29
1472828	T	C	0|1	77,40
1472834	A	AT	0|1	87,30
1472835	TGC	T	0|1	109,11
1472836	GCAC	G	0/1	80,30
1472841	G	GT	0/1	78,31
1472843	ACGC	A	0/1	78,30
1472850	T	TA	0/1	77,30
1472855	A	AT	0|1	87,29
1472857	A	G	0/1	105,10
1472858	G	GA	0/1	76,28
1472860	CGTT	C	0/1	79,29
1472865	C	T	0/1	89,29
1472867	TTGTGG	T	0|1	91,29
1472874	C	A	0|1	107,9
1472875	T	TTC	0|1	87,28
1472876	G	C	0|1	106,9
1472877	T	G	0|1	87,28
1472879	T	A	0|1	87,26
1472880	G	GACACAAAAA	0/1	76,26
1472895	C	T	0/1	99,10
1472953	G	A	0/1	71,30
1472956	T	C	0/1	64,31
1472957	C	T	0/1	63,31
1472969	A	G	0/1	60,33
1472970	C	A	0/1	58,33
1472975	T	A	0/1	59,32
1472977	G	T	0/1	56,32
1472978	T	C	0/1	56,31
1472982	G	A	0/1	56,30
1472987	G	A	0/1	59,29
1472990	A	G	0/1	60,29
1473001	G	C	0|1	67,29
1473002	G	A	0/1	67,30
1473004	T	A	0/1	67,31
1473008	C	T	0/1	67,30
1473009	T	G	0|1	70,30
1473020	T	C	0/1	70,31
1473056	A	T	0|1	81,32
1473062	T	A	0|1	79,33
1473068	A	G	0|1	75,32
1473070	G	A	0|1	77,32
1473079	GCC	G	0/1	83,21
1473083	G	C	0/1	75,21
1473084	T	TTTA	0/1	84,21
1473086	C	T	0/1	80,20
1473088	A	G	0/1	76,25
1473093	C	A	0|1	75,28
1473094	T	A	0/1	76,24
1473096	C	CAA	0|1	79,25
1473098	ATG	A	0|1	78,25
1473110	T	G	0|1	71,30
1473111	A	G	0|1	71,31
1473118	T	C	0|1	77,25
1473121	T	C	0|1	74,29
1473122	T	A	0/1	74,25
1473124	A	AAAC	0|1	79,27
1473128	CCGG	C	0/1	73,26
1473146	G	GCA	0|1	80,26
1473148	GGT	G	0|1	81,26
1473160	GAC	G	0|1	78,26
1473164	C	CTG	0/1	74,26
1473177	G	A	0|1	76,35
1473199	CA	C	0|1	81,27
1473202	C	T	0/1	76,27
1473248	G	A	0|1	69,7
1473249	T	C	0|1	69,7
1473327	A	G	0|1	83,4
1473328	C	T	0|1	84,4
1473352	C	T	0|1	81,14
1474001	C	T	0/1	4,51
1474844	G	T	0/1	64,10
1474866	C	A	0/1	67,10
1474869	G	T	0/1	66,8
1475574	C	T	0/1	54,10
1475591	G	A	0/1	58,9
1475598	G	A	0/1	62,5
1475636	ATCC	A	0/1	62,7
1475776	G	C	0/1	64,4
1475777	A	AT	0/1	66,6
1475781	T	C	0/1	66,6
1475803	T	C	0|1	58,15
1475804	G	C	0|1	57,16
1475816	C	G	0|1	55,16
1475817	A	G	0|1	55,16
1475843	G	A	0|1	59,14
1475853	C	T	0|1	59,14
1475858	T	C	0|1	56,14
1475874	C	T	0|1	52,13
1475879	T	TGGG	0|1	53,12
1475880	CTCA	C	0|1	56,10
1475894	C	CAA	0|1	58,10
1475896	A	G	0|1	57,10
1475897	TAG	T	0|1	56,10
1475902	T	C	0|1	55,10
1475914	C	T	0|1	54,10
1475916	C	G	0|1	55,10
1475920	G	T	0|1	56,9
1475921	A	T	0|1	56,9
1475924	A	G	0|1	55,9
1476251	T	G	0/1	42,7
1476256	A	G	0/1	41,7
1476260	A	G	0/1	40,8
1476280	A	C	0/1	38,29
1476290	C	CGGT	0|1	43,27
1476293	C	T	0|1	43,27
1476294	ACCC	A	0|1	46,27
1476311	G	C	0|1	43,26
1476312	T	C	0|1	44,27
1476313	G	A	0|1	44,27
1476332	G	C	0|1	47,34
1476338	C	T	0|1	44,35
1476353	G	A	0/1	44,28
1476358	T	C	0/1	43,35
1476359	C	T	0/1	48,31
1476382	A	G	0|1	44,37
1476383	T	A	0|1	44,37
1476408	G	A	0|1	52,30
1476411	G	A	0|1	48,30
1476425	G	A	0/1	45,28
1476428	C	T	0/1	46,28
1476463	C	T	0|1	46,23
1476466	C	T	0/1	44,23
1476470	C	T	0|1	44,23
1476481	T	C	0/1	45,25
1476506	T	C	0|1	51,26
1476513	G	A	0|1	54,19
1476514	C	T	0|1	54,19
1476519	C	G	0|1	57,19
1476524	C	A	0|1	57,19
1476528	A	G	0/1	57,17
1476534	A	AAG	0|1	58,16
1476538	AAC	A	0/1	60,15
1476544	T	C	0|1	58,15
1476545	C	T	0|1	58,15
1476565	G	A	0|1	59,10
1476566	A	G	0|1	59,10
1476567	C	T	0|1	59,10
1476577	T	A	0|1	58,10
1476578	C	A	0|1	56,10
1476584	C	T	0|1	55,10
1476592	G	A	0|1	55,10
1476594	C	T	0|1	56,9
1476603	G	A	0|1	58,8
1476605	C	T	0|1	58,8
1476608	C	A	0|1	59,8
1476614	A	G	0|1	58,8
1476619	C	T	0|1	58,8
1476628	T	A	0|1	59,7
1476629	C	A	0|1	57,7
1476637	C	A	0|1	57,7
1478182	G	A	1/1	3,45
1479085	T	C	0/1	62,7
1482627	T	C	1/1	0,53
1484708	A	C	1/1	0,60
1485393	T	C	0/1	55,7
1490905	A	G	0/1	53,13
1498951	G	T	0/1	44,6
1499274	C	G	1/1	0,66
1504420	G	A	1/1	4,64
1526819	C	A	0/1	62,8
1535206	C	T	1/1	2,74
1536251	G	T	1/1	0,68
1541798	C	T	0/1	45,7
1544255	C	T	0/1	47,9
1546703	C	T	0/1	44,8
1547125	T	C	1/1	1,86
1547249	G	T	0/1	9,68
1552547	G	A	1/1	0,66
1563692	C	G	0/1	73,11
1563717	C	T	0/1	80,9
1576083	T	C	0/1	71,12
1576481	T	G	0/1	57,8
1576527	G	T	0/1	47,8
1577241	G	A	0/1	43,7
1585452	A	C	0/1	7,68
1593331	G	A	0/1	31,5
1595342	T	C	0/1	47,7
1609840	A	G	0/1	52,6
1612624	T	TATCGGTACCGGTGCGCCAGGG	1/1	0,45
1613035	T	C	1/1	0,50
1624791	C	G	0/1	55,8
1625332	C	CGGT	0/1	59,8
1627351	T	C	0/1	62,7
1639241	A	C	0/1	5,42
1639594	C	A	1/1	0,33
1645802	T	C	0/1	60,7
1647436	G	A	0/1	51,9
1650072	A	G	1/1	0,46
1669158	T	C	0/1	66,8
1673868	C	G	0/1	9,50
1676046	C	G	0/1	9,71
1676290	C	A	0/1	61,7
1678706	A	C	0/1	46,5
1682005	TC	T	1/1	5,57
1688064	A	G	0/1	36,4
1695037	G	A	0/1	50,7
1696676	A	C	0/1	30,7
1706119	T	C	1/1	0,50
1710786	T	G	1/1	4,49
1713192	A	G	0/1	61,10
1720416	C	A	0/1	54,8
1728837	A	G	1/1	0,75
1729425	C	T	0/1	7,59
1741352	C	T	0/1	58,10
1748753	T	C	0/1	11,51
1753519	G	GC	1/1	0,50
1756358	CG	C	0/1	57,15
1759252	G	T	1/1	0,54
1760292	A	G	1/1	0,75
1778430	T	C	1/1	1,55
1778773	A	G	0/1	4,43
1798355	G	A	0/1	39,11
1803265	G	A	1/1	0,54
1817976	A	T	1/1	0,66
1831220	A	C	0|1	56,6
1831226	A	G	0|1	58,6
1834177	A	C	0/1	60,9
1836286	G	C	1/1	0,62
1837362	C	T	0/1	68,8
1839759	G	C	0/1	54,10
1848453	A	T	0/1	7,55
1849051	C	T	0/1	78,12
1854300	T	C	0/1	57,7
1856777	G	C	1/1	0,44
1859559	C	A	0/1	48,12
1880279	G	A	1/1	5,60
1885385	T	G	0/1	36,13
1885772	G	A	1/1	0,52
1888373	T	C	0/1	45,8
1889047	CA	C	0/1	5,58
1892017	T	C	0/1	58,11
1894300	G	GGTCTTGCCGC	1/1	0,55
1901493	T	C	1/1	0,42
1902337	A	C	0/1	54,10
1906078	A	G	0/1	45,8
1907296	G	C	1/1	0,77
1914977	A	C	0/1	8,51
1916137	A	G	0/1	60,19
1917972	A	G	1/1	0,44
1931179	C	A	1/1	0,69
1933988	G	A	1/1	0,51
1944402	T	C	1/1	0,56
1950767	T	C	1/1	0,66
1955528	G	T	1/1	3,58
1955760	CGAA	C	0/1	47,10
1961735	A	G	0/1	57,6
1963970	A	G	0/1	13,30
1967237	C	A	1/1	0,72
1967543	C	A	0/1	50,9
1971725	G	C	0/1	38,4
1980652	G	T	0/1	69,9
1981095	GT	G	0/1	11,54
1984903	C	T	0/1	60,10
2022868	T	C	1/1	0,56
2023628	C	G	0/1	48,6
2055271	A	G	1/1	0,65
2057774	A	T	1/1	0,53
2062702	C	A	0/1	57,8
2074754	C	T	0/1	48,7
2078246	C	G	0/1	55,7
2079756	A	G	0/1	7,57
2092070	T	C	0/1	9,54
2094479	T	C	0/1	10,64
2094911	ACAGCGT	A	0/1	61,10
2096186	A	G	1/1	0,66
2097270	C	T	0/1	49,11
2100091	C	A	1/1	0,26
2108890	A	C	0/1	48,10
2109523	C	CG	1/1	0,41
2112832	A	C	0/1	59,12
2116903	C	T	1/1	0,55
2120147	C	T	0/1	10,61
2122395	C	T	0/1	48,6
2122976	C	G	0/1	66,13
2123169	T	G	1/1	0,70
2128870	A	G	1/1	0,47
2137521	A	ACTCCGATCAC	0/1	57,8
2138436	A	G	0/1	65,11
2138453	C	T	0/1	71,10
2142266	C	A	0/1	43,5
2143328	G	C	1/1	0,51
2146065	C	CGGCGGTCGCGGCGGGGCGGGCGGTAGAGGCGGCGACGGCGGGCAA	1/1	0,32
2146376	A	C	1/1	4,57
2147483	G	A	1/1	1,68
2151222	T	G	0/1	59,7
2153725	CTCATCCCCGTCTCG	C	0/1	51,7
2161343	G	GT	0/1	50,10
2172380	A	C	0/1	44,7
2173090	C	G	1/1	4,68
2173860	A	C	0/1	59,7
2175826	C	G	1/1	3,62
2177366	C	T	0/1	43,9
2184176	G	A	1/1	2,58
2184715	TG	T	0/1	6,60
2185674	A	G	0/1	44,6
2187587	G	C	0/1	72,12
2191498	G	T	0/1	41,8
2199052	C	G	0/1	40,5
2207591	T	TC	1/1	0,74
2211826	A	G	0/1	52,6
2212762	C	T	0/1	7,51
2213395	A	G	1/1	3,56
2216443	C	A	1/1	0,45
2220512	T	G	1/1	0,51
2221584	G	C	0/1	58,6
2223293	T	C	1/1	0,72
2228967	A	G	1/1	0,69
2229801	C	G	0/1	64,13
2245864	C	A	0/1	59,7
2246603	C	T	0/1	8,68
2247677	A	C	0/1	44,6
2251605	G	A	0/1	16,5
2251999	A	G	1/1	0,53
2260100	C	T	0/1	49,10
2260151	A	G	0|1	55,24
2260154	C	T	0|1	58,24
2260171	T	C	0|1	60,27
2260174	C	T	0|1	62,27
2260196	C	CA	0|1	61,28
2260199	C	T	0|1	61,28
2260212	G	T	0|1	68,28
2260214	G	C	0|1	68,28
2260220	C	T	0|1	67,28
2260222	C	G	0|1	67,28
2260231	T	C	0|1	71,28
2260525	C	T	1/1	0,60
2264782	C	A	1/1	0,64
2267015	T	C	0/1	42,6
2268627	G	C	0/1	60,9
2269780	T	C	1/1	0,60
2270102	A	G	1/1	0,61
2273733	TC	T	0/1	49,7
2277639	T	C	1/1	4,47
2282787	C	T	1/1	0,50
2283191	G	C	0/1	40,7
2285251	C	A	1/1	0,59
2287121	A	G	1/1	0,39
2294007	T	C	0/1	58,10
2294492	A	G	0/1	46,9
2311099	C	G	0/1	48,6
2320320	C	T	0/1	53,7
2321975	T	C	0/1	57,12
2326096	T	G	1/1	0,32
2331620	A	C	0/1	53,6
2331789	G	T	0/1	61,10
2335075	A	G	0/1	37,8
2335494	A	G	0/1	50,9
2341636	C	G	1/1	0,67
2342649	A	AGGCGTACACAC	0/1	51,9
2344246	G	C	0/1	57,7
2344499	T	G	0/1	69,14
2344606	G	C	0/1	14,80
2346318	G	A	0/1	71,10
2346822	C	A	0/1	9,53
2348870	G	A	1/1	3,41
2362041	C	A	1/1	0,64
2368564	TA	T	1/1	0,43
2369186	G	C	0/1	47,8
2369326	C	G	0/1	40,5
2373696	A	ACCG	1/1	2,49
2376414	G	A	1/1	3,53
2378363	G	A	0/1	8,66
2386389	G	A	1/1	0,63
2397635	C	A	0/1	5,52
2399734	G	A	0/1	44,6
2410831	T	C	0/1	6,51
2411432	C	G	0/1	55,13
2413246	C	A	0/1	42,5
2415656	G	C	1/1	0,41
2418697	T	G	0/1	46,7
2421816	A	G	0/1	54,6
2424925	A	G	1/1	0,65
2448458	C	T	0/1	39,6
2455220	G	A	0/1	8,56
2462871	G	A	0/1	48,9
2470591	A	C	0/1	46,11
2473373	C	T	0/1	53,10
2480796	G	A	0/1	6,57
2489669	A	C	0/1	8,60
2505085	G	A	0/1	40,9
2507254	G	A	0/1	8,65
2509140	G	C	0/1	55,8
2509722	A	G	1/1	0,37
2514587	C	T	0/1	4,48
2521342	T	C	1/1	1,56
2521428	A	G	0/1	47,7
2523205	G	GCGC	1/1	0,58
2525722	CG	C	1/1	0,87
2526974	T	C	0/1	64,9
2529680	A	G	0/1	50,8
2533377	T	C	0/1	55,7
2534562	GGA	G	1/1	0,52
2536892	T	C	0/1	34,6
2538319	A	T	0/1	58,8
2543395	T	C	0/1	51,8
2546684	C	A	0/1	29,4
2548700	C	T	0/1	44,9
2551576	C	G	0|1	50,10
2551577	T	C	0|1	50,10
2555563	C	T	1/1	3,55
2556725	G	T	0/1	59,11
2566766	C	CG	0|1	61,7
2566768	A	C	0|1	61,7
2575408	A	G	0|1	26,9
2575410	C	G	0|1	25,3
2578626	A	G	0/1	47,6
2586076	C	G	0/1	42,7
2586127	A	G	1/1	0,53
2589216	G	C	0/1	58,10
2589985	C	A	1/1	1,34
2592309	T	G	0|1	35,19
2592311	A	G	0|1	33,3
2598400	A	G	0/1	58,8
2600260	A	G	0/1	47,10
2604156	T	TCAGTGCCAA	0/1	62,7
2612632	C	A	1/1	0,42
2619271	T	C	0/1	45,6
2627618	C	A	0/1	46,9
2629275	A	C	0/1	42,16
2630740	T	C	0/1	52,6
2631840	A	T	0/1	59,13
2631851	T	G	0|1	57,12
2631852	G	A	0|1	56,11
2631853	C	G	0|1	56,11
2631860	C	T	0|1	56,11
2631861	G	A	0|1	56,12
2631863	G	C	0|1	55,12
2631865	C	T	0|1	56,12
2631872	C	T	0|1	55,12
2631877	T	C	0|1	61,12
2631883	T	C	0|1	57,12
2631887	A	G	0|1	57,11
2631890	C	T	0|1	58,12
2631929	C	G	0|1	55,13
2631931	G	A	0|1	55,13
2631932	C	G	0|1	55,13
2631938	G	A	0|1	54,13
2631940	T	A	0|1	54,13
2631941	A	G	0|1	53,13
2631944	C	T	0|1	56,13
2631962	T	G	0|1	56,20
2631967	G	A	0|1	54,20
2631968	A	G	0|1	54,20
2631971	A	G	0|1	54,21
2631977	G	C	0|1	52,20
2632341	C	CA	0/1	52,9
2634282	T	G	0/1	61,8
2647613	T	C	0/1	54,9
2647809	G	A	1/1	5,49
2649602	T	C	0/1	7,59
2655300	T	C	0/1	51,11
2656225	A	G	1/1	0,86
2660319	C	G	0/1	47,8
2663795	G	A	0/1	52,12
2673818	C	G	0/1	50,6
2680658	T	G	0/1	46,5
2687050	C	A	0|1	29,7
2692100	C	T	0/1	61,9
2695378	C	G	0/1	65,8
2696727	C	T	0/1	5,55
2718852	T	G	1/1	0,71
2729058	A	C	0/1	52,7
2734074	T	C	1/1	0,16
2737572	C	A	0/1	46,11
2738274	A	C	0/1	51,10
2740718	C	T	1/1	4,62
2742477	T	C	0/1	8,55
2751804	C	T	1/1	0,54
2751960	A	G	0|1	43,7
2751963	T	G	0|1	43,6
2752122	G	C	0/1	49,10
2752698	C	A	0/1	56,8
2753784	G	A	0/1	12,64
2760152	A	G	1/1	0,93
2772004	G	A	0/1	11,59
2779136	T	C	1/1	0,72
2786952	A	G	1/1	0,64
2787551	CGGTAGAACG	C	0/1	53,13
2788195	C	T	0/1	6,58
2789798	G	T	0/1	42,11
2809250	C	T	0/1	12,56
2809621	T	C	1/1	0,64
2818837	A	G	1/1	0,54
2827984	G	T	1/1	0,43
2828019	T	C	1/1	0,46
2830525	C	A	1/1	0,49
2841022	A	G	0/1	27,10
2847281	A	G	0/1	49,7
2851160	GAA	G	0|1	61,8
2851164	CATT	C	0|1	62,9
2853699	C	A	0/1	9,51
2855259	A	G	1/1	0,65
2857895	C	G	1/1	5,57
2864921	C	T	0/1	25,13
2865180	G	C	0/1	42,6
2865760	A	G	1/1	0,83
2866119	C	T	0/1	5,51
2867880	TA	T	0/1	39,5
2880702	G	C	0/1	64,8
2881597	AG	A	1/1	0,70
2884398	C	G	1/1	2,62
2886570	A	G	0/1	53,14
2888201	T	C	0/1	51,7
2889633	T	C	1/1	0,47
2891267	C	T	1/1	0,53
2891728	A	G	1/1	0,60
2894208	G	A	1/1	0,53
2899426	G	A	0/1	4,51
2910461	G	T	1/1	0,42
2911293	C	G	1/1	0,56
2912294	T	G	1/1	0,82
2923391	T	C	1/1	1,53
2927939	T	C	1/1	0,86
2930254	G	A	1/1	6,67
2932582	A	C	0/1	16,49
2939373	G	C	1/1	0,64
2939657	T	C	1/1	1,54
2946343	T	G	1/1	6,60
2954439	T	C	1/1	0,67
2955061	T	C	0/1	6,60
2969197	A	G	0/1	60,7
2984740	A	G	1/1	0,58
3003115	C	G	0/1	45,11
3005789	T	C	0/1	7,44
3010727	A	C	1/1	2,63
3013054	G	A	1/1	2,54
3017134	G	T	0/1	8,70
3017465	T	C	1/1	0,55
3027798	T	C	0/1	59,12
3032733	T	G	0/1	9,10
3037377	T	C	0/1	55,7
3041871	G	T	0/1	42,7
3068371	C	A	0/1	40,6
3069167	A	G	0/1	40,6
3080795	A	G	1/1	0,52
3086788	T	C	0/1	59,9
3089689	C	G	0/1	8,72
3103682	T	C	1/1	0,76
3104189	A	G	0/1	67,7
3110140	G	T	0/1	43,8
3111476	C	T	0/1	67,14
3115384	G	C	0/1	50,11
3135606	A	G	0/1	59,10
3137058	G	A	1/1	0,50
3144623	C	T	0/1	42,7
3149642	T	C	0/1	62,13
3164260	G	A	0/1	7,61
3167510	C	T	0/1	60,10
3168967	C	A	0/1	8,46
3174748	T	C	1/1	3,64
3177884	C	A	1/1	0,55
3180988	C	A	0/1	50,7
3186860	T	G	1/1	0,50
3189242	A	G	0/1	60,6
3190721	C	T	1/1	3,39
3207640	C	T	1/1	3,44
3208502	C	T	0/1	7,51
3209156	G	A	0/1	48,6
3215622	CG	C	0/1	46,5
3226181	A	C	1/1	0,55
3228143	G	T	1/1	0,58
3232650	T	TCCGTGGCGATCGCAAGCGCGGCGCAGCCGCGCGCAGCGGGTCGCCACCATCAGACC	1/1	0,0
3256494	A	G	0/1	50,7
3269581	A	G	1/1	0,88
3270784	A	G	1/1	0,66
3275416	C	G	0/1	7,35
3275549	G	T	0/1	28,4
3296371	G	GCCGCGGC	0/1	40,10
3296843	A	G	1/1	0,31
3296972	C	A	0/1	6,50
3304966	G	A	0/1	51,11
3308606	G	A	1/1	0,83
3310858	G	A	0/1	6,62
3312608	C	T	0/1	11,61
3316955	A	C	0/1	26,5
3326554	A	C	0/1	55,7
3338603	G	C	1/1	0,51
3356655	T	G	0/1	45,13
3358235	A	T	1/1	0,75
3363338	A	G	1/1	0,71
3367765	G	A	1/1	1,62
3375165	A	C	0/1	63,8
3376586	C	T	1/1	2,45
3401871	A	G	0/1	46,10
3402816	C	T	0/1	64,9
3404376	C	G	0/1	59,10
3408150	T	C	0/1	49,6
3412611	T	C	0/1	46,10
3415180	ACACCTAGGGGGTGG	A	1/1	0,51
3419467	C	T	0/1	7,51
3420825	A	G	0/1	52,7
3425854	C	T	1/1	0,57
3428917	C	A	1/1	0,60
3433478	C	T	0/1	50,7
3440464	T	G	1|1	0,87
3440468	G	C	1|1	0,82
3446699	C	G	0/1	39,6
3450725	T	C	1/1	0,4
3456666	A	G	1/1	0,76
3462135	G	C	0/1	54,14
3468628	A	G	1|1	2,42
3468629	C	A	1|1	2,42
3480474	G	A	0/1	55,8
3480789	T	C	0/1	60,10
3486977	A	G	1/1	0,73
3500149	G	A	0/1	78,8
3500243	G	C	0/1	60,6
3503022	G	C	0/1	6,66
3503895	C	T	1/1	0,52
3504055	G	A	0/1	50,12
3504342	A	G	0/1	12,42
3504617	G	A	0/1	5,35
3509626	C	A	0/1	41,6
3518167	A	G	0/1	51,15
3518555	A	G	1/1	0,78
3519097	G	A	0/1	47,8
3540197	G	A	0/1	43,7
3542049	G	A	0/1	62,11
3546562	T	A	0/1	58,9
3550789	C	G	0/1	61,10
3556275	A	G	0/1	66,14
3563387	C	G	0/1	7,58
3571828	G	C	0/1	43,7
3576231	T	C	0/1	53,9
3577497	C	T	0/1	59,7
3580636	CT	C	1/1	0,70
3581414	A	G	1/1	0,64
3587446	G	A	0/1	64,10
3590686	G	GC	1/1	0,47
3591063	T	C	1/1	0,57
3600576	C	T	0/1	43,8
3604821	G	C	1/1	0,45
3610391	A	AC	0/1	54,9
3612813	T	C	0/1	38,6
3614982	T	C	0/1	51,7
3621423	A	G	0/1	61,10
3622441	A	C	1/1	0,37
3626562	G	A	0/1	48,9
3638093	G	A	0/1	50,6
3650871	T	C	0/1	7,36
3664457	C	A	0/1	61,9
3670040	C	T	0/1	46,6
3672350	A	C	0/1	6,53
3675504	G	T	0/1	58,14
3680932	G	A	0/1	49,7
3681548	A	C	0/1	47,5
3687148	G	C	0/1	78,11
3689523	G	T	1/1	0,71
3690950	T	TAGCTCGGCGACGATGCACGCCGCGCAGCGGCGTGAGGAGGAGCCGAGCAGTCCAACAC	1/1	0,2
3693681	A	C	0/1	59,7
3701000	C	A	0/1	6,65
3704596	G	C	1/1	0,64
3704770	A	G	0/1	31,6
3706666	A	C	1/1	2,38
3714211	G	T	1/1	0,74
3718357	C	T	1/1	0,55
3721806	G	C	1/1	0,55
3743656	G	A	0/1	53,9
3775441	A	C	0/1	45,7
3777042	C	T	0/1	8,43
3778011	G	A	0|1	68,8
3778012	G	T	0|1	68,8
3778396	C	T	0/1	62,8
3798596	A	G	0/1	64,13
3799086	A	C	0/1	24,7
3817117	C	A	1/1	0,40
3821845	G	T	0/1	54,8
3823159	A	T	1/1	0,54
3826501	C	T	0/1	48,6
3826684	C	T	1/1	0,64
3830349	C	T	0/1	45,8
3836739	G	A	0/1	11,72
3838871	A	G	1/1	0,37
3840764	C	G	1/1	6,63
3846525	A	C	1/1	0,10
3851887	A	C	0|1	41,11
3851888	T	C	0|1	39,11
3852587	G	A	0/1	52,11
3859893	C	T	1/1	0,43
3862472	GA	G	1/1	0,32
3863681	C	G	0/1	59,10
3866428	CTGGCG	C	0/1	53,8
3867085	C	T	0/1	9,50
3870010	A	G	0/1	71,19
3871246	T	C	0/1	60,9
3877421	A	G	1/1	0,57
3885886	T	C	0/1	52,8
3892671	A	G	1/1	0,80
3892737	G	A	0/1	66,11
3895727	C	A	0/1	64,7
3896340	T	G	1/1	0,57
3896705	GTCGACGAGCCACTCGGGCTCA	G	0/1	5,66
3898408	A	G	1/1	0,73
3899122	C	G	0/1	60,7
3902318	A	AT	0/1	62,10
3908465	A	G	0/1	61,7
3909235	G	C	0/1	47,7
3921464	G	A	0/1	47,12
3952800	G	A	1/1	0,64
3956670	C	T	1/1	4,67
3958403	A	G	0/1	42,10
3959418	C	T	1/1	0,59
3962187	G	A	0/1	55,8
3979990	C	G	0/1	68,10
3980320	C	T	0/1	7,44
3987370	CG	C	0/1	70,9
3989794	A	G	0/1	7,52
4001622	T	C	0/1	68,7
4004610	A	G	0/1	52,8
4012432	G	C	0/1	8,45
4019064	A	C	0/1	37,14
4026899	G	A	1/1	0,91
4028292	C	T	1/1	3,51
4034827	C	T	1/1	0,54
4041581	C	T	0/1	61,8
4055801	G	A	1/1	0,60
4056693	G	T	0/1	55,9
4059143	A	C	0/1	24,3
4059904	A	G	1/1	0,66
4089058	T	C	0/1	54,7
4094782	C	A	0/1	43,5
4095001	CG	C	1/1	0,59
4100975	T	C	1/1	0,49
4107074	T	C	0/1	51,12
4111303	G	C	1/1	0,77
4112429	T	C	0/1	70,7
4115890	G	C	0/1	50,7
4116610	G	A	0/1	69,9
4122287	G	T	0/1	56,8
4135453	T	G	0/1	6,6
4141696	G	C	1/1	5,66
4145009	G	A	1/1	6,65
4151855	A	G	0/1	45,8
4156099	C	A	1/1	0,63
4156503	C	T	0/1	54,7
4158493	C	T	0/1	54,7
4158865	G	A	0/1	5,57
4160278	G	A	0/1	6,61
4162339	A	G	1/1	0,74
4166441	G	A	0/1	73,9
4170964	G	GA	0/1	51,10
4178694	G	A	0/1	60,7
4182387	G	C	0/1	61,9
4187485	T	C	1/1	0,73
4187817	A	G	1/1	0,42
4188020	A	G	0/1	8,67
4197895	C	G	1/1	3,39
4200576	C	G	0/1	9,61
4204441	A	G	1/1	0,47
4205120	A	G	0/1	46,9
4205325	A	G	0/1	66,8
4210274	A	G	1/1	0,65
4217557	A	G	0/1	51,6
4218416	C	A	0/1	64,14
4218941	G	A	0/1	51,8
4221070	AC	A	0/1	54,7
4221490	C	G	1/1	0,45
4222073	A	G	1/1	0,36
4222882	A	G	1/1	0,64
4223172	T	C	0/1	32,4
4228346	G	A	1/1	5,80
4230597	G	A	0/1	11,63
4234664	G	A	1/1	3,72
4237297	G	A	1/1	1,56
4242643	C	T	1/1	0,64
4251297	G	C	0/1	56,8
4254431	G	A	0/1	68,9
4255922	A	G	0/1	49,6
4256210	G	T	0/1	47,8
4258106	G	A	0/1	54,6
4264381	G	GC	0/1	47,12
4267647	T	C	0/1	60,6
4278358	C	G	1/1	4,60
4279037	A	C	0/1	10,43
4280708	G	A	0/1	62,8
4284570	A	C	0/1	7,65
4290135	C	T	0/1	65,10
4296015	G	A	0/1	43,12
4303498	T	TG	0/1	70,8
4306155	C	T	1/1	0,73
4307179	G	A	0/1	38,5
4307292	C	T	0/1	9,57
4313128	C	T	0/1	53,10
4314645	A	G	0/1	49,6
4322039	AC	A	0/1	54,9
4329782	G	A	0/1	62,8
4338595	GC	G	1/1	0,67
4340028	G	C	0/1	45,6
4340099	C	T	0/1	10,43
4340264	A	G	0/1	6,50
4350305	G	A	0/1	57,8
4351039	G	T	1/1	0,80
4356110	G	C	1/1	0,81
4358867	G	A	0/1	7,43
4359164	G	GC	0/1	47,5
4359165	G	GTGATCGGGGTTCCCGGGGTGATCGGGGTTCCCGGC	0/1	42,5
4359653	C	T	0/1	55,7
4359828	G	A	0/1	58,9
4362568	T	G	0/1	37,7
4366272	G	C	1/1	0,30
4377355	G	A	0/1	52,8
4378504	T	C	0/1	50,10
4379680	C	G	1/1	0,45
4379710	T	G	0/1	5,40
4382054	T	C	1/1	0,67
4382275	G	T	1/1	0,55
4383144	C	CCGGGG	1/1	0,50
4383655	A	G	0/1	42,8
4386228	T	C	0/1	42,15
4388870	C	G	0/1	6,62
4390043	C	CT	1|1	2,37
4390358	CA	C	0/1	5,45
4393178	A	G	0/1	32,9
4393590	C	G	0/1	52,7
4400660	AC	A	1/1	0,55
4407588	T	C	0/1	48,5
4407927	T	G	0/1	64,8
4410709	C	G	0/1	13,67
