1594	T	TTGAACCGCCCCGGCATGTCCGGAGACTCCAGTTCTTGGAAAGGATGG	0/1	174,68
1742	G	A	0/1	160,143
1977	A	G	1/1	0,222
4013	T	C	1/1	0,209
5520	C	T	0/1	100,115
7222	C	T	0/1	106,104
7362	G	C	1/1	1,210
7582	A	G	1|1	0,189
7585	G	C	1|1	0,190
9138	C	G	0/1	91,81
9304	G	A	1/1	0,163
11701	G	A	0/1	100,105
11879	A	G	1/1	0,140
14251	G	A	0/1	64,71
14785	T	C	1/1	0,190
21795	G	A	1/1	0,73
24689	GTCGGGGTAGCCGCGTTGC	G	0/1	84,73
26959	C	G	1/1	0,163
29641	G	A	0/1	92,81
30572	G	C	0/1	69,67
33436	C	T	0/1	79,99
33457	C	T	0/1	93,75
33551	T	G	0/1	44,61
33841	C	G	0/1	127,121
34044	T	C	1/1	0,251
37031	C	G	1/1	0,160
37553	T	TTCATGACTCGGCTCGGCCCAC	0/1	48,43
41257	A	G	0/1	77,90
42967	G	C	1/1	0,162
47699	G	A	0/1	88,87
54500	G	A	0/1	110,103
62049	A	G	1/1	0,160
63214	C	T	0/1	101,122
63771	C	T	0/1	119,133
67792	C	T	0/1	58,63
69025	G	C	0/1	117,105
69989	G	A	1/1	0,175
70816	A	G	1/1	1,189
71336	G	C	1/1	0,92
71439	CCGGGGGCCGGACGTCCCCCCCGCGA	C	0/1	77,49
71584	C	CCGAGCGCTGTTCTGGCGCTAATCTGACGCTAGAATAG	1/1	0,149
74059	C	T	0/1	69,101
75940	G	C	1/1	0,139
78094	A	G	0/1	67,69
79504	TCGGTGGACC	T	0/1	27,24
83373	T	C	0/1	51,72
84908	C	T	0/1	102,87
86306	G	C	0/1	85,99
92199	T	G	1/1	0,91
93313	C	T	0/1	79,52
96440	G	A	0/1	61,73
97709	G	C	0/1	132,119
102188	C	A	0/1	46,40
103086	C	CCGG	0/1	58,53
113838	C	T	0/1	88,77
116000	T	G	1/1	0,155
122017	C	G	0/1	97,86
122109	A	G	1/1	0,159
125830	G	GA	1/1	0,170
131174	T	TG	1/1	0,208
133839	C	T	1/1	0,196
133862	G	A	0/1	83,123
138151	G	A	0/1	118,132
145708	G	T	0/1	79,71
146087	T	C	1/1	0,154
147655	G	C	0/1	63,55
154283	T	C	1/1	1,167
157292	C	T	0/1	91,104
157819	T	C	0/1	85,78
162581	G	A	0/1	75,90
165665	A	G	0/1	88,89
166006	C	G	0/1	80,85
168694	G	T	0|1	49,49
168695	C	G	0|1	78,9
168696	C	G	0|1	82,7
194681	G	C	1/1	0,167
196642	C	T	1/1	0,280
197397	G	C	0/1	66,63
198007	C	T	0/1	72,78
203269	C	T	0/1	88,131
206339	T	C	1/1	0,136
207226	T	C	0/1	94,99
212353	C	T	0/1	82,70
218605	A	G	0/1	109,95
223942	T	C	1/1	0,86
224901	C	G	0/1	91,87
225323	T	C	1/1	0,154
226517	C	T	0/1	120,111
227098	T	C	1/1	2,188
231114	C	G	1/1	0,220
234477	T	G	1/1	0,66
234496	C	CGT	1/1	0,75
236232	G	A	0/1	94,83
243118	G	A	0/1	48,66
243535	C	T	0/1	77,75
244719	G	A	0/1	64,58
244911	G	C	0/1	54,56
252083	A	C	0/1	105,81
261869	T	C	1/1	0,58
263306	T	C	0/1	85,80
265154	G	C	0/1	100,95
265554	A	C	1/1	0,253
266094	G	A	0/1	69,61
275328	G	C	0/1	76,73
278681	C	G	1/1	0,182
283313	G	A	0/1	66,89
283614	T	C	1/1	0,94
285772	A	C	1/1	0,96
285871	A	G	1|1	0,104
285876	C	T	0|1	52,51
287904	T	C	0/1	72,71
289095	A	G	0/1	95,98
293704	CT	C	0/1	59,69
295917	C	T	0/1	120,139
297337	C	T	0/1	97,98
302382	C	T	0/1	79,73
302660	T	C	0/1	98,114
303861	G	C	0/1	68,51
304902	C	T	0/1	99,99
310973	G	A	1/1	0,136
311613	G	T	1/1	1,208
316129	C	G	0/1	51,60
321338	T	TC	0/1	78,65
322655	C	T	0/1	142,103
326039	C	T	0/1	86,111
329923	T	C	0/1	140,95
330002	G	A	0/1	121,110
331502	G	A	0/1	94,55
336322	CAA	C	0|1	257,44
336325	T	G	0|1	254,44
336327	C	CGG	0|1	250,45
336332	G	C	0|1	256,47
336344	A	G	0|1	253,50
336345	T	C	0|1	253,50
336353	C	T	0|1	246,50
336356	GGAA	G	0|1	248,50
336360	C	CCTCCCCG	0|1	240,50
336369	C	T	0|1	240,54
336370	A	G	0|1	240,52
336380	A	T	0|1	243,85
336400	C	G	0|1	239,76
336403	C	G	0|1	230,75
336405	A	G	0|1	222,75
336422	TTG	T	0|1	231,38
336428	A	G	0|1	217,41
336431	C	T	0|1	212,41
336439	A	G	0|1	195,36
336441	C	T	0|1	192,37
336442	G	A	0|1	193,37
336449	T	C	0|1	191,35
336451	T	G	0|1	193,34
336452	A	G	0|1	193,34
336459	G	A	0|1	201,33
336468	G	GCGTCC	0|1	197,37
336472	C	CAG	0|1	192,37
336473	T	G	0|1	194,38
336476	A	AGTCG	0|1	194,37
336480	A	G	0|1	189,42
336504	G	T	0/1	167,71
336535	T	G	0|1	154,59
336537	T	G	0|1	154,60
336540	G	T	0|1	151,59
336546	T	G	0|1	140,55
336557	C	CT	0|1	130,51
336560	T	C	0|1	125,53
339088	T	G	0|1	219,26
339090	C	CGG	0|1	223,23
346275	C	G	1/1	0,185
355181	G	A	0/1	74,43
356528	A	G	1/1	0,132
361145	T	C	0/1	112,98
364658	G	C	0/1	90,93
376774	T	C	1/1	0,148
383081	A	G	0/1	106,113
384380	A	C	1/1	0,200
386432	C	G	1/1	0,161
390828	T	C	1/1	0,165
392914	C	T	0/1	80,112
403980	G	A	1/1	0,192
404326	T	C	1/1	0,223
408723	C	T	0/1	73,98
411371	T	C	0/1	82,60
414486	C	T	1/1	0,169
420008	A	G	1/1	0,212
420719	G	A	0/1	131,119
444351	G	T	0/1	63,73
453295	CAATATCG	C	0/1	73,93
453780	A	G	0/1	56,57
454295	T	C	1/1	0,106
457032	T	C	0/1	68,80
457452	T	G	1/1	0,147
459392	GCAGACGAGGAATCGCACTGCGCGGACCTCACGCGTGCGATTCCGCGTCTGCTCGT	G	0/1	201,70
466096	C	T	0/1	72,72
472705	T	C	0/1	81,82
472711	T	TTTGTGGGCCTTGTGGGCC	0/1	43,47
481254	TGCG	T	0/1	152,140
482418	C	T	0/1	120,109
489935	G	C	1/1	0,313
498557	C	A	1/1	1,161
502589	C	G	1/1	0,167
503354	G	C	1/1	0,207
506386	T	C	0/1	83,84
513257	T	C	1/1	1,151
513629	C	T	0/1	97,70
515125	T	G	0/1	76,72
530353	G	A	0/1	65,74
533781	T	C	0/1	97,102
534691	C	T	0/1	81,108
541201	A	G	1/1	0,263
542900	C	T	0/1	81,73
551525	A	C	1/1	0,158
563420	T	C	0/1	94,114
566456	T	C	0/1	100,68
573262	A	G	1/1	0,131
576672	G	GGC	0/1	67,40
584438	G	A	0/1	24,30
589290	C	CG	0/1	87,76
589536	G	A	0/1	60,41
590436	T	C	1/1	0,155
595374	T	C	0/1	37,49
596097	C	T	0/1	78,86
597816	A	G	1/1	0,240
598475	G	A	1/1	0,306
601389	T	G	0/1	55,47
606465	A	G	0/1	91,70
609511	G	A	0|1	102,76
609514	G	A	0|1	106,81
610120	T	G	1/1	0,176
634034	T	G	0/1	67,53
637319	G	A	1/1	1,250
637922	C	T	0/1	70,84
646243	T	C	0/1	73,65
648002	T	G	1/1	0,290
648992	C	G	0/1	110,96
651772	C	A	0/1	54,76
661815	T	G	0/1	99,71
664249	C	T	0/1	91,91
665293	A	G	1/1	1,219
669398	T	C	1/1	0,167
671281	A	G	0/1	93,72
684344	C	T	0/1	111,104
685461	C	G	1/1	0,175
685608	T	C	1/1	0,216
686972	T	C	1/1	1,253
689191	C	A	0/1	142,126
690167	C	T	0/1	48,40
690465	T	G	1/1	0,127
698968	G	A	1/1	0,113
701336	C	T	0/1	50,88
705062	G	C	0/1	52,54
705595	C	T	0/1	50,60
709226	G	A	0/1	61,57
712773	T	C	0/1	66,70
722724	C	T	0/1	58,81
726703	C	A	0/1	86,66
744624	G	T	0/1	36,45
746798	C	T	0/1	27,36
747032	C	T	0/1	38,41
752343	A	G	0/1	79,96
753088	C	T	0/1	99,73
754186	A	G	1/1	0,90
756790	C	T	0/1	92,75
762793	T	TCGACGC	0/1	61,56
764995	C	G	0/1	87,104
767314	C	A	0/1	61,39
768928	C	A	0/1	85,82
773809	G	A	0/1	52,38
775639	T	C	1/1	0,151
777416	C	A	0/1	61,76
778510	A	G	0/1	109,108
781395	T	C	1/1	0,178
784581	G	C	0/1	121,130
796509	G	T	0/1	76,61
809806	C	T	0/1	72,96
814641	T	C	0/1	47,58
820483	G	T	1/1	0,106
821102	C	T	0/1	67,64
825152	A	G	0/1	146,106
841764	G	C	1/1	0,261
844973	G	A	0/1	52,48
852832	A	T	0/1	80,76
852910	C	T	1/1	0,153
853469	C	A	0/1	73,82
854252	GC	G	0/1	117,124
857696	A	G	1/1	0,184
858959	G	A	0/1	83,69
874640	C	T	0/1	138,148
874835	C	CCG	1/1	0,221
880562	G	T	1/1	1,166
882257	T	C	1/1	0,136
885542	G	C	0/1	87,101
893733	T	G	1/1	0,133
900221	T	C	1/1	0,211
903550	T	C	1/1	0,134
903913	T	C	1/1	1,153
906857	A	G	1/1	0,152
909453	C	A	0/1	103,113
920998	C	T	0/1	96,73
932204	T	TTGAAC	0|1	114,46
932206	G	GCCCCGGTGAGTCCGGAGACTCTCTGATCTGAGACCT	0|1	113,41
932994	A	T	0/1	75,68
942479	T	C	0/1	113,90
945214	G	A	1/1	1,172
948270	G	A	0/1	85,75
949535	T	C	1/1	1,135
955524	A	G	1/1	0,138
964099	T	C	0/1	60,77
966508	G	A	0/1	82,73
979704	G	C	1/1	0,109
980100	C	T	0/1	37,50
980360	G	T	0/1	52,57
986463	G	C	1/1	1,279
986563	C	T	0/1	150,165
990001	G	C	1/1	1,188
993346	A	C	1/1	0,299
1010204	C	CG	1/1	3,157
1012135	C	T	0/1	126,126
1025106	T	C	1/1	0,221
1032674	C	G	0/1	104,98
1037012	T	C	1/1	0,158
1037911	C	T	1/1	0,168
1042177	G	GA	0/1	52,86
1047165	T	C	1/1	0,207
1047683	G	T	0/1	98,108
1051949	G	A	0/1	79,77
1052899	C	T	0/1	75,85
1055672	C	A	0/1	97,139
1061676	GTGC	G	0/1	143,148
1068151	T	C	1/1	0,115
1068432	A	G	1/1	0,145
1070476	C	T	0/1	65,64
1070702	T	C	1/1	0,135
1074558	G	A	1/1	0,132
1075279	T	C	1/1	0,243
1076309	G	T	1/1	0,161
1077312	A	G	1/1	0,143
1079927	C	A	1/1	0,120
1081681	T	C	1/1	0,160
1087193	G	C	1/1	0,156
1090172	G	A	0/1	66,84
1093322	C	T	0/1	66,67
1100234	T	C	1/1	0,215
1101832	TA	T	0/1	219,169
1103249	C	T	0/1	262,245
1103786	G	T	0/1	158,205
1105102	A	C	0/1	167,190
1106422	T	C	1/1	0,327
1106652	A	G	0/1	99,121
1107434	A	T	0/1	107,106
1107917	G	T	0/1	78,87
1109975	A	G	1/1	0,217
1118026	T	C	0/1	92,103
1121126	C	CA	0/1	40,50
1126889	G	C	1/1	0,174
1127648	C	A	1/1	0,158
1129895	T	C	0/1	83,85
1130261	G	A	0/1	88,84
1142266	A	C	0/1	30,44
1146421	C	T	0/1	50,56
1149551	C	T	1/1	0,181
1150585	G	A	1/1	0,119
1157768	A	C	0/1	114,115
1163404	C	G	0/1	102,90
1168715	C	CT	1/1	0,174
1175022	G	C	0/1	99,50
1178116	T	C	1/1	0,183
1199547	G	A	0/1	89,89
1200418	A	G	1/1	0,264
1205269	C	T	0/1	46,56
1208652	G	A	0/1	55,60
1220680	T	C	1/1	0,197
1224307	C	G	0/1	53,40
1224367	T	C	1/1	0,62
1226129	C	T	0/1	71,84
1231349	G	A	0/1	94,79
1232496	T	C	0/1	69,73
1246810	C	G	0/1	60,78
1248978	T	C	1/1	0,134
1257610	G	T	0/1	119,113
1260654	G	A	0/1	62,54
1264980	TCGC	T	0/1	68,68
1267648	C	T	0/1	79,97
1281118	T	C	1/1	0,199
1287291	C	G	0/1	71,86
1290326	G	A	0/1	59,75
1292102	A	G	1/1	1,106
1304345	A	C	0/1	76,77
1307598	C	G	1/1	0,131
1311932	G	A	0/1	45,49
1313337	A	AG	1/1	0,52
1313338	A	C	1/1	0,52
1315191	A	C	1/1	0,142
1315884	G	A	1/1	0,108
1320675	G	A	0/1	74,98
1321210	C	T	0/1	120,147
1327890	G	A	1/1	0,149
1328687	G	C	1/1	0,120
1334260	C	A	0/1	33,44
1349206	T	C	0/1	147,140
1354437	A	C	0/1	94,84
1354765	C	G	0/1	75,77
1354790	A	G	0/1	78,87
1357114	C	T	0/1	21,24
1357249	A	AC	0/1	24,44
1360209	T	C	1/1	0,121
1365818	C	A	0/1	75,74
1365837	C	CG	1/1	0,148
1369464	C	T	0/1	52,73
1372301	G	C	0/1	71,83
1374065	T	C	1/1	0,105
1375724	A	C	1/1	0,112
1382628	T	C	1/1	1,251
1388470	G	A	0/1	121,98
1388699	A	G	0/1	117,79
1389738	G	A	0/1	125,128
1392921	G	A	0/1	74,76
1393626	A	G	1/1	0,89
1396310	G	A	0/1	87,104
1396922	T	C	1/1	0,149
1404169	T	G	0/1	82,57
1411210	T	G	1/1	0,137
1412755	G	C	0/1	53,70
1413148	C	T	1/1	0,95
1414021	C	T	1/1	1,217
1428506	G	T	0/1	49,67
1429706	C	T	0/1	73,65
1438369	G	T	0/1	70,76
1440150	T	C	0/1	76,72
1440469	C	G	1/1	0,206
1443704	C	T	0/1	57,60
1445474	G	A	0/1	86,92
1445781	A	G	1/1	0,156
1446543	G	C	0/1	76,81
1446923	T	G	0/1	81,76
1447655	T	C	0/1	84,81
1452071	C	A	0/1	61,64
1457144	C	T	1/1	0,204
1459237	G	A	0/1	88,93
1466515	G	C	0/1	124,109
1471659	C	T	1/1	0,305
1472337	C	T	0/1	159,146
1482627	T	C	1/1	0,178
1484708	A	C	1/1	0,163
1496148	C	T	0/1	81,62
1499274	C	G	1/1	0,124
1507546	C	A	0/1	72,80
1512031	T	G	0/1	95,110
1522052	G	C	0/1	168,105
1526819	C	A	1/1	0,256
1527449	G	GT	0/1	147,156
1536251	G	T	1/1	1,174
1538720	C	T	0/1	103,82
1547125	T	C	1/1	2,315
1552547	G	A	1/1	0,157
1563717	C	T	1/1	0,192
1570566	C	A	1/1	0,180
1575104	G	C	0/1	75,78
1586163	A	G	0/1	110,98
1586249	C	T	0/1	104,92
1588899	G	T	1/1	0,128
1592015	C	T	0/1	87,82
1592270	G	C	0/1	83,88
1592453	T	C	0|1	60,75
1592454	C	A	0|1	59,74
1601086	C	T	0/1	67,76
1605343	C	A	0/1	81,78
1609840	A	G	1/1	0,153
1612624	T	TATCGGTACCGGTGCGCCAGGG	1/1	1,76
1613035	T	C	1/1	1,251
1613960	G	T	0/1	87,102
1624791	C	G	1/1	0,107
1625019	G	A	0/1	75,78
1630148	A	C	1/1	0,211
1635607	C	T	0/1	51,67
1639594	C	A	1/1	0,200
1645802	T	C	1/1	0,181
1646940	C	T	0/1	67,30
1650072	A	G	1/1	0,142
1676290	C	A	1/1	0,184
1689349	C	T	1/1	0,242
1692141	A	C	1/1	1,437
1692205	G	A	0/1	228,189
1692795	G	C	0/1	236,178
1693561	A	G	1/1	0,427
1698911	G	A	1/1	2,197
1706080	GA	G	0/1	84,97
1706119	T	C	1/1	0,213
1707731	A	G	0/1	95,73
1710070	C	G	0/1	97,115
1711676	A	C	0/1	100,99
1715531	G	C	0/1	97,90
1718761	C	T	0/1	70,96
1719996	C	T	0/1	109,93
1724762	G	A	0/1	57,49
1728837	A	G	1/1	0,267
1734994	C	T	0/1	90,94
1740771	A	C	0/1	54,74
1741169	G	A	0/1	57,38
1753519	G	GC	1/1	0,87
1759252	G	T	1/1	0,235
1760292	A	G	1/1	0,234
1778430	T	C	1/1	0,76
1778557	C	T	0/1	61,59
1779854	G	A	1/1	0,62
1779920	T	C	1/1	0,75
1793769	C	T	0/1	72,103
1795629	C	G	0/1	58,70
1798355	G	A	1/1	2,115
1799806	C	T	0/1	56,59
1801706	G	T	0/1	115,115
1803265	G	A	1/1	0,198
1804409	C	A	1/1	0,155
1806829	C	G	0/1	86,101
1810757	A	G	0/1	95,95
1813255	T	A	0/1	60,70
1817976	A	T	1/1	0,118
1819488	G	A	0/1	69,78
1836286	G	C	1/1	0,111
1838153	G	A	0/1	96,91
1842280	C	T	0/1	102,107
1843570	T	TGTCATATGCGCCACTGCTCCTATGCCGGCTGCGCCGGCATCATCGTCGTTGGCGCGG	0/1	0,0
1846626	G	C	0/1	95,77
1847919	C	G	1/1	0,143
1854300	T	C	1/1	0,110
1856777	G	C	1/1	0,144
1861042	A	G	0/1	47,41
1862066	T	A	0/1	64,54
1862335	A	G	0/1	77,89
1873140	A	C	0/1	48,60
1885073	A	G	0/1	98,92
1885772	G	A	1/1	0,153
1887410	C	G	0/1	63,60
1894300	G	GGTCTTGCCGC	1/1	0,127
1899351	T	C	0/1	82,109
1901493	T	C	1/1	0,167
1907296	G	C	1/1	0,220
1917972	A	G	1/1	0,135
1923722	C	G	0/1	85,98
1931179	C	A	1/1	0,188
1933988	G	A	1/1	0,262
1935613	C	T	0/1	93,89
1938311	G	A	0/1	63,73
1943039	C	T	0/1	68,64
1943592	C	T	0/1	91,70
1944107	A	G	1/1	0,139
1944402	T	C	1/1	0,141
1944642	CT	C	0/1	63,78
1947903	G	T	0/1	63,72
1950767	T	C	1/1	0,277
1955581	AGTCTGATTGCCCGGTTCCTCCTCGCGCCGCAAACGGCGCGCATCGTCACCGGGCGTC	A	0/1	46,64
1960284	C	A	1/1	1,135
1960368	T	C	0/1	86,73
1967237	C	A	1/1	1,230
1968329	G	A	0/1	76,90
1980680	G	T	0/1	118,45
1981056	C	T	0/1	68,76
1993808	A	T	1/1	0,56
2012964	T	C	0/1	99,100
2022126	G	C	0/1	89,74
2022868	T	C	1/1	0,130
2030340	AG	A	0|1	87,101
2030345	A	G	0|1	90,100
2030355	A	G	0|1	88,91
2033890	G	T	0/1	67,75
2034662	A	G	0/1	96,100
2035087	C	T	0/1	93,101
2038913	T	G	0/1	147,158
2049849	A	C	0/1	118,97
2053411	G	C	0/1	103,103
2053682	C	T	0/1	80,90
2053895	A	G	0/1	105,86
2055271	A	G	1/1	0,149
2057774	A	T	1/1	0,163
2060456	C	T	0/1	85,84
2080611	T	C	0/1	109,80
2094911	ACAGCGT	A	1/1	0,243
2096186	A	G	1/1	0,112
2097368	A	C	0/1	65,48
2097990	A	C	0/1	88,81
2102990	A	G	0/1	141,118
2105376	A	C	0/1	93,94
2105524	C	T	0/1	85,100
2108141	T	C	1/1	0,92
2109523	C	CG	1/1	0,89
2111792	G	A	0/1	105,75
2116903	C	T	1/1	1,164
2121063	C	T	0/1	101,112
2123169	T	G	1/1	0,201
2123876	T	G	0/1	106,103
2124646	GC	G	0/1	78,60
2128870	A	G	1/1	0,143
2133468	T	TTCGCATGCCGTCACC	1/1	0,162
2135870	T	C	1/1	1,185
2137521	A	ACTCCGATCAC	1/1	0,201
2143328	G	C	1/1	0,192
2146065	C	CGGCGGTCGCGGCGGGGCGGGCGGTAGAGGCGGCGACGGCGGGCAA	1/1	0,16
2147022	A	C	1/1	1,184
2155168	C	G	1/1	0,208
2174216	A	G	0/1	72,94
2176813	C	T	0/1	84,70
2184371	G	A	0/1	41,32
2191251	G	A	0/1	93,88
2192350	C	T	0/1	67,70
2194950	T	G	0/1	69,55
2198366	C	T	0/1	63,56
2201198	C	T	0/1	137,130
2202582	G	T	0/1	105,88
2207525	C	T	0/1	91,120
2207591	T	TC	1/1	0,219
2208071	TGC	T	0/1	62,74
2211714	A	G	0/1	68,69
2211826	A	G	1/1	0,167
2216248	C	G	0/1	64,66
2216443	C	A	1/1	0,88
2220512	T	G	1/1	0,187
2223293	T	C	1/1	0,179
2228967	A	G	1/1	0,177
2231132	G	A	0/1	104,122
2234255	C	CT	0/1	121,106
2234475	C	T	0/1	117,125
2235930	T	G	0/1	60,40
2236802	G	T	0/1	108,86
2238117	C	T	0/1	71,90
2240063	C	T	0/1	101,100
2245532	T	C	0/1	142,152
2249403	C	T	0/1	112,122
2251999	A	G	1/1	0,193
2253921	T	C	0/1	149,127
2260339	G	T	0/1	65,70
2260525	C	T	1/1	0,145
2264782	C	A	1/1	2,184
2265059	T	G	1/1	0,181
2266487	G	C	0|1	202,57
2266504	T	TA	0|1	196,64
2266508	A	T	0|1	190,63
2266511	GT	G	0|1	197,67
2266517	T	C	0|1	194,69
2266550	G	T	0|1	193,89
2266553	C	G	0|1	195,84
2266583	C	G	0|1	180,51
2266598	G	C	0|1	179,56
2266604	C	G	0|1	178,57
2266613	G	GC	0|1	193,53
2266624	G	T	0|1	185,51
2269780	T	C	1/1	0,135
2270102	A	G	1/1	0,151
2271368	G	A	0/1	91,90
2279419	A	C	0/1	94,88
2282787	C	T	1/1	0,259
2283030	A	G	0/1	104,119
2285251	C	A	1/1	0,233
2287121	A	G	1/1	0,226
2288853	A	G	0/1	96,86
2288988	A	G	0/1	102,107
2315320	G	A	0/1	57,47
2329533	A	G	1/1	0,129
2334007	A	G	1/1	1,195
2335075	A	G	1/1	1,222
2335494	A	G	1/1	0,107
2338194	A	AC	0/1	26,15
2341636	C	G	1/1	0,126
2342653	CG	C	0/1	51,61
2344853	C	A	0/1	102,87
2345037	C	A	1/1	0,171
2352065	C	CCTCGCCTGGGCTGGCGAGCAGACGCAAAATCCCCCGCACGCCCGGCGTGTCGGGGGATTTTGCGTCTG	0/1	48,71
2356012	G	A	0/1	84,70
2357268	TGCC	T	1/1	0,12
2358029	T	TG	0/1	60,76
2358916	C	T	0/1	60,51
2361604	C	G	1/1	0,96
2362041	C	A	1/1	0,132
2368564	TA	T	1/1	0,212
2380682	T	G	0/1	80,107
2383915	GGTTCCAGATAC	G	0/1	129,99
2386389	G	A	1/1	0,159
2409569	G	T	0/1	107,103
2412160	G	C	0/1	55,49
2415656	G	C	1/1	0,80
2416167	G	T	0/1	44,44
2421223	G	T	0/1	43,35
2424925	A	G	1/1	0,224
2429448	T	G	0/1	114,85
2435526	A	AC	0/1	87,76
2436936	G	A	0/1	69,53
2438090	G	A	0/1	87,87
2440926	G	T	1/1	1,187
2453383	A	G	0/1	98,129
2461815	A	G	0/1	48,40
2462871	G	A	1/1	1,161
2463094	G	A	0/1	108,105
2463195	T	C	0/1	104,113
2467937	G	A	0/1	133,127
2470627	G	A	0/1	76,79
2478627	C	A	0/1	46,60
2484255	T	G	0/1	57,54
2496830	G	A	0/1	69,61
2499726	G	A	1/1	0,173
2502073	C	T	0/1	56,49
2503625	C	T	0/1	60,80
2509140	G	C	1/1	0,98
2509722	A	G	1/1	1,124
2512237	TC	T	0/1	45,46
2521342	T	C	1/1	0,150
2523205	G	GCGC	1/1	0,68
2525722	CG	C	1/1	0,142
2529680	A	G	1/1	0,193
2534562	GGA	G	1/1	0,128
2537602	A	C	0/1	73,91
2546359	C	T	0/1	102,127
2562004	C	A	0/1	142,136
2569511	G	T	0/1	75,79
2573756	C	A	1/1	2,199
2586127	A	G	1/1	0,139
2598400	A	G	1/1	0,147
2612632	C	A	1/1	2,199
2621058	G	A	0/1	63,61
2625070	T	C	0/1	44,50
2628914	A	G	0/1	104,89
2646469	T	G	0/1	92,92
2649855	G	A	0/1	88,86
2654371	G	A	0/1	94,94
2654643	C	T	0/1	78,87
2656225	A	G	1/1	0,169
2659711	G	A	0/1	37,50
2660319	C	G	1/1	1,147
2662958	G	A	0/1	87,81
2671091	G	T	0/1	72,82
2674629	C	T	0/1	49,60
2680658	T	G	1/1	1,213
2695094	C	G	0/1	108,126
2695378	C	G	1/1	0,215
2704884	A	ACAGCGACCATATCGCCGAGCT	1/1	0,127
2713795	C	T	1/1	0,102
2718852	T	G	1/1	1,188
2734074	T	C	1/1	0,60
2735824	C	G	0/1	87,94
2736434	C	A	0/1	60,68
2739132	C	G	0/1	69,64
2745889	C	T	0/1	97,99
2751804	C	T	1/1	0,127
2752698	C	A	1/1	0,313
2754600	A	G	0/1	73,98
2760152	A	G	1/1	0,127
2761878	C	T	0/1	87,90
2767631	C	T	0/1	51,44
2770654	C	T	0/1	59,71
2774996	G	A	0/1	87,85
2775359	C	A	0/1	78,63
2776641	T	C	0/1	72,63
2779136	T	C	1/1	0,164
2786952	A	G	1/1	0,218
2793360	C	T	0/1	105,117
2809621	T	C	1/1	0,120
2810080	T	G	0/1	104,77
2818837	A	G	1/1	0,193
2819180	C	T	0/1	69,76
2821342	C	T	1/1	0,122
2821659	C	G	0/1	114,109
2821864	C	A	0/1	98,94
2822255	A	C	0/1	76,73
2827984	G	T	1/1	1,179
2828019	T	C	1/1	0,178
2830525	C	A	1/1	0,209
2835576	G	A	0/1	112,130
2839459	ACGCGCTCAACCAGCTCGCGAGCAGACGCAGAGTCGCATGAAAATCCGGATTTCGATGCGATTCTGCGTCTGCT	A	0/1	180,24
2840642	G	A	0/1	50,61
2844689	G	C	0/1	44,61
2855259	A	G	1/1	0,129
2865760	A	G	1/1	0,216
2865882	T	C	1/1	0,174
2868358	G	A	0/1	85,69
2868747	G	C	0|1	99,27
2868750	G	C	0|1	97,9
2868925	G	A	0/1	62,64
2871048	C	T	0/1	42,46
2871911	G	A	0/1	74,99
2876703	G	C	0/1	87,66
2880702	G	C	1/1	0,219
2881455	A	G	0/1	99,82
2881597	AG	A	1/1	0,208
2888201	T	C	1/1	0,105
2889633	T	C	1/1	0,86
2891267	C	T	1/1	1,166
2891728	A	G	1/1	0,111
2893238	C	A	0/1	71,83
2894208	G	A	1/1	1,144
2905505	G	A	0/1	100,85
2907629	G	A	0/1	102,115
2910461	G	T	1/1	0,102
2911293	C	G	1/1	0,150
2912294	T	G	1/1	0,206
2923391	T	C	1/1	0,97
2926654	C	G	0/1	91,78
2927939	T	C	1/1	1,181
2932318	A	C	0/1	53,63
2939373	G	C	1/1	0,157
2939657	T	C	1/1	0,150
2945167	G	T	0/1	73,91
2945342	G	A	0/1	86,65
2945838	G	A	0/1	59,80
2954439	T	C	1/1	0,266
2964024	G	A	0/1	75,89
2964281	T	C	0/1	117,101
2968913	T	C	0/1	64,87
2970820	A	G	0/1	63,45
2983886	TG	T	0/1	80,91
2984740	A	G	1/1	0,104
3005143	G	A	0/1	85,99
3005185	G	T	1/1	0,189
3009692	A	G	1/1	1,149
3011834	C	T	0/1	127,123
3017465	T	C	1/1	0,231
3021232	A	C	0/1	112,87
3037917	G	A	0/1	72,77
3041871	G	T	1/1	2,176
3047931	G	A	0/1	142,134
3051068	C	T	0/1	74,100
3052514	C	T	0/1	40,50
3053688	C	A	0/1	110,85
3062139	A	G	0/1	49,47
3063694	G	A	0/1	88,97
3064552	CG	C	0/1	79,68
3073868	T	C	0/1	94,88
3080795	A	G	1/1	0,202
3086788	T	C	1/1	0,332
3086944	G	GC	0/1	134,107
3088614	A	G	0/1	63,80
3095606	G	A	0/1	81,99
3096995	G	GT	0/1	93,98
3097078	G	C	0/1	101,92
3097404	C	T	0/1	58,64
3103682	T	C	1/1	1,126
3107859	C	T	0/1	62,68
3108055	C	T	0/1	56,47
3108674	A	C	0/1	67,67
3125709	C	T	0|1	164,50
3125711	A	AACCGCCCCGGCATGTCCGGAGACTCCAGTTCTTGGAAAGGATGG	0|1	164,49
3130682	G	A	0/1	114,110
3131469	T	TTGTCGGCGA	1/1	0,163
3137058	G	A	1/1	0,160
3139022	G	A	0/1	101,71
3140612	C	A	0/1	94,77
3143568	G	T	0/1	46,41
3147376	G	A	0/1	36,33
3159936	G	A	0/1	56,68
3165074	T	C	0/1	107,93
3168137	C	T	0/1	114,106
3170166	C	A	0/1	84,63
3173319	C	A	0/1	103,135
3175702	T	C	0/1	99,92
3177884	C	A	1/1	0,152
3178445	C	G	0/1	82,100
3186860	T	G	1/1	1,120
3190145	TC	T	1/1	0,114
3191027	G	A	0/1	110,111
3193602	C	T	0/1	68,47
3196434	G	A	0/1	114,96
3199864	A	G	0/1	108,112
3221265	G	T	0/1	76,99
3226181	A	C	1/1	1,198
3228143	G	T	1/1	0,94
3236230	C	A	0/1	64,59
3243630	G	A	0/1	132,150
3256494	A	G	1/1	0,166
3260301	A	G	0/1	75,81
3269581	A	G	1/1	1,185
3269805	A	C	0/1	82,78
3270784	A	G	1/1	0,159
3281659	C	T	0/1	62,84
3284726	C	G	0/1	134,129
3293010	G	A	0/1	73,92
3296843	A	G	1/1	0,105
3308606	G	A	1/1	0,268
3311442	G	A	0/1	128,117
3313097	C	T	0/1	52,79
3313181	C	T	0/1	104,111
3316498	G	A	0/1	84,100
3336825	T	C	1/1	0,74
3338603	G	C	1/1	0,151
3340615	C	G	0/1	82,87
3347480	G	A	0/1	85,94
3349564	A	C	0/1	105,90
3354896	C	T	0/1	56,57
3357160	G	C	0/1	81,72
3358235	A	T	1/1	0,188
3363338	A	G	1/1	0,176
3367765	G	A	1/1	0,153
3369382	G	A	0/1	76,93
3376685	G	A	0/1	133,99
3378419	G	C	1/1	0,71
3388166	C	G	0/1	81,104
3392462	T	A	0/1	69,66
3401501	G	A	0/1	82,88
3401951	G	C	0/1	70,72
3402816	C	T	1/1	0,171
3408427	C	T	0/1	134,136
3414791	G	C	0/1	104,132
3415057	A	G	0/1	132,111
3415180	ACACCTAGGGGGTGG	A	1/1	2,208
3418328	T	G	0|1	73,96
3418330	G	A	0|1	75,98
3419560	C	T	0/1	116,115
3423249	C	CGCGAGCAGACGCAGAATCGCCCAAAATCCAAGATTTTGAGGCGATTCTGCGTCTGCTCGCGCAACCGG	1/1	2,59
3425854	C	T	1/1	0,151
3426795	C	G	0/1	71,99
3428917	C	A	1/1	0,180
3429202	T	G	0/1	103,126
3433011	G	A	0/1	54,69
3436296	A	G	0/1	77,81
3440464	T	G	1|1	0,158
3440468	G	C	1|1	0,149
3448608	G	A	0/1	92,91
3449108	G	A	0/1	63,67
3451670	G	C	0/1	68,83
3456666	A	G	1/1	1,178
3458491	G	A	0/1	101,113
3460986	G	A	0/1	64,76
3462135	G	C	1/1	0,81
3463451	G	C	0/1	66,59
3473996	G	GA	1/1	0,196
3478437	A	C	0|1	234,17
3478440	T	C	0|1	234,20
3478443	C	T	0|1	231,22
3478446	G	T	0|1	234,23
3478452	A	C	0|1	242,27
3478455	G	C	0|1	242,31
3478467	C	T	0/1	232,35
3478480	C	A	0|1	234,35
3478482	T	G	0|1	243,35
3478485	A	G	0|1	241,35
3478488	G	A	0|1	241,34
3478489	T	C	0|1	246,34
3478504	T	A	0|1	274,32
3478506	A	C	0|1	278,32
3478512	G	A	0|1	269,30
3478519	T	C	0|1	250,27
3478521	G	T	0|1	239,26
3486977	A	G	1/1	0,207
3495658	G	C	0/1	114,139
3503895	C	T	1/1	2,153
3518167	A	G	1/1	0,98
3518555	A	G	1/1	0,130
3524903	G	A	0/1	63,62
3534578	G	A	0/1	106,136
3548641	T	C	0/1	104,122
3551139	GCGCATGTTCCCAAAAGTGTTCCCGCCCATGAAAACGGCCCCCGGAGTCTCCTCCGAGGGCCATTTCGCCGGTAGCGGGGACAGGATTCGA	G	0/1	229,19
3556275	A	G	1/1	0,213
3564790	G	A	0/1	70,58
3568779	A	G	0/1	109,81
3575106	A	G	0/1	63,65
3576965	G	A	0/1	49,46
3580634	C	T	0|1	65,87
3580636	CT	C	1|1	0,152
3581414	A	G	1/1	0,169
3585610	A	G	0/1	76,69
3590686	G	GC	1/1	0,81
3591063	T	C	1/1	0,184
3591211	G	A	0/1	109,90
3594124	C	T	0/1	50,69
3595483	A	ACTGGCAGCGTAGT	0/1	151,124
3596273	TCCG	T	0/1	100,97
3600717	T	G	0/1	56,83
3604821	G	C	1/1	0,81
3608514	G	A	0/1	74,91
3610441	C	T	0/1	79,100
3612665	A	G	0/1	80,60
3614982	T	C	1/1	0,199
3622441	A	C	1/1	1,164
3625065	T	G	1/1	0,140
3665550	T	TG	0/1	87,73
3688944	C	T	0/1	77,83
3689523	G	T	1/1	0,165
3704596	G	C	1/1	0,302
3704686	T	C	0/1	143,126
3704841	G	A	0/1	111,110
3713652	C	T	0/1	77,72
3714211	G	T	1/1	0,148
3714757	A	C	1/1	0,150
3716031	C	T	0/1	51,49
3717205	C	T	0/1	70,68
3718357	C	T	1/1	0,146
3721806	G	C	1/1	0,148
3722592	C	G	0/1	96,88
3770768	G	T	0/1	100,119
3771563	G	T	0/1	59,64
3773573	T	C	0/1	115,83
3776706	C	T	0/1	68,93
3780542	C	T	0/1	99,74
3784011	C	T	0/1	49,57
3787763	G	A	0/1	85,106
3788840	G	T	0/1	57,76
3798095	A	C	1/1	0,166
3798665	C	T	0/1	201,195
3813473	G	A	0/1	69,64
3817117	C	A	1/1	0,156
3823159	A	T	1/1	0,222
3825560	C	G	0/1	92,69
3826684	C	T	1/1	0,191
3829770	T	C	1/1	0,112
3831558	C	G	0/1	69,56
3831721	G	A	0/1	93,84
3838871	A	G	1/1	0,150
3853708	C	CT	0/1	123,132
3859376	C	T	0/1	61,73
3859893	C	T	1/1	0,123
3862472	GA	G	1/1	0,129
3864995	T	C	1/1	0,156
3873392	T	G	0/1	83,86
3877421	A	G	1/1	0,215
3883226	G	A	0/1	117,142
3885886	T	C	1/1	0,118
3892671	A	G	1/1	0,351
3896340	T	G	1/1	1,171
3898408	A	G	1/1	0,215
3905330	T	G	0/1	80,66
3916843	C	T	0/1	121,110
3952800	G	A	1/1	0,126
3958403	A	G	1/1	1,180
3959418	C	T	1/1	0,154
3966059	G	C	0/1	123,112
3968114	A	G	0/1	115,101
3983271	T	G	0/1	88,98
3995342	G	A	0/1	63,57
3995501	C	A	0/1	80,70
4004036	C	T	0/1	63,53
4005607	T	C	1/1	0,127
4005862	T	C	0/1	73,79
4007564	C	T	0/1	91,85
4008835	G	A	0/1	94,97
4020812	C	T	0/1	57,51
4024273	T	C	1/1	0,164
4026899	G	A	1/1	0,124
4033701	G	A	0/1	59,76
4033954	G	A	0/1	86,91
4034827	C	T	1/1	0,149
4035305	T	C	0/1	103,87
4038287	G	A	0/1	100,89
4045645	C	T	0/1	47,68
4050877	G	C	0/1	46,51
4051823	T	C	0/1	53,50
4055801	G	A	1/1	0,216
4055993	G	A	0/1	99,110
4059904	A	G	1/1	0,187
4069292	G	A	1/1	0,150
4069743	C	T	0/1	43,53
4072313	T	G	0/1	60,51
4080979	A	G	0/1	100,88
4084599	G	T	0/1	70,111
4088346	G	A	0/1	78,103
4093879	TG	T	0/1	45,36
4095001	CG	C	1/1	0,117
4097413	A	C	0/1	77,50
4099481	G	A	0/1	123,107
4100975	T	C	1/1	0,152
4106270	G	A	0/1	88,87
4111303	G	C	1/1	0,205
4116773	T	C	0/1	91,70
4121099	T	TA	0/1	128,112
4127997	G	C	0/1	75,67
4133356	G	C	0/1	39,89
4135112	G	A	0/1	67,74
4137657	G	A	0/1	49,71
4140319	G	A	0/1	133,120
4141036	G	T	0/1	123,149
4147496	C	T	0/1	61,62
4148529	T	G	0/1	78,77
4149144	G	T	0/1	72,56
4151558	G	A	0/1	77,78
4151996	C	T	0/1	75,72
4156099	C	A	1/1	0,131
4157083	G	C	0/1	45,41
4160544	CACCCGGCAT	C	0/1	78,65
4162339	A	G	1/1	0,197
4163944	A	G	0/1	83,113
4168445	GCGCGGACGGGAA	G	0/1	73,62
4172476	G	A	0/1	107,91
4174564	T	C	0/1	89,81
4182695	G	A	1/1	1,131
4187485	T	C	1/1	0,203
4187817	A	G	1/1	0,128
4197138	C	CT	1/1	0,196
4198611	CG	C	1/1	0,215
4204441	A	G	1/1	0,222
4210274	A	G	1/1	0,177
4214747	C	T	0/1	83,74
4220174	G	A	0/1	83,74
4220985	G	A	0/1	89,95
4221490	C	G	1/1	0,126
4222073	A	G	1/1	0,87
4222882	A	G	1/1	0,133
4224052	G	A	0/1	66,72
4225647	G	A	0/1	66,61
4233299	G	A	0/1	86,103
4238963	C	T	0/1	63,54
4242643	C	T	1/1	0,98
4243221	C	T	0/1	57,63
4248003	A	G	0/1	96,84
4251087	G	A	0/1	110,129
4255922	A	G	1/1	0,156
4257220	A	G	1/1	0,176
4260490	G	A	0/1	70,62
4264218	C	A	0|1	75,109
4264219	T	G	0|1	75,109
4266668	C	T	0/1	80,95
4291593	G	A	0/1	133,151
4293072	G	A	0/1	143,134
4294786	C	T	0/1	112,93
4295631	C	A	0/1	68,81
4297793	T	C	0/1	75,72
4299175	G	C	0/1	84,83
4306155	C	T	1/1	0,204
4307179	G	A	1/1	0,157
4307886	G	A	0/1	59,69
4308678	C	T	0/1	63,79
4315384	T	C	0/1	71,85
4316114	G	A	0/1	74,96
4327059	C	A	0/1	120,107
4336090	A	AT	0/1	117,114
4338103	A	ATCGCATTAACCATAGCGATGCAACAGTTTCCTCCTCTGCCTGCCTAG	0/1	32,35
4338595	GC	G	1/1	0,215
4338732	G	A	1/1	0,286
4340330	T	G	0/1	148,150
4343048	G	C	0/1	92,103
4343679	C	T	0/1	86,97
4349688	C	T	0/1	98,110
4350446	G	C	0/1	92,134
4351039	G	T	1/1	0,192
4356110	G	C	1/1	0,188
4361162	T	G	0/1	88,105
4361879	T	C	0/1	155,106
4366272	G	C	1/1	0,142
4370245	CA	C	0/1	95,84
4372634	G	T	0/1	124,120
4373496	C	G	0/1	63,71
4377994	C	G	0/1	83,74
4379680	C	G	1/1	0,198
4381825	T	G	0/1	46,30
4382034	G	A	0/1	56,58
4382054	T	C	1/1	0,124
4382275	G	T	1/1	0,132
4383099	G	A	0/1	94,68
4383144	C	CCGGGG	1/1	0,137
4385709	C	G	0/1	107,84
4386624	A	G	0/1	81,61
4388153	G	A	0/1	125,141
4389202	C	T	0/1	66,86
4391553	C	T	0/1	75,86
4400660	AC	A	1/1	0,62
4406230	C	G	0/1	81,98
4407760	C	G	0/1	80,77
4408100	GC	G	0/1	74,73
4408156	A	C	0/1	95,77
