1594	T	TTGAACCGCCCC	0|1	66,10
1849	C	A	0/1	59,36
1977	A	G	1/1	1,62
2532	T	C	0/1	22,26
4013	T	C	1/1	0,74
6112	G	C	0/1	43,41
6124	C	T	0/1	39,44
7283	G	T	0/1	31,35
7362	G	C	1/1	0,80
7582	A	G	0|1	45,37
7585	G	C	1|1	0,81
8452	C	T	0/1	32,49
9062	C	G	0/1	34,52
9143	T	C	0/1	36,46
9304	G	A	1/1	0,68
10089	G	A	0/1	19,32
11820	C	G	0/1	35,29
11879	A	G	1/1	0,55
12234	C	G	0/1	25,40
13298	G	C	0/1	32,41
13460	A	G	0/1	34,44
14401	A	G	0/1	42,49
14785	T	C	1/1	1,96
14861	G	T	0/1	58,32
15117	C	G	1/1	0,90
16111	G	C	0/1	22,27
16119	C	A	0/1	29,19
17654	T	G	0|1	43,21
17657	T	C	0|1	44,21
18243	T	A	0/1	36,45
20544	G	C	0/1	38,50
21795	G	A	1|1	0,63
21819	A	C	0|1	26,40
21982	G	C	0/1	36,26
22961	T	G	0/1	39,37
23174	C	A	0/1	27,34
24698	GCCGCGTTGCTCGGGGTAA	G	1/1	0,70
25360	C	G	0/1	50,32
25610	G	C	0/1	55,44
26347	C	G	0/1	27,27
26959	C	G	1/1	0,80
27463	C	G	0/1	45,42
27469	A	G	0/1	48,44
27495	CG	C	0/1	44,44
27996	T	C	0/1	28,41
28366	AT	A	0/1	34,33
30278	C	T	0/1	40,25
30980	C	CCGAT	0/1	27,21
34044	T	C	1/1	0,71
35608	C	T	0/1	40,26
36008	G	C	0/1	48,27
36538	T	C	0/1	23,29
37031	C	G	1/1	0,51
37305	C	G	0/1	29,23
37334	A	T	0/1	25,25
37563	G	A	0/1	37,32
37786	C	T	0/1	40,41
39158	C	G	0/1	37,36
39758	A	G	0/1	31,34
42281	C	A	1/1	0,71
42967	G	C	1/1	1,57
43945	A	G	0/1	28,34
44768	A	G	0/1	28,17
45106	C	A	0/1	38,24
46114	C	G	0/1	41,35
48503	T	C	0/1	37,23
49360	C	T	0/1	31,26
49690	GCC	G	0/1	34,31
50557	T	C	1/1	0,60
51949	A	G	1/1	0,47
52009	G	A	0/1	24,29
54394	A	G	1/1	0,65
55418	A	G	0/1	29,46
55546	G	GCCT	1|1	0,38
55553	C	CCGCCGT	1|1	0,40
62049	A	G	1/1	0,58
63146	G	T	0/1	40,37
64028	C	T	0/1	52,48
65150	C	T	0|1	28,24
65159	G	A	0|1	22,29
65663	C	G	0/1	25,34
66892	C	G	0/1	28,35
68174	T	C	0/1	26,33
68337	T	TC	0/1	45,31
69989	G	A	1/1	0,75
70267	G	T	1/1	0,57
70816	A	G	1/1	0,53
71336	G	C	1/1	0,32
71584	C	CCGAGCGCTGTTCTGGCGCTAATCTGACGCTAGAATAG	1/1	0,43
74737	T	G	0/1	37,37
75233	C	A	0/1	47,32
75586	C	G	0/1	52,24
75940	G	C	1/1	0,61
79281	C	CCCACAT	0/1	29,35
79479	T	C	0/1	22,40
79480	T	C	0/1	40,22
79504	T	TCGGTGGACCCGGTGGACC	1/1	1,15
82843	TC	T	1/1	0,35
84528	T	G	0/1	30,36
87468	C	T	0/1	33,25
89200	G	T	0/1	22,17
89871	C	T	0/1	22,27
92199	T	G	1/1	0,66
94388	G	A	0/1	42,26
96894	C	T	0/1	35,31
97350	A	C	0/1	32,20
97696	T	C	0/1	29,25
97952	C	T	0/1	31,19
98966	G	C	0/1	39,36
99162	TCGGTGTGCG	T	0/1	37,36
101539	C	T	0/1	26,23
103600	A	G	0/1	37,43
108184	C	T	0/1	18,36
115499	T	G	0/1	15,25
116000	T	G	1/1	0,44
117295	G	A	0/1	28,32
122109	A	G	1/1	0,39
123454	C	T	0/1	40,35
123520	T	C	1/1	0,80
123740	TG	T	0/1	38,45
125830	G	GA	1/1	1,77
126803	A	G	0/1	17,34
131174	T	TG	1/1	0,45
133839	C	T	1/1	0,58
135329	C	T	0/1	25,24
137233	C	T	0/1	35,51
138864	T	C	0/1	28,28
139297	G	T	0/1	33,20
139556	A	AC	0/1	22,38
139756	T	C	0/1	27,36
139954	A	C	0/1	36,38
141623	G	A	0/1	34,32
143207	T	C	1/1	1,54
143791	T	G	0/1	45,48
144564	C	T	0/1	17,31
146087	T	C	1/1	0,73
146236	C	G	0/1	54,42
146788	G	A	0/1	23,28
146872	C	T	0/1	23,39
147262	G	T	0/1	44,29
154283	T	C	1/1	0,96
156304	G	A	0/1	39,25
160976	C	G	0/1	38,31
162151	GT	G	0/1	33,27
162226	G	A	0/1	25,36
163705	C	T	0|1	25,23
163706	C	T	0|1	25,23
166565	A	G	0/1	23,23
167986	C	T	0/1	11,17
168787	C	T	0/1	18,27
170755	G	T	0/1	29,28
177150	G	C	0/1	25,30
182824	G	A	0/1	25,21
183091	C	G	0/1	25,15
185760	C	G	0/1	27,32
190816	A	C	0/1	31,28
191644	G	A	0/1	37,35
191768	T	C	0/1	29,36
194305	C	CGG	1/1	0,66
194681	G	C	1/1	0,58
195360	T	C	0/1	33,41
195682	C	G	0/1	28,28
196642	C	T	1/1	1,49
196874	C	T	0/1	24,30
199470	T	G	1/1	0,76
199857	G	A	0|1	38,40
199859	C	A	0|1	37,40
203038	T	C	0/1	44,33
204094	G	T	0/1	35,21
206339	T	C	1/1	0,67
206481	C	G	1|1	1,56
206484	G	T	1|1	1,58
208316	AT	A	0|1	36,34
208321	G	GC	0|1	36,37
208322	T	G	0|1	36,36
208590	A	C	0/1	37,38
210111	T	G	0/1	27,33
211993	C	A	0/1	24,45
212125	C	T	0/1	48,22
213147	C	A	0/1	53,22
213281	C	T	0/1	60,32
215238	C	T	0/1	40,42
215324	C	T	0/1	32,29
215977	C	T	0/1	29,28
216998	C	G	0/1	21,36
217201	T	C	1/1	0,44
217898	A	G	0/1	28,38
219722	G	T	0/1	34,37
222925	G	A	0/1	42,34
223747	C	CG	0/1	15,23
223942	T	C	1/1	0,53
225039	G	A	0/1	18,37
225323	T	C	1/1	0,34
225668	C	T	0/1	21,29
226676	G	A	0/1	34,41
227098	T	C	1/1	0,64
230170	C	T	0/1	28,29
230576	G	GT	1/1	1,51
231114	C	G	1/1	0,70
233358	A	C	0|1	25,24
233364	G	C	0|1	26,24
234268	G	T	0/1	17,17
234477	T	G	1/1	0,30
234496	C	CGT	1/1	0,29
235639	C	T	0/1	25,26
243598	A	G	0/1	29,28
244550	A	G	0/1	11,24
244694	C	G	0/1	37,18
249522	T	C	1/1	0,61
251575	G	A	1/1	1,62
251669	T	C	0/1	24,38
254903	C	A	0/1	38,25
257788	G	GAGGATCATCAAGGGTGCGTCGCGGAAGTA	0/1	18,41
260282	G	T	0/1	26,25
261869	T	C	1/1	0,82
262268	A	T	0/1	35,34
263149	A	C	0/1	26,16
264129	G	A	0/1	42,47
264298	C	A	0/1	30,51
264984	C	G	0/1	28,43
265170	CG	C	0/1	30,38
265554	A	C	1/1	0,45
267751	G	C	0/1	27,24
270430	G	C	0/1	39,27
271848	G	A	0/1	15,20
272678	C	T	0/1	19,28
278021	T	C	0/1	25,35
278681	C	G	1/1	0,53
281208	C	T	0/1	26,37
282892	C	T	0/1	43,23
283610	G	A	0|1	32,24
283614	T	C	1|1	0,55
285772	A	C	1/1	0,53
285871	A	G	1/1	0,58
288260	C	T	0/1	45,41
289842	G	A	0/1	30,44
290374	T	C	0/1	20,32
293628	A	AC	0|1	30,16
293629	C	CT	0|1	17,31
296312	C	T	0/1	42,33
297368	G	A	0/1	32,30
304923	A	G	1/1	0,95
305188	G	T	0/1	51,43
310973	G	A	1/1	0,69
311613	G	T	1/1	0,69
311889	C	T	0/1	28,31
320180	A	G	0/1	30,29
324303	GA	G	0/1	31,20
325505	T	C	1/1	1,47
326002	A	G	0/1	18,28
327175	C	G	0/1	18,22
328777	C	T	0/1	27,36
331588	G	A	0/1	18,32
333212	G	C	0/1	17,44
333292	A	G	0/1	24,44
336322	CAA	C	0|1	36,10
336325	T	G	0|1	37,10
336327	C	CGG	0|1	39,10
336332	G	C	0|1	37,12
336344	A	G	0|1	36,14
336345	T	C	0|1	35,14
336353	C	T	0|1	35,15
336356	GGAA	G	0|1	35,15
336360	C	CCTCCCCG	0|1	35,15
336369	C	T	0|1	37,21
336370	A	G	0|1	37,21
336380	A	T	0|1	38,30
336400	C	G	0|1	37,30
336403	C	G	0|1	36,31
336405	A	G	0|1	36,31
336422	TTG	T	0|1	36,19
336428	A	G	0|1	36,19
336431	C	T	0|1	36,19
336439	A	G	0|1	36,19
336441	C	T	0|1	36,20
336442	G	A	0|1	35,20
336449	T	C	0|1	39,20
336451	T	G	0|1	39,20
336452	A	G	0|1	39,20
336459	G	A	0|1	38,19
336468	G	GCGTCC	0|1	37,18
336472	C	CAG	0|1	39,18
336473	T	G	0|1	39,17
336476	A	AGTCG	0|1	38,16
336480	A	G	0|1	35,15
336504	G	T	0/1	31,28
336535	T	G	0|1	28,31
336537	T	G	0|1	28,32
336540	G	T	0|1	28,33
336546	T	G	0|1	26,31
336557	C	CT	0|1	27,28
336560	T	C	0|1	26,26
339088	T	G	0|1	32,6
339090	C	CGG	0|1	35,6
342146	A	C	1/1	0,74
343281	G	C	0/1	41,33
344288	C	G	0/1	31,32
346275	C	G	1/1	0,76
353309	G	A	0/1	19,29
353365	G	A	0/1	18,21
355677	G	T	0/1	28,26
356528	A	G	1/1	0,36
357582	G	A	0/1	50,46
358926	A	C	0/1	27,29
363464	G	A	0/1	43,31
364854	C	G	0/1	46,36
376774	T	C	1/1	0,44
377014	C	T	0/1	44,20
378357	T	G	0/1	25,43
378939	G	C	0/1	27,26
379528	G	T	0/1	42,27
380772	G	A	0/1	30,50
381030	A	G	0/1	27,56
383716	C	T	0/1	32,17
384380	A	C	1/1	0,56
386432	C	G	1/1	0,67
390789	C	T	0/1	17,27
390828	T	C	1/1	0,60
391853	A	G	1/1	0,46
392261	T	C	1/1	1,42
393941	C	T	0/1	23,42
396199	T	C	0/1	46,28
396467	C	T	0/1	32,52
396750	G	A	0/1	24,38
403236	C	T	0/1	33,28
403980	G	A	1/1	0,72
404326	T	C	1|1	0,72
404327	G	T	0|1	28,42
406173	G	A	0/1	34,35
406274	T	C	0/1	25,27
406389	G	A	0/1	30,28
406992	G	T	0/1	41,47
412202	C	T	0/1	14,34
412280	T	G	0/1	15,35
414486	C	T	1/1	0,56
415061	G	A	0/1	29,28
420008	A	G	1/1	0,56
420405	C	T	0/1	24,44
421382	G	A	0/1	38,19
423334	G	A	0/1	23,30
424250	A	G	0/1	33,28
438271	G	A	0/1	26,38
439711	T	C	0/1	25,27
441823	C	T	0/1	23,18
445668	C	T	0/1	39,36
445780	C	T	1/1	0,82
447442	C	T	0/1	36,40
447525	G	C	0/1	35,41
450949	G	A	0/1	32,33
452288	C	T	0/1	16,18
454295	T	C	1/1	0,46
454333	T	G	0/1	23,20
455325	C	G	0|1	36,29
455329	T	C	0|1	37,29
456511	G	A	0/1	22,44
456594	T	C	0/1	50,27
457452	T	G	1/1	0,62
459399	A	C	1/1	0,44
460413	C	T	0/1	25,42
465300	C	T	0/1	26,36
465697	G	C	0/1	28,31
468357	A	G	0/1	23,31
469042	C	T	0/1	11,16
471666	A	G	0/1	17,42
477234	T	G	0/1	27,13
483935	T	G	1/1	0,60
484005	G	T	0/1	50,28
484596	C	T	0/1	67,39
485230	C	T	0/1	29,69
485785	T	G	0/1	36,80
485810	CA	C	0/1	65,38
489935	G	C	1/1	0,87
491742	T	C	1/1	0,67
492150	G	C	1/1	1,60
492655	G	A	0/1	29,46
492748	C	T	0/1	24,46
495473	C	T	0/1	30,30
496882	C	G	0/1	33,35
497491	G	A	0/1	45,42
498010	T	C	0/1	25,31
498531	A	G	1/1	0,66
498557	C	A	1/1	0,73
499196	C	T	0/1	26,28
502589	C	G	1/1	0,83
503354	G	C	1/1	0,88
503647	G	A	0/1	36,46
505974	G	A	1/1	0,50
507028	GC	G	0/1	30,43
513257	T	C	1/1	0,54
514657	T	G	0/1	23,26
516232	C	T	0/1	23,27
516640	A	T	0|1	31,20
516641	C	T	0|1	31,20
517358	T	C	1/1	1,82
517411	A	G	0/1	32,36
518987	C	T	0/1	50,36
519185	T	G	0/1	17,41
522081	A	G	0/1	19,30
524891	C	A	1/1	1,41
527316	C	G	0/1	36,38
528354	C	A	0/1	32,40
532502	GCTACCGCCCGACCCCCAGCGCCAACAGCATTGCGTGGCTGCTCT	G	0/1	47,33
533547	C	G	0/1	25,11
534427	T	A	0/1	22,31
541201	A	G	1/1	1,77
542014	C	G	0/1	52,29
542514	C	G	0/1	29,26
546357	A	G	1/1	0,66
548437	G	C	0/1	23,34
549251	C	T	0/1	27,22
549363	C	G	0/1	21,35
549731	GT	G	0|1	21,19
549733	ACC	A	0|1	21,19
551525	A	C	1/1	0,56
555945	T	C	0/1	29,50
555991	A	G	1/1	0,61
556035	G	T	0/1	30,28
559350	G	A	0/1	35,21
560664	C	T	0|1	33,79
560666	A	G	0|1	32,78
561776	C	T	0|1	35,26
561777	C	T	0|1	35,27
564723	C	T	0/1	28,35
565404	G	T	0/1	26,30
565415	C	T	0/1	26,27
565655	A	G	1/1	0,45
567446	G	A	0/1	25,32
568693	G	T	0/1	25,31
569045	C	T	0/1	27,38
572591	C	T	0/1	31,28
573262	A	G	1/1	0,67
573384	T	G	0/1	27,33
575907	C	T	0/1	22,21
579037	A	C	0/1	31,28
583171	A	C	0/1	32,27
584171	T	C	1/1	0,77
584511	G	T	0/1	31,41
590436	T	C	1/1	0,66
590763	G	C	0/1	21,32
591965	G	A	0/1	45,35
595501	G	A	0/1	26,30
595742	C	T	0/1	30,33
597816	A	G	1/1	0,60
598079	A	G	0|1	80,6
598475	G	A	1/1	0,97
598536	TAATCC	T	0/1	44,44
599868	A	G	1/1	1,59
605150	G	A	0/1	52,34
606507	CG	C	0|1	23,19
606510	C	A	0|1	23,19
610120	T	G	1/1	0,65
610376	T	C	0/1	39,41
610442	G	A	0/1	47,43
611048	T	G	0/1	37,33
612741	C	T	0/1	33,47
615938	G	A	0/1	23,22
620625	A	G	0/1	33,31
621390	G	A	0/1	29,43
621598	C	T	0/1	37,31
627350	C	G	0/1	40,41
627485	G	A	0/1	21,29
628864	T	C	0/1	34,25
634665	C	T	0/1	42,22
637319	G	A	1/1	1,49
640954	A	G	0/1	32,21
643483	G	A	0/1	34,16
646531	A	T	0/1	20,37
647374	G	T	0/1	27,38
648002	T	G	1/1	0,86
648856	T	C	1/1	0,63
649345	C	T	0/1	36,26
653287	G	A	0/1	31,47
655707	G	A	0/1	39,32
655986	T	G	1/1	0,69
657081	C	T	0/1	33,40
657142	C	T	0/1	30,38
657578	A	G	0/1	24,27
659341	T	C	1/1	0,51
660952	G	T	0/1	31,34
662911	T	C	1/1	0,58
665293	A	G	1/1	1,75
669033	T	A	0/1	26,16
669398	T	C	1/1	0,48
670545	G	A	1/1	0,69
678440	C	T	0/1	26,37
680275	C	CG	0/1	49,42
680965	G	A	0/1	40,44
683450	C	A	0/1	35,36
683829	C	T	0/1	31,28
683910	C	T	0/1	20,32
684290	A	G	0/1	18,37
685153	A	G	0/1	27,43
685461	C	G	1/1	0,54
685608	T	C	1/1	0,78
685734	C	T	0/1	32,31
685955	G	A	0/1	29,38
686264	G	A	0/1	31,22
686972	T	C	1/1	0,51
688792	T	TG	1/1	0,70
690248	C	A	0/1	32,25
690450	A	C	1/1	0,65
690465	T	G	1/1	0,60
694531	A	G	0/1	48,27
696917	G	T	0/1	30,28
698968	G	A	1/1	0,42
699693	G	A	0/1	14,26
699840	A	C	0/1	20,20
700776	T	C	0/1	17,27
704997	G	A	0/1	21,24
705570	C	T	0/1	25,29
705602	T	C	0/1	21,30
707334	T	C	0/1	27,27
709344	C	T	0/1	22,36
711155	G	A	0/1	30,27
712192	G	GA	0/1	35,30
712693	A	G	1/1	0,43
713310	T	C	1/1	0,50
715266	A	G	0/1	19,29
717588	A	G	0/1	16,40
720863	G	T	0/1	16,27
721373	T	G	0/1	50,37
722852	G	A	0/1	29,39
723667	CG	C	0|1	28,5
723669	C	T	0|1	27,5
723672	GGA	G	0|1	28,5
723676	GCCC	G	0|1	27,5
723680	GCC	G	0|1	27,5
723683	TC	T	0|1	27,5
723688	C	CGTATCATTAAAA	0|1	27,3
723690	ACGC	A	0|1	28,2
725190	G	A	0/1	34,15
726498	C	A	0/1	24,18
730087	G	A	0/1	35,39
733119	G	A	0/1	25,25
734116	T	C	0/1	24,36
735623	C	A	0/1	25,29
738522	T	G	0/1	39,26
743187	A	T	0/1	29,38
745876	C	G	0/1	15,23
747242	G	A	0/1	21,27
749968	T	C	0/1	30,30
752046	C	T	0/1	21,34
753668	C	T	0/1	29,39
754186	A	G	1/1	0,29
754387	G	A	0/1	24,19
757139	C	A	0/1	35,37
757182	A	G	1/1	0,65
759546	A	G	0/1	47,40
760490	C	T	0/1	32,31
761155	C	T	0/1	15,8
763031	T	C	1/1	1,70
763884	C	T	0|1	33,26
763886	C	A	0|1	32,25
764666	G	A	0/1	30,35
765171	C	T	0/1	28,30
767414	G	A	1/1	1,58
767516	G	T	0/1	23,37
767609	A	G	0/1	31,35
769192	C	G	0/1	29,41
773497	C	A	0/1	20,29
775639	T	C	1/1	0,59
776100	G	A	1/1	1,70
776182	C	T	0/1	49,27
776395	A	G	0/1	33,46
779615	G	C	0/1	30,34
781395	T	C	1/1	0,88
781687	A	G	0/1	57,38
786137	A	C	0/1	28,22
790937	A	C	0/1	29,39
791249	C	T	0/1	37,37
794482	G	C	0/1	28,45
797597	C	T	0/1	30,53
797736	C	T	0/1	53,37
798355	G	C	0/1	45,18
799136	AC	A	0/1	35,35
799423	C	G	0/1	28,31
799666	A	G	0/1	35,25
800357	C	A	0/1	51,55
802427	C	CCGGCCTAGCCCGGCGACGATGCAGAGCGAAGCGATGAGGAGGAGCAGGGCAATG	1/1	0,22
810287	C	G	0/1	40,43
811492	C	G	0/1	34,40
811753	C	T	0/1	25,19
812502	C	T	0/1	25,32
815236	T	C	0/1	25,30
815851	A	G	0/1	35,30
817696	G	A	0/1	28,34
819213	T	C	0/1	34,24
820483	G	T	1/1	0,58
820752	C	T	1/1	0,62
821907	T	C	0/1	32,26
825006	T	C	0/1	41,36
829719	G	A	0/1	30,30
830868	G	GGC	1/1	0,51
835611	C	T	0/1	32,27
840917	T	C	0/1	18,25
841494	C	G	0|1	30,46
841495	A	G	0|1	31,46
841764	G	C	1/1	0,75
842030	C	T	0/1	47,32
847995	T	C	1/1	1,65
850985	A	G	0/1	16,26
852361	G	A	0/1	33,32
852910	C	T	1/1	0,64
854252	GC	G	1/1	1,58
856563	G	T	0/1	38,33
857696	A	G	1/1	1,60
861216	T	G	0/1	31,31
863698	C	T	0/1	20,17
865761	C	T	0/1	24,30
866051	G	A	0/1	19,36
866348	T	C	0/1	40,30
871271	A	C	0/1	30,30
874835	C	CCG	1/1	0,82
876141	G	T	0/1	48,34
879931	G	A	0/1	40,25
880562	G	T	1/1	0,55
882257	T	C	1/1	1,46
885689	G	T	0/1	24,29
892416	C	T	0/1	25,23
893733	T	G	1/1	0,71
894888	T	C	0/1	21,19
895082	A	G	0/1	26,26
895120	C	T	0/1	32,22
897836	G	T	0/1	33,27
899389	G	A	0/1	28,32
900221	T	C	1/1	0,66
902500	C	T	0/1	29,23
903537	G	T	0/1	26,37
903550	T	C	1/1	0,64
903913	T	C	1/1	0,63
906857	A	G	1/1	0,91
909556	A	G	0/1	45,27
910015	C	A	0/1	27,30
911261	T	C	0/1	22,26
913274	C	G	0/1	24,29
916046	T	G	0/1	23,27
919351	A	C	0/1	45,34
931123	T	C	1/1	0,62
932280	T	C	1/1	1,76
933378	AC	A	0/1	36,50
933699	G	T	0/1	49,49
934230	C	G	1/1	0,57
934611	G	T	1/1	0,55
935335	A	G	0/1	37,30
938246	A	G	0/1	46,50
939805	C	T	0/1	37,38
940602	C	G	0/1	34,22
941722	T	G	0/1	36,40
941845	C	A	1/1	0,75
945214	G	A	1/1	1,74
945721	G	A	0/1	39,29
948294	T	C	0/1	24,27
949087	C	T	0/1	25,29
949535	T	C	1/1	0,56
951142	C	A	0/1	20,34
951702	C	T	0/1	31,25
952597	C	T	0/1	23,22
952810	CT	C	0/1	24,13
954101	C	T	0/1	28,25
954468	C	G	0/1	23,17
955524	A	G	1/1	0,44
957117	T	C	1/1	0,36
960367	A	G	1/1	0,55
961492	G	A	0/1	23,20
972980	C	T	0/1	22,34
976043	G	T	0/1	43,40
979704	G	C	1/1	0,82
982169	G	A	0/1	44,36
986463	G	C	1/1	0,63
987585	A	AG	0/1	35,26
987601	C	T	0/1	29,38
989185	T	A	0/1	43,26
990001	G	C	1/1	0,61
991896	T	C	0/1	36,22
993346	A	C	1/1	0,93
996205	T	C	0/1	39,38
996219	G	A	0/1	39,39
996346	G	A	0/1	46,29
1002342	T	C	0/1	42,24
1003637	C	G	0/1	27,47
1003805	A	C	0/1	35,52
1009490	C	T	0/1	30,39
1010204	C	CG	1/1	0,61
1011511	A	C	0/1	36,35
1014815	T	G	0/1	30,44
1022003	A	C	0/1	37,38
1022613	G	A	0/1	38,35
1024346	A	G	1/1	0,66
1025106	T	C	1/1	0,73
1029997	A	G	0/1	19,22
1032524	T	C	0/1	41,62
1034208	CGCT	C	0/1	35,29
1034713	GT	G	0/1	28,47
1034758	C	T	0/1	46,24
1037012	T	C	1/1	0,45
1037911	C	T	1/1	0,72
1040251	C	A	0/1	36,24
1040706	A	C	0/1	20,22
1043136	C	T	0/1	26,24
1044762	G	A	0/1	24,39
1047165	T	C	1/1	0,73
1048102	G	A	0/1	23,44
1050367	C	T	0/1	25,24
1054784	C	G	1/1	0,63
1057293	G	A	0/1	48,21
1061386	T	C	0/1	36,30
1063765	G	A	0/1	23,24
1063922	C	T	0/1	23,23
1066038	A	G	0/1	20,28
1068151	T	C	1/1	0,52
1068432	A	G	1/1	0,66
1070702	T	C	1/1	1,51
1071966	A	G	0/1	17,18
1072090	C	T	0/1	20,39
1072342	A	G	0/1	21,21
1073716	C	T	0/1	51,35
1074558	G	A	1/1	0,61
1075167	GCAT	G	0/1	35,49
1075279	T	C	1/1	0,61
1076309	G	T	1/1	0,47
1076689	A	C	0/1	30,34
1076880	C	T	0/1	35,35
1077312	A	G	1/1	0,58
1077624	GC	G	0/1	21,41
1077754	C	T	0/1	40,49
1079927	C	A	1/1	0,74
1080192	G	A	1/1	0,81
1081681	T	C	1/1	0,61
1083755	A	G	0/1	23,34
1086648	C	A	0/1	30,33
1087193	G	C	1/1	0,44
1087852	G	A	0/1	30,41
1090188	A	AG	1/1	1,56
1090329	C	T	0/1	30,16
1097220	C	T	0/1	36,32
1097442	C	T	0/1	27,29
1098523	T	A	1/1	0,56
1099058	G	A	0/1	49,27
1100234	T	C	1/1	0,63
1102117	G	A	0/1	53,34
1102468	C	A	0/1	53,36
1102646	G	A	0/1	62,36
1103656	C	T	0/1	80,33
1104690	T	G	1/1	1,102
1104928	C	T	0/1	37,73
1105284	G	A	0/1	39,59
1105686	C	G	0|1	54,35
1105687	T	C	0|1	52,35
1106422	T	C	1/1	0,100
1107940	A	C	1/1	2,71
1108521	G	A	0/1	46,31
1109163	C	G	0/1	26,26
1109975	A	G	1/1	0,84
1110956	T	G	0/1	28,31
1111228	G	A	0/1	34,42
1111518	T	C	0/1	23,40
1111678	G	A	0/1	37,31
1113290	G	C	0/1	49,61
1117405	C	T	0/1	41,41
1119739	C	T	0/1	21,42
1121071	G	A	0/1	6,14
1123597	A	G	0/1	28,40
1126889	G	C	1/1	0,65
1127493	T	C	0/1	38,29
1127648	C	A	1/1	0,88
1131229	C	CG	0/1	27,25
1131300	G	A	0/1	24,26
1139222	G	A	0/1	24,30
1143832	A	C	0/1	20,26
1144585	A	G	1/1	0,58
1145276	TGGCCC	T	0|1	36,2
1145282	T	TTTTAA	0|1	36,2
1145283	G	T	0|1	36,4
1145286	C	T	0|1	36,4
1145287	G	A	0|1	35,4
1145293	G	A	0|1	35,4
1145302	T	A	0|1	34,4
1145306	T	A	0|1	32,4
1145848	A	C	0/1	16,19
1148259	A	G	1/1	0,79
1148930	C	T	0/1	38,32
1149551	C	T	1/1	0,40
1150585	G	A	1/1	0,56
1151054	C	G	0/1	50,36
1151304	C	A	0/1	34,24
1151485	CGT	C	0/1	30,37
1155700	C	T	0/1	24,32
1157771	G	C	0/1	25,37
1164336	G	A	1/1	0,63
1166783	C	A	0/1	29,20
1168009	GC	G	0/1	28,19
1168715	C	CT	1/1	0,78
1168776	T	G	0/1	31,40
1172085	C	A	0/1	51,28
1173750	G	T	0/1	33,34
1175343	C	T	0/1	35,27
1175537	T	C	0/1	37,41
1177157	G	A	0/1	43,36
1178116	T	C	1/1	1,68
1180874	A	G	0/1	40,33
1184826	G	T	0/1	27,38
1192830	G	A	0/1	42,63
1194475	C	A	0/1	24,32
1195358	T	G	0/1	20,43
1197157	T	G	0/1	39,29
1199019	T	C	0/1	23,27
1200418	A	G	1/1	1,65
1201581	A	C	0/1	36,21
1203824	T	C	0/1	26,22
1211369	A	C	1/1	0,113
1215742	G	A	0|1	52,28
1215743	C	A	0|1	53,28
1220570	G	T	0/1	42,49
1220680	T	C	1/1	0,77
1224367	T	C	1/1	0,27
1226091	C	T	0/1	40,33
1227830	G	T	0/1	34,33
1228116	A	G	0/1	26,39
1230778	G	A	1/1	0,72
1235446	T	C	0/1	31,29
1237403	G	A	0/1	34,33
1248382	A	G	1/1	0,64
1248936	G	C	1/1	0,73
1248978	T	C	1/1	0,71
1250340	A	G	1/1	1,60
1250357	T	G	0/1	28,24
1251199	C	T	1/1	0,50
1254562	A	G	1/1	1,63
1254591	G	A	0/1	22,39
1262230	C	T	0/1	28,27
1265070	G	T	0/1	46,32
1271143	A	AG	0/1	24,29
1273250	G	GA	1/1	0,71
1274468	T	C	0/1	59,18
1275957	T	C	1/1	1,71
1281118	T	C	1/1	0,67
1281307	C	T	0/1	25,34
1281771	T	C	1/1	1,73
1284812	C	T	0/1	32,38
1285001	A	C	0/1	40,34
1286766	G	C	0/1	29,17
1287112	T	C	0/1	20,23
1287160	A	C	0/1	18,40
1288698	G	A	0/1	46,36
1291956	C	T	0/1	36,19
1292102	A	G	1/1	0,56
1293333	C	G	0/1	51,35
1306259	A	G	1/1	1,55
1306444	T	C	0/1	27,39
1307598	C	G	1/1	0,56
1310316	C	T	0/1	27,25
1311613	C	T	0/1	44,28
1313337	A	AG	1|1	0,9
1313338	A	C	1|1	0,9
1314617	C	T	0/1	32,28
1315191	A	C	1/1	0,56
1315884	G	A	1/1	0,56
1316354	G	A	0/1	25,40
1317655	C	T	0/1	23,27
1320508	G	A	0/1	37,34
1320614	C	G	0/1	33,36
1322741	A	G	0/1	40,24
1327248	C	A	0/1	42,34
1327890	G	A	1/1	0,54
1328091	CG	C	0/1	24,37
1328687	G	C	1/1	0,61
1329234	G	A	0/1	31,27
1332921	C	CT	0/1	19,22
1333669	T	G	0/1	38,36
1336164	C	T	0/1	34,45
1344857	C	T	0/1	25,42
1348518	GCCA	G	0/1	29,25
1349733	G	C	0/1	30,39
1351172	A	G	1/1	0,56
1356648	C	T	0/1	22,30
1358661	G	A	0/1	31,27
1358940	C	A	0/1	35,37
1358959	C	T	0/1	37,42
1360209	T	C	1/1	1,68
1361190	G	A	0/1	42,37
1361285	C	T	0/1	30,29
1361350	A	C	0/1	33,30
1362006	T	C	1/1	0,72
1362608	G	A	0/1	31,29
1365655	C	A	0/1	44,40
1365837	C	CGG	1/1	0,50
1367484	T	G	1/1	0,53
1368322	C	CG	0/1	28,23
1368947	A	G	0/1	39,33
1369389	C	T	0/1	33,48
1369735	G	A	0/1	20,27
1370852	T	G	0/1	35,36
1374065	T	C	1/1	0,63
1374201	A	G	0/1	49,25
1374578	C	T	0/1	41,45
1374639	T	A	0/1	45,36
1375044	C	G	0/1	42,44
1375724	A	C	1/1	1,56
1382628	T	C	1/1	0,48
1384910	G	A	0/1	29,22
1387211	G	A	0/1	23,33
1388912	G	A	0/1	36,24
1389866	C	T	0/1	31,45
1390763	C	T	1/1	0,56
1393626	A	G	1/1	1,44
1395010	A	G	0/1	24,24
1396922	T	C	1/1	0,60
1397199	G	A	0|1	15,34
1397201	A	G	0|1	13,34
1397215	C	G	0/1	13,37
1400396	A	G	0/1	33,35
1403010	C	T	0/1	25,30
1406760	T	TG	0/1	32,27
1409030	CGGATTTCTATT	C	0/1	26,41
1410062	G	C	0/1	32,37
1411210	T	G	1/1	0,61
1413129	CG	C	0/1	24,8
1413148	C	T	1/1	0,32
1414021	C	T	1/1	1,54
1414621	C	A	0|1	67,28
1414629	T	A	0|1	69,27
1414653	C	T	0/1	60,28
1414926	A	C	0|1	51,5
1414930	G	T	0|1	50,6
1414931	GGA	G	0|1	50,6
1414936	G	C	0|1	52,6
1414938	C	G	0|1	52,6
1414941	A	ACC	0|1	50,6
1414942	G	GCC	0|1	50,6
1414947	C	T	0|1	42,7
1414948	G	GC	0|1	42,8
1415097	C	G	0/1	44,42
1415887	G	GTCACCAGGTTCCGTGTGGCTTGTGGCAATCGCGCCCGCCGAAAGCTGACTGCTGGACACCGCGCCGAGGTTTGCTAGCCAGCGCGCAGCCAAGGATTC	0/1	73,9
1417019	C	T	0/1	13,32
1417554	G	C	0/1	25,30
1417793	G	A	0/1	29,34
1418863	C	CGGGAGCCA	0/1	24,17
1423231	G	A	0/1	39,39
1424699	T	C	0/1	28,26
1426589	C	T	0/1	35,34
1426928	C	T	0/1	24,26
1440469	C	G	1/1	0,84
1443354	C	T	0/1	20,34
1443428	G	GGGTTAGATTGCCCGGCTCCTCAACCCGCCGTTTCGGCGTGCATCGTCGCCGGGCTA	1/1	0,26
1445781	A	G	1/1	0,60
1445977	C	T	0/1	26,39
1446733	G	A	0/1	22,26
1457144	C	T	1/1	0,65
1458144	C	A	0/1	43,41
1460204	A	G	0/1	20,35
1460890	G	T	0/1	28,36
1461602	C	T	0/1	23,26
1462056	G	A	0/1	35,32
1465047	C	T	0/1	30,35
1470261	G	A	0/1	22,39
1471659	C	T	1/1	0,71
1477596	C	T	0/1	38,22
1479085	T	C	1/1	0,60
1479150	A	C	0/1	16,31
1480868	T	C	0/1	39,22
1482627	T	C	1/1	0,72
1484708	A	C	1/1	0,77
1490905	A	G	1|1	0,69
1490911	G	A	0|1	25,44
1492194	T	C	0/1	41,30
1496964	G	T	0/1	26,41
1498085	GGATAGCGGGGGC	G	0/1	29,47
1498951	G	T	0/1	41,27
1499274	C	G	1/1	0,65
1499347	C	G	0/1	17,31
1501700	G	A	0/1	31,28
1505194	T	C	0/1	26,16
1505973	G	A	0/1	32,43
1509067	C	T	0/1	52,54
1514010	G	T	0/1	27,25
1520109	A	C	0/1	25,31
1521526	T	C	0/1	27,46
1521696	T	C	0/1	33,20
1522862	C	T	0/1	30,37
1523175	A	C	0/1	24,39
1523791	A	G	0/1	30,32
1523817	C	T	0/1	30,29
1525160	G	A	0/1	36,53
1526311	G	T	0/1	45,38
1526819	C	A	1/1	0,61
1529133	CCGA	C	0/1	44,36
1534078	A	G	0/1	26,39
1534548	G	A	0/1	23,37
1535643	C	T	0/1	21,28
1536251	G	T	1/1	0,54
1537947	C	T	0/1	34,29
1540141	T	C	1/1	0,50
1541798	C	T	0/1	35,29
1544255	C	T	1/1	1,46
1545119	C	T	0/1	29,36
1546703	C	T	1/1	0,78
1547125	T	C	1/1	0,73
1548087	G	A	0/1	33,36
1551759	C	T	0/1	25,36
1552547	G	A	1/1	0,71
1556787	T	C	0/1	30,23
1559562	C	A	0/1	24,25
1560912	G	A	0/1	22,40
1563686	G	T	0/1	20,39
1563717	C	T	1/1	0,64
1568178	C	T	0/1	18,13
1570566	C	A	1/1	0,76
1574206	T	C	0/1	20,34
1575275	C	A	0/1	20,33
1575793	A	G	0/1	25,44
1576481	T	G	0/1	41,17
1576527	G	T	0/1	38,24
1577241	G	A	0/1	45,25
1577367	C	T	0/1	29,25
1580181	G	A	0/1	26,41
1581377	C	T	0/1	30,28
1582099	C	T	0/1	45,69
1582249	C	G	0/1	46,43
1584379	A	C	0/1	32,53
1584501	G	GT	0/1	30,47
1585283	A	C	0/1	32,33
1585379	G	A	0/1	27,39
1585404	G	A	0/1	24,36
1588899	G	T	1/1	3,52
1589739	C	T	0/1	26,34
1590555	C	T	0/1	19,35
1593331	G	A	0/1	29,28
1594906	G	A	0/1	42,31
1595342	T	C	0/1	22,22
1596515	C	T	0/1	40,23
1600685	C	T	0/1	32,21
1601528	C	T	0/1	22,34
1604290	A	T	0/1	39,26
1608276	A	C	1/1	0,64
1609840	A	G	1/1	0,48
1611283	T	C	0/1	26,40
1612624	T	TATCGGTACCGGTGCGCCAGGG	1/1	0,63
1613035	T	C	1/1	0,64
1616061	C	T	0/1	24,23
1616831	A	G	0/1	36,34
1617302	G	T	0/1	40,33
1617833	C	T	0/1	42,40
1620181	C	G	0/1	36,21
1624135	C	G	0/1	36,21
1624791	C	G	1/1	1,48
1625259	A	C	0/1	25,26
1625332	C	CGGT	0/1	17,17
1627351	T	C	1/1	0,68
1629091	G	T	0/1	32,40
1630148	A	C	1/1	0,63
1639418	A	G	0/1	27,17
1639594	C	A	1/1	0,64
1639643	T	C	0/1	27,36
1640442	C	T	0/1	31,37
1645802	T	C	1/1	0,79
1647436	G	A	0/1	45,25
1647830	G	A	0/1	28,39
1650072	A	G	1/1	0,72
1651308	A	G	0/1	35,17
1652559	G	A	0/1	43,30
1658535	G	T	0/1	27,41
1659902	T	C	0/1	21,32
1659994	C	T	0/1	17,38
1669158	T	C	0/1	25,28
1669629	C	T	0/1	28,18
1676290	C	A	1/1	0,76
1678706	A	C	0/1	43,38
1683937	AGTTTTTGAC	A	0/1	28,37
1688064	A	G	0/1	26,24
1688300	T	C	1/1	0,44
1689349	C	T	1/1	0,55
1691520	T	G	0/1	38,60
1692141	A	C	1/1	1,86
1693561	A	G	1/1	0,78
1694547	A	C	0/1	38,49
1695037	G	A	0/1	57,53
1695674	G	A	0/1	23,19
1695796	C	T	0/1	3,29
1696671	CA	C	1/1	0,21
1697896	C	T	1/1	1,32
1698911	G	A	1/1	0,23
1699849	G	A	1/1	0,90
1700415	C	CGGGGGGGG	0/1	22,12
1701215	C	T	0/1	54,36
1702858	C	T	0/1	31,50
1706119	T	C	1/1	0,47
1706685	C	A	0/1	26,18
1706746	C	A	0/1	11,28
1709432	C	T	1/1	0,55
1711670	C	T	0/1	49,39
1713192	A	G	1/1	0,58
1716472	A	G	1/1	0,48
1718444	T	C	0/1	25,31
1721116	G	A	0|1	27,5
1721122	C	G	0|1	28,4
1721123	T	G	0|1	28,4
1721490	C	G	0/1	16,27
1722200	C	G	0/1	37,32
1722228	A	C	0/1	31,28
1722787	TG	T	0/1	32,38
1726816	G	T	0/1	26,20
1728615	A	C	0/1	32,39
1728837	A	G	1/1	0,53
1731563	A	T	0/1	41,37
1733134	C	T	0/1	54,33
1733325	C	G	0/1	30,25
1735069	C	T	0/1	42,34
1735903	A	G	0/1	29,53
1739390	A	G	0/1	30,25
1741352	C	T	0/1	26,24
1745446	T	A	0/1	45,34
1753519	G	GC	1/1	0,33
1754016	G	GC	0/1	33,29
1754299	A	C	0/1	30,33
1754983	C	T	0/1	29,38
1756358	CG	C	0/1	27,12
1758790	C	T	0/1	27,49
1759252	G	T	1/1	0,47
1760292	A	G	1/1	0,81
1760923	T	C	0/1	39,32
1766689	GCA	G	0/1	36,27
1774659	C	T	0/1	60,30
1778430	T	C	1/1	0,63
1791823	T	C	0/1	35,31
1792777	T	C	1|1	0,55
1792778	T	C	1|1	0,54
1797577	A	G	0/1	25,28
1798355	G	A	1/1	1,58
1803265	G	A	1/1	0,64
1804409	C	A	1/1	0,63
1811375	G	T	0/1	31,32
1814135	A	G	0/1	24,16
1815069	A	C	0/1	37,24
1817976	A	T	1/1	0,50
1818579	T	C	0/1	31,32
1823579	C	T	0/1	28,36
1826054	T	C	0/1	26,23
1826343	C	T	0/1	35,21
1826624	G	A	0/1	31,36
1827553	C	G	0/1	38,28
1829576	C	T	0/1	24,33
1831220	A	C	0|1	28,16
1831226	A	G	0|1	31,18
1831288	C	T	0/1	28,25
1831531	G	A	0/1	30,32
1832642	G	T	0|1	26,23
1832643	G	C	0|1	26,23
1834177	A	C	0/1	43,30
1836286	G	C	1/1	0,53
1836804	C	G	0/1	46,17
1839260	T	G	0/1	22,23
1839306	A	G	0|1	20,20
1839329	G	A	0|1	22,16
1839759	G	C	1/1	1,55
1841115	C	T	0/1	18,39
1842240	C	G	0/1	29,35
1843636	C	CGCCACTGCTCCTATGCCGGCTGCGCCGGCATCATCGTCGTTGGCGCGGGTCATATGCGCCACTGCTCCTAT	0|1	52,36
1843641	A	G	0|1	52,4
1843900	T	C	0/1	38,33
1845667	T	G	0/1	24,29
1847919	C	G	1/1	0,61
1848147	C	A	0/1	32,45
1849051	C	T	0/1	39,30
1849191	T	C	0/1	19,50
1849600	C	T	0|1	37,42
1849609	T	C	1|1	0,77
1849934	A	G	0/1	33,32
1852176	CT	C	0/1	20,32
1853843	T	C	0/1	36,27
1853974	C	T	0/1	25,18
1854045	A	G	0/1	21,21
1854300	T	C	1/1	1,52
1856777	G	C	1/1	0,46
1859559	C	A	1/1	0,49
1859989	C	T	0/1	21,35
1866042	C	T	0/1	13,25
1872959	A	G	0/1	24,26
1873954	G	T	0/1	21,26
1874993	CG	C	0/1	22,26
1876393	C	T	0/1	38,43
1876739	T	G	0/1	25,37
1877744	A	C	0/1	28,23
1880601	G	A	0/1	33,31
1882276	G	C	0|1	53,5
1882277	T	C	0|1	52,5
1882280	G	C	0|1	53,5
1882285	T	C	0|1	50,5
1885385	T	G	0/1	35,16
1885708	A	G	0/1	26,38
1885772	G	A	1/1	0,68
1886263	C	G	0/1	20,28
1887284	G	A	0/1	17,35
1888373	T	C	0/1	30,30
1889073	G	C	0/1	26,36
1892017	T	C	0/1	24,25
1894300	G	GGTCTTGCCGC	1/1	0,73
1894422	A	G	1/1	0,47
1897608	C	T	0/1	33,26
1897646	G	C	0/1	34,31
1900800	A	G	0/1	26,35
1901493	T	C	1/1	0,47
1901623	G	T	0/1	30,31
1901894	C	G	0/1	20,30
1902156	G	A	0/1	22,19
1902337	A	C	0/1	31,22
1906078	A	G	0/1	41,20
1906336	A	G	0/1	39,33
1907177	C	T	0/1	36,34
1907296	G	C	1/1	0,80
1911339	T	G	0/1	51,30
1913700	G	T	0/1	34,38
1916137	A	G	1/1	0,48
1916998	A	T	0/1	23,36
1917972	A	G	1/1	0,53
1918790	C	G	0/1	20,14
1920120	G	T	0/1	21,25
1923985	G	A	0/1	32,32
1924008	G	A	0/1	34,33
1924959	T	C	0/1	33,35
1931179	C	A	1/1	0,38
1931470	G	A	0/1	21,26
1933988	G	A	1/1	0,63
1935695	T	G	0/1	18,33
1936525	G	A	0/1	25,34
1939594	G	T	0/1	30,20
1940120	C	T	0/1	21,38
1940307	G	T	0/1	30,27
1943110	C	T	0/1	30,30
1943723	C	T	0/1	39,37
1944107	A	G	1/1	0,65
1944402	T	C	1/1	0,65
1948644	G	A	0/1	27,30
1950636	C	T	0/1	21,30
1950767	T	C	1/1	0,63
1952160	T	C	0/1	22,24
1955638	C	A	0|1	56,25
1955672	C	CGGCGCGCATCGTCACCGGGCGTAGT	0|1	50,14
1955760	CGAA	C	0/1	28,27
1955913	CCCGGAAG	C	0|1	41,24
1955921	TCGATGACCGTTG	T	0|1	42,24
1955941	G	C	0|1	39,23
1956930	T	G	0/1	21,34
1960284	C	A	1/1	1,43
1961735	A	G	0/1	48,29
1963383	G	A	0/1	27,44
1963957	T	C	0/1	28,32
1967026	C	T	0/1	25,17
1967237	C	A	1/1	0,42
1967543	C	A	0/1	29,21
1967783	A	G	0/1	30,29
1971365	C	CT	0/1	29,28
1971725	G	C	1/1	1,56
1978807	G	T	0/1	24,39
1979026	C	T	0/1	22,26
1980652	G	T	0/1	25,24
1993808	A	T	1/1	0,46
2003105	C	T	0/1	32,21
2003827	A	C	0/1	35,20
2006659	A	G	0/1	22,31
2008669	T	A	0/1	27,35
2009290	GC	G	0/1	50,20
2013943	G	C	0/1	32,42
2017291	T	C	0/1	36,50
2017560	A	T	0/1	24,37
2019236	T	G	0/1	36,34
2022499	C	T	0/1	21,38
2022643	G	T	0/1	24,45
2022868	T	C	1/1	0,76
2023093	C	T	0/1	23,31
2023211	G	T	0/1	30,17
2023628	C	G	0/1	33,19
2030486	G	GT	0|1	29,39
2030488	AT	A	0|1	32,40
2030521	T	C	0/1	28,48
2035937	G	A	0/1	15,29
2041770	G	T	0/1	43,37
2047282	C	T	0/1	41,25
2047425	GCGCT	G	0|1	46,49
2047430	AACTTCCCGTCTC	A	0|1	49,50
2052960	T	TGCAGACCTATGA	0/1	34,45
2053320	G	T	0/1	46,43
2053695	T	G	0/1	43,36
2054667	G	A	0/1	29,34
2055271	A	G	1/1	0,62
2057434	C	T	0/1	44,27
2057593	G	A	0/1	20,38
2057774	A	T	1/1	0,63
2062922	T	C	0/1	21,31
2064831	G	A	0/1	40,39
2066471	T	C	0/1	33,44
2067684	G	A	0/1	56,21
2068353	G	A	0/1	27,38
2069771	C	A	0/1	31,31
2072190	A	C	0/1	30,40
2072313	C	A	0/1	37,29
2074754	C	T	1/1	1,50
2078246	C	G	0/1	35,19
2082053	A	G	0/1	25,23
2083124	T	C	0/1	30,30
2083610	G	C	0/1	30,28
2086672	C	T	0/1	27,21
2090306	G	A	0/1	19,28
2090400	T	TCGCCAACGCCAC	0/1	24,33
2092391	G	T	0/1	25,37
2092970	C	T	0/1	34,27
2093715	T	C	0/1	35,39
2094911	ACAGCGT	A	1/1	0,60
2096094	C	T	0/1	27,41
2096186	A	G	1/1	0,72
2096430	A	C	0/1	23,35
2096581	A	G	0/1	31,34
2097144	G	C	0/1	30,38
2097270	C	T	0/1	40,31
2102791	T	G	0/1	40,35
2104779	C	T	0/1	21,23
2108141	T	C	1/1	0,47
2108890	A	C	1/1	0,35
2109523	C	CG	1/1	0,54
2109756	C	T	0/1	22,27
2110365	A	C	0/1	38,38
2110812	G	T	0/1	22,30
2112832	A	C	0/1	42,22
2116903	C	T	1/1	0,49
2118956	A	C	0/1	32,28
2120796	T	A	0/1	32,31
2120953	C	G	0/1	22,32
2122395	C	T	0/1	30,32
2122625	A	G	0/1	21,24
2122826	G	A	0/1	24,32
2122976	C	G	1/1	3,61
2123145	C	T	0/1	32,32
2123169	T	G	1/1	0,69
2128372	A	G	0/1	19,31
2128870	A	G	1/1	0,49
2129281	C	A	0/1	50,40
2130529	A	G	0/1	27,23
2131540	C	T	0/1	17,29
2132062	C	G	0/1	28,41
2133468	T	TTCGCATGCCGTCACC	1/1	2,42
2133649	A	G	0/1	42,25
2135154	G	T	0/1	42,23
2135870	T	C	1/1	1,78
2137521	A	ACTCCGATCAC	1/1	1,63
2138436	A	G	0/1	42,26
2138453	C	T	0/1	41,27
2138767	G	C	0/1	27,23
2142266	C	A	0/1	33,28
2143328	G	C	1/1	0,36
2143523	C	CT	0/1	33,30
2143973	A	G	0/1	48,30
2145878	A	G	0/1	26,35
2146024	G	A	0/1	40,27
2146065	C	CGGCGGTCGCGGCGGGGCGGGCGGTAGAGGCGGCGACGGCGGGCAA	1/1	0,36
2146413	G	A	0/1	27,49
2147022	A	C	1/1	2,67
2147429	G	C	0/1	23,28
2147641	C	CGTTAGTTCATGCGTA	0/1	22,30
2151222	T	G	0/1	51,32
2151678	G	T	0/1	37,32
2153725	CTCATCCCCGTCTCG	C	0/1	29,28
2153967	G	A	0/1	21,25
2154724	C	A	1/1	1,61
2155168	C	G	0/1	29,30
2158109	T	C	1/1	0,71
2158563	GT	G	0/1	30,34
2160998	G	A	1/1	0,78
2161343	G	GT	1/1	1,53
2162065	A	C	0/1	22,29
2167548	C	T	0/1	42,26
2170785	A	G	0/1	31,46
2172380	A	C	0/1	41,30
2173860	A	C	0/1	30,26
2177073	T	C	0/1	53,53
2177366	C	T	0/1	36,22
2177968	G	T	0/1	20,44
2179825	G	C	0/1	40,39
2180039	G	A	0/1	40,35
2185358	G	A	0/1	24,37
2185674	A	G	0/1	19,19
2187587	G	C	0/1	56,44
2191498	G	T	0/1	48,19
2199052	C	G	1/1	0,66
2199416	A	G	0/1	26,41
2202500	C	T	0/1	34,37
2207591	T	TC	1/1	0,77
2209465	G	A	1/1	0,68
2211826	A	G	1/1	0,65
2214126	A	T	0/1	22,34
2216370	G	C	0/1	30,27
2216443	C	A	1/1	0,77
2216646	G	A	0/1	30,34
2216963	C	G	0/1	44,37
2218012	A	G	0/1	22,32
2218051	C	T	0/1	32,37
2218488	G	C	0/1	36,37
2219418	C	CCAGGTGCGAAAGGAGGAGCAGCCCATTCAACTGAAGGACTTGTTCGGGACCAGTTGGCACGTTCCGTCCGTCCTCGGTGTTGGCCAGCAAGAAGTCGCGGAGCGCCTGGCTGCT	0/1	30,16
2219955	CG	C	0/1	30,32
2220512	T	G	1/1	0,61
2221584	G	C	0/1	40,44
2222308	T	C	0/1	31,42
2223293	T	C	1/1	0,70
2225365	T	C	0/1	48,41
2228967	A	G	1/1	0,65
2229801	C	G	1/1	0,66
2230045	G	A	0/1	70,46
2231486	A	G	0/1	29,44
2235087	G	A	0/1	57,53
2237497	G	C	0/1	34,40
2238930	A	C	0/1	38,43
2239055	C	T	0/1	33,34
2240062	C	G	0/1	37,41
2241031	AG	A	0/1	32,15
2241646	C	T	0/1	23,27
2241742	A	G	0/1	16,21
2242808	G	A	0/1	33,39
2243034	T	G	0/1	39,40
2244421	G	T	0/1	30,19
2245149	G	T	0/1	23,50
2245864	C	A	0/1	33,30
2246960	G	C	0/1	42,50
2247677	A	C	1/1	1,85
2249035	A	G	0/1	24,26
2249789	G	A	0/1	32,32
2251605	G	A	0/1	29,22
2251999	A	G	1/1	0,45
2255942	G	T	0/1	40,34
2260100	C	T	1/1	0,57
2260151	A	G	0|1	62,7
2260154	C	T	0|1	60,9
2260171	T	C	0|1	62,13
2260174	C	T	0|1	62,14
2260196	C	CA	0|1	64,14
2260199	C	T	0|1	67,14
2260212	G	T	0|1	71,12
2260214	G	C	0|1	70,12
2260220	C	T	0|1	71,11
2260222	C	G	0|1	71,11
2260231	T	C	0|1	64,11
2260467	G	A	0/1	27,45
2260525	C	T	1/1	0,70
2264782	C	A	1/1	0,56
2265059	T	G	1/1	0,40
2266487	G	C	0|1	57,32
2266504	T	TA	0|1	52,35
2266508	A	T	0|1	48,30
2266511	GT	G	0|1	51,32
2266517	T	C	0|1	47,32
2266550	G	T	0|1	46,44
2266553	C	G	0|1	46,44
2266583	C	G	0|1	47,31
2266598	G	C	0|1	49,31
2266604	C	G	0|1	45,31
2266613	G	GC	0|1	47,28
2266624	G	T	0|1	48,25
2267015	T	C	0/1	68,47
2268433	C	A	0/1	58,28
2268627	G	C	0/1	80,45
2269545	G	A	0/1	45,31
2269780	T	C	1/1	0,46
2269870	G	A	0/1	28,28
2270102	A	G	1/1	0,73
2273733	TC	T	0/1	22,29
2282376	C	T	0|1	32,37
2282377	C	T	0|1	32,37
2282787	C	T	1/1	0,60
2283191	G	C	0/1	29,21
2283869	C	T	0/1	19,31
2285251	C	A	1/1	0,74
2287121	A	G	1/1	0,70
2288085	G	C	0/1	36,27
2288850	A	AC	0/1	31,27
2294007	T	C	0/1	39,35
2309356	G	A	0/1	27,36
2310831	C	T	0/1	23,16
2311099	C	G	1/1	1,55
2314689	C	A	0/1	30,13
2315386	C	A	0/1	34,16
2316123	C	A	0/1	17,23
2317007	G	A	0/1	13,26
2318725	C	T	0/1	26,23
2320320	C	T	0/1	37,24
2321358	G	C	0/1	23,24
2321975	T	C	0/1	25,16
2322797	G	C	0/1	37,17
2324049	A	G	0/1	23,23
2327903	ATGAT	A	0/1	26,35
2328543	T	C	1/1	0,52
2329533	A	G	1/1	0,48
2331255	C	T	0/1	31,40
2331620	A	C	1/1	1,58
2331789	G	T	1/1	0,53
2334007	A	G	1/1	0,70
2335075	A	G	1/1	0,62
2335494	A	G	1/1	1,56
2335500	C	T	0/1	20,33
2337179	C	T	0/1	37,38
2341030	G	A	0/1	21,21
2341636	C	G	1/1	0,55
2342403	C	G	0/1	34,42
2342649	A	AGGCGTACACAC	1/1	1,66
2344246	G	C	0/1	39,33
2344499	T	G	0/1	30,31
2345037	C	A	1/1	0,52
2346318	G	A	0/1	37,31
2349634	C	T	0/1	38,35
2350169	A	G	0|1	23,27
2350186	A	G	0|1	28,20
2352065	C	CCTCGCCTGGGCTGGCGAGCAGACGCAAAATCCCCCGCACGCCCGGCGTGTCGGGGGATTTTGCGTCTG	0/1	10,15
2354791	A	G	0/1	35,41
2357268	TGCC	T	1/1	0,30
2357820	G	C	0|1	53,5
2357950	TG	T	0/1	35,26
2358029	T	TG	1/1	0,47
2359005	G	A	0/1	28,31
2361604	C	G	1/1	0,48
2362041	C	A	1/1	0,53
2364475	T	C	0/1	40,22
2368564	TA	T	1/1	0,77
2368647	C	T	0/1	19,50
2368710	A	G	0/1	19,47
2369186	G	C	1/1	0,60
2369326	C	G	1/1	0,65
2374344	TG	T	0/1	40,50
2374442	G	A	0/1	30,60
2376425	A	G	0/1	24,20
2379743	C	G	0/1	26,33
2380019	C	T	0/1	28,50
2386389	G	A	1/1	0,36
2388641	G	A	1/1	1,76
2390299	A	G	0/1	31,35
2397760	C	G	0/1	26,23
2399734	G	A	0/1	40,29
2399887	C	T	0/1	33,36
2400031	G	A	0/1	33,49
2401825	TGGCTCCTCCTCACCCCGTTACCCGGGGCGCATCGTCGCCGAGCTCGATTTGATTGCCC	T	0/1	24,15
2403209	A	G	0/1	23,34
2406842	AC	A	0/1	52,30
2411496	G	A	0/1	28,24
2413246	C	A	1/1	2,37
2415162	C	T	0/1	30,26
2415656	G	C	1/1	0,43
2419142	A	G	0/1	22,15
2420820	G	T	0/1	37,23
2421816	A	G	1/1	1,55
2421975	G	GGGAA	1/1	0,45
2424864	A	G	0/1	16,20
2424925	A	G	1/1	0,49
2425097	A	C	0/1	24,19
2425471	T	C	1/1	0,68
2437259	G	T	0/1	36,34
2440926	G	T	1/1	0,70
2442468	C	T	0/1	43,25
2442844	T	C	0/1	33,23
2446999	GA	G	0/1	36,21
2447539	A	G	0/1	26,31
2448288	G	A	0/1	38,31
2448458	C	T	1/1	0,75
2449295	G	A	0/1	27,33
2450045	G	A	0/1	19,22
2451081	C	G	0/1	37,34
2451700	A	C	0/1	32,24
2451927	G	GCAGC	0/1	31,33
2453306	A	G	0/1	24,32
2462871	G	A	1/1	0,47
2470485	G	T	0/1	27,33
2470591	A	C	1/1	0,48
2472956	T	C	0/1	23,28
2477981	G	GT	0/1	40,24
2491597	G	T	0/1	30,24
2491929	G	A	0/1	39,42
2494233	G	A	0/1	43,26
2495500	T	C	0/1	23,31
2495614	G	A	0/1	26,36
2499726	G	A	1/1	0,46
2500892	C	T	0/1	29,28
2501147	G	GC	0|1	29,34
2501148	T	C	0|1	29,32
2503549	C	A	0/1	13,24
2505085	G	A	0/1	34,26
2505762	G	GGA	0/1	40,32
2508395	G	A	0/1	26,29
2509140	G	C	1/1	0,52
2509181	C	G	0/1	30,26
2509722	A	G	1/1	0,58
2510350	C	G	0/1	28,22
2511712	G	T	0/1	29,36
2514431	C	G	0/1	31,41
2516567	G	C	1/1	0,67
2517288	C	T	0/1	22,29
2517610	G	A	0/1	31,36
2518132	C	T	0/1	24,16
2521342	T	C	1/1	0,23
2521428	A	G	0/1	18,8
2522955	T	G	0/1	22,17
2523205	G	GCGC	1/1	0,26
2525722	CG	C	1/1	0,50
2526974	T	C	1/1	0,41
2528931	G	A	0/1	26,29
2529680	A	G	1/1	4,83
2530434	G	T	0/1	34,25
2533377	T	C	0/1	29,28
2534562	GGA	G	1/1	0,30
2534695	C	CG	0/1	32,4
2536599	C	T	0|1	14,33
2536628	G	GA	0|1	16,39
2536892	T	C	0/1	23,20
2538793	G	A	0/1	35,43
2543395	T	C	0/1	60,40
2544979	T	A	0/1	34,43
2546684	C	A	0/1	32,27
2547274	A	G	0/1	28,43
2547529	A	AG	0/1	18,36
2548700	C	T	0/1	29,34
2551576	C	G	0|1	39,27
2551577	T	C	0|1	39,27
2552592	A	C	0/1	17,30
2553547	CGT	C	0|1	29,5
2553682	C	T	0/1	25,35
2562644	G	T	0/1	39,26
2562783	T	C	0/1	25,34
2563958	A	C	0/1	28,37
2564368	G	GC	1/1	1,45
2566766	C	CG	1|1	1,66
2566768	A	C	1|1	1,66
2569593	A	G	0/1	38,40
2572653	T	G	0/1	21,33
2573434	G	T	0/1	32,45
2573756	C	A	1/1	0,71
2574598	C	T	0/1	18,34
2577246	A	G	0/1	25,34
2578626	A	G	1/1	0,57
2578986	G	A	0/1	21,27
2579032	G	C	0/1	26,24
2579856	A	G	0/1	20,32
2581052	G	A	0/1	35,22
2581109	C	A	0/1	25,44
2582324	G	A	0/1	27,34
2586076	C	G	0/1	34,25
2586127	A	G	1/1	0,51
2589036	G	C	0/1	43,35
2589216	G	C	1/1	0,89
2592063	GT	G	0/1	54,32
2592310	G	A	0/1	62,40
2593878	G	C	0/1	18,21
2598400	A	G	1/1	0,51
2600260	A	G	0/1	36,27
2602575	G	A	0/1	29,40
2604156	TCAGTGCCAA	T	0/1	12,23
2605293	G	T	0/1	19,32
2606049	A	C	0/1	40,22
2606797	G	GC	0/1	21,31
2608117	C	A	1/1	2,104
2608256	G	A	0/1	44,40
2608488	T	C	0/1	45,42
2611704	A	C	0/1	33,40
2612256	G	T	0/1	37,33
2612632	C	A	1/1	0,55
2614909	GC	G	0/1	38,24
2619271	T	C	1/1	0,74
2622402	G	A	0/1	32,37
2622508	C	T	0/1	36,29
2627618	C	A	0/1	34,25
2627946	A	G	0/1	34,23
2628366	G	C	0/1	25,44
2630740	T	C	0/1	37,25
2631371	C	T	0/1	64,39
2631641	T	G	0/1	34,49
2631962	T	G	0|1	57,7
2631967	G	A	0|1	57,7
2631968	A	G	0|1	57,7
2631971	A	G	0|1	58,7
2631977	G	C	0|1	58,8
2632341	C	CA	1/1	0,61
2632500	A	G	0/1	33,30
2634282	T	G	0/1	32,31
2637541	C	T	1/1	0,67
2639613	C	CGAG	0|1	55,7
2639618	C	CCTACGTT	0|1	54,5
2639620	C	T	0|1	56,1
2641158	C	G	0/1	38,32
2641840	A	G	0/1	36,44
2642383	C	T	1/1	0,45
2643653	G	A	0/1	18,34
2647905	G	A	0/1	22,13
2652908	C	G	0/1	21,34
2654769	G	A	0/1	17,30
2656225	A	G	1/1	0,64
2663210	G	A	0/1	27,37
2663795	G	A	0/1	36,27
2673818	C	G	0/1	37,23
2678140	T	C	0/1	27,22
2680537	T	C	0/1	22,38
2680658	T	G	1/1	0,68
2686891	G	A	0/1	24,50
2687134	G	GCGCCGGCGACGATGCAGAGCGCAGCGATGCTGAGGAGCGGCGCCATCGAAGCAC	0/1	10,14
2687242	G	A	0/1	30,39
2688225	G	C	0/1	19,36
2691713	T	C	0/1	41,48
2692100	C	T	0/1	36,26
2695378	C	G	1/1	0,65
2696977	G	C	0/1	20,25
2697489	C	T	0/1	48,26
2702680	T	A	0/1	27,18
2703902	C	CG	0/1	18,21
2704291	G	A	0/1	31,29
2704588	C	T	0/1	40,27
2704884	A	ACAGCGACCATATCGCCGAGCT	1/1	0,42
2705561	A	G	0/1	32,46
2709795	A	G	0/1	31,30
2711722	T	G	0/1	34,20
2712913	C	A	0/1	33,39
2713795	C	T	1/1	0,68
2715016	C	T	0/1	16,34
2718852	T	G	1/1	0,77
2719850	G	A	0/1	39,44
2720147	T	G	0/1	39,33
2722415	C	T	0/1	31,27
2723506	T	C	1/1	0,82
2724180	TCACGATCGGGTCTCCTCTAG	T	1/1	0,58
2725472	G	A	0/1	38,33
2725825	G	A	0/1	31,35
2726051	G	A	0/1	41,34
2727037	A	T	0/1	53,45
2729058	A	C	0/1	44,28
2729772	G	C	1/1	1,32
2731741	G	A	0/1	52,53
2732549	T	TTG	0|1	68,12
2732550	A	AACCGCCCCGGTGAGTCCGGAGACTCTCTGATCTGAGACCTCAGCCGGCGGCTGGTCTCTG	0|1	68,12
2734074	T	C	1/1	0,62
2734481	TA	T	0/1	41,27
2737572	C	A	1/1	0,61
2738274	A	C	0/1	27,10
2739385	T	C	0/1	26,19
2740693	T	C	1/1	0,55
2740845	C	T	0/1	30,20
2741209	G	A	0/1	31,33
2745739	G	A	0/1	21,42
2745839	G	A	0/1	25,33
2751804	C	T	1/1	0,56
2752122	G	C	0/1	35,19
2752698	C	A	1/1	0,76
2753041	C	T	0/1	33,55
2755112	G	A	0/1	23,42
2757357	C	T	0/1	35,37
2759534	C	G	0/1	35,36
2760152	A	G	1/1	0,57
2764206	A	G	0/1	23,21
2764766	C	T	0/1	20,27
2764939	G	A	0/1	26,20
2773955	G	C	0/1	26,29
2774555	T	C	0/1	22,11
2775361	C	T	0/1	23,22
2779136	T	C	1/1	0,68
2786783	G	A	0/1	27,25
2786952	A	G	1/1	0,60
2787989	C	T	0/1	33,30
2788966	G	T	0/1	27,32
2789661	C	A	0/1	32,33
2789798	G	T	0/1	33,29
2790458	A	C	0/1	32,25
2791098	C	T	1/1	1,48
2791257	A	T	0/1	26,34
2791475	A	G	0/1	25,23
2793810	C	A	0/1	32,15
2794071	G	A	0/1	22,24
2799488	CCGCAA	C	0/1	32,27
2800087	G	A	0/1	35,29
2807486	C	A	1/1	0,73
2808452	T	C	0/1	36,23
2809621	T	C	1/1	0,57
2809633	A	C	0/1	33,26
2809895	G	A	0/1	29,46
2815277	C	T	0/1	32,39
2817158	C	A	0/1	32,31
2817502	A	C	0/1	32,31
2818837	A	G	1/1	0,50
2821342	C	T	1/1	0,55
2824432	G	A	0/1	30,37
2825466	G	A	1/1	0,53
2825581	T	G	0/1	35,21
2827984	G	T	1/1	1,74
2828019	T	C	1/1	0,64
2828058	G	A	0/1	31,32
2828104	C	T	0/1	30,26
2830126	A	G	0/1	31,34
2830525	C	A	1/1	0,69
2832504	G	GGC	0|1	53,5
2832507	G	C	0|1	55,11
2832515	C	A	0|1	46,11
2832519	C	A	0|1	44,11
2832649	G	A	0/1	33,42
2833329	G	A	0/1	43,20
2838897	C	G	0/1	29,22
2841022	A	G	1/1	0,40
2847281	A	G	1/1	0,44
2847509	C	T	0/1	21,45
2850631	T	C	0/1	51,32
2851160	GAA	G	0|1	42,33
2851164	CATT	C	0|1	43,33
2855259	A	G	1/1	0,54
2855291	C	T	0/1	27,37
2858669	G	T	0/1	33,28
2860365	C	A	0/1	38,21
2862376	G	A	0/1	33,33
2865760	A	G	1/1	0,38
2865882	T	C	1/1	0,47
2867880	TA	T	0/1	42,45
2869242	T	C	0/1	27,31
2870386	C	T	0/1	22,25
2874236	C	A	0/1	28,35
2877508	C	T	0/1	27,23
2878550	G	A	0/1	41,24
2878980	C	T	0/1	22,25
2879138	C	T	0/1	15,28
2880702	G	C	1/1	1,67
2881244	A	G	0/1	39,38
2881597	AG	A	1/1	0,66
2881974	G	A	0/1	36,29
2884068	A	C	0/1	44,33
2885462	G	A	0/1	17,21
2886570	A	G	1/1	0,68
2888201	T	C	1/1	0,47
2889633	T	C	1/1	0,60
2891267	C	T	1/1	0,81
2891728	A	G	1/1	0,72
2893883	A	G	0/1	39,43
2894208	G	A	1/1	0,74
2894594	G	A	0/1	22,30
2894642	A	G	0/1	22,34
2894958	G	A	0/1	30,30
2897528	G	A	0/1	22,27
2897871	A	G	0/1	18,39
2898522	T	C	0/1	19,22
2899890	G	T	0/1	32,33
2901842	GACGGT	G	0/1	29,33
2903439	G	A	0/1	43,26
2906008	C	T	0/1	22,33
2906867	G	C	0/1	29,19
2910461	G	T	1/1	0,55
2911293	C	G	1/1	0,57
2911826	G	A	0/1	21,32
2912294	T	G	1/1	0,46
2915482	C	A	0/1	29,37
2919187	G	A	0/1	28,29
2923391	T	C	1/1	0,46
2925683	G	A	0/1	22,25
2925962	T	C	1/1	2,45
2926882	C	T	0/1	34,20
2927511	G	T	0/1	30,38
2927939	T	C	1/1	0,70
2929242	C	T	0/1	37,26
2939373	G	C	1/1	0,44
2939657	T	C	1/1	0,49
2940608	C	T	0/1	22,37
2948230	G	A	0/1	25,20
2948650	T	C	0/1	30,44
2953307	G	T	0/1	23,36
2953460	C	T	0/1	23,35
2954439	T	C	1/1	0,64
2955233	C	T	0/1	35,31
2955957	A	C	0/1	34,30
2957568	CT	C	0/1	32,55
2959324	A	G	0/1	38,63
2962757	G	A	0/1	42,32
2963627	G	A	0/1	22,22
2963892	G	A	0/1	18,27
2969197	A	G	0/1	31,13
2976582	G	A	1/1	0,13
2980861	A	G	1/1	0,26
2984740	A	G	1/1	0,28
2985216	G	A	0/1	22,26
2987918	G	A	0/1	25,19
2988630	C	G	1/1	1,46
2989019	G	A	0/1	34,21
2990752	A	C	0/1	33,30
2991653	G	A	0/1	30,35
2992374	G	T	0/1	24,29
2992564	G	A	0/1	35,50
2993523	T	C	0/1	27,22
2994187	T	C	1/1	1,39
2996912	C	T	0/1	26,41
2998811	G	A	0/1	28,35
3000362	T	C	0/1	33,42
3003115	C	G	1/1	0,82
3003190	G	A	0/1	37,63
3005185	G	T	1/1	0,73
3009692	A	G	1/1	0,45
3009834	A	G	0/1	25,31
3010420	A	G	1/1	1,54
3010993	C	T	0/1	39,44
3011102	C	T	0/1	36,42
3011506	T	C	0/1	32,46
3015119	CT	C	0/1	37,33
3015379	G	A	0/1	35,32
3017465	T	C	1/1	0,74
3021892	GTTCGACGAC	G	0/1	32,32
3022835	A	C	0/1	42,23
3024021	C	A	0/1	24,27
3024343	G	A	0/1	40,34
3025431	C	T	0/1	26,46
3027606	C	G	0/1	13,30
3027798	T	C	1/1	1,62
3031168	A	G	1/1	0,59
3031285	A	T	0/1	25,35
3032887	G	A	0/1	27,30
3033189	G	A	0/1	28,21
3036413	G	A	0/1	22,37
3036826	C	T	0/1	31,34
3036989	C	T	0/1	31,30
3037377	T	C	1/1	0,22
3041871	G	T	1/1	1,51
3048912	C	G	0/1	33,20
3050013	T	G	0/1	27,32
3055895	C	G	0/1	30,45
3056767	G	T	0/1	42,24
3064632	G	A	0/1	27,24
3065419	C	A	0/1	18,39
3067961	G	A	0/1	44,36
3069167	A	G	1/1	0,75
3069805	G	C	0/1	34,41
3070311	C	A	0/1	35,40
3074069	C	A	0/1	46,33
3074830	C	T	0/1	39,31
3080795	A	G	1/1	0,63
3085119	G	GC	0/1	36,39
3086261	T	C	0/1	34,30
3086788	T	C	1/1	0,74
3088625	A	G	0/1	34,33
3092402	A	C	0/1	23,18
3097349	C	T	0/1	31,41
3098711	G	T	0/1	33,24
3103682	T	C	1/1	0,60
3104189	A	G	1/1	0,68
3105144	C	A	0/1	26,15
3110140	G	T	0/1	24,24
3111476	C	T	0/1	42,33
3114814	G	A	0/1	42,53
3115384	G	C	0/1	65,48
3118449	A	G	0/1	26,19
3131469	T	TTGTCGGCGA	1/1	0,56
3133878	T	C	0/1	33,29
3134220	G	A	0/1	28,21
3135606	A	G	0/1	49,35
3137058	G	A	1/1	0,48
3137237	T	C	0/1	31,46
3137681	G	A	0/1	25,44
3137736	G	T	0/1	38,28
3144623	C	T	0/1	48,31
3149337	A	G	0/1	26,45
3156201	C	CG	0/1	36,28
3159305	T	G	0/1	22,17
3164730	G	A	0/1	35,40
3165410	A	T	0/1	35,31
3165636	G	A	0/1	31,21
3169993	A	G	0/1	36,25
3173466	A	G	0/1	34,16
3174496	A	G	1/1	0,78
3174692	AC	A	0/1	30,22
3177452	C	A	0/1	34,18
3177884	C	A	1/1	0,74
3179219	G	A	0/1	20,18
3180988	C	A	1/1	0,56
3184292	G	A	0/1	27,35
3186860	T	G	1/1	0,43
3188428	C	T	0/1	32,23
3188769	A	G	0/1	30,25
3189242	A	G	1/1	0,62
3189580	T	C	0/1	24,52
3190145	TC	T	1/1	0,72
3190342	G	A	0/1	33,31
3197917	G	A	0/1	32,37
3200282	C	T	0/1	31,27
3200304	A	G	0/1	28,33
3202052	G	A	0/1	21,30
3202130	G	A	0/1	43,32
3202629	C	T	0/1	31,36
3205565	G	A	0/1	17,46
3208394	G	A	0/1	35,47
3209156	G	A	0/1	29,31
3213828	C	T	0/1	29,35
3214299	G	A	0/1	21,32
3214372	G	A	0/1	22,25
3214481	G	T	0/1	27,26
3214869	A	G	0/1	26,22
3215622	CG	C	0/1	19,22
3220883	C	T	0/1	32,21
3221693	T	A	0/1	26,27
3226181	A	C	1/1	0,48
3228143	G	T	1/1	0,50
3229692	G	A	0/1	11,13
3233605	G	A	0/1	26,34
3238119	CGTG	C	0/1	24,16
3241244	G	A	0/1	40,43
3242138	A	C	0/1	30,46
3244414	A	G	0/1	31,39
3256494	A	G	1/1	0,69
3264912	C	A	0/1	29,38
3266030	A	G	1/1	0,46
3266196	G	A	0/1	27,37
3268705	C	T	0/1	29,46
3269581	A	G	1/1	0,52
3270784	A	G	1/1	0,51
3271037	A	G	0/1	24,37
3273138	C	G	0/1	35,38
3274545	G	A	0/1	58,51
3276703	T	G	0/1	47,40
3280132	G	A	0/1	26,27
3284640	A	G	0/1	33,27
3284855	C	T	0/1	31,28
3286956	G	C	0/1	25,45
3293423	A	G	0/1	30,32
3293601	T	C	0/1	22,37
3295124	C	T	0/1	29,29
3295791	G	A	0/1	23,45
3296165	G	T	0/1	40,44
3296371	G	GCCGCGGC	1/1	0,45
3296721	C	G	0/1	40,26
3296843	A	G	1/1	0,63
3299413	G	A	0/1	41,46
3302683	C	T	0/1	38,51
3304966	G	A	0/1	77,38
3306163	CGGCACTGTGGCG	C	0/1	30,39
3306594	T	G	0/1	25,39
3308446	T	C	0/1	32,39
3308606	G	A	1/1	0,108
3309009	C	A	0/1	35,45
3310174	G	A	0/1	41,35
3310427	T	C	0/1	42,33
3310626	T	C	0/1	32,30
3311119	G	C	0/1	21,30
3312942	G	A	0/1	22,43
3314243	G	A	0/1	20,28
3314412	A	G	1/1	0,75
3316955	A	C	0/1	26,29
3318047	TC	T	0/1	25,28
3326150	A	G	0/1	20,29
3326554	A	C	1/1	1,56
3328495	G	C	0/1	27,33
3331123	C	T	0/1	27,31
3331361	ACG	A	1/1	0,48
3336825	T	C	1/1	0,69
3337679	G	A	0/1	46,35
3338603	G	C	1/1	0,43
3338834	C	A	0/1	37,47
3351472	G	A	0/1	24,25
3352932	C	G	1/1	0,32
3358235	A	T	1/1	0,61
3363222	G	A	0/1	35,43
3363338	A	G	1/1	0,53
3365841	G	A	0/1	32,41
3366409	GATCACATCACC	G	0/1	31,36
3367765	G	A	1/1	0,43
3369869	G	T	0/1	20,25
3371260	T	C	0/1	25,17
3375165	A	C	0/1	41,20
3378828	C	A	1/1	0,38
3393361	C	G	0/1	37,35
3394177	C	T	0/1	29,32
3401850	G	A	0/1	29,21
3401871	A	G	1/1	0,51
3402816	C	T	1/1	1,49
3404376	C	G	1/1	0,56
3406798	G	A	0/1	30,31
3407028	C	T	0/1	22,41
3408150	T	C	0/1	27,32
3412611	T	C	0/1	48,31
3415180	ACACCTAGGGGGTGG	A	1/1	1,49
3415332	A	G	0/1	44,35
3420825	A	G	1/1	0,58
3423249	C	CGCGAGCAGACGCAGAATCGCCCAAAATCCAAGATTTTGAGGCGATTCTGCGTCTGCTCGCGCAACCGG	1/1	0,23
3424059	G	A	0/1	30,41
3424462	C	T	0/1	24,50
3425854	C	T	1/1	0,76
3427632	C	T	0/1	31,57
3428917	C	A	1/1	0,42
3431407	G	T	0/1	40,31
3436579	T	C	0/1	32,33
3436696	T	G	0/1	27,30
3440464	T	G	1|1	0,65
3440468	G	C	1|1	0,65
3440542	A	G	0/1	26,27
3442240	C	A	0/1	35,40
3446699	C	G	0/1	23,28
3447293	T	G	0/1	32,25
3447480	A	C	0/1	21,34
3447709	C	T	0/1	40,36
3448714	G	C	0/1	28,35
3450725	T	C	1/1	1,38
3453382	C	T	0/1	24,20
3454263	C	G	1/1	1,61
3455686	G	C	1/1	0,39
3456666	A	G	1/1	0,51
3460765	G	C	0/1	17,11
3462135	G	C	1/1	0,48
3464629	A	G	0/1	25,30
3467465	C	G	1/1	1,53
3473996	G	GA	1/1	0,62
3474597	C	A	0/1	35,42
3475159	A	G	0/1	21,45
3477942	A	G	0/1	57,24
3478242	G	C	0|1	84,17
3478244	C	A	0|1	85,17
3478245	T	C	0|1	83,17
3478248	T	C	0|1	83,17
3478251	C	T	0|1	82,17
3478254	G	C	0|1	82,17
3478257	A	G	0|1	81,17
3478260	C	G	0|1	82,17
3478263	G	A	0|1	86,17
3478272	G	A	0|1	83,18
3478290	C	T	0/1	77,16
3478443	C	T	0|1	79,6
3478446	G	T	0|1	75,7
3478452	A	C	0|1	72,7
3478455	G	C	0|1	72,7
3478480	C	A	0|1	66,8
3478482	T	G	0|1	69,8
3478485	A	G	0|1	69,7
3478488	G	A	0|1	72,7
3478489	T	C	0|1	73,6
3479561	G	A	0/1	34,73
3480474	G	A	1/1	2,78
3480789	T	C	1/1	1,71
3483855	GA	G	0/1	26,34
3486977	A	G	1/1	0,74
3487108	C	T	0/1	40,34
3492058	G	A	0/1	37,43
3493612	C	T	0/1	18,35
3493873	G	A	0/1	30,31
3493908	C	CGATGAACCGCCCCGGTGAGTCCGGAGACTCTCTGATCTGA	0|1	36,5
3494295	GGC	G	0/1	28,46
3494820	CG	C	0/1	37,29
3497586	C	G	0/1	29,37
3498198	C	T	0/1	38,29
3498418	A	G	0/1	41,38
3500149	G	A	0/1	52,34
3500243	G	C	0/1	56,36
3503895	C	T	1/1	0,71
3505005	A	C	0/1	30,45
3508157	G	C	0/1	23,32
3508970	A	G	0/1	36,32
3509091	G	C	0/1	31,48
3509626	C	A	0/1	46,38
3518167	A	G	1/1	0,56
3518555	A	G	1/1	0,47
3521044	A	G	0/1	21,49
3525374	A	G	0/1	19,43
3526986	A	G	0/1	29,30
3529180	CCTA	C	0|1	60,16
3529186	G	GCGCGC	0|1	58,16
3529190	GTC	G	0|1	56,16
3529195	GGCCA	G	0|1	63,16
3529205	T	A	0|1	65,16
3529210	CAACG	C	0|1	65,15
3529216	T	TTCGC	0|1	65,15
3529221	GT	G	0|1	74,13
3529224	T	TA	0|1	73,13
3529227	G	C	0|1	75,13
3529228	T	C	0|1	75,13
3529231	T	C	0|1	74,10
3530145	C	A	0/1	36,25
3530955	C	G	1/1	0,44
3531656	C	T	0/1	27,38
3531706	A	G	0/1	36,48
3533759	G	A	0/1	24,40
3536008	G	T	0/1	23,24
3538128	G	A	0/1	28,35
3539139	CG	C	0/1	20,31
3542049	G	A	0/1	40,33
3542219	G	A	0/1	37,30
3547956	G	A	0/1	26,38
3548893	G	T	0/1	33,40
3550347	C	T	0/1	37,25
3550426	G	A	0/1	33,39
3550789	C	G	0/1	42,30
3554354	A	G	0/1	41,27
3555699	A	G	0/1	37,32
3556275	A	G	1/1	0,65
3558518	T	G	0/1	21,29
3560645	C	T	0/1	29,36
3563920	C	T	0/1	23,40
3564612	A	G	0/1	24,17
3566923	A	ACGCTTGTCGG	0/1	28,35
3571262	G	A	0/1	40,52
3571828	G	C	0|1	27,31
3571834	T	G	0|1	28,24
3573636	T	C	0/1	23,27
3576231	T	C	0/1	32,40
3577497	C	T	0/1	31,22
3577958	A	G	0/1	37,50
3580636	CT	C	1/1	0,68
3581414	A	G	1/1	0,68
3585644	A	G	0/1	21,30
3586368	T	TG	0/1	32,34
3587446	G	A	0/1	31,24
3590686	G	GC	1/1	0,24
3591063	T	C	1/1	0,50
3596614	G	A	0/1	28,21
3597249	C	G	0/1	23,29
3597682	C	T	0/1	25,26
3600390	G	A	0/1	29,37
3600576	C	T	0/1	46,47
3604821	G	C	1/1	0,28
3608865	C	T	0/1	38,34
3610391	A	AC	1/1	0,68
3610668	GGGGTC	G	0/1	34,29
3612813	T	C	0/1	30,23
3614982	T	C	1/1	0,72
3621423	A	G	1/1	1,51
3622441	A	C	1/1	0,51
3624486	T	C	0/1	17,35
3625065	T	G	1/1	0,56
3626467	C	T	0/1	21,22
3626562	G	A	0/1	35,15
3628520	G	A	0/1	40,16
3629203	G	A	0/1	23,28
3638093	G	A	1/1	0,56
3643985	A	C	0/1	28,39
3647041	A	G	0/1	35,21
3647591	A	G	0/1	24,41
3653988	G	A	0/1	24,28
3658266	C	G	0/1	29,17
3661802	C	T	0/1	25,21
3664457	C	A	0/1	44,18
3664603	A	T	0/1	23,48
3665753	G	A	0/1	38,27
3670040	C	T	1/1	0,64
3670118	G	T	0/1	37,30
3671532	G	C	0/1	35,35
3671843	A	C	0/1	35,40
3672105	G	C	0/1	27,31
3674157	T	A	0/1	22,26
3675504	G	T	0/1	20,21
3678091	G	A	0/1	32,27
3678249	A	C	0/1	36,34
3679415	G	C	0/1	26,25
3679949	A	G	0/1	27,32
3680932	G	A	0/1	34,34
3681548	A	C	1/1	1,58
3683237	G	T	0/1	28,32
3683715	T	G	0/1	33,46
3686286	G	A	0/1	56,33
3686608	TCGA	T	0/1	24,28
3686759	C	T	0|1	37,34
3686778	A	G	0|1	40,32
3687372	A	G	0/1	22,35
3689492	C	T	0/1	25,32
3689523	G	T	1/1	0,61
3690016	A	G	1/1	0,61
3693681	A	C	1/1	0,56
3696181	A	G	0/1	28,30
3697708	A	G	0/1	44,27
3704261	C	A	0/1	36,27
3704596	G	C	1/1	0,49
3704770	A	G	0/1	27,32
3714211	G	T	1/1	0,43
3714757	A	C	1/1	1,32
3718357	C	T	1/1	0,55
3721806	G	C	1/1	0,74
3723901	G	GT	0/1	18,39
3743549	A	G	0/1	23,28
3743656	G	A	0/1	35,22
3770325	C	T	0/1	31,41
3771628	A	C	0/1	29,34
3772600	G	A	0/1	45,37
3772616	G	A	0/1	44,38
3774333	G	A	0/1	18,33
3774506	G	A	0/1	24,31
3775409	T	C	0/1	25,20
3775441	A	C	0/1	27,22
3778011	G	A	0|1	36,18
3778012	G	T	0|1	35,18
3778396	C	T	0/1	34,25
3782108	G	A	0/1	19,26
3784915	G	A	0/1	36,32
3784975	G	A	0/1	30,29
3785946	A	G	0/1	29,51
3786033	A	G	0/1	31,42
3788365	T	G	0/1	21,31
3788725	G	A	0/1	23,32
3788751	T	C	0/1	25,32
3793634	A	G	0/1	39,57
3794770	T	C	0/1	48,26
3794867	C	CCA	1/1	0,84
3797827	C	CTGAACCGCCCCGGCATGTCCGGAGACTCCAGTTCTTGGAAAGGATGGG	0|1	46,9
3798095	A	C	1/1	0,89
3798596	A	G	0/1	89,29
3804299	G	A	0/1	22,27
3807491	G	A	0/1	26,46
3808103	T	C	0/1	28,43
3811629	G	A	0/1	33,39
3811672	G	T	0|1	39,34
3811675	A	G	0|1	39,34
3813266	C	T	0/1	30,27
3815268	G	A	0/1	20,28
3815477	G	T	1/1	0,64
3817117	C	A	1/1	0,69
3820722	G	A	0/1	18,26
3821845	G	T	0/1	42,26
3823159	A	T	1/1	0,54
3826501	C	T	0/1	33,24
3826684	C	T	1/1	0,61
3827815	C	T	0/1	24,31
3828941	C	T	0/1	26,29
3829452	C	T	0/1	31,36
3829770	T	C	1/1	0,72
3830349	C	T	0/1	38,24
3830566	G	A	0/1	23,25
3830695	A	G	1/1	0,41
3833830	C	T	0/1	37,32
3834486	T	C	0/1	33,41
3838871	A	G	1/1	0,55
3839985	C	T	0/1	23,38
3851084	A	G	0/1	35,53
3851887	A	C	1|1	0,53
3851888	T	C	1|1	0,53
3854899	T	C	0/1	32,34
3859893	C	T	1/1	0,54
3861914	C	T	0/1	31,30
3862472	GA	G	1/1	0,44
3862601	G	A	0/1	23,33
3863138	G	A	0/1	32,28
3863681	C	G	0/1	32,25
3864041	G	A	0/1	21,45
3864995	T	C	1/1	1,43
3868738	C	A	0/1	28,36
3870010	A	G	0/1	33,27
3871246	T	C	1/1	0,62
3874722	AT	A	1/1	1,69
3876953	G	A	0/1	34,31
3877421	A	G	1/1	0,86
3878575	G	T	0/1	17,24
3879882	G	A	0/1	31,27
3883178	A	C	0/1	43,41
3883467	A	G	0/1	42,36
3885886	T	C	1/1	1,72
3892671	A	G	1/1	0,73
3893480	G	A	1/1	1,81
3895727	C	A	1/1	0,44
3896340	T	G	1/1	0,53
3897374	G	A	0/1	27,28
3898408	A	G	1/1	0,52
3898869	C	A	0/1	30,42
3899654	C	A	0/1	34,39
3900906	A	G	0/1	18,39
3902318	A	AT	0/1	31,25
3902335	C	T	0/1	28,31
3904922	G	C	0/1	22,36
3906311	G	A	0/1	22,24
3906926	C	T	0/1	28,30
3908465	A	G	0/1	39,49
3909235	G	C	1/1	1,55
3913737	G	A	0/1	28,34
3914015	G	A	0/1	17,28
3916386	G	T	0/1	34,37
3920109	G	T	0/1	46,35
3921094	C	T	0/1	35,36
3922836	T	C	0/1	26,31
3952800	G	A	1/1	0,46
3958007	C	T	0/1	31,36
3958403	A	G	1/1	0,78
3959418	C	T	1/1	0,61
3959730	T	C	0/1	33,34
3961802	A	G	0/1	32,28
3962187	G	A	0/1	34,34
3964293	G	T	0/1	50,55
3964518	G	A	0/1	62,31
3967223	G	A	0/1	29,43
3968006	A	C	0/1	40,32
3970594	C	G	0/1	30,34
3974142	G	A	0/1	15,18
3976595	G	T	0/1	53,44
3979990	C	G	0/1	41,29
3981983	G	A	0/1	34,30
3984321	G	A	1/1	0,74
3984926	G	A	0/1	25,24
3987370	CG	C	0/1	24,24
3988745	C	G	0/1	20,40
3989107	C	T	0/1	36,37
3989914	G	T	0/1	28,22
3993058	G	A	0/1	45,19
3994898	A	G	0/1	52,48
4001622	T	C	0/1	46,20
4003645	C	T	0/1	38,25
4005114	G	C	1/1	0,59
4005607	T	C	1/1	0,50
4006303	A	C	0/1	18,25
4008747	A	G	1/1	1,55
4012219	T	C	0/1	38,26
4013076	G	A	0/1	33,38
4014431	C	T	0/1	18,26
4019103	G	T	0/1	37,32
4020756	C	G	0/1	22,40
4022388	G	A	0/1	21,15
4022652	G	A	0/1	25,30
4024079	T	C	0/1	14,33
4024273	T	C	1/1	0,50
4024967	C	G	0/1	25,35
4026800	G	C	0/1	33,37
4026899	G	A	1/1	0,76
4028752	A	G	1/1	0,42
4033577	A	G	0/1	27,26
4034827	C	T	1/1	0,50
4040517	A	G	0/1	34,26
4041408	CA	C	0/1	37,21
4041581	C	T	0/1	42,20
4044740	G	A	0/1	30,30
4045805	G	A	0/1	31,46
4046007	C	T	0/1	36,34
4047879	C	T	0/1	27,34
4050811	G	A	0/1	48,38
4054364	C	T	0/1	32,34
4054637	A	G	0/1	36,28
4055801	G	A	1/1	0,89
4056416	C	A	1/1	0,108
4056693	G	T	0/1	63,56
4057081	A	G	0/1	24,38
4058711	T	C	0/1	32,41
4059143	A	C	0/1	35,32
4059904	A	G	1/1	0,63
4064270	G	T	0/1	26,32
4067152	G	A	0/1	36,42
4067326	C	A	0/1	27,38
4069292	G	A	1/1	0,55
4069797	C	T	0/1	23,32
4074346	A	C	0/1	35,32
4081987	G	C	0|1	26,27
4081996	G	C	0|1	25,25
4083360	T	G	0/1	34,28
4085200	G	C	0/1	20,36
4089058	T	C	1/1	0,62
4093416	G	C	0/1	22,34
4093719	G	A	0/1	28,31
4095001	CG	C	1/1	0,50
4095098	T	C	0/1	21,21
4095295	T	C	1/1	0,80
4096190	G	A	0/1	31,42
4100975	T	C	1/1	0,56
4101018	C	T	0/1	22,31
4105757	C	T	0/1	25,25
4106154	C	T	0/1	24,15
4107074	T	C	1/1	0,54
4111303	G	C	1/1	0,55
4112429	T	C	1/1	1,42
4115029	G	A	0/1	42,34
4115890	G	C	0/1	41,41
4116610	G	A	0/1	27,20
4116682	T	C	0/1	21,31
4117161	C	A	0/1	22,26
4119246	T	C	0/1	15,31
4122287	G	T	0/1	36,21
4123770	G	A	0/1	23,10
4124349	GCC	G	0/1	38,35
4126087	T	G	0/1	23,27
4130711	G	C	0/1	26,41
4133316	A	T	0/1	25,34
4133907	G	A	0/1	28,31
4137190	T	C	0/1	26,43
4137829	C	T	0/1	33,17
4138377	A	G	0/1	34,25
4141864	C	A	0/1	33,45
4142689	G	A	0/1	40,30
4145737	A	G	1/1	2,69
4151855	A	G	1/1	0,60
4152986	A	G	0/1	16,25
4156099	C	A	1/1	0,53
4156239	A	G	0/1	25,37
4156503	C	T	1/1	0,55
4157259	G	A	0/1	19,13
4158361	A	G	0/1	21,36
4158493	C	T	0/1	42,21
4159195	T	C	1/1	0,54
4160371	C	A	0/1	29,36
4160533	TGCGCCCGGC	T	0/1	25,25
4162339	A	G	1/1	0,99
4163558	G	C	0/1	31,41
4166441	G	A	0/1	38,29
4167642	G	T	0/1	31,24
4167656	A	G	0/1	34,33
4168445	GCGCGGACGGGAA	G	0/1	38,42
4169666	GT	G	0/1	36,38
4169719	C	T	0/1	35,28
4169852	G	T	0/1	57,32
4170739	G	C	0/1	37,43
4170964	G	GA	1/1	0,67
4174131	G	C	0/1	30,26
4176559	G	A	0/1	26,37
4177348	G	A	0/1	27,34
4179089	C	T	1/1	1,57
4179832	G	C	0/1	50,29
4181065	C	T	0/1	14,34
4182387	G	C	0/1	25,26
4182695	G	A	1/1	1,67
4186678	G	A	0/1	42,30
4187063	G	A	0/1	35,42
4187485	T	C	1/1	0,61
4187817	A	G	1/1	0,75
4189210	G	T	0/1	31,19
4190532	A	C	0/1	38,42
4190596	A	C	0/1	45,48
4190962	G	A	0/1	41,42
4191194	TTATTACCGCGCATCGAAGCGTGGATG	T	0/1	38,30
4194501	G	A	0/1	39,26
4197138	C	CT	1/1	0,59
4197189	A	G	0/1	24,31
4198611	CG	C	1/1	0,73
4200220	A	G	0/1	32,54
4201105	G	A	0/1	33,54
4202039	G	A	0/1	40,23
4202383	A	C	0/1	27,33
4204168	T	C	0/1	41,23
4204441	A	G	1/1	0,85
4205120	A	G	1/1	1,53
4205325	A	G	0/1	38,24
4206182	C	T	0/1	55,24
4210274	A	G	1/1	0,50
4210876	T	C	0/1	23,38
4212832	GACC	G	0/1	48,25
4213849	T	G	0/1	27,23
4214988	G	A	0/1	31,30
4215209	G	T	0/1	28,41
4215433	C	T	0/1	28,29
4215484	G	C	1/1	0,63
4216255	C	G	0/1	27,40
4217557	A	G	1/1	0,63
4218416	C	A	0/1	33,34
4218669	G	GT	0/1	28,20
4218941	G	A	0/1	37,22
4221070	AC	A	0/1	39,30
4221423	C	T	0/1	42,34
4221490	C	G	1/1	0,68
4222073	A	G	1/1	0,48
4222882	A	G	1/1	0,59
4223172	T	C	1/1	0,46
4229167	T	C	0/1	37,30
4231859	CGCGGTCTGTGCGCCGGGCGCACGCACCGAATTCGAGCTATTAGCGGCCGCGGCAAGGGACGCATTCGGCCTGGACGTCCACCCAGCGGT	C	0/1	41,36
4232327	A	G	0/1	33,33
4233041	A	G	0/1	34,20
4234960	A	C	0/1	28,27
4236237	C	T	0/1	31,20
4240671	C	T	0/1	29,21
4241042	A	G	0/1	20,35
4242643	C	T	1/1	0,49
4243217	C	A	0/1	31,24
4243460	C	T	0/1	33,26
4243848	G	A	0/1	26,29
4245969	C	T	0/1	34,38
4247429	A	G	0/1	36,33
4247646	A	C	0/1	31,37
4249071	A	C	0/1	74,30
4249757	A	G	0/1	39,24
4251297	G	C	1/1	0,67
4252066	T	C	0/1	32,22
4254345	AT	A	0|1	35,31
4254347	T	A	0|1	35,31
4254431	G	A	0/1	28,34
4255922	A	G	1/1	1,68
4256074	C	G	0/1	23,28
4256210	G	T	0/1	35,19
4257220	A	G	1/1	0,45
4258106	G	A	0/1	43,25
4261499	G	A	0/1	20,43
4262388	C	T	0/1	37,28
4262464	C	T	0/1	29,32
4263279	A	G	0/1	30,28
4264381	G	GC	0/1	24,18
4267647	T	C	0/1	15,21
4269387	T	G	0/1	31,40
4269606	A	G	0/1	32,29
4273272	G	A	0/1	35,33
4275686	TG	T	0/1	28,39
4275935	A	G	0/1	32,37
4276306	C	T	0/1	29,41
4280441	C	A	0/1	38,32
4280708	G	A	0/1	29,38
4281143	C	G	0/1	33,54
4281272	G	A	0/1	37,50
4283016	G	C	0/1	28,55
4284429	G	A	0/1	50,40
4285579	C	G	0/1	35,39
4286156	T	C	0/1	34,55
4287164	A	G	1/1	0,60
4287361	C	T	0/1	34,39
4289953	A	G	0/1	20,35
4290135	C	T	0/1	53,26
4290564	G	T	0/1	28,40
4290827	C	G	0/1	22,53
4292030	GA	G	0/1	16,24
4296015	G	A	1/1	0,96
4296381	G	T	0/1	35,45
4298354	A	G	0/1	36,43
4298896	G	A	0/1	24,36
4303407	A	C	0/1	20,44
4303498	T	TG	0/1	45,31
4305063	G	GA	0/1	16,22
4305265	T	C	0/1	24,16
4306155	C	T	1/1	0,50
4306339	G	T	0/1	20,24
4307179	G	A	1/1	0,40
4307344	C	G	0/1	28,34
4307397	G	A	0/1	30,29
4308395	G	A	0/1	25,22
4309927	T	G	0/1	50,35
4310743	T	TG	0/1	26,22
4311664	C	T	0/1	42,34
4313128	C	T	1/1	2,60
4314645	A	G	1/1	0,53
4314800	G	A	0/1	39,27
4314843	G	A	0/1	26,41
4316566	C	G	0/1	41,52
4319985	G	C	0/1	33,24
4322039	AC	A	0/1	42,23
4322338	A	G	0/1	34,31
4323006	G	A	0/1	28,34
4323302	T	C	0/1	21,31
4325923	G	A	0/1	12,37
4326426	C	CA	0/1	44,32
4329782	G	A	1/1	1,89
4334425	G	C	0/1	42,30
4336597	C	A	0/1	42,47
4337574	A	G	0/1	26,27
4338595	GC	G	1|1	0,67
4338603	G	A	0|1	26,37
4338732	G	A	1/1	0,72
4340028	G	C	0/1	23,13
4340984	T	TTCCCCGGGTTCCCCTCCCTACCCGGTTTCCCCGGGC	0/1	20,19
4341396	A	AAGGCGCGGCCGC	0/1	33,32
4344058	T	C	0/1	17,35
4345339	G	A	0/1	27,30
4348724	A	ACCCGCGCCGGCGACGATGCAAAGCGCAGCGATGAGGAGGAGCGGCGCCAACGG	0/1	0,0
4349129	C	T	0/1	24,38
4350305	G	A	0/1	26,21
4351039	G	T	1/1	0,75
4355506	C	A	0/1	32,33
4356110	G	C	1/1	0,57
4356864	C	CTG	0/1	18,42
4357597	C	G	1/1	0,65
4357773	G	A	0/1	29,31
4357804	T	G	0/1	31,24
4357946	C	T	0/1	25,23
4359147	G	GGTGATCGGGGTTCCCGGC	0/1	11,13
4359164	G	GC	0/1	24,11
4359165	G	GTGATCGGGGTTCCCGGGGTGATCGGGGTTCCCGGC	0/1	23,11
4359177	T	TCCCGGCGTGATCGGGGTTCCCGGTGTG	0/1	20,23
4359653	C	T	0/1	59,43
4359828	G	A	0/1	55,38
4362568	T	G	0/1	42,33
4366195	T	C	1/1	1,55
4366272	G	C	1/1	0,63
4367649	A	G	0/1	34,34
4368084	G	C	0/1	38,24
4369499	G	A	0/1	32,21
4369848	G	A	0/1	33,39
4372353	G	C	1/1	2,54
4374228	T	C	0/1	26,36
4377033	G	C	0/1	38,52
4378504	T	C	0/1	18,25
4379044	CG	C	0/1	24,20
4379680	C	G	1/1	0,75
4382054	T	C	1/1	0,58
4382275	G	T	1/1	0,57
4383144	C	CCGGGG	1/1	0,64
4383442	T	C	0/1	34,43
4383655	A	G	1/1	0,57
4384007	C	G	1/1	0,40
4385031	CG	C	0/1	15,16
4385187	A	G	0/1	32,30
4385715	TGCCAGATCGTTCTCCCTGATCAGGC	T	0/1	32,33
4385916	C	G	0/1	61,15
4385933	A	G	0/1	62,25
4385937	C	T	0/1	24,64
4385946	C	T	0/1	62,26
4386108	A	G	0/1	70,38
4386228	T	C	1/1	0,132
4386288	C	T	0/1	71,32
4386304	A	AT	0|1	83,14
4386305	C	CCGCG	0|1	90,14
4386308	CAT	C	0|1	91,13
4386315	G	C	0|1	87,11
4386316	C	G	0|1	92,11
4386322	A	G	0|1	89,9
4386325	A	G	0|1	88,8
4386328	A	T	0|1	91,8
4386335	A	G	0|1	90,8
4386337	G	A	0|1	90,8
4386341	C	A	0|1	90,8
4386343	G	A	0|1	91,7
4386599	A	G	0|1	114,14
4386604	G	C	0|1	119,16
4386630	GTCGTA	G	0|1	108,21
4386637	CCGGT	C	0|1	118,22
4386702	G	C	0/1	93,39
4386768	G	A	0|1	74,31
4386774	C	T	0|1	76,25
4390380	A	G	0/1	22,50
4391076	C	G	0/1	17,39
4391908	C	T	0/1	30,27
4393178	A	G	1/1	0,64
4393590	C	G	0/1	22,33
4394210	G	C	0/1	35,32
4395387	A	G	0/1	25,24
4397736	C	T	0/1	46,35
4398318	C	T	0/1	29,61
4398693	G	C	0/1	33,25
4398732	G	A	0/1	32,28
4399888	A	G	0/1	30,42
4400660	AC	A	1/1	0,31
4401400	A	G	0/1	29,45
4403227	G	A	0/1	31,39
4404247	G	A	0/1	26,21
4406884	C	T	0/1	26,28
4407211	G	C	0/1	42,28
4407588	T	C	1/1	1,46
4407873	C	A	0/1	25,36
4407927	T	G	0/1	37,36
4408920	A	G	0|1	23,35
4408923	C	T	1|1	0,61
4410386	G	T	0/1	29,45
4411016	G	A	0/1	35,44
4411400	G	T	0/1	41,46
