1849	C	A	0/1	54,77
1977	A	G	1/1	0,120
3446	C	T	0/1	57,86
4013	T	C	1/1	0,123
7362	G	C	1/1	0,96
7585	G	C	1/1	0,123
8056	G	T	0/1	34,73
9138	C	G	0/1	77,35
9304	G	A	1/1	0,133
11701	G	A	0/1	90,16
11879	A	G	1/1	0,101
12204	G	A	0/1	19,43
14785	T	C	1/1	0,145
15117	C	G	0/1	69,116
21795	G	A	1/1	0,11
24007	G	T	0/1	50,87
24698	GCCGCGTTGCTCGGGGTAA	G	0/1	24,40
26747	GC	G	0/1	15,48
26957	C	G	0/1	42,85
26959	C	G	1/1	0,128
27439	C	T	0/1	33,59
27487	G	A	0/1	25,52
28139	G	A	0/1	31,54
28536	C	T	0/1	35,52
29641	G	A	0/1	83,48
33436	C	T	0/1	60,51
33841	C	G	0/1	95,48
34044	T	C	1/1	0,117
34568	TC	T	0/1	47,84
37031	C	G	1/1	0,83
37553	T	TTCATGACTCGGCTCGGCCCAC	0/1	70,32
42281	C	A	0/1	33,47
42967	G	C	1/1	0,126
49360	C	T	0/1	42,78
49690	GCC	G	0/1	40,47
50557	T	C	0/1	20,56
51949	A	G	0/1	37,97
53422	G	A	0/1	13,33
54394	A	G	0/1	39,71
54842	G	T	0/1	42,96
55546	G	GCCT	0/1	21,9
55553	C	CCGT	1/1	0,33
56001	G	A	0/1	57,92
62049	A	G	1/1	0,103
63214	C	T	0/1	107,28
63928	G	A	0/1	55,80
64444	T	A	0/1	55,108
65083	G	A	0/1	36,54
66632	C	T	0/1	25,64
67012	C	T	0/1	25,51
67792	C	T	0/1	67,38
69984	C	A	0/1	43,96
69989	G	A	1/1	0,139
70267	G	T	0/1	24,71
70816	A	G	1/1	0,86
71336	G	C	1/1	0,33
71439	CCGGGGGCCGGACGTCCCCCCCGCGA	C	0/1	16,16
71584	C	CCGAGCGCTGTTCTGGCGCTAATCTGACGCTAGAATAG	1/1	0,48
72549	C	T	0/1	53,72
73153	C	G	0/1	68,45
75233	C	A	0/1	39,62
75940	G	C	1/1	0,130
79504	T	TCGGTGGACCCGGTGGACCCGGTGGACC	0/1	30,16
84450	A	G	0/1	56,49
84908	C	T	0/1	57,33
92199	T	G	1/1	0,88
93313	C	T	0/1	46,27
103086	C	CCGG	0/1	63,50
114222	T	C	0/1	50,101
116000	T	G	1/1	0,77
117389	C	T	0/1	43,64
118499	T	C	0/1	80,56
122017	C	G	0/1	85,26
122109	A	G	1/1	0,121
123198	T	C	0/1	37,69
123520	T	C	0/1	53,96
123745	G	A	0/1	49,120
125830	G	GA	1/1	0,100
129576	A	C	0/1	30,36
131174	T	TG	1/1	0,91
133839	C	T	1/1	0,103
137029	C	A	0/1	30,84
138151	G	A	0/1	72,40
143207	T	C	0/1	33,49
144865	C	T	0/1	37,85
145708	G	T	0/1	74,23
146087	T	C	1/1	0,108
154283	T	C	1/1	0,144
157129	C	T	0/1	42,86
167450	T	C	0/1	44,90
168749	G	A	0/1	25,50
168985	C	T	0/1	52,28
170671	G	A	0/1	33,95
172492	C	G	0/1	44,81
176534	TG	T	0/1	22,61
181090	C	T	0/1	60,72
181670	C	T	0/1	61,44
191391	G	GC	0/1	75,38
194305	C	CGG	0/1	65,65
194681	G	C	1/1	0,86
196642	C	T	1/1	0,97
197397	G	C	0/1	91,33
198007	C	T	0/1	63,61
198401	G	T	0/1	57,86
199470	T	G	0/1	28,76
201949	G	A	0/1	33,69
206339	T	C	1/1	0,66
206481	C	G	0|1	25,50
206484	G	T	0|1	25,50
207079	G	C	0/1	24,70
207341	C	A	0/1	58,86
210624	C	T	0/1	21,58
217201	T	C	0/1	28,64
218599	T	C	0/1	32,25
218605	A	G	0/1	22,25
223942	T	C	1/1	0,67
224338	C	T	0/1	40,60
224901	C	G	0/1	69,23
225323	T	C	1/1	0,116
226517	C	T	0/1	78,32
227098	T	C	1/1	0,138
230092	A	G	0/1	45,77
230576	G	GT	0/1	30,51
230920	TC	T	0/1	34,69
231114	C	G	1/1	0,100
234427	C	G	0/1	22,72
234477	T	G	1/1	0,91
234496	C	CGT	1/1	0,89
236075	T	G	0/1	47,82
236232	G	A	0/1	82,37
238803	C	T	0/1	38,30
243923	CG	C	0/1	30,59
249522	T	C	0/1	43,44
251575	G	A	0/1	49,76
252083	A	C	0/1	86,42
254488	C	T	0/1	37,67
255373	T	C	0/1	47,80
257071	C	T	0/1	36,80
257587	T	C	0/1	36,58
259225	G	A	0/1	36,68
261869	T	C	1/1	0,76
262268	A	T	0/1	37,77
263306	T	C	0/1	106,36
264992	T	C	0/1	46,73
265554	A	C	1/1	0,103
266405	C	T	0/1	37,65
274463	C	A	0/1	49,51
275328	G	C	0/1	59,47
276539	G	C	0/1	53,89
278681	C	G	1/1	0,145
278785	C	T	0/1	70,45
283313	G	A	0/1	53,29
283503	G	A	0/1	29,52
283614	T	C	1/1	0,80
285772	A	C	1/1	0,91
285871	A	G	1/1	0,73
287141	GC	G	0/1	31,63
289095	A	G	0/1	66,47
289253	C	T	0/1	47,84
290650	G	C	0/1	24,66
293628	A	AC	0/1	20,37
297337	C	T	0/1	64,34
301341	C	A	0/1	37,50
304923	A	G	0/1	47,105
310973	G	A	1/1	0,109
311613	G	T	1/1	0,127
311666	G	C	0/1	41,59
321338	T	TC	0/1	44,41
322655	C	T	0/1	105,53
324812	C	T	0/1	39,65
325505	T	C	0/1	46,68
328047	C	G	0/1	30,59
328569	G	C	0/1	47,95
329923	T	C	0/1	86,53
330002	G	A	0/1	62,65
331332	G	T	0/1	68,31
331502	G	A	0/1	53,33
336322	CAA	C	0/1	80,8
336325	T	G	0|1	84,8
336327	C	CGG	0/1	83,9
336332	G	C	0|1	82,11
336344	A	G	0|1	92,14
336345	T	C	0|1	92,14
336353	C	T	0|1	93,14
336356	GGAA	G	0|1	92,14
336360	C	CCTCCCCG	0|1	91,14
336369	C	T	0|1	90,16
336370	A	G	0|1	89,15
336380	A	T	0|1	90,30
336400	C	G	0|1	82,34
336403	C	G	0|1	82,34
336405	A	G	0|1	84,34
336422	TTG	T	0|1	88,24
336428	A	G	0|1	88,25
336431	C	T	0|1	90,25
336439	A	G	0|1	90,23
336441	C	T	0|1	89,23
336442	G	A	0|1	89,23
336449	T	C	0|1	85,22
336451	T	G	0|1	85,24
336452	A	G	0|1	83,23
336459	G	A	0|1	64,24
336468	G	GCGTCC	0|1	65,24
336472	C	CAG	0|1	70,25
336473	T	G	0|1	72,25
336476	A	AGTCG	0|1	71,22
336480	A	G	0|1	65,23
336504	G	T	0/1	59,49
336535	T	G	0|1	41,39
336537	T	G	0|1	42,39
336540	G	T	0|1	43,39
336546	T	G	0|1	43,38
336557	C	CT	0|1	37,32
336560	T	C	0|1	43,34
339088	T	G	0|1	53,6
339090	C	CGG	0|1	52,6
339095	G	C	0|1	48,5
339230	G	C	0/1	22,39
342146	A	C	0/1	35,99
342873	C	T	0/1	46,126
346275	C	G	1/1	0,139
353197	C	T	0/1	46,74
355181	G	A	0/1	60,28
356528	A	G	1/1	0,83
358473	G	C	0/1	24,55
361145	T	C	0/1	76,40
363563	G	A	0/1	41,84
376774	T	C	1/1	0,107
383081	A	G	0/1	83,59
384380	A	C	1/1	0,121
386432	C	G	1/1	0,102
390828	T	C	1/1	0,124
391853	A	G	0/1	23,51
392261	T	C	0/1	56,85
396199	T	C	0/1	38,50
402836	G	A	0/1	42,70
403980	G	A	1/1	0,140
404326	T	C	1/1	0,120
406251	T	C	0/1	30,42
411371	T	C	0/1	53,29
414486	C	T	1/1	0,123
420008	A	G	1/1	0,87
422678	G	A	0/1	23,43
424141	G	GAGCGAACGGCGC	0|1	86,23
424144	T	TTGGCACCAGCCGGTGAGCGAGCGCGCGTAGCGGGGGAGCGAACGGCGCAGTTGGCACCAGCCGGTGAGCGAGCGCGCG	0|1	91,56
438470	C	T	0/1	42,47
440365	G	A	0/1	50,83
440878	C	T	0/1	47,63
445780	C	T	0/1	52,64
446980	C	G	0/1	47,72
447642	G	C	0/1	46,88
448876	C	T	0/1	32,73
454295	T	C	1/1	0,93
454333	T	G	0/1	41,52
455024	G	A	0/1	17,74
455623	CT	C	0/1	29,49
456061	C	T	0/1	81,54
457452	T	G	1/1	0,80
459399	A	C	1/1	0,100
464061	G	A	0/1	27,56
476612	G	A	0/1	36,80
481254	TGCG	T	0/1	80,26
481526	AG	A	0/1	39,79
482418	C	T	0/1	112,48
483935	T	G	0/1	34,83
484504	C	G	0/1	36,56
485561	A	C	0/1	38,74
485730	C	T	0/1	44,74
485810	CA	C	0/1	37,68
486416	G	A	0/1	29,50
489935	G	C	1/1	0,108
491742	T	C	0/1	34,60
492150	G	C	0/1	35,68
498531	A	G	0/1	35,66
498557	C	A	1/1	0,97
502589	C	G	1/1	0,136
503354	G	C	1/1	0,130
505974	G	A	0/1	35,36
506386	T	C	0/1	69,39
512610	C	T	0/1	41,101
513257	T	C	1/1	0,121
517358	T	C	0/1	48,74
517389	C	A	0/1	42,81
523654	C	T	0/1	41,59
524891	C	A	0/1	29,64
530353	G	A	0/1	79,46
541201	A	G	1/1	0,108
542900	C	T	0/1	75,33
546357	A	G	0/1	38,89
548326	T	C	0/1	33,79
551525	A	C	1/1	0,82
555991	A	G	0/1	44,83
559957	C	G	0/1	41,75
560540	ACTTTTC	A	0/1	34,86
562062	GGCCA	G	0/1	47,56
565655	A	G	0/1	38,45
572591	C	T	0/1	28,90
573262	A	G	1/1	0,87
579284	T	C	0/1	39,90
584171	T	C	0/1	28,75
589290	C	CG	0/1	103,34
590436	T	C	1/1	0,111
595374	T	C	0/1	59,21
596097	C	T	0/1	64,29
597816	A	G	1/1	0,160
598475	G	A	1/1	0,105
599868	A	G	0/1	31,45
599881	A	G	0/1	33,54
602234	A	G	0/1	36,73
604186	C	G	0/1	28,45
609511	G	A	0|1	77,44
609514	G	A	0|1	76,39
610120	T	G	1/1	0,119
611977	C	T	0/1	22,39
618808	G	A	0/1	38,64
629714	G	A	0/1	33,79
633562	C	T	0/1	31,70
635139	G	C	0/1	39,73
637319	G	A	1/1	0,107
641411	G	A	0/1	31,82
645011	C	T	0/1	21,41
646723	A	G	0/1	25,41
648002	T	G	1/1	0,172
648856	T	C	0/1	35,86
648992	C	G	0/1	85,47
651772	C	A	0/1	78,35
652950	T	C	0/1	61,84
655986	T	G	0/1	50,72
656114	A	C	0/1	52,93
657081	C	T	0/1	51,70
659341	T	C	0/1	26,65
662911	T	C	0/1	40,70
665293	A	G	1/1	0,125
669398	T	C	1/1	0,97
670545	G	A	0/1	39,44
671281	A	G	0/1	69,33
682230	C	T	0/1	45,112
684344	C	T	0/1	76,43
684376	T	C	0/1	50,69
685461	C	G	1/1	0,105
685608	T	C	1/1	0,129
686123	C	A	0/1	27,56
686972	T	C	1/1	0,102
688130	C	G	0/1	65,83
688792	T	TG	0/1	38,79
690167	C	T	0/1	55,37
690450	A	C	0/1	19,29
690465	T	G	1/1	0,52
691887	G	GC	0/1	22,32
698968	G	A	1/1	0,80
705062	G	C	0/1	62,28
708056	T	C	0/1	30,65
712693	A	G	0/1	33,47
713310	T	C	0/1	32,76
725190	G	A	0/1	7,10
729685	C	T	0/1	28,74
732145	C	T	0/1	48,69
744624	G	T	0/1	57,34
750027	C	CA	0|1	23,55
750033	C	G	0|1	25,55
753088	C	T	0/1	50,21
753174	C	A	0/1	30,45
754186	A	G	1/1	0,54
756790	C	T	0/1	35,30
757182	A	G	0/1	45,64
759746	C	T	0/1	52,76
762434	T	G	0/1	45,62
763031	T	C	0/1	53,62
767339	A	G	0/1	41,64
767414	G	A	0/1	26,67
768928	C	A	0/1	74,30
775639	T	C	1/1	0,118
776100	G	A	0/1	41,86
777416	C	A	0/1	74,31
781395	T	C	1/1	0,121
788615	G	C	0/1	52,87
798779	T	C	0/1	42,70
798934	C	A	0/1	53,39
802427	C	CCGGCCTAGCCCGGCGACGATGCAGAGCGAAGCGATGAGGAGGAGCAGGGCAATGCGGCCTAGCCCGGCGACGATGCAGAGCGAAGCGATGAGGAGGAGCAGGGCAATG	0/1	0,0
807405	C	T	0/1	35,72
809806	C	T	0/1	64,46
820483	G	T	1/1	0,99
820734	A	G	0/1	35,63
820752	C	T	0/1	36,65
821102	C	T	0/1	68,29
825152	A	G	0/1	85,68
830868	G	GGC	0/1	52,66
834857	C	T	0/1	23,68
841289	GAA	G	0/1	27,57
841764	G	C	1/1	0,126
844973	G	A	0/1	63,30
845894	G	A	0/1	77,32
847995	T	C	0/1	31,78
852910	C	T	1/1	0,78
854252	GC	G	1/1	0,93
857643	C	G	0/1	39,72
857696	A	G	1/1	0,91
858464	A	G	0/1	31,73
858959	G	A	0/1	43,30
865153	C	T	0/1	52,81
874640	C	T	0/1	103,42
874835	C	CCG	1/1	0,165
876141	G	T	0/1	32,68
880562	G	T	1/1	0,134
882257	T	C	1/1	0,99
888107	C	T	0/1	55,57
893733	T	G	1/1	0,112
896979	T	C	0/1	36,74
898473	A	G	0/1	54,32
900221	T	C	1/1	0,105
903537	G	T	0/1	47,63
903550	T	C	1/1	0,98
903913	T	C	1/1	0,65
906742	T	C	0/1	42,66
906857	A	G	1/1	0,102
909453	C	A	0/1	97,77
913918	C	G	0/1	44,51
919164	G	C	0/1	76,40
919551	C	T	0/1	59,109
921909	C	T	0/1	34,68
922003	G	A	0|1	31,40
922004	C	A	0|1	31,40
922864	C	T	0/1	46,86
931123	T	C	0/1	49,99
932280	T	C	0/1	23,73
932994	A	T	0/1	83,52
934230	C	G	0/1	29,96
934611	G	T	0/1	31,84
936620	CCCA	C	0/1	38,68
941845	C	A	0/1	34,73
942616	C	A	0/1	26,35
945214	G	A	1|1	0,131
945238	G	T	0|1	43,94
948270	G	A	0/1	83,50
949535	T	C	1/1	0,107
950116	C	G	0/1	42,73
955524	A	G	1/1	0,90
957117	T	C	0/1	31,35
957306	C	T	0/1	30,71
960367	A	G	0/1	53,68
964099	T	C	0/1	86,38
966508	G	A	0/1	76,42
967095	T	G	0/1	45,25
979704	G	C	1/1	0,138
986463	G	C	1/1	0,146
990001	G	C	1/1	0,115
991939	G	A	0/1	31,49
993346	A	C	1/1	0,120
996263	G	A	0/1	39,88
997096	C	T	0/1	52,68
1002172	G	A	0/1	27,55
1007198	A	G	0/1	21,51
1008460	C	T	0/1	46,67
1009500	C	T	0/1	42,82
1010204	C	CG	1/1	0,82
1012135	C	T	0/1	60,37
1012815	C	G	0/1	40,59
1023911	C	G	0/1	34,77
1024346	A	G	0/1	38,61
1024365	T	C	0/1	40,63
1025106	T	C	1/1	0,146
1029586	G	A	0/1	31,56
1032674	C	G	0/1	76,35
1034381	G	A	0/1	33,54
1035586	C	T	0/1	38,92
1037012	T	C	1/1	0,70
1037911	C	T	1/1	0,108
1042177	G	GA	0/1	50,34
1047165	T	C	1/1	0,50
1051949	G	A	0/1	47,32
1052899	C	T	0/1	49,41
1054784	C	G	0/1	33,85
1056469	G	A	0/1	45,79
1068151	T	C	1/1	0,132
1068432	A	G	1/1	0,150
1070702	T	C	1/1	0,127
1071349	G	C	0/1	35,51
1071523	G	T	0/1	20,50
1074558	G	A	1/1	0,103
1075279	T	C	1/1	0,125
1076309	G	T	1/1	0,119
1077312	A	G	1/1	0,99
1077541	G	T	0/1	31,74
1077779	C	A	0/1	79,51
1079927	C	A	1/1	0,98
1080192	G	A	0/1	28,54
1081681	T	C	1/1	0,89
1087193	G	C	1/1	0,92
1090188	A	AG	0/1	50,62
1097220	C	T	0/1	38,55
1098523	T	A	0/1	39,65
1099058	G	A	0/1	45,73
1100234	T	C	1/1	0,111
1103786	G	T	0/1	68,46
1104690	T	G	0/1	24,59
1105102	A	C	0/1	89,44
1106099	C	T	0/1	31,60
1106422	T	C	1/1	0,125
1106652	A	G	0/1	93,55
1107940	A	C	0/1	30,62
1109975	A	G	1/1	0,157
1110721	T	C	0/1	43,83
1111852	G	T	0/1	35,62
1113733	C	A	0/1	39,67
1114538	G	A	0/1	74,42
1121126	C	CA	0/1	29,10
1121663	GGGGATGCCGATGCCC	G	0/1	12,26
1126889	G	C	1/1	0,122
1127648	C	A	1/1	0,155
1127874	G	C	0/1	59,78
1130261	G	A	0/1	34,21
1139089	G	C	0/1	23,82
1144409	T	G	0/1	29,60
1144585	A	G	0/1	47,62
1146421	C	T	0/1	52,36
1148259	A	G	0/1	52,84
1149551	C	T	1/1	0,97
1150585	G	A	1/1	0,125
1151054	C	G	0/1	43,85
1152805	T	A	0/1	53,92
1152863	A	G	0/1	41,90
1153388	C	T	0/1	47,81
1164336	G	A	0/1	39,110
1164571	A	G	0/1	40,75
1168715	C	CT	1/1	0,139
1173750	G	T	0/1	40,43
1177184	C	A	0/1	54,95
1178116	T	C	1/1	0,105
1185742	C	A	0/1	22,26
1190586	T	C	0/1	65,24
1193463	T	A	0/1	43,68
1200418	A	G	1/1	0,122
1208652	G	A	0/1	41,31
1211369	A	C	0/1	52,80
1220680	T	C	1/1	0,128
1221144	G	T	0/1	29,70
1224307	C	G	0/1	65,46
1224367	T	C	1/1	0,104
1226129	C	T	0/1	69,28
1227830	G	T	0/1	44,64
1230778	G	A	0/1	61,80
1231683	C	T	0/1	40,75
1236433	A	C	0/1	41,75
1240744	C	A	0/1	35,50
1241572	A	G	0/1	65,97
1247391	A	C	0/1	38,59
1248382	A	G	0/1	43,76
1248936	G	C	0/1	35,64
1248978	T	C	1/1	0,102
1250340	A	G	0/1	54,90
1251199	C	T	0/1	48,77
1254562	A	G	0/1	51,85
1257610	G	T	0/1	94,45
1260654	G	A	0/1	53,47
1265828	G	A	0/1	34,75
1269028	G	C	0/1	62,113
1271187	C	G	0/1	52,79
1273250	G	GA	0/1	34,84
1275957	T	C	0/1	37,77
1276131	G	T	0/1	32,91
1281118	T	C	1/1	0,146
1281771	T	C	0/1	28,52
1281984	G	A	0/1	40,41
1287291	C	G	0/1	52,45
1287372	G	C	0/1	44,67
1292102	A	G	1/1	0,91
1306259	A	G	0/1	47,62
1306420	C	T	0/1	32,83
1307286	C	T	0/1	65,53
1307598	C	G	1/1	0,86
1308317	T	C	0/1	52,63
1311932	G	A	0/1	92,36
1313337	A	AG	1|1	0,43
1313338	A	C	1|1	0,43
1315191	A	C	1/1	0,119
1315884	G	A	1/1	0,99
1320675	G	A	0/1	72,34
1321210	C	T	0/1	104,49
1325650	G	A	0/1	30,58
1327890	G	A	1/1	0,153
1328687	G	C	1/1	0,95
1345016	C	T	0/1	37,61
1351172	A	G	0/1	59,72
1359449	G	A	0/1	74,34
1360209	T	C	1/1	0,105
1361190	G	A	0/1	19,65
1362006	T	C	0/1	58,97
1365818	C	A	0/1	62,33
1367484	T	G	0/1	32,80
1369464	C	T	0/1	50,40
1370077	G	C	0/1	43,92
1371470	G	A	0/1	28,56
1372301	G	C	0/1	74,48
1374065	T	C	1/1	0,72
1375724	A	C	1/1	2,107
1377568	A	G	0/1	20,48
1382628	T	C	1/1	0,128
1388470	G	A	0/1	71,40
1390763	C	T	0/1	49,115
1392245	G	C	0/1	55,71
1392921	G	A	0/1	23,22
1393626	A	G	1/1	0,82
1396310	G	A	0/1	63,30
1396618	C	A	0/1	39,76
1396922	T	C	1/1	0,133
1401033	C	T	0/1	53,61
1402587	C	G	0/1	47,65
1411210	T	G	1/1	0,115
1412755	G	C	0/1	59,42
1413148	C	T	1/1	0,61
1414021	C	T	1/1	0,121
1420138	C	A	0/1	29,43
1422666	C	T	0|1	38,59
1422667	C	T	0|1	38,58
1429706	C	T	0/1	63,38
1436348	C	T	0/1	45,81
1438369	G	T	0/1	69,48
1440090	C	T	0/1	59,73
1440469	C	G	1/1	0,132
1443428	G	GGGTTAGATTGCCCGGCTCCTCAACCCGCCGTTTCGGCGTGCATCGTCGCCGGGCTA	0/1	20,16
1445781	A	G	1/1	0,100
1446543	G	C	0/1	55,34
1447655	T	C	0/1	108,60
1450316	C	T	0/1	30,54
1457144	C	T	1/1	0,85
1460740	C	T	0/1	45,62
1466515	G	C	0/1	78,46
1471659	C	T	1/1	0,76
1478357	G	T	0/1	43,63
1479085	T	C	0/1	46,58
1482627	T	C	1/1	0,132
1484708	A	C	1/1	0,101
1490905	A	G	0/1	64,103
1495836	G	A	0/1	45,76
1498951	G	T	0/1	32,72
1499211	GCT	G	0|1	37,49
1499215	AGGCCGG	A	0|1	41,49
1499274	C	G	1/1	0,71
1501700	G	A	0/1	30,42
1503858	CG	C	0/1	41,76
1507546	C	A	0/1	73,29
1513189	C	T	0/1	49,83
1526819	C	A	1/1	0,134
1534551	C	T	0/1	40,73
1536251	G	T	1/1	0,116
1538720	C	T	0/1	76,26
1540141	T	C	0/1	43,75
1540484	C	G	0/1	51,75
1544255	C	T	0/1	58,107
1546703	C	T	0/1	38,63
1547125	T	C	1/1	0,160
1552547	G	A	1/1	0,117
1554216	C	T	0/1	53,100
1556038	G	A	0/1	29,58
1563717	C	T	1/1	0,118
1563784	C	T	0/1	36,63
1570566	C	A	1/1	0,119
1575104	G	C	0/1	53,32
1579482	G	A	0/1	41,70
1588899	G	T	1/1	0,119
1593331	G	A	0/1	37,77
1595342	T	C	0/1	54,81
1599557	C	G	0/1	36,91
1605343	C	A	0/1	89,55
1608276	A	C	0/1	39,86
1609840	A	G	1/1	0,86
1612624	T	TATCGGTACCGGTGCGCCAGGG	1/1	0,68
1613035	T	C	1/1	0,124
1614143	G	A	0/1	45,111
1624791	C	G	1/1	0,94
1627351	T	C	0/1	44,66
1627799	C	A	0/1	54,44
1630148	A	C	1/1	0,127
1635607	C	T	0/1	81,40
1639594	C	A	1/1	0,121
1645802	T	C	1/1	0,98
1646940	C	T	0/1	14,4
1650072	A	G	1/1	0,96
1650406	C	A	0/1	42,75
1656881	C	T	0/1	40,71
1659271	A	T	0/1	83,51
1676290	C	A	1/1	0,144
1676880	A	G	0/1	45,81
1681147	G	A	0/1	39,79
1688300	T	C	0/1	31,40
1689349	C	T	1/1	2,105
1692141	A	C	1/1	0,113
1692788	CA	C	0/1	58,23
1692960	T	C	0/1	30,69
1693561	A	G	1/1	0,150
1698911	G	A	1/1	0,109
1699849	G	A	0/1	43,56
1706119	T	C	1/1	0,65
1707731	A	G	0/1	64,37
1708792	T	C	0/1	52,66
1709432	C	T	0/1	50,70
1710409	T	G	0/1	29,98
1711676	A	C	0/1	69,44
1713192	A	G	0/1	57,84
1713923	A	G	0/1	46,56
1715531	G	C	0/1	94,44
1716472	A	G	0/1	43,72
1719996	C	T	0/1	63,39
1720488	G	A	0/1	37,68
1728161	G	T	0/1	44,68
1728837	A	G	1/1	0,103
1735739	T	C	0/1	48,80
1736595	A	C	0/1	84,35
1741224	G	A	0/1	54,63
1748439	C	T	0/1	43,101
1753519	G	GC	1/1	0,94
1759252	G	T	1/1	0,104
1760292	A	G	1/1	0,121
1763482	G	A	0/1	45,94
1764225	C	T	0/1	50,69
1768770	G	C	0/1	42,76
1778430	T	C	1/1	0,79
1779854	G	A	0/1	57,22
1779920	T	C	0/1	44,21
1789933	G	A	0/1	37,63
1792777	T	C	0|1	31,89
1792778	T	C	0|1	31,91
1795629	C	G	0/1	59,40
1798355	G	A	1/1	0,79
1802047	C	G	0/1	49,87
1803265	G	A	1/1	0,108
1804409	C	A	1/1	0,88
1809127	G	A	0/1	43,49
1811375	G	T	0/1	53,98
1812448	C	T	0/1	35,64
1816131	C	T	0/1	46,43
1817976	A	T	1/1	0,154
1818286	C	T	0/1	55,96
1818620	C	T	0/1	59,44
1819488	G	A	0/1	77,25
1827468	C	A	0/1	51,54
1832509	C	G	0/1	18,51
1833025	C	T	0/1	30,61
1836286	G	C	1/1	0,76
1836417	C	A	0/1	33,68
1837125	C	T	0/1	49,74
1839759	G	C	0/1	39,62
1843570	T	TGTCATATGCGCCACTGCTCCTATGCCGGCTGCGCCGGCATCATCGTCGTTGGCGCGG	0/1	32,20
1846626	G	C	0/1	53,17
1847919	C	G	1/1	0,100
1849609	T	C	0/1	49,76
1851835	A	C	0/1	48,81
1852877	A	C	0/1	16,29
1854300	T	C	1/1	1,107
1856777	G	C	1/1	0,131
1859559	C	A	0/1	34,71
1861042	A	G	0/1	71,27
1870453	G	A	0/1	56,43
1873140	A	C	0/1	64,31
1873700	G	A	0/1	47,74
1876531	G	A	0/1	24,59
1881493	G	A	0/1	64,47
1884110	C	CGCCCCGTGCGATTTGCCGAGGG	0/1	19,41
1885772	G	A	1/1	0,93
1890898	T	G	0/1	36,50
1894300	G	GGTCTTGCCGC	1/1	2,64
1894422	A	G	0/1	31,58
1897150	C	G	0/1	73,36
1901493	T	C	1/1	0,101
1907296	G	C	1/1	0,163
1908598	G	A	0/1	40,57
1912893	GTAATTCATCACTTGATGAAATCATCATGTGATGAA	G	0/1	38,73
1916137	A	G	0/1	28,66
1917972	A	G	1/1	0,97
1925136	G	A	0/1	41,59
1926029	T	C	0/1	30,78
1931179	C	A	1/1	0,80
1933988	G	A	1/1	1,79
1935613	C	T	0/1	78,49
1938311	G	A	0/1	55,37
1944107	A	G	1/1	0,94
1944402	T	C	1/1	0,90
1946999	T	G	0/1	41,64
1947742	C	T	0/1	36,51
1950767	T	C	1/1	0,130
1952743	G	A	0/1	38,35
1955031	G	A	0/1	39,64
1960284	C	A	1/1	0,93
1967237	C	A	1/1	0,91
1968226	G	A	0/1	9,29
1971725	G	C	0/1	37,58
1972901	C	T	0/1	48,63
1977646	G	A	0/1	48,88
1979979	A	T	0/1	62,95
1992751	T	A	1/1	0,57
1993561	T	C	1/1	0,63
1993808	A	T	1/1	0,78
1995528	A	G	1/1	0,72
2003252	C	T	0/1	49,65
2003827	A	C	0/1	40,60
2003888	C	A	0/1	35,59
2010880	T	G	0/1	58,61
2011568	G	C	0/1	39,80
2022126	G	C	0/1	69,34
2022868	T	C	1/1	0,64
2023628	C	G	0/1	41,69
2030604	A	G	0/1	41,63
2033890	G	T	0/1	61,27
2034676	C	T	0/1	59,93
2049849	A	C	0/1	64,45
2055271	A	G	1/1	0,111
2056184	C	T	0/1	42,112
2057774	A	T	1/1	0,93
2058949	GC	G	0/1	27,38
2060456	C	T	0/1	72,49
2074754	C	T	0/1	40,54
2080611	T	C	0/1	86,33
2084697	G	T	0/1	26,57
2087652	C	T	0/1	49,96
2094911	ACAGCGT	A	1/1	0,88
2096186	A	G	1/1	0,100
2097368	A	C	0/1	96,32
2102990	A	G	0/1	61,42
2105376	A	C	0/1	86,42
2108141	T	C	1/1	0,59
2108890	A	C	0/1	47,59
2109523	C	CG	1/1	0,122
2116903	C	T	1/1	0,81
2118936	G	A	0/1	30,64
2122976	C	G	0/1	47,82
2123145	C	T	0/1	73,45
2123169	T	G	1/1	0,126
2123876	T	G	0/1	120,59
2128870	A	G	1/1	0,78
2133468	T	TTCGCATGCCGTCACC	1/1	1,79
2135870	T	C	1/1	0,118
2137521	A	ACTCCGATCAC	1/1	0,122
2138453	C	T	0/1	38,97
2142250	C	T	0/1	35,52
2143327	CG	C	0/1	42,78
2147022	A	C	1/1	0,118
2151780	G	T	0/1	46,45
2153184	T	G	0/1	52,76
2154724	C	A	0/1	57,83
2158109	T	C	0/1	33,63
2158905	C	A	0/1	25,64
2160998	G	A	0/1	34,81
2161343	G	GT	0/1	28,55
2172526	A	C	0/1	29,72
2173860	A	C	0/1	26,48
2176813	C	T	0/1	79,38
2186127	G	A	0/1	19,54
2186236	C	T	0/1	29,62
2187587	G	C	0/1	31,63
2194950	T	G	0/1	92,45
2198366	C	T	0/1	62,38
2198783	G	A	0/1	63,39
2199052	C	G	0/1	37,82
2201198	C	T	0/1	77,58
2202582	G	T	0/1	82,32
2204563	G	A	0/1	33,76
2207591	T	TC	1/1	0,109
2209465	G	A	0/1	41,82
2211714	A	G	0/1	72,23
2211826	A	G	1/1	0,82
2213136	G	A	0/1	66,33
2216345	C	A	0/1	30,54
2216443	C	A	1/1	0,108
2220512	T	G	1/1	0,111
2220940	CGCCACGAT	C	0/1	40,53
2221584	G	C	0/1	41,119
2223293	T	C	1/1	0,124
2226206	T	C	0/1	36,40
2228967	A	G	1/1	0,97
2229801	C	G	0/1	46,76
2234475	C	T	0/1	87,47
2235169	GACAATCCGACGTTTTGCACCATGATCTGCCGCGAGCGCCGGGCATGGTCTAGGGCTTGGGGCA	G	0/1	42,54
2235930	T	G	0/1	50,35
2236802	G	T	0/1	73,34
2240063	C	T	0/1	79,47
2244421	G	T	0/1	45,54
2245916	T	G	0/1	40,88
2247677	A	C	0/1	57,109
2251999	A	G	1/1	0,114
2252898	C	T	0/1	26,61
2253921	T	C	0/1	75,41
2260100	C	T	0/1	49,84
2260151	A	G	0|1	107,21
2260154	C	T	0|1	107,21
2260171	T	C	0|1	110,37
2260174	C	T	0|1	109,42
2260196	C	CA	0|1	106,43
2260199	C	T	0|1	108,43
2260212	G	T	0|1	110,41
2260214	G	C	0|1	99,41
2260220	C	T	0|1	98,41
2260222	C	G	0|1	98,40
2260231	T	C	0|1	95,40
2260525	C	T	1/1	0,100
2264782	C	A	1/1	0,114
2265059	T	G	1/1	0,124
2266487	G	C	0|1	128,43
2266504	T	TA	0|1	135,70
2266508	A	T	0|1	124,67
2266511	GT	G	0|1	122,66
2266517	T	C	0|1	120,67
2266550	G	T	0|1	118,91
2266553	C	G	0|1	118,91
2266583	C	G	0|1	103,70
2266598	G	C	0|1	108,69
2266604	C	G	0|1	102,63
2266613	G	GC	0|1	102,64
2266624	G	T	0|1	113,61
2269780	T	C	1/1	0,103
2270102	A	G	1/1	0,85
2271368	G	A	0/1	50,44
2275292	A	C	0/1	39,82
2275764	G	A	0/1	37,67
2282787	C	T	1/1	0,71
2284456	T	G	0/1	43,78
2285251	C	A	1/1	0,102
2285558	G	A	0/1	63,69
2287121	A	G	1/1	0,98
2289047	G	A	0/1	41,59
2289365	CG	C	0/1	32,62
2307586	CGTCG	C	0/1	28,72
2309203	G	A	0/1	46,84
2309619	G	T	0/1	23,84
2311099	C	G	0/1	25,62
2315320	G	A	0/1	50,23
2322148	G	A	0/1	37,71
2325320	T	C	0/1	48,85
2328543	T	C	0/1	54,87
2329533	A	G	1|1	0,114
2329554	A	G	0|1	39,80
2329676	G	A	0/1	78,55
2331620	A	C	0/1	32,53
2331789	G	T	0/1	31,55
2332530	G	C	0/1	39,89
2333215	C	T	0/1	41,74
2334007	A	G	1/1	0,123
2335075	A	G	1|1	0,108
2335080	T	C	0|1	41,68
2335494	A	G	1/1	0,115
2338194	AC	A	0/1	6,13
2338275	G	C	0/1	22,19
2338416	C	G	0|1	65,31
2338422	C	T	0|1	67,29
2338425	A	G	0|1	67,31
2338428	G	A	0|1	72,31
2338431	A	G	0|1	70,31
2338434	C	T	0|1	73,31
2338457	G	A	0|1	90,32
2338464	C	G	0|1	96,19
2338466	A	G	0|1	96,19
2338469	TCG	T	0|1	98,18
2338476	A	ACG	0|1	96,18
2338477	A	C	0|1	98,18
2338479	C	CGGT	0/1	96,18
2338484	ACAAC	A	0|1	106,18
2338491	G	GA	0|1	106,17
2338495	T	C	0|1	109,17
2338497	C	T	0|1	107,16
2338499	C	CGGG	0/1	105,16
2338500	AAAC	A	0|1	111,16
2338504	A	G	0|1	110,16
2338512	A	G	0|1	118,16
2341636	C	G	1/1	0,55
2342584	T	G	0/1	88,39
2342649	A	AGGCGTACACAC	0/1	33,90
2344246	G	C	0/1	46,97
2344853	C	A	0/1	89,52
2345037	C	A	1/1	0,74
2345085	A	C	0/1	22,41
2346929	C	T	0/1	31,61
2348619	T	A	0/1	51,73
2348708	G	A	0/1	50,83
2351938	C	T	0/1	49,43
2352065	C	CCTCGCCTGGGCTGGCGAGCAGACGCAAAATCCCCCGCACGCCCGGCGTGTCGGGGGATTTTGCGTCTG	0/1	3,42
2353385	G	C	0/1	32,70
2356012	G	A	0/1	65,30
2357268	TGCC	T	1/1	0,22
2358029	T	TG	1/1	0,77
2358916	C	T	0/1	53,27
2361604	C	G	1/1	0,92
2362041	C	A	1/1	0,108
2367060	TA	T	0/1	28,36
2368564	TA	T	1/1	0,117
2368706	C	T	0/1	32,70
2369186	G	C	0/1	26,70
2369326	C	G	0/1	47,79
2383915	GGTTCCAGATAC	G	0/1	93,36
2386389	G	A	1/1	0,97
2388510	G	C	0/1	28,55
2388641	G	A	0/1	42,80
2402765	G	A	0/1	32,71
2409569	G	T	0/1	58,29
2410930	C	G	0/1	90,33
2413246	C	A	0/1	41,35
2415656	G	C	1/1	0,65
2416167	G	T	0/1	38,26
2421816	A	G	0/1	36,54
2421975	G	GGGAA	0/1	16,69
2424925	A	G	1/1	0,85
2425471	T	C	0/1	36,82
2429448	T	G	0/1	93,37
2434749	C	T	0/1	36,36
2436936	G	A	0/1	73,48
2438700	G	A	0/1	23,101
2440323	C	G	0/1	51,54
2440926	G	T	1/1	0,136
2440935	G	C	0/1	52,85
2442419	C	T	0/1	34,71
2448458	C	T	0/1	36,64
2449826	C	G	0/1	35,72
2452452	G	A	0/1	38,65
2462871	G	A	1/1	0,112
2463195	T	C	0/1	62,37
2467937	G	A	0/1	78,42
2470591	A	C	0/1	27,53
2472029	T	G	0/1	14,55
2475097	T	C	0/1	70,50
2477984	G	A	0/1	31,83
2478619	G	A	0/1	36,35
2480809	G	C	0/1	45,74
2481575	C	G	0/1	38,78
2494430	C	G	0/1	53,60
2496830	G	A	0/1	75,30
2499726	G	A	1/1	0,126
2504177	C	T	0/1	44,71
2509140	G	C	1/1	0,75
2509722	A	G	1/1	0,99
2516271	T	C	0/1	31,68
2516567	G	C	0/1	46,89
2521342	T	C	1/1	0,83
2523205	G	GCGC	1/1	0,51
2523445	G	A	0/1	29,60
2525722	CG	C	1/1	2,96
2526974	T	C	0/1	30,93
2529680	A	G	1/1	0,102
2533377	T	C	0/1	17,69
2534562	GGA	G	1/1	0,73
2536312	C	T	0/1	24,80
2536625	C	CGG	0/1	12,15
2540554	T	C	0/1	25,67
2541477	C	G	0/1	38,47
2541779	G	A	0/1	38,70
2542543	G	A	0/1	45,70
2562644	G	T	0/1	49,56
2564368	G	GC	0/1	32,58
2566690	G	A	0/1	39,54
2566766	C	CG	0|1	24,48
2566768	A	C	0|1	24,50
2571030	C	G	0/1	111,41
2573756	C	A	1/1	0,124
2578626	A	G	0/1	31,70
2581744	G	A	0/1	73,32
2585435	G	GC	0/1	72,42
2586127	A	G	1/1	0,97
2589216	G	C	0/1	63,84
2591172	G	A	0/1	33,52
2598400	A	G	1/1	0,116
2600260	A	G	0/1	35,51
2606473	G	C	0/1	71,34
2607724	G	C	0/1	62,101
2608117	C	A	0/1	56,78
2612632	C	A	1/1	0,54
2615413	A	G	0/1	40,96
2619271	T	C	0/1	36,40
2624986	T	G	0/1	25,52
2627510	A	ATGAACCGCCCCGGTGAGTCCGGAGACTCTCTGATCTGAGACCTCAGCCGGCGGCTGGTCTCTGGCGTTGAGCGTAGT	0/1	34,18
2628914	A	G	0/1	88,39
2631009	G	GGTGCC	0/1	49,65
2632341	C	CA	0|1	24,67
2632362	T	C	0|1	25,75
2637541	C	T	0/1	40,66
2642383	C	T	0/1	36,95
2652254	G	C	0/1	26,91
2656225	A	G	1/1	0,154
2656635	G	A	0/1	39,63
2660319	C	G	1/1	0,79
2661039	G	A	0/1	46,104
2662958	G	A	0/1	95,38
2669679	C	T	0/1	44,54
2671091	G	T	0/1	76,34
2674629	C	T	0/1	83,37
2680658	T	G	1/1	0,127
2688700	C	T	0/1	37,50
2690160	A	G	0/1	44,68
2695378	C	G	1/1	2,122
2697489	C	T	0/1	48,72
2700222	T	C	0/1	30,57
2704884	A	ACAGCGACCATATCGCCGAGCT	1/1	0,103
2712328	C	T	0/1	27,59
2713795	C	T	1/1	0,125
2718852	T	G	1/1	0,113
2720069	G	A	0/1	45,77
2720444	C	T	0/1	36,73
2723506	T	C	0/1	43,83
2724180	TCACGATCGGGTCTCCTCTAG	T	0/1	31,37
2726105	G	A	0/1	51,49
2729058	A	C	0/1	62,101
2734074	T	C	1/1	0,80
2735824	C	G	0/1	89,48
2737572	C	A	0/1	19,48
2738221	G	A	0/1	29,51
2739132	C	G	0/1	38,33
2740574	GCGCCGGTAGCGTCGATCT	G	0/1	43,34
2740693	T	C	0/1	34,50
2751804	C	T	1/1	0,73
2752427	G	A	0/1	28,40
2752698	C	A	1/1	0,115
2753869	A	G	0/1	45,87
2760152	A	G	1/1	0,118
2761878	C	T	0/1	57,35
2767631	C	T	0/1	52,41
2770654	C	T	0/1	63,31
2771383	A	G	0/1	43,98
2774225	T	C	0/1	58,47
2776641	T	C	0/1	62,52
2779136	T	C	1/1	0,89
2781290	C	T	0/1	31,66
2782498	G	A	0/1	55,64
2786952	A	G	1/1	0,116
2791098	C	T	0/1	40,83
2794983	A	G	0/1	40,16
2798595	C	T	0/1	18,56
2799723	CG	C	0/1	25,59
2807486	C	A	0/1	37,90
2809621	T	C	1/1	0,75
2812520	C	T	0/1	46,61
2817342	T	G	0/1	47,96
2817747	G	A	0/1	44,66
2818085	C	G	0/1	28,76
2818837	A	G	1/1	0,78
2819180	C	T	0/1	82,44
2821342	C	T	1/1	0,91
2821864	C	A	0/1	59,45
2822255	A	C	0/1	63,50
2825466	G	A	0/1	47,62
2827984	G	T	1/1	0,84
2828019	T	C	1/1	0,97
2830525	C	A	1/1	0,135
2830860	G	A	0/1	47,84
2840642	G	A	0/1	63,18
2840999	C	G	0/1	30,34
2841022	A	G	0/1	30,31
2847281	A	G	0/1	29,65
2855259	A	G	1/1	0,88
2856656	C	T	0/1	36,79
2865760	A	G	1/1	0,111
2865882	T	C	1/1	0,119
2868358	G	A	0/1	68,43
2868925	G	A	0/1	76,41
2876703	G	C	0/1	63,31
2877378	G	C	0/1	43,79
2880702	G	C	1/1	0,126
2881337	C	T	0/1	48,64
2881569	A	G	0/1	27,34
2881597	AG	A	1/1	0,58
2884068	A	C	0/1	48,114
2886570	A	G	0/1	41,75
2888201	T	C	1/1	0,84
2889633	T	C	1/1	0,98
2891267	C	T	1/1	0,106
2891728	A	G	1/1	0,115
2894208	G	A	1/1	0,83
2895473	A	G	0/1	56,60
2896508	C	T	0/1	28,51
2897660	T	C	0/1	32,65
2898522	T	C	0/1	41,51
2903050	G	A	0/1	43,72
2905505	G	A	0/1	63,31
2910461	G	T	1/1	0,107
2910852	C	G	0/1	34,53
2911293	C	G	1/1	0,101
2912294	T	G	1/1	0,96
2912667	CG	C	0/1	38,46
2923391	T	C	1/1	0,65
2925462	T	A	0/1	62,101
2925962	T	C	0/1	30,91
2926654	C	G	0/1	78,48
2927939	T	C	1/1	0,90
2939373	G	C	1/1	0,121
2939657	T	C	1/1	0,59
2941179	G	A	0/1	47,70
2945342	G	A	0/1	86,29
2948524	T	A	0/1	58,58
2949251	G	A	0/1	45,88
2951177	G	A	0/1	32,56
2954439	T	C	1/1	1,129
2957764	C	T	0/1	57,84
2958693	G	A	0/1	62,83
2959256	TA	T	0|1	43,78
2959258	TCCAATCA	T	0|1	49,78
2960079	G	A	0/1	44,28
2964281	T	C	0/1	61,36
2964594	G	A	0/1	53,45
2970820	A	G	0/1	47,25
2983886	TG	T	0/1	94,35
2984740	A	G	1/1	0,74
2988630	C	G	0/1	30,41
2994187	T	C	0/1	30,43
2995548	C	A	0/1	27,54
3003115	C	G	0/1	40,84
3003956	G	T	0/1	20,73
3005185	G	T	1/1	0,81
3009692	A	G	1/1	0,116
3010014	G	A	0/1	38,61
3010420	A	G	0/1	36,75
3011837	A	G	0/1	59,69
3017465	T	C	1/1	0,135
3021232	A	C	0/1	55,33
3023491	A	G	0/1	27,49
3027548	C	T	0/1	50,77
3027798	T	C	0/1	50,81
3031168	A	G	0/1	44,59
3035686	T	C	0/1	40,66
3037377	T	C	0/1	25,28
3037917	G	A	0/1	102,33
3038532	G	A	0/1	45,64
3040344	C	T	0/1	41,66
3041871	G	T	1/1	0,94
3043700	C	T	0/1	35,89
3047931	G	A	0/1	87,67
3052514	C	T	0/1	51,38
3053688	C	A	0/1	80,54
3059787	CCCGGCGAGCAGACGCAAAATCGCCTCATTTCGGCACGAAATGGGCGATTTTGCGTCTGCTCGGCGGGCTACTCG	C	0/1	59,34
3062139	A	G	0/1	65,26
3063694	G	A	0/1	57,39
3069167	A	G	0/1	39,65
3069566	C	T	0/1	35,68
3072285	A	C	0/1	37,51
3074424	C	A	0/1	46,89
3076172	C	T	0/1	24,29
3080795	A	G	1/1	0,120
3086788	T	C	1/1	0,92
3088614	A	G	0/1	91,37
3089299	C	G	0/1	32,111
3092963	G	T	0/1	96,52
3096995	G	GT	0/1	96,43
3097078	G	C	0/1	92,44
3097404	C	T	0/1	55,40
3103682	T	C	1/1	0,135
3104189	A	G	0/1	56,84
3111280	G	A	0/1	30,72
3112700	C	T	0/1	25,56
3115384	G	C	0/1	30,100
3131469	T	TTGTCGGCGA	1/1	0,119
3135272	G	A	0/1	21,61
3135388	T	G	0/1	29,53
3137058	G	A	1/1	0,91
3139022	G	A	0/1	53,28
3143568	G	T	0/1	60,16
3147376	G	A	0/1	15,9
3158862	C	T	0/1	43,36
3159936	G	A	0/1	97,50
3164626	G	A	0/1	29,60
3165807	G	A	0/1	35,82
3168137	C	T	0/1	85,41
3168492	G	A	0/1	42,65
3170166	C	A	0/1	62,23
3174013	G	A	0/1	33,86
3174081	A	G	0/1	80,25
3174496	A	G	0/1	42,83
3177884	C	A	1/1	0,130
3180988	C	A	0/1	26,50
3186860	T	G	1/1	0,86
3189242	A	G	0/1	45,87
3190145	TC	T	1/1	0,103
3193602	C	T	0/1	67,33
3200478	G	A	0/1	29,41
3202731	A	C	0/1	39,58
3208182	G	A	0/1	27,58
3208600	G	A	0/1	49,84
3212723	C	A	0/1	29,77
3219500	T	A	0/1	38,63
3226181	A	C	1/1	0,65
3228143	G	T	1/1	0,93
3236442	G	A	0/1	40,81
3236497	A	T	0/1	32,71
3237019	G	A	0/1	25,47
3244113	T	C	0/1	53,75
3256494	A	G	1/1	0,123
3257127	G	A	0/1	40,73
3257241	G	A	0/1	59,48
3266030	A	G	0/1	33,56
3269581	A	G	1/1	0,121
3269805	A	C	0/1	103,37
3270784	A	G	1/1	0,95
3273107	C	A	0/1	41,82
3281659	C	T	0/1	75,46
3288419	T	C	0/1	24,66
3293010	G	A	0/1	67,52
3296371	G	GCCGCGGC	0/1	37,59
3296843	A	G	1/1	0,103
3301228	T	G	0/1	35,62
3302589	A	C	0/1	55,74
3306441	G	A	0/1	32,64
3308606	G	A	1/1	0,142
3311442	G	A	0/1	79,43
3312620	C	A	0/1	24,69
3313181	C	T	0/1	57,32
3314412	A	G	0/1	41,80
3315725	CG	C	0/1	33,67
3316498	G	A	0/1	53,36
3316955	A	C	0/1	40,96
3326554	A	C	0/1	37,83
3328021	C	T	0/1	75,39
3331361	ACG	A	0/1	45,74
3338603	G	C	1/1	0,119
3347480	G	A	0/1	72,26
3348536	C	T	0/1	38,59
3349564	A	C	0/1	95,50
3349917	G	A	0/1	34,85
3352932	C	G	0/1	42,60
3354592	T	C	0/1	66,17
3355949	A	C	0/1	31,65
3357464	C	G	0/1	41,62
3358235	A	T	1/1	0,139
3363338	A	G	1/1	0,86
3367765	G	A	1/1	0,88
3369382	G	A	0/1	75,42
3376685	G	A	0/1	68,41
3383569	A	G	0/1	55,37
3385218	C	T	0/1	25,49
3387184	T	C	0/1	106,57
3392781	G	C	0/1	39,78
3393640	C	T	0/1	58,69
3395654	G	A	0/1	22,70
3398666	G	A	0/1	39,81
3401501	G	A	0/1	67,33
3401871	A	G	0/1	32,67
3402816	C	T	1/1	0,118
3404376	C	G	0/1	31,90
3408223	G	A	0/1	37,82
3413785	C	T	0/1	33,79
3415180	ACACCTAGGGGGTGG	A	1/1	0,57
3419560	C	T	0/1	55,29
3420825	A	G	0/1	41,96
3423249	C	CGCGAGCAGACGCAGAATCGCCCAAAATCCAAGATTTTGAGGCGATTCTGCGTCTGCTCGCGCAACCGG	1/1	1,47
3425854	C	T	1/1	0,128
3428897	G	C	0/1	47,70
3428917	C	A	1/1	1,111
3433011	G	A	0/1	85,26
3437007	G	C	0/1	28,44
3440464	T	G	1|1	0,123
3440468	G	C	1|1	0,119
3448608	G	A	0/1	70,39
3450725	T	C	0/1	34,75
3454263	C	G	0/1	29,54
3455686	G	C	0/1	38,79
3456666	A	G	1/1	0,99
3459081	G	C	0/1	25,57
3462135	G	C	1/1	0,101
3463451	G	C	0/1	30,16
3467465	C	G	0/1	57,107
3473996	G	GA	1/1	0,98
3478242	G	C	0|1	113,33
3478244	C	A	0|1	114,33
3478245	T	C	0|1	112,33
3478248	T	C	0|1	115,33
3478251	C	T	0|1	115,32
3478254	G	C	0|1	111,32
3478257	A	G	0|1	111,32
3478260	C	G	0|1	114,32
3478263	G	A	0|1	117,32
3478272	G	A	0|1	109,27
3478290	C	T	0/1	102,25
3480474	G	A	0/1	26,67
3480722	GC	G	0/1	51,91
3480789	T	C	0/1	53,72
3485201	G	A	0/1	58,97
3486977	A	G	1/1	0,151
3488122	G	A	0/1	36,65
3489665	C	T	0/1	38,82
3499497	G	C	0/1	42,59
3500243	G	C	0/1	58,79
3503895	C	T	1/1	0,82
3506650	A	C	0/1	33,68
3509231	G	A	0/1	41,89
3509299	CAG	C	0/1	33,58
3515467	C	T	0/1	30,51
3516161	C	T	0/1	36,79
3518167	A	G	1/1	0,86
3518555	A	G	1/1	0,50
3524923	G	A	0/1	43,90
3529180	CCTA	C	0|1	101,10
3529186	G	GCGCGC	0|1	99,10
3529190	GTC	G	0|1	96,10
3529195	GGCCA	G	0|1	101,10
3529205	T	A	0|1	100,9
3529210	CAACG	C	0|1	106,9
3529216	T	TTCGC	0|1	110,8
3530955	C	G	0/1	56,82
3534578	G	A	0/1	87,43
3539353	G	A	0/1	24,49
3544248	C	T	0/1	50,56
3556275	A	G	1/1	0,114
3557253	C	T	0/1	58,92
3562338	G	T	0/1	34,94
3568779	A	G	0/1	47,37
3575106	A	G	0/1	43,36
3580636	CT	C	1/1	0,126
3581414	A	G	1/1	0,125
3582694	C	T	0/1	60,89
3585610	A	G	0/1	58,31
3590686	G	GC	1/1	0,55
3591063	T	C	1/1	0,59
3591211	G	A	0/1	61,35
3596273	TCCG	T	0/1	87,45
3600576	C	T	0/1	35,96
3602074	A	G	0/1	28,75
3604821	G	C	1/1	0,48
3606001	T	G	0/1	43,76
3608514	G	A	0/1	108,38
3609518	T	C	0/1	63,78
3610391	A	AC	0/1	50,98
3611286	GC	G	0/1	55,77
3612665	A	G	0/1	63,24
3614982	T	C	1/1	0,153
3621423	A	G	0/1	36,65
3622441	A	C	1/1	0,126
3625065	T	G	1/1	0,80
3638093	G	A	0/1	37,63
3645524	C	T	0/1	34,79
3653988	G	A	0/1	37,82
3656206	C	A	0/1	28,68
3670040	C	T	0/1	31,76
3678094	C	T	0/1	42,76
3679764	G	A	0/1	25,49
3681548	A	C	0/1	34,52
3685510	T	C	0/1	38,92
3689523	G	T	1/1	0,116
3690016	A	G	0/1	47,52
3690950	T	TAGCTCGGCGACGATGCACGCCGCGCAGCGGCGTGAGGAGGAGCCGAGCAGTCCAACAC	1/1	0,5
3693681	A	C	0/1	43,84
3697585	C	T	0/1	51,108
3704596	G	C	1/1	0,140
3704686	T	C	0/1	69,45
3704841	G	A	0/1	46,27
3713652	C	T	0/1	60,38
3714211	G	T	1/1	0,110
3714258	G	A	0/1	80,41
3714639	G	A	0/1	22,72
3714757	A	C	1/1	0,90
3715775	C	T	0/1	28,65
3716031	C	T	0/1	26,8
3718357	C	T	1/1	0,103
3721806	G	C	1/1	0,105
3723832	C	T	0/1	35,65
3729342	C	T	0/1	38,66
3771009	T	G	0/1	27,74
3772833	CA	C	0/1	29,75
3773573	T	C	0/1	94,49
3780542	C	T	0/1	53,43
3784011	C	T	0/1	54,28
3787466	G	C	0/1	49,83
3787763	G	A	0/1	81,39
3788563	C	A	0/1	37,43
3792187	C	A	0/1	51,95
3794867	C	CCA	0/1	46,86
3798095	A	C	1/1	0,121
3798665	C	T	0/1	88,40
3799512	C	T	0/1	47,97
3813473	G	A	0/1	60,50
3815477	G	T	0/1	43,89
3817117	C	A	1/1	0,110
3817449	G	A	0/1	62,113
3821503	A	C	0/1	50,72
3821845	G	T	0/1	40,78
3823159	A	T	1/1	0,98
3826684	C	T	1/1	0,80
3828179	A	G	0/1	27,65
3829770	T	C	1/1	0,94
3830695	A	G	0/1	29,50
3831721	G	A	0/1	74,44
3838871	A	G	1/1	0,96
3851887	A	C	0|1	26,31
3851888	T	C	0|1	26,31
3853985	A	T	0/1	54,77
3859893	C	T	1/1	0,115
3860216	G	A	0/1	48,60
3861738	T	C	0/1	34,38
3861917	C	CACAAT	0/1	12,2
3862472	GA	G	1/1	0,74
3864565	T	G	0/1	18,42
3864995	T	C	1/1	0,131
3869355	T	C	0/1	39,63
3870010	A	G	0/1	33,45
3871246	T	C	0/1	28,58
3874722	AT	A	0/1	59,76
3874745	G	C	0/1	62,87
3875185	A	G	0/1	31,67
3877421	A	G	1/1	0,131
3879375	C	A	0/1	25,48
3880175	C	A	0/1	55,77
3880239	C	CGTCCGGCTCCTCCTCGGACCACTACGCGGCCCGCATCGTCGCCGACCAAATCCAACT	0/1	46,36
3885886	T	C	1/1	0,116
3892671	A	G	1/1	0,130
3893480	G	A	0/1	52,56
3895727	C	A	0/1	26,55
3896340	T	G	1/1	0,112
3898408	A	G	1/1	2,100
3905330	T	G	0/1	64,30
3906462	A	AT	0/1	42,56
3908062	C	T	0/1	37,85
3909235	G	C	0/1	58,104
3916843	C	T	0/1	53,38
3918649	T	C	0/1	48,56
3952800	G	A	1/1	0,76
3958403	A	G	1/1	0,82
3959418	C	T	1/1	0,100
3964930	C	T	0/1	39,75
3966059	G	C	0/1	57,43
3972493	T	C	0/1	51,80
3981983	G	A	0/1	35,84
3984321	G	A	0/1	61,111
3990093	C	T	0/1	40,77
3994101	A	G	0/1	46,96
3995342	G	A	0/1	66,46
4004036	C	T	0/1	55,48
4004896	G	A	0/1	41,64
4005114	G	C	0/1	25,61
4005607	T	C	1/1	0,98
4007272	G	A	0/1	38,77
4007564	C	T	0/1	70,34
4008747	A	G	0/1	42,69
4008835	G	A	0/1	63,45
4012142	C	A	0/1	21,66
4012286	C	T	0/1	35,71
4020812	C	T	0/1	59,37
4023949	G	C	0/1	37,71
4024273	T	C	1/1	0,126
4024761	C	G	0/1	32,67
4026899	G	A	1/1	0,129
4027914	C	T	0/1	58,98
4028752	A	G	0/1	27,51
4033711	A	G	0/1	45,61
4034827	C	T	1/1	4,142
4035305	T	C	0/1	64,44
4044872	G	A	0/1	33,76
4051823	T	C	0/1	39,28
4052349	T	G	0/1	38,69
4055801	G	A	1/1	0,121
4055993	G	A	0/1	65,44
4056416	C	A	0/1	52,134
4057036	A	G	0/1	31,58
4059186	G	T	0/1	50,77
4059904	A	G	1/1	0,102
4069292	G	A	1/1	0,81
4069743	C	T	0/1	55,33
4072313	T	G	0/1	52,35
4080057	GCCAGAA	G	0/1	21,58
4087479	TCCGCATCGTCGCCGAACTAGGTCCGACTGCCCGGCTCCTCAGCGGACCCCAGCGGGA	T	0/1	30,53
4087880	G	A	0/1	27,57
4089058	T	C	0/1	26,59
4090453	C	G	0/1	48,60
4092376	T	C	0/1	43,61
4095001	CG	C	1/1	0,105
4095295	T	C	0/1	53,71
4096636	C	T	0/1	30,87
4097490	A	AC	0/1	39,50
4097569	G	T	0/1	41,44
4099481	G	A	0/1	78,43
4100975	T	C	1/1	0,62
4106270	G	A	0/1	67,30
4107074	T	C	0/1	47,63
4108340	C	G	0/1	52,98
4111303	G	C	1/1	0,91
4112429	T	C	0/1	31,61
4115952	C	T	0/1	45,82
4116773	T	C	0/1	66,57
4121099	T	TA	0/1	59,38
4122287	G	T	0/1	27,50
4124254	C	G	0/1	16,21
4132509	G	A	0/1	28,40
4138622	G	A	0/1	47,75
4138654	G	A	0/1	51,80
4140319	G	A	0/1	85,42
4142192	G	A	0/1	39,80
4145737	A	G	0/1	38,70
4147462	T	C	0/1	31,80
4148801	C	A	0/1	38,62
4149144	G	T	0/1	22,20
4151558	G	A	0/1	52,29
4151855	A	G	0/1	46,70
4151996	C	T	0/1	60,49
4156099	C	A	1/1	0,109
4156503	C	T	0/1	39,51
4159195	T	C	0/1	53,68
4161293	G	T	0/1	100,44
4162235	G	C	0/1	104,44
4162339	A	G	1/1	0,181
4166290	G	A	0/1	33,74
4166441	G	A	0/1	31,89
4168445	GCGCGGACGGGAA	G	0/1	69,33
4169852	G	T	0/1	63,71
4170739	G	C	0/1	41,79
4170964	G	GA	0/1	30,59
4179089	C	T	0/1	45,73
4180348	C	A	0/1	46,53
4182695	G	A	1/1	0,126
4187485	T	C	1/1	0,107
4187817	A	G	1/1	0,101
4195390	A	T	0|1	18,13
4195799	C	A	0/1	30,65
4197138	C	CT	1/1	0,60
4198611	CG	C	1/1	0,131
4204441	A	G	1/1	0,124
4205120	A	G	0/1	37,81
4209475	C	T	0/1	47,99
4210274	A	G	1/1	0,102
4211206	G	A	0/1	100,39
4214747	C	T	0/1	69,39
4215484	G	C	0/1	46,89
4217557	A	G	0/1	61,78
4220985	G	A	0/1	67,42
4221490	C	G	1/1	0,115
4222073	A	G	1/1	0,43
4222131	C	T	0/1	16,27
4222882	A	G	1/1	0,82
4223172	T	C	0/1	32,69
4223742	G	A	0/1	58,32
4226275	C	T	0/1	40,60
4231859	CGCGGTCTGTGCGCCGGGCGCACGCACCGAATTCGAGCTATTAGCGGCCGCGGCAAGGGACGCATTCGGCCTGGACGTCCACCCAGCGGT	C	0/1	68,82
4232555	T	C	0/1	46,61
4238963	C	T	0/1	42,38
4242075	G	A	0/1	27,44
4242643	C	T	1/1	0,95
4251297	G	C	0/1	28,80
4255922	A	G	1/1	0,98
4257220	A	G	1/1	0,99
4258447	G	A	0/1	20,58
4258550	T	G	0/1	26,53
4260490	G	A	0/1	45,39
4262388	C	T	0/1	67,78
4266647	A	G	0/1	36,79
4279000	G	A	0/1	27,46
4282707	C	G	0/1	39,68
4286826	A	G	0/1	63,101
4287164	A	G	0/1	40,59
4291593	G	A	0/1	78,45
4292941	G	A	0/1	51,78
4294842	C	G	0/1	33,63
4296015	G	A	0/1	59,105
4305243	G	A	0/1	37,87
4306155	C	T	1/1	0,93
4306896	C	T	0/1	44,66
4307179	G	A	1/1	0,108
4307886	G	A	0/1	44,42
4313128	C	T	0/1	32,67
4313156	G	A	0/1	32,77
4313413	G	A	0/1	30,71
4314645	A	G	0/1	28,70
4314800	G	A	0/1	40,64
4317434	G	A	0/1	93,47
4322039	AC	A	0/1	30,65
4328212	CG	C	0/1	36,89
4328492	G	A	0/1	40,67
4329782	G	A	0/1	64,71
4330863	C	A	0/1	27,49
4336991	C	T	0/1	11,44
4338595	GC	G	1/1	0,150
4338732	G	A	1/1	0,128
4343048	G	C	0/1	85,64
4343679	C	T	0/1	59,27
4343784	G	A	0/1	42,66
4345548	G	A	0/1	55,77
4348724	A	ACCCGCGCCGGCGACGATGCAAAGCGCAGCGATGAGGAGGAGCGGCGCCAACGG	0/1	20,33
4351039	G	T	1/1	0,144
4355319	C	G	0/1	34,59
4356110	G	C	1/1	0,101
4357597	C	G	0/1	38,44
4359165	G	C	0/1	9,29
4361879	T	C	0/1	57,26
4366195	T	C	0/1	49,62
4366272	G	C	1/1	0,124
4369466	G	GAAGCACACGATGGGATCAAAACCCAGACCTTCATCGAACACGTGATATTTGAAGTA	0|1	26,19
4369470	G	GAACGTGTCCGAGAGCTCCGTGGTCTCGTCGACGGTCCACGAGGCC	0|1	25,14
4370245	CA	C	0/1	78,69
4372353	G	C	0/1	28,50
4372540	A	C	0/1	27,46
4372634	G	T	0/1	73,38
4379680	C	G	1/1	0,112
4382054	T	C	1/1	0,107
4382275	G	T	1/1	0,100
4383099	G	A	0/1	43,22
4383144	C	CCGGGG	1/1	0,69
4383655	A	G	0/1	26,38
4384007	C	G	0/1	22,68
4385709	C	G	0/1	73,44
4385740	CG	C	0/1	43,77
4386228	T	C	0/1	58,55
4386248	G	C	0/1	63,56
4388414	G	A	0/1	48,74
4389050	C	T	0/1	34,47
4390471	C	A	0/1	25,61
4391012	A	T	0/1	20,32
4393178	A	G	0/1	29,68
4396495	C	A	0/1	40,49
4397736	C	T	0/1	30,63
4398122	A	C	0/1	39,44
4400660	AC	A	1/1	0,108
4401509	C	T	0/1	34,62
4405147	C	A	0/1	44,69
4407588	T	C	0/1	29,70
4408923	C	T	0/1	39,48
4409954	G	C	0/1	50,69
