1849	C	A	0/1	29,109
1977	A	G	1/1	0,124
4013	T	C	1/1	0,137
6550	A	G	0/1	176,36
7362	G	C	1/1	0,219
7585	G	C	1/1	0,154
9304	G	A	1/1	0,151
11820	C	G	0/1	27,143
11879	A	G	1/1	0,178
14785	T	C	1/1	1,184
14861	G	T	0/1	21,188
15117	C	G	0/1	46,193
16119	C	A	0/1	30,143
17654	T	G	0|1	27,121
17657	T	C	0|1	27,121
21795	G	A	1/1	0,141
24698	GCCGCGTTGCTCGGGGTAA	G	0/1	26,88
25610	G	C	0/1	40,146
26959	C	G	1/1	0,178
28366	AT	A	0/1	22,154
29641	G	A	0/1	157,22
31275	G	C	0/1	160,33
31894	C	T	0/1	168,18
34044	T	C	1/1	0,225
35608	C	T	0/1	28,176
36008	G	C	0/1	31,135
37031	C	G	1/1	0,204
37305	C	G	0/1	26,158
37334	A	T	0/1	24,157
37553	T	TTCATGACTCGGCTCGGCCCAC	0/1	117,21
38693	G	C	0/1	162,36
39158	C	G	0/1	27,152
39680	C	T	0/1	23,141
40843	C	T	0/1	159,19
42281	C	A	0/1	40,154
42967	G	C	1/1	0,178
43081	C	T	0/1	125,18
44768	A	G	0/1	35,166
45073	G	A	0/1	206,36
47013	C	T	0/1	25,137
48503	T	C	0/1	25,167
49360	C	T	0/1	30,172
49690	GCC	G	0/1	35,139
50557	T	C	0/1	22,163
51949	A	G	0/1	37,166
53231	C	CG	0/1	134,32
53939	A	G	0/1	191,25
54394	A	G	0/1	33,172
55533	TGCC	T	0|1	129,25
55546	G	GCCT	0|1	28,137
62049	A	G	1/1	0,202
63146	G	T	0/1	37,196
65150	C	T	0/1	31,160
67570	C	T	0/1	153,21
67792	C	T	0/1	151,25
68152	C	G	0/1	33,147
68337	T	TC	0/1	34,152
69989	G	A	1/1	0,216
70267	G	T	0/1	28,150
70816	A	G	1/1	0,204
71336	G	C	1/1	0,142
71453	T	TC	0/1	117,21
71584	C	CCGAGCGCTGTTCTGGCGCTAATCTGACGCTAGAATAG	1/1	0,145
72119	T	G	0/1	151,21
75233	C	A	0/1	22,178
75940	G	C	1/1	0,165
79480	T	C	0/1	21,110
84629	C	G	0/1	130,25
87468	C	T	0/1	36,158
89168	C	T	0/1	142,29
92199	T	G	1/1	0,146
94388	G	A	0/1	19,139
96894	C	T	0/1	32,151
97350	A	C	0/1	25,160
99162	TCGGTGTGCG	T	0/1	28,128
99418	C	T	0/1	159,18
101539	C	T	0/1	20,115
109043	G	A	0/1	164,29
116000	T	G	1/1	0,168
122109	A	G	1/1	0,191
123454	C	T	0/1	26,161
123520	T	C	0/1	25,142
125830	G	GA	1/1	0,146
131174	T	TG	1/1	0,171
133839	C	T	1/1	0,148
135213	A	G	0/1	146,20
135329	C	T	0/1	17,160
139297	G	T	0/1	23,174
141623	G	A	0/1	31,185
143207	T	C	0/1	25,204
143901	C	T	0/1	136,29
146087	T	C	1/1	0,180
146236	C	G	0/1	31,163
147262	G	T	0/1	23,148
154283	T	C	1/1	0,197
162151	GT	G	0/1	19,127
163705	C	T	0|1	32,132
163706	C	T	0|1	31,131
166925	G	A	0/1	19,144
182824	G	A	0/1	20,156
183091	C	G	0/1	23,153
190816	A	C	0/1	28,146
194305	C	CGG	0/1	28,147
194681	G	C	1/1	0,174
195682	C	G	0/1	25,135
196642	C	T	1/1	0,219
198720	A	G	0/1	26,133
199470	T	G	0/1	20,164
203038	T	C	0/1	28,162
204094	G	T	0/1	25,160
206339	T	C	1/1	0,162
206481	C	G	0|1	19,115
206484	G	T	0|1	19,107
206936	G	A	0/1	21,203
207304	A	G	0/1	142,21
208701	C	T	0/1	28,157
213147	C	A	0/1	32,160
213281	C	T	0/1	24,142
215977	C	T	0/1	21,160
217201	T	C	0/1	27,173
221476	C	T	0/1	27,145
222925	G	A	0/1	30,137
223281	C	T	0/1	165,23
223942	T	C	1/1	0,186
225323	T	C	1/1	0,187
227098	T	C	1/1	0,183
230170	C	T	0/1	17,123
230576	G	GT	0/1	25,139
231114	C	G	1/1	0,173
234477	T	G	1/1	0,84
234496	C	CGT	1/1	0,79
235605	G	A	0/1	27,154
247283	G	A	0/1	137,27
249522	T	C	0/1	33,125
251294	T	G	0/1	128,20
251575	G	A	0/1	28,142
261869	T	C	1/1	0,164
262268	A	T	0/1	24,151
264129	G	A	0/1	39,154
265554	A	C	1/1	0,170
267040	C	T	0/1	22,152
267751	G	C	0/1	24,177
270430	G	C	0/1	22,135
277075	G	T	0/1	148,22
277335	T	G	0/1	146,28
278021	T	C	0/1	31,152
278681	C	G	1/1	0,175
282892	C	T	0/1	33,135
283610	G	A	0|1	26,130
283614	T	C	1|1	0,156
284588	C	T	0/1	39,169
285772	A	C	1/1	0,200
285871	A	G	1/1	0,176
288260	C	T	0/1	20,132
289095	A	G	0/1	160,34
293628	A	AC	0/1	28,97
296312	C	T	0/1	31,154
296638	C	T	0/1	33,175
300193	G	A	0/1	164,26
302472	G	A	0/1	26,142
304923	A	G	0/1	43,161
305188	G	T	0/1	31,140
310973	G	A	1/1	0,171
311613	G	T	1/1	0,163
315136	GC	G	0/1	122,22
324178	C	T	0/1	145,19
325505	T	C	0/1	22,154
336322	CAA	C	0|1	51,36
336325	T	G	0|1	53,36
336327	C	CGG	0|1	54,36
336332	G	C	0|1	53,41
336344	A	G	0|1	38,59
336345	T	C	0|1	39,59
336353	C	T	0|1	39,62
336356	GGAA	G	0|1	40,63
336360	C	CCTCCCCG	0|1	38,63
336369	C	T	0|1	36,61
336370	A	G	0|1	36,59
336380	A	T	0|1	34,89
336400	C	G	0|1	45,86
336403	C	G	0|1	45,85
336405	A	G	0|1	43,85
336422	TTG	T	0|1	43,57
336428	A	G	0|1	41,57
336431	C	T	0|1	43,57
336439	A	G	0|1	41,58
336441	C	T	0|1	41,59
336442	G	A	0|1	41,59
336449	T	C	0|1	42,59
336451	T	G	0|1	40,57
336452	A	G	0|1	40,56
336535	T	G	0|1	35,69
336537	T	G	0|1	35,70
336540	G	T	0|1	34,77
336546	T	G	0|1	35,81
336557	C	CT	0|1	33,96
336560	T	C	0|1	34,95
339088	T	G	0|1	219,19
339090	C	CGG	0|1	218,17
341930	C	T	0/1	22,148
342146	A	C	0/1	28,172
346275	C	G	1/1	0,162
353309	G	A	0/1	29,152
353365	G	A	0/1	30,145
356528	A	G	1/1	0,180
363464	G	A	0/1	20,125
363560	G	A	0/1	16,127
364854	C	G	0/1	27,143
376774	T	C	1/1	0,177
377014	C	T	0/1	19,162
379528	G	T	0/1	17,174
383716	C	T	0/1	23,162
384380	A	C	1/1	0,141
385858	GC	G	0/1	161,26
386424	G	A	0|1	20,154
386432	C	G	1|1	0,164
390828	T	C	1/1	0,179
391853	A	G	0/1	21,150
392261	T	C	0/1	24,129
396199	T	C	0/1	24,167
403980	G	A	1/1	0,130
404326	T	C	1/1	0,140
406070	C	T	0/1	159,29
411217	A	G	0/1	191,20
411371	T	C	0/1	170,20
414486	C	T	1/1	0,142
420008	A	G	1/1	0,149
438502	C	T	0/1	153,21
438605	C	T	0/1	179,27
441823	C	T	0/1	25,157
445780	C	T	0/1	29,162
446437	A	G	0/1	154,22
454295	T	C	1/1	0,169
454333	T	G	0/1	40,134
455749	G	A	0/1	80,29
456594	T	C	0/1	25,145
457452	T	G	1/1	1,198
459399	A	C	1/1	0,119
460413	C	T	0/1	30,145
462423	C	T	0/1	30,148
465300	C	T	0/1	30,151
466079	C	T	0/1	29,185
477234	T	G	0/1	18,156
483935	T	G	0/1	23,175
484596	C	T	0/1	30,219
485810	CA	C	0/1	37,224
488579	T	C	0/1	130,16
489935	G	C	1/1	1,206
490787	C	T	0/1	178,28
491742	T	C	0/1	26,180
492150	G	C	0/1	30,144
497491	G	A	0/1	31,128
498531	A	G	0/1	29,142
498557	C	A	1/1	0,161
500530	G	A	0/1	167,32
502589	C	G	1/1	0,175
503354	G	C	1/1	0,216
505101	C	T	0/1	17,141
505974	G	A	0/1	33,130
507028	GC	G	0/1	24,118
513257	T	C	1/1	0,177
514158	C	G	0/1	31,137
517358	T	C	0/1	27,140
518987	C	T	0/1	32,173
524129	C	G	0/1	142,23
524891	C	A	0/1	32,165
533547	C	G	0/1	33,153
541201	A	G	1/1	0,192
542014	C	G	0/1	42,201
542514	C	G	0/1	31,148
544961	C	T	0/1	130,30
546357	A	G	0/1	24,146
549363	C	G	0/1	31,156
551525	A	C	1/1	0,186
555991	A	G	0/1	36,154
561776	C	T	0|1	20,193
561777	C	T	0|1	22,192
562551	GCC	G	0|1	24,139
562555	C	T	0|1	23,140
565655	A	G	0/1	31,163
572591	C	T	0/1	27,143
573262	A	G	1/1	0,176
575907	C	T	0/1	22,138
576266	G	A	0/1	139,22
582844	G	A	0/1	151,27
583171	A	C	0/1	23,147
584171	T	C	0/1	29,133
590436	T	C	1/1	0,183
592395	G	C	0/1	161,23
594351	T	C	0/1	34,139
597816	A	G	1/1	1,224
598475	G	A	1/1	0,204
599868	A	G	0/1	27,151
600679	C	T	0/1	18,143
605150	G	A	0/1	11,127
605161	A	C	0/1	123,12
610120	T	G	1/1	0,138
611048	T	G	0/1	28,121
612555	T	C	0/1	155,27
615783	C	T	0/1	166,24
620625	A	G	0/1	29,120
621509	C	T	0/1	163,33
621598	C	T	0/1	39,138
627485	G	A	0/1	29,130
628864	T	C	0/1	30,159
637319	G	A	1/1	0,195
640954	A	G	0/1	35,143
642356	G	C	0/1	148,31
648002	T	G	1/1	0,204
648856	T	C	0/1	20,166
655986	T	G	0/1	17,157
657081	C	T	0/1	27,158
657142	C	T	0/1	30,167
659341	T	C	0/1	27,151
662911	T	C	0/1	22,169
664093	C	T	0/1	19,126
665293	A	G	1/1	0,158
665927	G	T	0/1	137,24
666295	G	C	0/1	128,25
669033	T	A	0/1	29,154
669398	T	C	1/1	0,169
670545	G	A	0/1	22,146
677227	C	CAA	0/1	123,34
681637	C	T	0/1	155,26
683829	C	T	0/1	33,150
685461	C	G	1/1	0,204
685608	T	C	1/1	0,209
686264	G	A	0/1	28,189
686972	T	C	1/1	0,188
688792	T	TG	0/1	29,149
690148	C	T	0/1	16,136
690450	A	C	0/1	26,169
690465	T	G	1/1	0,194
690881	C	G	0/1	164,22
694531	A	G	0/1	16,143
695560	C	T	0/1	17,131
696917	G	T	0/1	18,140
698968	G	A	1/1	0,199
699840	A	C	0/1	23,171
707334	T	C	0/1	31,120
711422	C	T	0/1	19,152
711504	G	A	0/1	152,24
712693	A	G	0/1	27,154
713310	T	C	0/1	33,152
718459	C	T	0/1	150,29
718520	GA	G	0/1	145,27
721373	T	G	0/1	24,112
725190	G	A	0/1	17,104
738522	T	G	0/1	35,154
738533	T	A	0/1	150,33
741552	T	C	0/1	151,28
747169	G	A	0/1	158,36
753088	C	T	0/1	188,24
754186	A	G	1/1	0,167
754285	C	T	0/1	32,161
756531	C	A	0/1	187,32
757139	C	A	0/1	22,172
757182	A	G	0/1	27,190
763031	T	C	0/1	44,140
767414	G	A	0/1	15,83
773497	C	A	0/1	26,152
775639	T	C	1/1	0,163
776100	G	A	0/1	23,137
776182	C	T	0/1	26,139
779615	G	C	0/1	25,154
781395	T	C	1/1	0,176
787318	G	T	0/1	29,157
791249	C	T	0/1	23,169
796184	A	G	0/1	122,21
797692	G	A	0/1	28,176
797736	C	T	0/1	27,175
798355	G	C	0/1	34,181
799666	A	G	0/1	26,136
802807	T	C	0/1	26,168
811225	G	A	0/1	29,141
811753	C	T	0/1	20,161
820483	G	T	1/1	0,185
820752	C	T	0/1	27,144
829698	C	A	0/1	21,142
830868	G	GGC	0/1	21,135
835611	C	T	0/1	42,148
841764	G	C	1/1	0,138
842030	C	T	0/1	25,123
847984	G	T	0/1	144,27
847995	T	C	0/1	29,145
851475	T	G	0/1	164,26
852910	C	T	1/1	0,136
856977	C	T	0/1	35,167
857696	A	G	1/1	0,174
861216	T	G	0/1	23,176
861953	C	T	0/1	125,56
864003	G	C	0/1	140,34
866051	G	A	0/1	29,133
873087	T	G	0/1	148,19
874835	C	CCG	1/1	0,189
876141	G	T	0/1	39,167
880562	G	T	1/1	0,190
882257	T	C	1/1	0,136
892416	C	T	0/1	18,112
893733	T	G	1/1	0,134
900221	T	C	1/1	0,182
902332	C	T	0/1	15,136
903537	G	T	0/1	20,124
903550	T	C	1/1	0,154
903913	T	C	1/1	0,145
906857	A	G	1/1	0,155
919351	A	C	0/1	19,158
919420	C	T	0/1	151,17
931123	T	C	0/1	27,137
932280	T	C	0/1	21,165
934230	C	G	0/1	28,167
934611	G	T	0/1	27,153
939972	C	T	0/1	148,21
940602	C	G	0/1	27,162
941589	C	T	0/1	21,155
941845	C	A	0/1	19,152
944731	G	A	0/1	30,170
945214	G	A	1/1	0,182
948322	G	A	0/1	134,32
949535	T	C	1/1	0,169
951702	C	T	0/1	21,123
951961	C	A	0/1	140,28
954101	C	T	0/1	22,150
954468	C	G	0/1	28,152
955524	A	G	1/1	0,167
956939	C	T	0/1	25,124
957117	T	C	0/1	26,137
960367	A	G	0/1	24,128
963851	C	T	0/1	20,133
972980	C	T	0/1	32,118
979704	G	C	1/1	0,174
985287	G	A	0/1	151,27
986463	G	C	1/1	0,226
987585	A	AG	0/1	31,111
990001	G	C	1/1	0,179
991896	T	C	0/1	29,181
993346	A	C	1/1	0,245
995419	T	C	0/1	175,29
996205	T	C	0/1	30,189
996346	G	A	0/1	32,196
1010204	C	CG	1/1	0,177
1011511	A	C	0/1	27,131
1019358	G	C	0/1	116,28
1022003	A	C	0/1	26,189
1024346	A	G	0/1	29,159
1025106	T	C	1/1	0,204
1029385	A	AGCGCC	0/1	168,20
1031945	T	G	0/1	149,23
1032674	C	G	0/1	127,26
1034208	CGCT	C	0/1	25,143
1034758	C	T	0/1	31,162
1036583	C	T	0/1	31,183
1037012	T	C	1/1	0,203
1037911	C	T	1/1	0,161
1040251	C	A	0/1	23,136
1047165	T	C	1/1	0,205
1051187	G	A	0/1	150,26
1052333	G	A	0/1	26,176
1052899	C	T	0/1	132,26
1054784	C	G	0/1	24,184
1059643	G	A	0/1	29,135
1061813	C	T	0/1	167,26
1066721	C	T	0/1	27,131
1068151	T	C	1/1	0,166
1068432	A	G	1/1	0,173
1070442	C	T	0/1	28,175
1070702	T	C	1/1	0,163
1071966	A	G	0/1	27,146
1072076	G	T	0/1	161,25
1074558	G	A	1/1	0,177
1075279	T	C	1/1	0,191
1076309	G	T	1/1	0,154
1076689	A	C	0/1	22,157
1076880	C	T	0/1	24,122
1077312	A	G	1/1	0,142
1077920	G	T	0/1	39,159
1079927	C	A	1/1	0,163
1080192	G	A	0/1	31,111
1081681	T	C	1/1	0,131
1082349	TCAC	T	0/1	109,20
1083308	CTGCCGTCGCGACGCGCGGTGGTGGTGATCT	C	0/1	191,23
1086544	G	A	0/1	25,140
1087193	G	C	1/1	0,146
1090188	A	AG	0/1	24,125
1097220	C	T	0/1	13,149
1097442	C	T	0/1	15,124
1098523	T	A	0/1	30,189
1099058	G	A	0/1	22,141
1100234	T	C	1/1	0,164
1102117	G	A	0/1	31,196
1102468	C	A	0/1	26,184
1102646	G	A	0/1	26,197
1103656	C	T	0/1	39,188
1103786	G	T	0/1	194,30
1104690	T	G	0/1	37,216
1105102	A	C	0/1	222,28
1105686	C	G	0|1	35,215
1105687	T	C	0|1	34,212
1106422	T	C	1/1	0,228
1106944	C	T	0/1	33,168
1107940	A	C	0/1	30,146
1108521	G	A	0/1	30,151
1109975	A	G	1/1	0,166
1111678	G	A	0/1	36,149
1120114	T	C	0|1	158,24
1120115	G	A	0|1	157,24
1126889	G	C	1/1	0,159
1127493	T	C	0/1	23,147
1127648	C	A	1/1	0,159
1137414	A	G	0/1	141,23
1144585	A	G	0/1	38,149
1145848	A	C	0/1	27,142
1148259	A	G	0/1	21,149
1148930	C	T	0/1	20,146
1149433	A	C	0/1	132,22
1149551	C	T	1/1	0,172
1150585	G	A	1/1	0,177
1151054	C	G	0/1	16,168
1152449	G	C	0/1	169,37
1156858	C	T	0/1	25,120
1163659	G	T	0/1	112,23
1164336	G	A	0/1	25,126
1164571	A	G	0/1	106,23
1168009	GC	G	0/1	25,94
1168715	C	CT	1/1	0,133
1168776	T	G	0/1	18,102
1172085	C	A	0|1	19,142
1172100	G	A	0|1	148,17
1173750	G	T	0/1	20,123
1175343	C	T	0/1	20,111
1177157	G	A	0/1	27,130
1178116	T	C	1/1	0,145
1197157	T	G	0/1	24,152
1198510	C	T	0/1	157,31
1200418	A	G	1/1	0,152
1201581	A	C	0/1	26,144
1206461	G	C	0/1	119,21
1211369	A	C	0/1	29,155
1215742	G	A	0|1	19,114
1215743	C	A	0|1	19,116
1219683	G	A	0/1	22,174
1220680	T	C	1/1	0,159
1224367	T	C	1/1	1,77
1226129	C	T	0/1	151,25
1227830	G	T	0/1	27,145
1230778	G	A	0/1	22,148
1242265	G	A	0/1	150,25
1246080	G	T	0/1	35,149
1248382	A	G	0/1	27,173
1248936	G	C	0/1	33,128
1248978	T	C	1/1	0,165
1250340	A	G	0/1	32,156
1251199	C	T	0/1	28,144
1254562	A	G	0/1	32,150
1254704	C	T	0/1	26,140
1255487	G	C	0/1	121,29
1265070	G	T	0/1	21,83
1273250	G	GA	0/1	19,136
1275957	T	C	0/1	21,129
1281118	T	C	1/1	0,155
1281771	T	C	0/1	25,141
1285001	A	C	0/1	32,136
1286766	G	C	0/1	28,164
1288698	G	A	0/1	28,130
1292102	A	G	1/1	0,165
1293333	C	G	0/1	28,108
1295972	C	A	0/1	22,163
1301739	T	C	0/1	22,135
1306259	A	G	0/1	39,132
1307598	C	G	1/1	0,155
1313268	GCCCGCGATTCCAGGTCGCGGTGAGGATCCACAAGGATTCACCCTAGCCAAGCACCCACGTTGGGCGCGAAAGACGCAAAAGGCCCCGAATCCAACGGATTTCGGGGCCTTTTGCGTCTGCT	G	0/1	21,158
1315191	A	C	1/1	0,200
1315884	G	A	1/1	0,191
1317655	C	T	0/1	30,157
1318920	G	A	0/1	140,26
1319701	G	T	0/1	178,19
1320675	G	A	0/1	200,28
1322741	A	G	0/1	32,130
1324618	C	T	0/1	20,169
1327890	G	A	1/1	0,169
1328687	G	C	1/1	0,178
1329234	G	A	0/1	23,137
1333669	T	G	0/1	19,120
1336164	C	T	0/1	25,116
1337552	G	A	0/1	21,150
1338581	T	G	0/1	122,15
1349052	T	C	0/1	127,24
1349733	G	C	0/1	21,131
1351172	A	G	0/1	17,120
1360209	T	C	1|1	0,133
1360212	A	G	0|1	109,24
1361190	G	A	0/1	24,136
1361285	C	T	0/1	35,131
1362006	T	C	0/1	29,148
1365818	C	A	0/1	129,22
1367484	T	G	0/1	27,124
1368322	C	CG	1/1	10,120
1370852	T	G	0/1	17,167
1371632	G	C	0/1	139,26
1372301	G	C	0/1	109,18
1374065	T	C	1/1	0,186
1374201	A	G	0/1	30,142
1375044	C	G	0/1	32,121
1375724	A	C	1/1	0,159
1382628	T	C	1/1	0,213
1390763	C	T	0/1	33,138
1392921	G	A	0/1	125,25
1393626	A	G	1/1	0,161
1395684	C	T	0/1	150,21
1396922	T	C	1/1	0,181
1406760	T	TG	0/1	26,113
1411210	T	G	1/1	0,166
1411485	A	C	0/1	109,22
1413129	CG	C	0/1	21,138
1413148	C	T	1/1	0,172
1414021	C	T	1/1	0,167
1418863	C	CGGGAGCCA	0/1	19,128
1439478	C	T	0/1	181,41
1440469	C	G	1/1	0,176
1443428	G	GGGTTAGATTGCCCGGCTCCTCAACCCGCCGTTTCGGCGTGCATCGTCGCCGGGCTA	0/1	18,79
1443607	C	A	0/1	19,146
1445781	A	G	1/1	0,187
1447655	T	C	0/1	163,23
1457144	C	T	1/1	0,173
1460963	C	T	0/1	190,27
1471659	C	T	1/1	0,160
1477596	C	T	0/1	23,148
1479085	T	C	0/1	20,113
1482627	T	C	1/1	0,175
1484708	A	C	1/1	0,173
1485397	A	G	0/1	17,135
1490905	A	G	0/1	28,140
1498951	G	T	0/1	25,161
1499274	C	G	1/1	0,172
1501700	G	A	0/1	26,146
1526311	G	T	1/1	16,207
1526819	C	A	1/1	0,178
1536251	G	T	1/1	0,150
1538720	C	T	0/1	125,25
1540141	T	C	0/1	24,114
1541798	C	T	0/1	27,85
1544255	C	T	0/1	31,92
1545526	C	T	0/1	41,120
1545601	C	T	0/1	131,27
1546703	C	T	0/1	18,110
1547125	T	C	1/1	0,159
1552547	G	A	1/1	1,165
1556787	T	C	0/1	14,121
1563717	C	T	1/1	0,221
1570566	C	A	1/1	0,177
1574841	C	A	0/1	166,28
1576481	T	G	0/1	28,113
1576527	G	T	0/1	24,123
1577241	G	A	0/1	18,120
1580449	G	T	0/1	153,42
1584440	C	T	0/1	25,150
1587901	G	A	0/1	27,150
1588899	G	T	1/1	0,152
1593331	G	A	0/1	17,120
1594906	G	A	0/1	35,163
1595342	T	C	0/1	26,160
1599826	C	T	0/1	158,24
1600039	G	T	0/1	30,132
1608276	A	C	0/1	33,152
1609840	A	G	1/1	0,188
1612624	T	TATCGGTACCGGTGCGCCAGGG	1/1	0,139
1613035	T	C	1/1	0,200
1613658	G	T	0/1	143,16
1616061	C	T	0/1	27,162
1617302	G	T	0/1	24,132
1620181	C	G	0/1	20,157
1624276	T	G	0/1	143,20
1624791	C	G	1/1	1,191
1625332	C	CGGT	0/1	29,132
1625724	C	G	0/1	119,26
1627351	T	C	0/1	30,152
1630148	A	C	1/1	0,156
1639594	C	A	1/1	0,139
1644855	C	T	0/1	115,25
1645802	T	C	1/1	0,166
1647363	C	T	0/1	167,22
1647436	G	A	0/1	23,159
1650072	A	G	1/1	0,154
1651308	A	G	0/1	35,109
1657016	T	TGAACCGCCCCGGTGAGTCCGGAGACTCTCTGATCTGAGACCTCAGCCGGCGGCTGGTC	0/1	28,26
1669158	T	C	0/1	21,127
1671260	G	C	0/1	148,25
1676290	C	A	1/1	0,176
1678706	A	C	0/1	31,152
1679831	G	A	0/1	182,28
1688064	A	G	0/1	29,149
1688300	T	C	0/1	26,154
1689349	C	T	1/1	0,193
1692141	A	C	1/1	0,275
1693561	A	G	1/1	0,298
1695037	G	A	0/1	32,194
1695796	C	T	0/1	31,204
1696671	CA	C	0/1	31,195
1697896	C	T	0/1	36,176
1698911	G	A	1/1	1,175
1699849	G	A	0/1	38,172
1701215	C	T	0/1	30,162
1705129	A	C	0/1	196,28
1706119	T	C	1/1	0,211
1706685	C	A	0/1	23,177
1709432	C	T	0/1	22,188
1710215	C	A	0/1	202,26
1711670	C	T	0/1	36,185
1711676	A	C	0/1	187,34
1713192	A	G	0/1	28,203
1716472	A	G	0/1	33,151
1722200	C	G	0/1	15,144
1722228	A	C	0/1	16,148
1723287	C	G	0/1	38,140
1728837	A	G	1/1	0,203
1733134	C	T	0/1	25,192
1733325	C	G	0/1	25,162
1735920	C	G	0/1	24,144
1741352	C	T	0/1	35,129
1753519	G	GC	1/1	0,146
1754749	A	G	0/1	34,157
1756358	CG	C	0/1	22,169
1758825	G	C	0/1	149,38
1759252	G	T	1/1	0,202
1760292	A	G	1/1	0,177
1769557	T	G	0/1	159,25
1774659	C	T	0/1	22,157
1778430	T	C	1/1	0,139
1779854	G	A	1/1	1,19
1779920	T	C	1/1	1,16
1792777	T	C	0|1	22,118
1792778	T	C	0|1	23,118
1797312	A	C	0/1	150,23
1798355	G	A	1/1	0,180
1803265	G	A	1/1	0,184
1804409	C	A	1/1	0,180
1808545	T	C	0/1	29,141
1811375	G	T	0/1	23,178
1817976	A	T	1/1	0,153
1819488	G	A	0/1	149,30
1823323	G	A	0/1	25,149
1823717	C	G	0/1	127,13
1831220	A	C	0|1	29,109
1831226	A	G	0|1	28,109
1831288	C	T	0/1	25,134
1834177	A	C	0/1	26,154
1836286	G	C	1/1	0,153
1839759	G	C	0/1	27,132
1847919	C	G	1/1	1,184
1849051	C	T	0/1	28,131
1849609	T	C	0/1	28,154
1849934	A	G	0/1	24,124
1854300	T	C	1/1	0,179
1856777	G	C	1/1	0,155
1859559	C	A	0/1	23,154
1873601	C	T	0/1	25,119
1877744	A	C	0/1	22,109
1880403	G	A	0/1	19,87
1881983	C	T	0/1	113,24
1885229	T	G	0/1	138,28
1885385	T	G	0/1	22,133
1885772	G	A	1/1	0,140
1888373	T	C	0/1	20,136
1892017	T	C	0/1	26,142
1894300	G	GGTCTTGCCGC	1/1	0,139
1894422	A	G	0/1	35,140
1897608	C	T	0/1	32,146
1901493	T	C	1/1	0,177
1902337	A	C	0/1	29,190
1906078	A	G	0/1	31,132
1907296	G	C	1/1	0,200
1910272	G	A	0/1	25,162
1916137	A	G	0/1	34,150
1917972	A	G	1/1	0,185
1920058	G	T	0/1	28,159
1921020	G	T	0/1	134,22
1924008	G	A	0/1	42,168
1931179	C	A	1/1	0,167
1933988	G	A	1/1	0,199
1942850	A	T	0/1	197,28
1944107	A	G	1/1	0,156
1944402	T	C	1/1	0,144
1947833	C	A	0/1	33,160
1950767	T	C	1/1	0,212
1952057	C	T	0/1	121,29
1952304	T	G	0/1	30,111
1955581	AGTCTGATTGCCCGGTTCCTCCTCGCGCCGCAAACGGCGCGCATCGTCACCGGGCGTC	A	0/1	229,20
1955760	CGAA	C	0/1	19,135
1955913	CCCGGAAG	C	0|1	28,159
1955921	TCGATGACCGTTG	T	0|1	31,161
1955941	G	C	0|1	26,161
1960284	C	A	1/1	0,153
1960996	C	T	0/1	155,20
1961735	A	G	0/1	27,146
1965133	C	T	0/1	128,20
1967026	C	T	0/1	32,174
1967237	C	A	1/1	0,221
1967543	C	A	0/1	26,109
1969275	T	C	0/1	23,139
1971725	G	C	0/1	27,167
1980652	G	T	0/1	16,113
1985054	C	T	0/1	118,17
1986638	G	GTGAAC	0|1	26,17
1986641	C	CCCCGG	0|1	25,15
1986643	G	GAGTCCGGAGA	0|1	25,11
1986645	T	TCTCTGATCTGAGACCTCAGCCGGCG	0|1	27,6
1993808	A	T	1/1	0,30
2002579	C	T	0/1	86,16
2003105	C	T	0/1	32,130
2003827	A	C	0/1	31,96
2008376	G	A	0/1	25,131
2009290	GC	G	0/1	22,116
2022868	T	C	1/1	0,156
2023628	C	G	0/1	14,112
2029514	C	G	0/1	131,32
2039197	G	T	0/1	175,24
2039276	G	T	0/1	143,22
2041815	AT	A	0/1	14,152
2047920	GT	G	0/1	141,24
2055271	A	G	1/1	0,168
2057774	A	T	1/1	0,143
2067684	G	A	0/1	18,151
2069771	C	A	0/1	23,156
2072313	C	A	0/1	21,158
2074754	C	T	0/1	34,145
2078246	C	G	0/1	22,150
2082053	A	G	0/1	33,168
2086672	C	T	0/1	27,128
2094911	ACAGCGT	A	1/1	0,199
2095529	G	A	0/1	146,31
2096186	A	G	1/1	0,168
2097270	C	T	0/1	21,156
2097368	A	C	0/1	143,18
2105029	G	A	0/1	147,23
2108141	T	C	1/1	0,119
2108890	A	C	0/1	19,137
2109523	C	CG	1/1	0,135
2112832	A	C	0/1	26,156
2116855	C	T	0/1	24,151
2116903	C	T	1/1	0,157
2118439	C	A	0/1	139,26
2122395	C	T	0/1	30,182
2122976	C	G	0/1	17,135
2123169	T	G	1/1	0,193
2128870	A	G	1/1	0,185
2133468	T	TTCGCATGCCGTCACC	1/1	0,168
2135154	G	T	0/1	24,143
2135870	T	C	1/1	0,170
2137238	C	T	0/1	28,150
2137521	A	ACTCCGATCAC	1/1	0,199
2138436	A	G	0/1	29,150
2138453	C	T	0/1	30,143
2141192	G	A	0/1	152,33
2142266	C	A	0/1	23,116
2143328	G	C	1/1	0,186
2146065	C	CGGCGGTCGCGGCGGGGCGGGCGGTAGAGGCGGCGACGGCGGGCAA	1/1	0,22
2147022	A	C	1/1	0,199
2149480	C	G	0/1	22,156
2151222	T	G	0/1	27,145
2152774	T	TTCGGTG	0/1	154,29
2153725	CTCATCCCCGTCTCG	C	0/1	15,118
2154724	C	A	0/1	34,165
2158109	T	C	0/1	35,147
2159093	A	T	0/1	130,37
2160998	G	A	0/1	29,147
2161343	G	GT	0/1	36,154
2172380	A	C	0/1	26,140
2173860	A	C	0/1	31,160
2177366	C	T	0/1	20,153
2179825	G	C	0/1	25,153
2183462	G	C	0/1	32,113
2185674	A	G	0/1	32,113
2185727	C	T	0/1	29,113
2187587	G	C	0/1	32,144
2191498	G	T	0/1	26,140
2191657	G	T	0/1	122,33
2199052	C	G	0/1	32,198
2202500	C	T	0/1	23,165
2202582	G	T	0/1	190,24
2207591	T	TC	1/1	0,164
2209465	G	A	0/1	19,131
2210642	C	T	0/1	21,128
2211826	A	G	1/1	0,145
2216443	C	A	1/1	0,175
2216963	C	G	0/1	34,154
2220512	T	G	1/1	0,160
2221584	G	C	0/1	27,193
2223293	T	C	1/1	0,209
2225365	T	C	0/1	17,167
2228967	A	G	1/1	0,198
2229801	C	G	0/1	41,166
2230045	G	A	0/1	24,170
2234475	C	T	0/1	147,24
2235087	G	A	0/1	24,168
2235930	T	G	0/1	132,27
2236386	G	A	0/1	22,136
2239303	G	A	0/1	147,20
2239975	T	G	0/1	158,39
2241031	AG	A	0/1	32,166
2244421	G	T	0/1	25,150
2245075	C	T	0/1	103,14
2245864	C	A	0/1	31,140
2247677	A	C	0/1	26,193
2250374	C	T	0/1	17,190
2251605	G	A	0/1	23,144
2251999	A	G	1/1	0,174
2254060	A	G	0/1	35,147
2255190	C	T	0/1	157,20
2257835	C	G	0/1	136,25
2260100	C	T	0/1	24,113
2260525	C	T	1/1	0,143
2263627	G	GTGA	0|1	43,27
2263629	C	CCGCCCCGGTG	0|1	43,27
2263630	A	AGTCCGG	0|1	43,16
2263632	G	GACTCTCTGATCTGAGACCTCAGCC	0|1	45,11
2263634	G	GCGGC	0|1	47,4
2264782	C	A	1/1	0,117
2265059	T	G	1/1	0,121
2266487	G	C	0|1	145,11
2266504	T	TA	0|1	139,14
2266508	A	T	0|1	143,15
2266511	GT	G	0|1	137,15
2266517	T	C	0|1	141,16
2266550	G	T	0|1	159,19
2266553	C	G	0|1	162,20
2266583	C	G	0|1	163,17
2266598	G	C	0|1	165,20
2266604	C	G	0|1	163,18
2266613	G	GC	0|1	159,19
2266624	G	T	0|1	156,20
2267015	T	C	0/1	32,123
2267667	C	T	0/1	31,129
2269545	G	A	0/1	32,141
2269780	T	C	1/1	0,164
2270102	A	G	1/1	0,165
2273733	TC	T	0/1	35,163
2282787	C	T	1/1	0,189
2283191	G	C	0/1	28,157
2285251	C	A	1/1	0,195
2287082	G	A	0/1	109,31
2287121	A	G	1/1	0,147
2288085	G	C	0/1	26,174
2290567	G	T	0/1	28,166
2291981	C	T	0/1	25,120
2294007	T	C	0/1	27,116
2308245	G	A	0/1	20,121
2310038	T	C	0/1	142,28
2311099	C	G	0/1	31,136
2313206	G	A	0/1	121,24
2314689	C	A	0/1	29,123
2315386	C	A	0/1	22,134
2316123	C	A	0/1	28,142
2318725	C	T	0/1	22,141
2320320	C	T	0/1	29,148
2321975	T	C	0/1	21,146
2326024	G	A	0/1	148,28
2328543	T	C	0/1	25,140
2329533	A	G	1/1	0,199
2331620	A	C	0/1	35,125
2331789	G	T	0/1	37,135
2334007	A	G	1/1	0,169
2335075	A	G	1/1	0,163
2335494	A	G	1/1	0,196
2337179	C	T	0/1	34,118
2341636	C	G	1/1	0,150
2342649	A	AGGCGTACACAC	0/1	31,138
2344246	G	C	0/1	32,147
2344499	T	G	0/1	20,161
2345037	C	A	1/1	0,138
2346318	G	A	0/1	21,115
2348848	GCACGGCCAT	G	0/1	132,14
2352065	C	CCTCGCCTGGGCTGGCGAGCAGACGCAAAATCCCCCGCACGCCCGGCGTGTCGGGGGATTTTGCGTCTG	0|1	159,5
2352071	CAGT	C	0|1	9,106
2352076	GACCGCGCCCGCTCGC	G	0|1	12,107
2352095	TAGCGGGCCTACGTGACGTCGTCATGAGATCCGATGACCGATGGCGCCGGCACC	T	0|1	19,104
2354791	A	G	0/1	13,121
2356012	G	A	0/1	125,19
2357448	AGCCGCCACT	A	0/1	69,14
2358029	T	TG	1/1	0,159
2358916	C	T	0/1	128,34
2360558	G	A	0/1	124,34
2361604	C	G	1/1	0,105
2362041	C	A	1/1	0,102
2363070	A	G	0/1	17,104
2364475	T	C	0/1	24,102
2368564	TA	T	1/1	0,148
2369186	G	C	0/1	30,127
2369326	C	G	0/1	21,138
2386389	G	A	1/1	0,204
2388641	G	A	0/1	26,145
2389986	C	T	0/1	147,29
2399734	G	A	0/1	26,130
2401509	C	T	0/1	149,26
2406842	AC	A	0/1	21,152
2411496	G	A	0/1	27,131
2413246	C	A	0/1	26,177
2415656	G	C	1/1	0,149
2421816	A	G	0/1	29,171
2421975	G	GGGAA	0/1	24,178
2424925	A	G	1/1	1,188
2425471	T	C	0/1	23,128
2427471	A	C	0/1	116,28
2428310	C	T	0/1	25,133
2436247	C	T	0/1	150,29
2440926	G	T	1/1	0,147
2442468	C	T	0/1	25,130
2443206	C	T	0/1	22,152
2448290	CCG	C	0/1	162,23
2448458	C	T	0/1	17,139
2451700	A	C	0/1	35,157
2456256	T	G	0/1	138,24
2462871	G	A	1/1	0,150
2470499	C	T	0/1	122,23
2470591	A	C	0/1	24,113
2472733	G	A	0/1	28,135
2491597	G	T	0/1	37,135
2499726	G	A	1/1	0,181
2501931	G	A	0/1	24,130
2503831	G	A	0/1	25,114
2505085	G	A	0/1	24,140
2509140	G	C	1/1	0,183
2509722	A	G	1/1	0,161
2510350	C	G	0/1	28,152
2516567	G	C	0/1	12,122
2521342	T	C	1/1	0,157
2521428	A	G	0/1	28,127
2522955	T	G	0/1	24,142
2523205	G	GCGC	1/1	0,49
2525722	CG	C	1/1	0,180
2526540	C	G	0/1	24,141
2526974	T	C	0/1	30,148
2527008	G	C	0/1	31,162
2528468	C	T	0/1	33,149
2529680	A	G	1/1	0,194
2533377	T	C	0/1	19,149
2534562	GGA	G	1/1	0,158
2536599	C	T	0|1	27,141
2536628	G	GA	0|1	28,142
2536892	T	C	0/1	32,144
2537455	G	A	0/1	139,18
2543395	T	C	0/1	36,172
2546684	C	A	0/1	27,177
2548700	C	T	0/1	22,157
2551576	C	G	0|1	32,156
2551577	T	C	0|1	33,154
2552747	C	T	0/1	28,171
2555712	G	A	0/1	146,36
2556092	C	T	0/1	171,28
2562644	G	T	0/1	39,158
2564368	G	GC	0/1	24,162
2566766	C	CG	0|1	31,161
2566768	A	C	0|1	31,161
2569545	G	A	0/1	159,33
2573756	C	A	1/1	0,158
2578626	A	G	0/1	27,166
2579048	A	C	0/1	22,168
2581052	G	A	0/1	29,145
2586076	C	G	0/1	22,140
2586127	A	G	1/1	0,143
2589036	G	C	0/1	29,162
2589216	G	C	0/1	37,169
2592310	G	A	0/1	139,131
2598400	A	G	1/1	0,158
2600260	A	G	0/1	29,148
2600689	T	C	0/1	166,25
2608117	C	A	0/1	33,153
2612256	G	T	0/1	15,159
2612504	A	G	0/1	165,16
2612632	C	A	1/1	0,174
2614909	GC	G	1/1	14,198
2619271	T	C	0/1	22,145
2620500	G	T	0/1	145,22
2627618	C	A	0/1	17,143
2627946	A	G	0/1	25,101
2630740	T	C	0/1	22,119
2631371	C	T	0/1	24,108
2632341	C	CA	0/1	15,117
2637541	C	T	0/1	14,100
2642383	C	T	0/1	18,114
2647905	G	A	0/1	24,129
2651706	G	A	0/1	137,39
2656225	A	G	1/1	0,187
2660319	C	G	1/1	0,174
2663795	G	A	0/1	23,146
2673534	G	A	0/1	28,136
2673818	C	G	0/1	32,123
2680658	T	G	1/1	0,178
2692100	C	T	0/1	26,155
2695378	C	G	1/1	0,165
2697489	C	T	0/1	26,128
2703902	C	CG	0/1	29,110
2704416	G	C	0/1	138,29
2704884	A	ACAGCGACCATATCGCCGAGCT	1/1	0,161
2711722	T	G	0/1	21,149
2713059	C	T	0/1	137,23
2713795	C	T	1/1	0,169
2713908	C	G	0/1	136,30
2718852	T	G	1/1	0,191
2723506	T	C	0/1	17,148
2724180	TCACGATCGGGTCTCCTCTAG	T	0/1	32,112
2729058	A	C	0/1	22,147
2731766	T	C	0/1	189,29
2734074	T	C	1/1	0,181
2734481	TA	T	0/1	31,188
2737572	C	A	0/1	33,150
2738274	A	C	0/1	33,138
2739131	T	C	0/1	141,25
2740693	T	C	0/1	17,83
2741209	G	A	0/1	24,125
2745849	A	C	0/1	142,14
2751804	C	T	1/1	0,138
2752122	G	C	0/1	16,167
2752566	C	T	0/1	192,22
2752698	C	A	1/1	0,183
2753768	G	A	0/1	24,130
2760152	A	G	1/1	0,179
2761238	A	G	0/1	32,164
2774555	T	C	0/1	35,193
2775361	C	T	0/1	21,133
2779136	T	C	1/1	0,183
2786952	A	G	1/1	0,181
2789798	G	T	0/1	24,163
2791098	C	T	0/1	24,160
2793810	C	A	0/1	23,106
2794071	G	A	0/1	22,179
2800087	G	A	0/1	33,122
2807486	C	A	0/1	30,215
2808452	T	C	0/1	21,109
2809621	T	C	1/1	0,195
2809633	A	C	0/1	37,157
2810700	G	A	0/1	28,142
2817502	A	C	0/1	30,159
2818837	A	G	1/1	0,160
2821342	C	T	1/1	0,134
2821547	C	G	0/1	123,26
2822255	A	C	0/1	134,30
2825466	G	A	0/1	18,121
2825581	T	G	0/1	21,111
2827984	G	T	1/1	0,93
2828019	T	C	1/1	0,100
2830525	C	A	1/1	0,113
2833329	G	A	0/1	25,141
2841022	A	G	0/1	23,131
2844235	T	C	0/1	18,149
2847281	A	G	0/1	25,149
2850631	T	C	0/1	23,149
2851160	GAA	G	0|1	32,134
2851164	CATT	C	0|1	32,136
2855259	A	G	1/1	0,196
2859045	G	A	0/1	27,153
2865760	A	G	1/1	0,152
2865882	T	C	1/1	0,169
2867880	TA	T	0/1	27,142
2868925	G	A	0/1	181,24
2876703	G	C	0/1	149,35
2880702	G	C	1/1	0,150
2881597	AG	A	1/1	0,177
2881974	G	A	0/1	23,142
2884068	A	C	0/1	28,143
2886570	A	G	0/1	25,162
2888201	T	C	1/1	0,173
2889633	T	C	1/1	0,152
2891267	C	T	1/1	0,206
2891728	A	G	1/1	0,174
2894208	G	A	1/1	0,171
2898522	T	C	0/1	31,151
2898717	C	T	0/1	31,128
2900578	A	C	0/1	165,24
2900706	T	C	0/1	163,22
2902494	C	G	0/1	132,27
2903439	G	A	0/1	28,154
2910461	G	T	1/1	0,154
2911293	C	G	1/1	0,188
2912294	T	G	1/1	0,157
2913091	C	T	0/1	138,22
2917843	A	C	0/1	138,21
2919828	G	A	0/1	117,18
2923391	T	C	1/1	0,140
2925962	T	C	0/1	26,130
2926654	C	G	0/1	134,25
2927939	T	C	1/1	1,139
2939373	G	C	1/1	0,175
2939657	T	C	1/1	0,198
2945342	G	A	0/1	150,25
2948230	G	A	0/1	29,134
2953379	C	A	0/1	128,26
2954439	T	C	1/1	0,218
2955957	A	C	0/1	29,145
2962658	C	T	0/1	139,21
2969197	A	G	0/1	18,151
2970625	C	CA	0|1	132,24
2970649	C	T	0|1	145,24
2970820	A	G	0/1	117,18
2976581	G	A	0/1	20,136
2980861	A	G	0/1	20,105
2984740	A	G	1/1	0,126
2988630	C	G	0/1	21,141
2994187	T	C	0/1	33,127
2999257	G	A	0/1	30,140
3003115	C	G	0/1	26,140
3005185	G	T	1/1	0,161
3009692	A	G	1/1	0,168
3009834	A	G	0/1	28,125
3010420	A	G	0/1	26,104
3010993	C	T	0/1	31,137
3017465	T	C	1/1	0,174
3021892	GTTCGACGAC	G	0/1	24,116
3024021	C	A	0/1	26,150
3024343	G	A	0/1	21,138
3027798	T	C	0/1	32,140
3031168	A	G	0/1	31,158
3033189	G	A	0/1	39,130
3036437	G	T	0/1	174,34
3036826	C	T	0/1	23,166
3037377	T	C	0/1	22,72
3037917	G	A	0/1	137,32
3040001	T	G	0/1	123,26
3041871	G	T	1/1	0,138
3046475	G	A	0/1	27,152
3048796	G	T	0/1	31,169
3048912	C	G	0/1	31,148
3063783	C	CA	0/1	29,154
3066099	C	T	0/1	134,26
3069167	A	G	0/1	21,139
3080795	A	G	1/1	0,144
3081481	G	A	0/1	16,134
3086788	T	C	1/1	1,225
3103682	T	C	1/1	0,185
3104189	A	G	0/1	28,127
3110140	G	T	0/1	20,131
3111476	C	T	0/1	17,132
3112580	G	A	0|1	27,129
3112594	A	G	0|1	25,126
3115384	G	C	0/1	19,162
3126279	C	T	1/1	0,26
3128356	C	T	0/1	101,14
3131469	T	TTGTCGGCGA	1/1	0,177
3135179	G	A	0/1	116,22
3135606	A	G	0/1	30,144
3137058	G	A	1/1	0,155
3137736	G	T	0/1	21,122
3144623	C	T	0/1	25,124
3144675	T	G	0/1	23,104
3147547	G	A	0/1	112,22
3155569	C	T	0/1	24,129
3156201	C	CG	0/1	21,135
3165636	G	A	0/1	17,199
3166936	G	GC	0/1	141,22
3170166	C	A	0/1	121,17
3174496	A	G	0/1	29,159
3174692	AC	A	0/1	25,150
3177452	C	A	0/1	27,160
3177884	C	A	1/1	0,184
3178177	G	A	0/1	148,17
3180988	C	A	0/1	24,127
3186860	T	G	1/1	0,179
3189242	A	G	0/1	28,173
3189481	C	CGCGGCCAGCTGTCCGCAGCGCTGGCTGATTCGCCTGCGCTCCAGCTACCCGCCTACG	0/1	0,0
3190145	TC	T	1/1	0,189
3194039	G	A	0/1	147,27
3200282	C	T	0/1	25,165
3207899	T	C	0/1	16,138
3209156	G	A	0/1	36,117
3214869	A	G	0/1	27,155
3215622	CG	C	0/1	29,146
3226181	A	C	1/1	0,154
3228143	G	T	1/1	0,181
3238119	CGTG	C	0/1	24,118
3256494	A	G	1/1	0,177
3262465	C	A	0/1	165,25
3266030	A	G	0/1	23,154
3269581	A	G	1/1	0,225
3270784	A	G	1/1	0,167
3276703	T	G	0/1	40,123
3284640	A	G	0/1	34,164
3284855	C	T	0/1	31,206
3292987	G	A	0/1	122,26
3295663	CCA	C	0/1	104,23
3296371	G	GCCGCGGC	0/1	14,108
3296843	A	G	1/1	0,140
3299729	G	A	0/1	20,204
3300658	G	C	0/1	40,204
3302485	G	A	0/1	24,173
3304966	G	A	0|1	37,176
3304970	A	G	0|1	175,37
3308606	G	A	1/1	0,231
3310427	T	C	0/1	22,151
3310626	T	C	0/1	33,169
3312069	G	T	0/1	212,37
3314412	A	G	0/1	24,140
3316955	A	C	0/1	19,149
3326554	A	C	0/1	37,182
3331361	ACG	A	0/1	30,132
3332319	C	A	0/1	36,128
3335809	AC	A	0/1	24,129
3336825	T	C	1/1	0,135
3338603	G	C	1/1	0,174
3343150	T	C	0/1	162,28
3348916	G	A	0/1	142,23
3352932	C	G	0/1	16,134
3358235	A	T	1/1	0,196
3363338	A	G	1/1	0,206
3366318	C	T	0/1	26,131
3367765	G	A	1/1	0,148
3375165	A	C	0/1	16,76
3385202	C	G	0/1	120,26
3390056	G	A	0/1	22,142
3393033	C	T	0/1	143,22
3401871	A	G	0/1	17,157
3401939	G	A	0/1	28,147
3402816	C	T	1/1	0,178
3404376	C	G	0/1	34,161
3408150	T	C	0/1	25,159
3412611	T	C	0/1	26,209
3415180	ACACCTAGGGGGTGG	A	1/1	0,134
3419560	C	T	0/1	148,28
3420825	A	G	0/1	32,167
3423249	C	CGCGAGCAGACGCAGAATCGCCCAAAATCCAAGATTTTGAGGCGATTCTGCGTCTGCTCGCGCAACCGG	1/1	1,47
3425854	C	T	1/1	0,190
3428183	G	A	0/1	30,166
3428917	C	A	1/1	0,201
3440464	T	G	1|1	0,157
3440468	G	C	1|1	0,154
3441939	C	A	0/1	23,109
3444002	G	A	0/1	153,27
3446699	C	G	0/1	24,161
3447293	T	G	0/1	25,139
3448348	G	A	0/1	136,30
3450725	T	C	0/1	27,145
3453555	G	A	0/1	32,156
3454263	C	G	0/1	27,164
3455686	G	C	0/1	24,147
3456666	A	G	1/1	1,157
3462135	G	C	1/1	0,166
3467465	C	G	0/1	21,172
3473996	G	GA	1/1	0,161
3477942	A	G	0/1	25,189
3478242	G	C	0|1	199,38
3478244	C	A	0|1	201,38
3478245	T	C	0|1	200,38
3478248	T	C	0|1	198,38
3478251	C	T	0|1	200,38
3478254	G	C	0|1	199,40
3478257	A	G	0|1	198,38
3478260	C	G	0|1	198,41
3478263	G	A	0|1	198,40
3478272	G	A	0|1	204,41
3478290	C	T	0/1	195,38
3480474	G	A	0/1	24,158
3480789	T	C	0/1	18,123
3486977	A	G	1/1	0,150
3487108	C	T	0/1	23,124
3493909	G	GATGA	0|1	45,9
3493912	C	CGCCCCGGTGAG	0|1	50,8
3493914	C	CCGGAGACTCTCTG	0|1	52,4
3498198	C	T	0/1	27,132
3500149	G	A	0/1	24,109
3500243	G	C	0/1	27,121
3503895	C	T	1/1	0,125
3508970	A	G	0/1	27,124
3509626	C	A	0/1	24,130
3518167	A	G	1/1	0,134
3518555	A	G	1/1	0,178
3520977	G	C	0/1	134,24
3529180	CCTA	C	0|1	148,40
3529186	G	GCGCGC	0|1	144,39
3529190	GTC	G	0|1	155,36
3529195	GGCCA	G	0|1	159,35
3529205	T	A	0|1	153,34
3529210	CAACG	C	0|1	157,31
3529216	T	TTCGC	0|1	151,31
3529221	GT	G	0|1	154,26
3529224	T	TA	0|1	153,25
3529227	G	C	0|1	150,25
3529228	T	C	0|1	149,23
3529231	T	C	0|1	147,23
3530955	C	G	0/1	20,128
3539611	C	CA	0/1	141,17
3542049	G	A	0/1	25,134
3542219	G	A	0/1	28,151
3546157	C	T	0/1	29,155
3550347	C	T	1/1	8,105
3550789	C	G	0/1	10,103
3556275	A	G	1/1	0,201
3559192	G	A	0/1	139,22
3571828	G	C	0/1	26,151
3576231	T	C	0/1	27,130
3577497	C	T	0/1	26,136
3580636	CT	C	1/1	0,160
3581414	A	G	1/1	0,196
3583640	C	T	0/1	118,28
3587446	G	A	0/1	29,136
3590686	G	GC	1/1	0,73
3591063	T	C	1/1	0,150
3596273	TCCG	T	0/1	145,23
3597249	C	G	0/1	16,147
3598107	G	A	0/1	18,116
3600576	C	T	0/1	30,157
3603638	G	A	0/1	20,144
3604821	G	C	1/1	0,192
3608514	G	A	0/1	161,23
3610391	A	AC	0/1	18,142
3612813	T	C	0/1	27,164
3614860	A	G	0/1	131,23
3614982	T	C	1/1	0,169
3617616	G	A	0/1	23,128
3620849	C	G	0/1	24,156
3621423	A	G	0/1	36,131
3622441	A	C	1/1	0,160
3625065	T	G	1/1	0,143
3626562	G	A	0/1	24,146
3628520	G	A	0/1	22,155
3638093	G	A	0/1	21,143
3643703	G	A	0/1	162,22
3643985	A	C	0/1	22,155
3653988	G	A	0/1	31,149
3664457	C	A	0/1	23,181
3665203	C	T	0/1	21,152
3665753	G	A	0/1	31,141
3670040	C	T	0/1	23,119
3674157	T	A	0/1	32,148
3675504	G	T	0/1	17,178
3678249	A	C	0/1	22,139
3680932	G	A	0/1	25,136
3681548	A	C	0/1	25,146
3683701	T	C	0/1	134,28
3689523	G	T	1/1	0,166
3690016	A	G	0/1	30,124
3693681	A	C	0/1	30,126
3704596	G	C	1/1	0,177
3704686	T	C	0/1	152,30
3704770	A	G	0/1	35,146
3713652	C	T	0/1	93,24
3714211	G	T	1/1	0,119
3714757	A	C	1/1	0,127
3718357	C	T	1/1	0,153
3720616	G	A	0/1	36,165
3721806	G	C	1/1	0,152
3743656	G	A	0/1	30,121
3773111	A	G	0/1	25,122
3773993	G	A	0/1	22,133
3775409	T	C	0/1	35,115
3775441	A	C	0/1	26,123
3778011	G	A	0|1	32,135
3778012	G	T	0|1	32,134
3778396	C	T	0/1	31,141
3794867	C	CCA	0/1	37,108
3797827	C	CTGAACCGCCCCGGCATGTCCGGAGACTCCAGTTCTTGGAAAGGATGGGGTCATGTCAGGT	0/1	38,26
3798095	A	C	1/1	0,110
3798596	A	G	0/1	22,125
3798665	C	T	0/1	126,26
3804299	G	A	0/1	34,103
3811672	G	T	0|1	42,155
3811675	A	G	0|1	42,155
3815477	G	T	0/1	37,175
3817117	C	A	1/1	0,175
3819009	A	C	0/1	145,31
3819981	A	C	0/1	158,26
3821845	G	T	0/1	31,133
3823159	A	T	1/1	0,179
3824390	C	A	0/1	152,33
3826501	C	T	0/1	21,164
3826684	C	T	1/1	0,191
3827921	G	A	0/1	19,148
3829770	T	C	1/1	0,141
3829888	C	T	0/1	22,101
3830349	C	T	0/1	22,156
3830695	A	G	0/1	24,136
3834486	T	C	0/1	20,153
3838871	A	G	1/1	0,137
3851887	A	C	0|1	16,64
3851888	T	C	0|1	16,64
3859893	C	T	1/1	0,179
3862472	GA	G	1/1	0,164
3863138	G	A	0/1	33,141
3863681	C	G	0/1	17,115
3864995	T	C	1/1	0,158
3865140	C	A	0/1	153,20
3868375	G	A	0/1	22,152
3870010	A	G	0/1	30,147
3871246	T	C	0/1	29,130
3874722	AT	A	0/1	32,163
3877421	A	G	1/1	0,182
3877762	A	C	0/1	26,137
3880239	C	CGTCCGGCTCCTCCTCGGACCACTACGCGGCCCGCATCGTCGCCGACCAAATCCAACT	0/1	16,76
3883178	A	C	1/1	15,158
3885886	T	C	1/1	0,156
3886203	T	C	0/1	173,21
3886878	T	C	0/1	136,22
3892671	A	G	1/1	0,176
3893480	G	A	0/1	28,150
3895727	C	A	0/1	26,96
3896340	T	G	1/1	0,146
3897155	T	C	0/1	25,149
3898408	A	G	1/1	0,231
3898775	G	A	0/1	135,28
3899045	C	T	0/1	168,19
3901186	C	A	0/1	29,143
3902318	A	AT	0/1	25,126
3906311	G	A	0/1	20,138
3907451	C	T	0/1	145,26
3908465	A	G	0/1	31,162
3909235	G	C	0/1	34,156
3916386	G	T	0/1	32,124
3922214	C	T	0/1	145,30
3922743	G	A	0/1	157,37
3930983	C	T	0/1	176,52
3952800	G	A	1/1	0,182
3955823	A	T	0/1	139,26
3956049	A	G	0/1	141,30
3958403	A	G	1/1	0,183
3959418	C	T	1/1	0,179
3959730	T	C	0/1	32,161
3962187	G	A	0/1	23,136
3964518	G	A	0/1	24,189
3964732	T	C	0/1	35,202
3965965	G	A	0/1	189,31
3966059	G	C	0/1	189,25
3968006	A	C	0/1	23,138
3970594	C	G	0/1	25,137
3976224	A	G	0/1	152,28
3976595	G	T	0/1	23,131
3979990	C	G	0/1	46,150
3981983	G	A	0/1	26,142
3982639	G	A	0/1	31,147
3984321	G	A	0/1	21,149
3987370	CG	C	0/1	30,153
3990402	G	A	0/1	165,21
3993058	G	A	0/1	20,124
4001622	T	C	0/1	23,159
4002924	A	G	0/1	28,142
4003619	C	T	0/1	30,194
4004036	C	T	0/1	146,19
4005114	G	C	0/1	31,150
4005607	T	C	1/1	0,193
4007564	C	T	0/1	147,22
4008747	A	G	0/1	18,102
4022388	G	A	0/1	21,138
4024273	T	C	1/1	0,164
4026899	G	A	1/1	0,150
4028752	A	G	0/1	39,130
4033577	A	G	0/1	28,129
4034827	C	T	1/1	0,177
4041581	C	T	0/1	19,187
4050811	G	A	0/1	30,137
4051823	T	C	0/1	124,43
4054700	C	T	0/1	137,27
4055801	G	A	1/1	0,175
4055993	G	A	0/1	145,19
4056416	C	A	0/1	21,190
4056693	G	T	0/1	32,193
4059143	A	C	0/1	22,124
4059904	A	G	1/1	0,136
4069292	G	A	1/1	0,191
4069743	C	T	0/1	135,24
4089058	T	C	0/1	32,151
4095001	CG	C	1/1	0,175
4095295	T	C	0/1	45,130
4099481	G	A	0/1	132,24
4100975	T	C	1/1	0,178
4107074	T	C	0/1	28,111
4111303	G	C	1/1	0,175
4112429	T	C	0/1	27,137
4115890	G	C	0/1	31,158
4116610	G	A	0/1	22,126
4116773	T	C	0/1	165,29
4117614	C	T	0/1	130,20
4122287	G	T	0/1	31,170
4123770	G	A	0/1	28,144
4124349	GCC	G	0/1	21,132
4131585	A	C	0/1	24,155
4131967	C	T	0/1	29,167
4133316	A	T	0/1	23,155
4137829	C	T	0/1	26,168
4140319	G	A	0/1	208,37
4142063	A	C	0/1	161,20
4145737	A	G	0/1	35,129
4151855	A	G	0/1	22,118
4156099	C	A	1/1	0,166
4156503	C	T	0/1	24,153
4158493	C	T	0/1	26,147
4159195	T	C	0/1	26,127
4160371	C	A	0/1	31,148
4161581	C	T	0/1	143,36
4162339	A	G	1/1	0,159
4166441	G	A	0/1	33,141
4167656	A	G	0/1	25,147
4169852	G	T	0/1	45,164
4170739	G	C	0/1	27,132
4170964	G	GA	0/1	31,150
4174131	G	C	0/1	30,189
4176081	C	T	0/1	35,145
4179089	C	T	0/1	27,146
4179832	G	C	0/1	31,138
4182387	G	C	0/1	23,154
4182695	G	A	1/1	0,168
4186678	G	A	0/1	29,137
4187485	T	C	1/1	2,186
4187817	A	G	1/1	0,192
4189210	G	T	0/1	28,156
4194501	G	A	0/1	27,143
4195756	A	G	0/1	176,22
4197138	C	CT	1/1	0,167
4198611	CG	C	1/1	0,168
4204168	T	C	0/1	31,152
4204441	A	G	1/1	0,204
4205120	A	G	0/1	19,167
4205325	A	G	0/1	25,203
4210274	A	G	1/1	0,196
4212832	GACC	G	0/1	30,196
4214988	G	A	0/1	40,187
4215484	G	C	0/1	30,140
4215541	TG	T	0/1	127,44
4217557	A	G	0/1	30,115
4218416	C	A	0/1	26,146
4218941	G	A	0/1	26,136
4221070	AC	A	0/1	30,174
4221423	C	T	0/1	35,145
4221490	C	G	1/1	0,181
4222073	A	G	1/1	0,168
4222882	A	G	1/1	0,166
4223172	T	C	0/1	25,130
4229167	T	C	0/1	27,151
4231859	CGCGGTCTGTGCGCCGGGCGCACGCACCGAATTCGAGCTATTAGCGGCCGCGGCAAGGGACGCATTCGGCCTGGACGTCCACCCAGCGGT	C	0/1	56,154
4234960	A	C	0/1	19,127
4236237	C	T	0/1	26,152
4238963	C	T	0/1	128,29
4242643	C	T	1/1	0,175
4243460	C	T	0/1	19,178
4246508	G	A	0/1	117,26
4251297	G	C	0/1	15,140
4251777	G	C	0/1	23,123
4252066	T	C	0/1	18,144
4254431	G	A	0/1	22,141
4255922	A	G	1/1	0,160
4256210	G	T	0/1	24,122
4257220	A	G	1/1	0,174
4258106	G	A	0/1	21,116
4260853	G	A	0/1	23,161
4262388	C	T	0/1	18,144
4264381	G	GC	0/1	27,151
4266930	A	G	0/1	146,18
4267647	T	C	0/1	26,124
4268928	G	A	0/1	156,30
4269375	C	T	0/1	156,31
4274129	G	A	0/1	17,114
4280708	G	A	0/1	27,166
4284429	G	A	0/1	33,216
4287164	A	G	0/1	31,157
4290135	C	T	0/1	20,187
4291593	G	A	0/1	165,35
4296015	G	A	0/1	31,137
4303498	T	TG	0/1	38,146
4304953	G	A	0/1	18,144
4305063	G	GA	0/1	20,139
4306155	C	T	1/1	0,184
4306243	G	A	0/1	170,30
4307179	G	A	1/1	0,169
4307886	G	A	0/1	140,33
4308072	G	A	0/1	157,23
4308395	G	A	0/1	21,133
4309927	T	G	0/1	30,125
4311664	C	T	0/1	27,119
4313128	C	T	0/1	25,133
4314645	A	G	0/1	35,149
4314800	G	A	0/1	28,130
4315590	T	C	0/1	131,23
4316636	G	T	0/1	161,19
4319985	G	C	0/1	17,134
4322039	AC	A	0/1	28,171
4323720	C	T	0/1	44,176
4329782	G	A	0/1	28,175
4329865	G	A	0/1	31,184
4331653	C	T	0/1	182,25
4337111	GC	G	0/1	153,28
4338595	GC	G	1/1	0,201
4338732	G	A	1/1	0,201
4340028	G	C	0/1	32,180
4344060	C	A	0/1	25,133
4348724	A	ACCCGCGCCGGCGACGATGCAAAGCGCAGCGATGAGGAGGAGCGGCGCCAACGG	1/1	0,0
4350305	G	A	0/1	26,150
4350639	A	G	0/1	23,166
4351039	G	T	1/1	0,181
4355216	C	T	0/1	140,21
4356110	G	C	1/1	0,168
4357597	C	G	0/1	17,156
4357804	T	G	0/1	25,154
4359165	G	C	0/1	25,85
4359653	C	T	0/1	21,125
4359828	G	A	0/1	18,128
4362568	T	G	0/1	22,141
4363766	G	A	0/1	26,130
4366195	T	C	0/1	21,124
4366272	G	C	1/1	0,149
4368084	G	C	0/1	19,167
4372353	G	C	0/1	29,135
4377269	TCTCACCGGGATCGGCCAGCCGCAACTGAATTCGCGCCGTGACATTCTGCAGCAGG	T	0/1	27,91
4378048	ATCT	A	0/1	28,140
4378504	T	C	0/1	21,150
4379044	CG	C	0/1	19,122
4379680	C	G	1/1	0,151
4382054	T	C	1/1	0,190
4382275	G	T	1/1	0,166
4383144	C	CCGGGG	1/1	0,159
4383655	A	G	0/1	20,115
4384007	C	G	0/1	24,140
4384831	G	A	0/1	28,156
4386228	T	C	0/1	33,169
4393178	A	G	0/1	30,144
4393590	C	G	0/1	25,152
4397736	C	T	0/1	13,131
4399407	G	A	0/1	134,25
4400660	AC	A	1/1	0,181
4405676	A	G	0/1	152,30
4407588	T	C	0/1	26,135
4407927	T	G	0/1	40,105
4407997	C	A	0/1	103,35
4408923	C	T	0/1	26,107
