1849	C	A	0/1	117,78
1977	A	G	1/1	0,194
4013	T	C	1/1	0,185
4314	C	G	0/1	56,136
4740	T	C	0/1	55,135
7362	G	C	1/1	0,208
7585	G	C	1/1	0,193
7892	G	A	0/1	72,112
9304	G	A	1/1	0,175
10704	C	G	0/1	59,101
11820	C	G	0/1	135,58
11879	A	G	1/1	0,203
12555	C	T	0/1	68,141
14785	T	C	1/1	0,204
14861	G	T	0/1	137,63
15087	C	G	0/1	142,62
15117	C	G	0/1	139,59
16119	C	A	0/1	110,59
17654	T	G	0|1	117,61
17657	T	C	0|1	114,62
20185	A	G	0/1	65,118
21795	G	A	1/1	0,252
24698	GCCGCGTTGCTCGGGGTAA	G	0/1	161,52
25610	G	C	0/1	123,57
26959	C	G	1/1	1,201
27348	C	T	0/1	68,148
28366	AT	A	0/1	159,52
30297	C	T	0/1	64,166
30863	GCA	G	0/1	65,135
34044	T	C	1/1	0,206
35608	C	T	0/1	130,67
36008	G	C	0/1	155,72
37031	C	G	1/1	0,216
37305	C	G	0/1	159,67
37334	A	T	0/1	156,69
39029	C	CTGG	0|1	188,19
39030	C	CTCTCTTCGCGCGCTGGGCGCGCTCATCGACCGGGGCTTGGGTTGGTTGGCCCT	0|1	189,19
39158	C	G	0/1	136,58
42281	C	A	0/1	166,67
42967	G	C	1/1	0,211
43351	C	T	0/1	51,140
44768	A	G	0/1	123,56
48503	T	C	0/1	169,71
49360	C	T	0/1	146,80
49690	GCC	G	0/1	156,73
50557	T	C	0/1	128,45
51949	A	G	0/1	115,58
54394	A	G	0/1	128,82
55546	G	GCCT	0/1	138,59
56706	G	A	0/1	149,59
62049	A	G	1/1	0,188
63146	G	T	0|1	149,81
63148	G	T	0|1	84,147
65150	C	T	0/1	138,41
66735	C	T	0/1	71,160
68337	T	TC	0/1	127,52
69989	G	A	1/1	0,182
70267	G	T	0/1	130,59
70816	A	G	1/1	0,179
71336	G	C	1/1	0,157
71584	C	CCGAGCGCTGTTCTGGCGCTAATCTGACGCTAGAATAG	1/1	0,123
72268	C	G	0/1	87,105
75233	C	A	0/1	141,70
75940	G	C	1/1	0,229
75969	C	T	0/1	170,58
79480	T	C	0/1	130,50
82920	T	C	1/1	1,122
85026	C	T	0/1	150,64
87468	C	T	0/1	98,68
92199	T	G	1/1	0,211
94388	G	A	0/1	140,61
96894	C	T	0/1	106,40
97350	A	C	0/1	112,43
99162	TCGGTGTGCG	T	0/1	143,60
101539	C	T	0/1	128,72
107759	C	T	0/1	132,64
108415	C	G	0/1	57,145
113142	G	A	0/1	65,133
116000	T	G	1/1	0,192
120466	C	T	0/1	52,148
122109	A	G	1/1	0,170
123454	C	T	0/1	147,73
123520	T	C	0/1	140,72
125560	A	G	0/1	63,137
125830	G	GA	1/1	0,144
131174	T	TG	1/1	0,184
132937	A	G	0/1	161,74
133839	C	T	1/1	0,204
135329	C	T	0/1	111,58
139297	G	T	0/1	159,72
141623	G	A	0/1	110,60
143207	T	C	0/1	164,57
146087	T	C	1/1	0,194
146236	C	G	0/1	122,63
146610	C	A	0/1	138,70
147262	G	T	0/1	146,72
154283	T	C	1/1	0,187
157054	A	T	0/1	70,150
162151	GT	G	0/1	111,61
162352	C	G	0/1	119,49
163705	C	T	0|1	131,66
163706	C	T	0|1	131,66
182824	G	A	0/1	136,62
183091	C	G	0/1	149,78
183632	C	T	0/1	143,52
190816	A	C	0/1	143,50
194305	C	CGG	0/1	143,55
194681	G	C	1/1	0,179
195682	C	G	0/1	130,58
196642	C	T	1/1	0,179
199470	T	G	0/1	119,61
203038	T	C	0/1	126,52
204094	G	T	0/1	143,60
204426	T	C	0/1	60,130
206339	T	C	1/1	0,201
206481	C	G	0/1	111,60
206484	G	T	0/1	118,57
211585	G	A	0/1	67,161
213147	C	A	0/1	159,45
213281	C	T	0/1	130,63
213335	C	G	0/1	72,139
215587	G	T	0/1	167,58
215977	C	T	0/1	166,65
217201	T	C	0/1	135,50
222925	G	A	0/1	138,57
223942	T	C	1/1	0,240
225323	T	C	1/1	0,177
227098	T	C	1/1	0,187
230170	C	T	0/1	109,55
230576	G	GT	0/1	115,51
231114	C	G	1/1	0,191
234477	T	G	1/1	0,147
234496	C	CGT	1/1	0,159
238356	G	A	0/1	167,62
244550	A	G	0/1	76,116
249522	T	C	0/1	144,49
251575	G	A	0/1	146,61
255660	G	A	0/1	61,145
261869	T	C	1/1	0,163
262268	A	T	0/1	122,49
264129	G	A	0/1	143,65
265554	A	C	1/1	0,206
265924	G	A	0/1	61,144
267751	G	C	0/1	126,78
270430	G	C	0/1	142,47
273925	G	A	0/1	150,64
278021	T	C	0/1	140,48
278681	C	G	1/1	0,206
280860	C	T	0/1	82,156
281316	C	T	0/1	51,140
282258	C	T	0/1	62,144
282892	C	T	0/1	134,54
283610	G	A	0|1	157,75
283614	T	C	0|1	159,77
285772	A	C	1/1	0,240
285871	A	G	1/1	0,232
287194	T	A	0/1	51,134
288260	C	T	0/1	173,50
289338	G	T	0/1	164,62
289825	A	G	0/1	138,63
290917	G	A	0/1	137,65
292864	T	C	0/1	49,138
293628	A	AC	0/1	113,34
295280	G	A	0/1	91,154
295644	C	T	0/1	139,83
296312	C	T	0/1	145,76
304902	C	T	0/1	60,135
304923	A	G	0/1	139,62
305188	G	T	0/1	135,69
306600	C	T	0/1	63,150
310336	C	T	0/1	62,157
310973	G	A	1/1	0,238
311613	G	T	1/1	0,234
312290	C	T	0/1	119,65
314889	C	T	0/1	140,48
325505	T	C	0/1	110,36
332397	C	T	0/1	76,158
336322	CAA	C	0|1	118,35
336325	T	G	0|1	117,37
336327	C	CGG	0|1	112,37
336332	G	C	0|1	111,42
336344	A	G	0|1	117,46
336345	T	C	0|1	118,46
336353	C	T	0|1	122,50
336356	GGAA	G	0|1	130,51
336360	C	CCTCCCCG	0|1	126,53
336369	C	T	0|1	130,67
336370	A	G	0|1	130,68
336380	A	T	0|1	132,92
336400	C	G	0|1	129,93
336403	C	G	0|1	130,92
336405	A	G	0|1	131,91
336422	TTG	T	0|1	125,73
336428	A	G	0|1	124,70
336431	C	T	0|1	124,71
336439	A	G	0|1	120,69
336441	C	T	0|1	120,68
336442	G	A	0|1	122,68
336449	T	C	0|1	124,68
336451	T	G	0|1	124,67
336452	A	G	0|1	123,66
336459	G	A	0|1	127,68
336468	G	GCGTCC	0|1	127,65
336472	C	CAG	0|1	128,61
336473	T	G	0|1	127,59
336476	A	AGTCG	0|1	133,59
336480	A	G	0|1	130,64
336504	G	T	0/1	119,84
336535	T	G	0|1	115,92
336537	T	G	0|1	115,95
336540	G	T	0|1	112,97
336546	T	G	0|1	109,100
336557	C	CT	0|1	107,100
336560	T	C	0|1	109,100
339088	T	G	0|1	199,18
339090	C	CGG	0|1	200,18
342146	A	C	0/1	131,59
346275	C	G	1/1	0,185
347110	T	A	0/1	134,71
349200	G	A	0/1	72,130
353309	G	A	0/1	128,54
353365	G	A	0/1	125,52
356528	A	G	1/1	0,216
360500	T	G	0/1	50,141
361331	C	A	0/1	59,149
363464	G	A	0/1	142,56
364198	A	G	0/1	60,137
364562	G	A	0/1	56,127
364854	C	G	0/1	147,59
376774	T	C	1/1	0,200
377014	C	T	0/1	130,46
379528	G	T	0/1	130,66
383716	C	T	0/1	112,54
384380	A	C	1/1	0,197
384842	C	T	0/1	59,108
385778	G	A	0/1	81,156
386432	C	G	1/1	0,227
387597	G	T	0/1	61,142
389876	C	G	0/1	63,131
390828	T	C	1/1	0,194
391853	A	G	0/1	161,66
392261	T	C	0/1	133,49
396199	T	C	0/1	117,47
397347	C	T	0/1	63,160
400146	T	C	0|1	119,63
402041	CTCG	C	0/1	52,114
403980	G	A	1/1	1,174
404326	T	C	1/1	0,175
408572	G	A	0/1	132,72
414486	C	T	1/1	0,207
420008	A	G	1/1	0,205
424141	G	GAGCGAACGGCGC	0/1	184,77
435251	T	C	0/1	131,61
441823	C	T	0/1	127,70
441854	T	A	0/1	64,128
445780	C	T	0/1	151,68
452538	C	T	0/1	127,50
453518	G	A	0/1	65,147
454295	T	C	1/1	0,200
454333	T	G	0/1	129,56
456594	T	C	0/1	152,68
457452	T	G	1/1	0,226
459399	A	C	1/1	0,149
460413	C	T	0/1	179,70
465154	T	C	0/1	144,67
465300	C	T	0/1	160,68
471991	CG	C	0/1	60,138
476448	G	C	0/1	166,57
477234	T	G	0/1	161,57
483935	T	G	0/1	125,56
484596	C	T	0/1	119,59
485810	CA	C	0/1	113,50
489935	G	C	1/1	0,178
491742	T	C	0/1	156,51
492150	G	C	0/1	130,56
497491	G	A	0/1	125,57
498531	A	G	0/1	144,61
498557	C	A	0/1	145,61
501352	C	T	0/1	57,133
502589	C	G	1/1	0,187
503354	G	C	1/1	0,176
505974	G	A	0/1	133,76
507028	GC	G	0/1	128,74
513257	T	C	1/1	0,203
517358	T	C	0/1	147,47
518987	C	T	0/1	128,68
524891	C	A	0/1	135,62
532758	A	C	0/1	63,132
533547	C	G	0/1	146,51
535080	C	T	0/1	70,142
541201	A	G	1/1	0,190
542014	C	G	0/1	139,51
542514	C	G	0/1	120,49
546357	A	G	0/1	141,64
549363	C	G	0/1	136,53
551525	A	C	1/1	0,184
552713	C	G	0/1	45,142
555991	A	G	0/1	125,64
561776	C	T	0|1	125,61
561777	C	T	0|1	126,61
565655	A	G	0/1	127,45
569950	C	T	0/1	28,90
570543	A	T	0/1	58,123
572591	C	T	0/1	110,55
573262	A	G	1/1	0,205
574149	G	T	0/1	124,71
575907	C	T	0/1	133,62
583171	A	C	0/1	163,67
584171	T	C	0/1	147,65
584182	C	G	0/1	62,151
589665	C	T	0/1	60,120
590436	T	C	1/1	0,225
597816	A	G	1/1	0,192
598475	G	A	1/1	1,203
599868	A	G	0/1	115,47
603451	C	T	0/1	61,135
605150	G	A	0/1	140,71
605967	G	T	0/1	56,116
610120	T	G	1/1	0,172
611048	T	G	0/1	127,56
620029	C	T	0/1	62,177
620625	A	G	0/1	125,57
621598	C	T	0/1	134,63
627485	G	A	0/1	142,67
628864	T	C	0/1	143,45
637319	G	A	1/1	0,213
640954	A	G	0/1	112,63
646192	C	T	0/1	47,110
648002	T	G	1/1	0,185
648856	T	C	0/1	151,96
652642	G	A	0/1	63,125
652832	C	T	0/1	58,153
654719	G	A	0/1	59,163
655986	T	G	0/1	112,79
657081	C	T	0/1	121,62
657142	C	T	0/1	104,62
659341	T	C	0/1	120,51
661524	T	C	0/1	52,122
662911	T	C	0/1	150,75
663803	G	A	0/1	67,137
665293	A	G	1/1	0,188
669033	T	A	0/1	154,53
669398	T	C	1/1	0,192
670545	G	A	1/1	0,56
683829	C	T	0/1	153,67
684019	A	G	0/1	59,130
685461	C	G	1/1	0,225
685608	T	C	1/1	0,199
686264	G	A	0/1	131,71
686972	T	C	1/1	0,180
688344	G	GA	0/1	136,80
688792	T	TG	0/1	110,65
690191	C	T	0/1	62,121
690450	A	C	0/1	150,49
690465	T	G	1/1	0,198
694531	A	G	0/1	126,49
696917	G	T	0/1	134,47
698968	G	A	1/1	0,236
699840	A	C	0/1	137,58
707334	T	C	0/1	135,53
712693	A	G	0/1	127,60
713310	T	C	0/1	112,57
721373	T	G	0/1	121,57
725190	G	A	0/1	140,59
738115	C	T	0/1	59,131
738522	T	G	0/1	117,39
742604	A	ATTTCCGCCCTCATTACACAT	0/1	20,15
754186	A	G	1/1	0,199
757139	C	A	0/1	131,52
757182	A	G	0/1	129,51
760019	G	A	0/1	64,139
763031	T	C	0/1	120,52
764983	T	C	0/1	185,67
767414	G	A	0/1	132,62
773497	C	A	0/1	121,87
775639	T	C	1/1	0,214
776100	G	A	0/1	123,48
776182	C	T	0/1	123,54
779615	G	C	0/1	116,63
781395	T	C	1/1	0,187
786334	AAAGACCGCTGCC	A	0/1	48,93
791249	C	T	0/1	110,79
797736	C	T	0/1	126,60
798355	G	C	0/1	141,55
799666	A	G	0/1	116,61
801697	G	A	0/1	62,136
811753	C	T	0/1	133,70
820483	G	T	1/1	0,175
820752	C	T	0/1	140,62
830868	G	GGC	0/1	141,70
835611	C	T	0/1	137,58
841764	G	C	1/1	0,194
842030	C	T	0/1	144,47
847995	T	C	0/1	132,65
852910	C	T	1/1	0,189
854252	GC	G	1/1	0,163
857696	A	G	1/1	0,204
861216	T	G	0/1	165,85
865956	T	C	0/1	49,141
866051	G	A	0/1	122,48
868663	G	A	0/1	126,67
869278	C	T	0/1	63,135
874835	C	CCG	1/1	0,189
876141	G	T	0/1	143,80
879466	C	T	0/1	128,61
880562	G	T	1/1	0,210
882257	T	C	1/1	0,220
892416	C	T	0/1	146,65
893733	T	G	1/1	0,182
897949	G	T	0/1	74,145
900207	A	G	0/1	120,56
900221	T	C	1/1	0,174
901591	G	A	0/1	69,147
903537	G	T	0|1	144,67
903550	T	C	1|1	0,208
903913	T	C	1/1	0,209
906857	A	G	1/1	0,210
915345	AGAAT	A	0/1	110,43
919351	A	C	0/1	99,51
931123	T	C	0/1	123,67
932280	T	C	0/1	156,61
934230	C	G	0/1	118,43
934611	G	T	0/1	144,52
940602	C	G	0/1	159,67
941845	C	A	0/1	117,61
945214	G	A	1/1	0,213
949535	T	C	1/1	1,202
951702	C	T	0/1	128,74
954101	C	T	0/1	162,49
954468	C	G	0/1	136,79
955524	A	G	1/1	0,202
957117	T	C	0/1	127,68
960367	A	G	0/1	125,56
962615	C	T	0/1	138,58
970439	C	A	0/1	44,150
972980	C	T	0/1	113,65
973290	G	A	0/1	45,130
976365	G	A	0/1	151,68
979704	G	C	1/1	0,183
982675	T	C	0/1	67,118
986463	G	C	1/1	0,164
986567	G	A	0/1	53,127
987585	A	AG	0/1	120,58
990001	G	C	1/1	0,201
991896	T	C	0/1	131,54
993346	A	C	1/1	0,220
993566	C	T	0/1	62,134
996205	T	C	0/1	119,66
996346	G	A	0/1	111,77
1005784	C	T	0/1	55,122
1010204	C	CG	1/1	0,174
1011511	A	C	0/1	139,60
1016101	C	G	0/1	81,132
1019828	G	T	0/1	147,68
1022003	A	C	0/1	134,58
1023333	T	C	0/1	103,57
1024002	G	A	0/1	71,146
1024346	A	G	0/1	134,66
1025106	T	C	1/1	0,184
1026916	C	CG	0/1	123,52
1030484	G	A	0/1	54,146
1034208	CGCT	C	0/1	135,67
1034758	C	T	0/1	139,64
1037012	T	C	1/1	0,173
1037911	C	T	1/1	0,196
1040251	C	A	0/1	102,53
1043730	A	G	0/1	99,49
1047075	C	A	0/1	133,71
1047165	T	C	1/1	0,186
1054784	C	G	0/1	155,68
1061615	G	T	0/1	50,111
1068151	T	C	1/1	0,204
1068432	A	G	1/1	0,197
1070702	T	C	1/1	0,172
1071754	A	T	0/1	138,57
1071966	A	G	0/1	125,61
1074558	G	A	1/1	1,234
1074734	T	TTGAACCGCCCCGGTGAGTCCGGAGACTCTCTGATCTGAGACCTCAGCCGGCGGCTGGTCTCTGGCGTTG	0/1	92,48
1075279	T	C	1/1	0,186
1076309	G	T	1/1	0,168
1076689	A	C	0/1	133,82
1076880	C	T	0/1	112,67
1077312	A	G	1/1	0,210
1079927	C	A	1/1	0,214
1080192	G	A	0/1	127,53
1080859	T	C	0/1	153,48
1081681	T	C	1/1	0,184
1084984	G	T	0/1	63,148
1087193	G	C	1/1	0,185
1090188	A	AG	0/1	111,54
1094472	G	A	0/1	200,26
1097220	C	T	0/1	142,65
1097442	C	T	0/1	113,45
1098523	T	A	0/1	136,69
1099058	G	A	0/1	104,59
1100234	T	C	1/1	0,197
1102117	G	A	0/1	110,75
1102468	C	A	0/1	102,64
1102646	G	A	0/1	113,54
1103656	C	T	0/1	96,61
1104690	T	G	0/1	117,56
1105686	C	G	0|1	114,57
1105687	T	C	0|1	114,59
1106422	T	C	1/1	0,179
1107940	A	C	0/1	146,46
1108521	G	A	0/1	128,54
1109975	A	G	1/1	0,173
1111678	G	A	0/1	143,62
1126889	G	C	1/1	1,182
1127493	T	C	0/1	172,66
1127648	C	A	1/1	1,170
1129926	G	C	0/1	71,152
1131810	C	T	0/1	119,40
1144585	A	G	0/1	135,58
1145848	A	C	0/1	167,58
1148259	A	G	0/1	134,59
1148930	C	T	0/1	160,67
1149551	C	T	1/1	0,174
1150585	G	A	1/1	2,205
1151054	C	G	0/1	165,75
1157192	T	C	0/1	131,52
1164336	G	A	0/1	139,57
1164571	A	G	0/1	55,122
1168009	GC	G	0/1	129,58
1168715	C	CT	1/1	0,196
1168776	T	G	0/1	140,59
1172085	C	A	0/1	127,46
1173750	G	T	0/1	121,61
1175343	C	T	0/1	143,55
1177157	G	A	0/1	101,63
1178116	T	C	1/1	0,182
1178205	A	C	0/1	63,110
1178823	C	T	0/1	58,126
1180008	G	C	0/1	70,155
1197157	T	G	0/1	127,51
1198656	C	T	0/1	106,43
1200418	A	G	1/1	0,195
1201581	A	C	0/1	116,63
1211369	A	C	0/1	145,61
1215355	C	T	0/1	53,130
1215742	G	A	0|1	120,61
1215743	C	A	0|1	120,61
1220680	T	C	1/1	0,185
1224319	C	T	0/1	41,97
1224367	T	C	1/1	0,146
1227830	G	T	0/1	136,57
1230778	G	A	0/1	149,71
1246472	C	T	0/1	72,114
1248382	A	G	0/1	143,64
1248936	G	C	0/1	126,62
1248978	T	C	1/1	0,186
1250340	A	G	0/1	135,51
1251199	C	T	0/1	110,68
1254056	T	G	0/1	63,116
1254562	A	G	0/1	126,71
1262172	C	T	0/1	55,109
1265070	G	T	0/1	120,51
1271302	C	T	0/1	152,65
1273250	G	GA	0/1	133,38
1275012	A	C	0/1	60,135
1275957	T	C	0/1	131,59
1279968	G	C	0/1	125,65
1281118	T	C	1/1	0,200
1281771	T	C	0/1	120,67
1285001	A	C	0/1	127,60
1286766	G	C	0/1	142,45
1288698	G	A	0/1	117,58
1292102	A	G	1/1	0,187
1293333	C	G	0/1	156,69
1293586	A	G	0/1	52,127
1300242	T	C	0/1	57,116
1306259	A	G	0/1	145,57
1307598	C	G	1/1	0,192
1313337	A	AG	1|1	0,106
1313338	A	C	1|1	0,107
1315191	A	C	1/1	0,201
1315884	G	A	1/1	0,178
1317655	C	T	0/1	147,63
1322741	A	G	0/1	88,57
1323270	G	A	0/1	78,106
1327890	G	A	1/1	0,188
1328687	G	C	1/1	0,207
1329234	G	A	0/1	131,63
1330641	A	G	0/1	134,69
1331726	ATGG	A	0/1	160,58
1333669	T	G	0/1	134,65
1335396	CCG	C	0/1	47,113
1336164	C	T	0/1	151,62
1349733	G	C	0/1	158,64
1351172	A	G	0/1	130,56
1351724	C	T	0/1	64,125
1360209	T	C	0/1	121,55
1361190	G	A	0/1	137,73
1361285	C	T	0/1	121,68
1362006	T	C	0/1	111,43
1367076	T	C	0/1	128,59
1367484	T	G	0/1	139,66
1368322	C	CG	0/1	120,62
1369623	C	T	0/1	130,70
1370852	T	G	0/1	107,51
1374065	T	C	1/1	0,184
1374201	A	G	0/1	124,63
1374685	C	G	0/1	144,51
1375044	C	G	0/1	129,72
1375724	A	C	1/1	0,202
1376886	G	T	0/1	69,118
1382628	T	C	1/1	0,179
1388246	T	C	0/1	47,130
1390763	C	T	0/1	140,64
1393626	A	G	1/1	1,166
1396922	T	C	1/1	0,205
1399526	C	T	0/1	123,49
1404949	A	C	0/1	67,113
1406760	T	TG	0/1	137,61
1411210	T	G	1/1	0,179
1413129	CG	C	0/1	83,47
1413148	C	T	1/1	1,133
1414021	C	T	1/1	1,178
1414767	C	A	0/1	68,148
1418863	C	CGGGAGCCA	0/1	141,47
1427382	C	T	0/1	48,113
1435763	C	T	0/1	63,118
1440469	C	G	1/1	0,182
1443428	G	GGGTTAGATTGCCCGGCTCCTCAACCCGCCGTTTCGGCGTGCATCGTCGCCGGGCTA	0/1	74,31
1445781	A	G	1/1	0,195
1453762	G	T	0/1	147,74
1457144	C	T	1/1	0,176
1468150	C	T	0/1	56,67
1468160	C	CAA	0|1	52,52
1468163	T	TCGGTACGAA	0|1	54,48
1468165	C	T	0|1	54,39
1471659	C	T	1/1	0,202
1477596	C	T	0/1	130,56
1479085	T	C	0/1	144,64
1482627	T	C	1/1	0,172
1483306	T	TA	0/1	78,106
1484708	A	C	1/1	0,177
1490905	A	G	0/1	151,73
1498951	G	T	0/1	153,65
1499274	C	G	1/1	0,188
1500894	A	C	0/1	65,137
1501700	G	A	0/1	123,66
1507626	C	T	0/1	62,109
1522856	C	T	0/1	56,114
1526311	G	T	0/1	101,66
1526819	C	A	1/1	0,186
1536251	G	T	1/1	0,212
1540141	T	C	0/1	103,56
1541798	C	T	0/1	129,53
1544255	C	T	0/1	105,57
1546703	C	T	0/1	141,64
1547102	G	T	0/1	128,61
1547125	T	C	1/1	0,189
1552547	G	A	1/1	0,210
1555801	C	T	0/1	43,111
1556787	T	C	0/1	117,48
1557011	G	A	0/1	45,135
1563717	C	T	0/1	123,63
1570566	C	A	1/1	1,179
1576481	T	G	0/1	129,66
1576527	G	T	0/1	115,58
1577241	G	A	0/1	106,60
1581760	C	G	0/1	53,138
1588899	G	T	1/1	0,168
1593331	G	A	0/1	148,54
1594906	G	A	0/1	113,69
1595342	T	C	0/1	125,59
1604835	C	A	0/1	48,112
1608276	A	C	0/1	116,54
1609840	A	G	1/1	1,188
1612624	T	TATCGGTACCGGTGCGCCAGGG	1/1	2,161
1613035	T	C	1/1	0,166
1616061	C	T	0/1	135,55
1617302	G	T	0/1	147,62
1620181	C	G	0/1	127,51
1624791	C	G	1/1	0,177
1625332	C	CGGT	0/1	106,46
1626656	C	T	0/1	53,122
1627351	T	C	0/1	132,64
1630148	A	C	1/1	0,175
1634762	C	T	0/1	111,40
1639293	G	A	0/1	43,121
1639594	C	A	1/1	0,179
1640474	C	T	0/1	41,112
1645599	C	T	0/1	53,117
1645802	T	C	0/1	124,57
1647436	G	A	0/1	104,46
1650072	A	G	1/1	0,189
1651308	A	G	0/1	137,47
1655202	T	G	0/1	125,63
1657249	T	C	0/1	127,59
1663376	C	T	0/1	109,46
1668895	C	T	0/1	57,108
1669158	T	C	0/1	132,57
1674835	G	A	0/1	57,118
1676290	C	A	1/1	0,203
1678706	A	C	0/1	143,60
1679273	C	A	0/1	55,120
1682915	C	T	0/1	133,62
1683627	G	A	0/1	68,149
1688064	A	G	0/1	140,67
1688300	T	C	0/1	149,64
1689349	C	T	1/1	0,179
1692141	A	C	1/1	0,179
1693561	A	G	1/1	0,187
1695037	G	A	0/1	100,68
1695796	C	T	0/1	118,65
1696671	CA	C	0/1	147,61
1697896	C	T	0/1	126,63
1698581	G	C	0/1	60,128
1698911	G	A	1/1	0,177
1699849	G	A	0/1	124,44
1701215	C	T	0/1	121,63
1701247	C	T	0/1	53,118
1706119	T	C	1/1	0,175
1706685	C	A	0/1	107,48
1709432	C	T	0/1	137,64
1711670	C	T	0/1	123,61
1713192	A	G	0/1	130,58
1716472	A	G	0/1	90,50
1719757	G	T	0/1	59,116
1722200	C	G	0/1	123,57
1722228	A	C	0/1	134,58
1728837	A	G	1/1	0,212
1733134	C	T	0/1	125,56
1733325	C	G	0/1	119,55
1741352	C	T	0/1	149,65
1744335	G	A	0/1	59,164
1753519	G	GC	1/1	0,133
1756358	CG	C	0/1	99,52
1759252	G	T	1/1	0,198
1760292	A	G	1/1	0,207
1766489	G	A	0/1	49,115
1769891	C	G	0/1	74,128
1774659	C	T	0/1	132,43
1778430	T	C	1/1	0,237
1778952	G	A	0/1	164,56
1792777	T	C	0|1	102,60
1792778	T	C	0|1	104,62
1793977	C	T	0/1	50,148
1796147	C	T	0/1	77,147
1798355	G	A	1/1	0,176
1802711	G	A	0/1	122,64
1803265	G	A	1/1	0,152
1804409	C	A	1/1	0,200
1811375	G	T	0/1	136,71
1811796	A	G	0/1	65,100
1817976	A	T	1/1	0,195
1831220	A	C	0|1	129,47
1831226	A	G	0|1	136,47
1831288	C	T	0/1	147,62
1834177	A	C	0/1	136,40
1836286	G	C	1/1	0,201
1839759	G	C	0/1	134,59
1843570	T	TGTCATATGCGCCACTGCTCCTATGCCGGCTGCGCCGGCATCATCGTCGTTGGCGCGG	0/1	29,59
1843658	G	A	0/1	54,93
1847919	C	G	1/1	1,219
1849051	C	T	0/1	139,64
1849609	T	C	0/1	120,52
1849934	A	G	0/1	124,57
1854300	T	C	1/1	0,211
1854972	C	T	0/1	126,45
1855125	C	T	0/1	114,55
1856777	G	C	1/1	0,161
1858026	T	C	0/1	66,120
1859559	C	A	0/1	144,39
1869811	G	A	0/1	139,67
1877744	A	C	0/1	136,55
1881343	G	T	0/1	71,141
1885385	T	G	0/1	127,72
1885772	G	A	1/1	0,178
1888373	T	C	0/1	124,40
1892017	T	C	0/1	108,62
1894300	G	GGTCTTGCCGC	1/1	0,191
1894422	A	G	0/1	122,58
1897608	C	T	0/1	132,51
1901493	T	C	1/1	0,207
1901924	T	C	0/1	65,137
1902337	A	C	0/1	142,72
1906078	A	G	0/1	147,75
1907296	G	C	1/1	0,188
1915063	A	G	0/1	138,53
1916137	A	G	0/1	128,64
1917972	A	G	1/1	0,198
1924008	G	A	0/1	118,58
1931179	C	A	1/1	0,180
1933988	G	A	1/1	0,152
1940549	G	A	0/1	121,54
1943729	C	CA	0/1	99,41
1944107	A	G	0/1	151,56
1944402	T	C	1/1	1,168
1950074	G	C	0/1	65,120
1950767	T	C	1/1	0,169
1955672	C	CGGCGCG	0|1	120,84
1955674	A	ATCGTC	0|1	126,70
1955675	A	ACCGGGCGTCGTCTGATTGCCCGGTTCCTCCTCGC	0|1	128,56
1955760	CGAA	C	0/1	136,54
1955913	CCCGGAAG	C	0|1	144,59
1955921	TCGATGACCGTTG	T	0|1	158,60
1955941	G	C	0|1	144,61
1960284	C	A	1/1	0,213
1961735	A	G	0/1	151,58
1962191	T	TG	0/1	142,66
1962259	A	AC	0/1	152,59
1967026	C	T	0/1	120,64
1967237	C	A	1/1	0,166
1967543	C	A	0/1	150,47
1971725	G	C	0/1	134,62
1978725	T	G	0/1	60,110
1980652	G	T	0/1	133,66
1980871	G	C	0/1	81,125
1981605	C	G	0/1	47,113
1986638	G	GTGAA	0|1	118,12
1986639	C	CCGCCCCGGTGAGTCCGGAGACTCTCTGATCTGAGACCTCAGCCGGCG	0|1	121,12
2003105	C	T	0/1	138,51
2003827	A	C	0/1	129,48
2005932	C	T	0/1	49,115
2009290	GC	G	0/1	162,55
2013921	A	G	0/1	139,67
2013951	G	T	0/1	79,138
2022868	T	C	1/1	0,231
2023628	C	G	0/1	102,69
2024602	G	T	0/1	115,51
2035893	G	T	0/1	41,110
2055271	A	G	1/1	0,194
2057774	A	T	1/1	0,176
2058203	C	T	0/1	49,136
2058856	A	G	0/1	55,109
2067616	A	C	0/1	116,50
2067684	G	A	0/1	120,59
2069771	C	A	0/1	167,67
2072313	C	A	0/1	113,57
2072847	C	T	0/1	55,104
2074754	C	T	0/1	115,58
2078246	C	G	0/1	114,46
2082053	A	G	0/1	154,75
2086672	C	T	0/1	106,42
2093998	C	T	0/1	65,125
2094911	ACAGCGT	A	1/1	0,140
2096186	A	G	1/1	0,226
2097270	C	T	0/1	127,55
2101009	G	C	0/1	60,129
2108141	T	C	1/1	0,149
2108890	A	C	0/1	138,55
2109523	C	CG	1/1	0,160
2109694	T	C	0/1	58,123
2112832	A	C	0/1	105,52
2116903	C	T	1/1	0,165
2119297	G	A	0/1	74,135
2122395	C	T	0/1	121,59
2122976	C	G	0/1	136,63
2123169	T	G	1/1	0,163
2128870	A	G	1/1	0,165
2133468	T	TTCGCATGCCGTCACC	1/1	0,172
2135154	G	T	0/1	125,64
2135870	T	C	1/1	0,152
2137521	A	ACTCCGATCAC	0/1	111,51
2138436	A	G	0/1	153,48
2138453	C	T	0/1	152,49
2140818	G	A	0/1	110,57
2141995	GACGA	G	0/1	59,128
2142266	C	A	0/1	127,56
2143328	G	C	1/1	0,163
2146065	C	CGGCGGTCGCGGCGGGGCGGGCGGTAGAGGCGGCGACGGCGGGCAA	1/1	0,17
2147022	A	C	1/1	0,191
2147697	C	G	0/1	58,117
2151222	T	G	0/1	133,70
2153725	CTCATCCCCGTCTCG	C	0/1	84,52
2154724	C	A	0/1	124,51
2158109	T	C	0/1	112,39
2160998	G	A	0/1	117,66
2161343	G	GT	0/1	108,64
2172380	A	C	0/1	119,64
2173860	A	C	0/1	110,62
2177366	C	T	0/1	119,58
2179825	G	C	0/1	158,59
2185674	A	G	0/1	130,59
2185884	T	C	0|1	133,61
2185888	C	T	0|1	62,128
2186054	G	A	0/1	68,173
2187587	G	C	0/1	148,59
2191498	G	T	0/1	128,57
2199052	C	G	0/1	100,61
2202500	C	T	0/1	137,60
2205511	C	T	0/1	60,120
2207591	T	TC	1/1	0,184
2209465	G	A	0/1	135,58
2211826	A	G	1/1	0,224
2216443	C	A	1/1	0,173
2216963	C	G	0/1	137,57
2219069	C	A	0/1	68,149
2219552	G	GTGAACCGCCCCGGCATGTCCGGAGACTCCAGTTCTTGGAAAGGATGGGGTCATGTCAGGTGGTTCAT	0/1	75,35
2220512	T	G	1/1	0,152
2221584	G	C	0/1	138,69
2223293	T	C	1/1	0,193
2225365	T	C	0/1	118,40
2228967	A	G	1/1	0,182
2229801	C	G	0/1	142,60
2230045	G	A	0/1	107,46
2232635	A	G	0/1	57,118
2235087	G	A	0/1	112,58
2237462	C	T	0/1	50,160
2241031	AG	A	0/1	129,62
2244421	G	T	0/1	136,74
2245864	C	A	0/1	128,61
2246364	A	G	0/1	49,110
2247677	A	C	0/1	152,59
2251605	G	A	0/1	117,59
2251999	A	G	1/1	0,158
2253701	C	G	0/1	77,127
2255904	C	CGAGCCAATTGAGGTCGAATG	0/1	59,106
2260100	C	T	0/1	108,53
2260525	C	T	1/1	1,227
2264782	C	A	1/1	0,167
2265059	T	G	1/1	0,177
2266487	G	C	0|1	159,62
2266504	T	TA	0|1	159,75
2266508	A	T	0|1	158,76
2266511	GT	G	0|1	164,81
2266517	T	C	0|1	161,87
2266550	G	T	0|1	176,120
2266553	C	G	0|1	178,122
2266583	C	G	0|1	176,98
2266598	G	C	0|1	184,93
2266604	C	G	0|1	189,89
2266613	G	GC	0|1	193,81
2266624	G	T	0|1	195,76
2267015	T	C	0/1	143,76
2268433	C	A	0/1	107,46
2268627	G	C	0/1	82,53
2269545	G	A	0/1	152,70
2269780	T	C	1/1	0,189
2270100	C	T	0/1	69,125
2270102	A	G	1/1	0,194
2271849	C	A	0/1	41,118
2272774	G	A	0/1	64,128
2273733	TC	T	0/1	124,60
2280668	G	A	0/1	45,126
2282787	C	T	1/1	0,187
2283191	G	C	0/1	108,43
2283866	A	C	0/1	78,112
2285251	C	A	1/1	0,189
2286255	G	T	0/1	117,49
2287121	A	G	1/1	0,186
2288085	G	C	0/1	129,58
2290132	G	A	0/1	77,111
2294007	T	C	0/1	125,75
2308017	A	C	0/1	56,103
2311099	C	G	0/1	161,63
2314314	T	C	0/1	72,140
2314689	C	A	0/1	123,70
2315386	C	A	0/1	123,62
2316123	C	A	0/1	121,57
2317000	G	A	0/1	40,82
2318725	C	T	0/1	116,62
2319742	A	C	0/1	58,147
2320320	C	T	0/1	113,64
2321620	C	T	0/1	55,114
2321975	T	C	0/1	125,63
2322721	A	G	0/1	61,154
2325142	G	A	0/1	69,121
2328543	T	C	0/1	153,66
2329533	A	G	1/1	0,204
2331620	A	C	0/1	127,58
2331789	G	T	0/1	140,52
2334007	A	G	1/1	0,180
2335075	A	G	1/1	0,182
2335494	A	G	1/1	0,202
2337179	C	T	0/1	130,47
2341636	C	G	1/1	0,206
2342649	A	AGGCGTACACAC	0/1	154,65
2344246	G	C	0/1	135,51
2344389	T	A	0/1	57,121
2344499	T	G	0/1	121,58
2345037	C	A	1/1	0,206
2346318	G	A	0/1	113,55
2352065	C	CCTCGCCTGGGCTGGCGAGCAGACGCAAAATCCCCCGCACGCCCGGCGTGTCGGGGGATTTTGCGTCTG	0/1	129,21
2352139	C	A	0/1	46,131
2353070	G	A	0/1	47,100
2354791	A	G	0/1	104,57
2357268	TGCC	T	1/1	0,166
2358029	T	TG	0/1	143,53
2361311	C	T	0/1	78,122
2361392	T	C	0/1	117,63
2361604	C	G	1/1	0,177
2362041	C	A	1/1	0,202
2363202	G	A	0/1	49,121
2364475	T	C	0/1	127,68
2366895	T	TGAACCGCCCCGGCATGTCCGGAGACTCCAGTTCTTGGAAAGG	0/1	116,17
2368564	TA	T	1/1	0,168
2369186	G	C	0/1	150,72
2369326	C	G	0/1	141,65
2376135	A	G	0/1	130,69
2382776	A	C	0/1	138,60
2384659	A	C	0/1	65,146
2385912	G	A	0/1	118,48
2386389	G	A	1/1	0,181
2388641	G	A	0/1	117,55
2390415	G	A	0/1	54,134
2399734	G	A	0/1	131,77
2401928	A	C	0|1	172,31
2401929	G	GATTTGATTGCCCGGCTCCTCCTCACCCC	0|1	171,30
2406842	AC	A	0/1	138,55
2407398	A	C	0/1	63,122
2411496	G	A	0/1	126,54
2413246	C	A	0/1	148,67
2415656	G	C	1/1	0,211
2419540	T	C	0/1	58,123
2421816	A	G	0/1	157,85
2421975	G	GGGAA	0/1	151,66
2424925	A	G	1/1	0,192
2425471	T	C	0/1	136,72
2427088	C	T	0/1	58,134
2435925	A	G	0/1	113,72
2440926	G	T	0/1	118,46
2442468	C	T	0/1	154,63
2446408	G	A	0/1	63,129
2448458	C	T	0/1	138,57
2451700	A	C	0/1	151,56
2462871	G	A	0/1	126,60
2470591	A	C	0/1	117,47
2474250	GACAGATAA	G	0/1	58,126
2491597	G	T	0/1	136,72
2495694	G	C	0/1	145,49
2499726	G	A	1/1	0,163
2505085	G	A	0/1	120,42
2509140	G	C	1/1	1,210
2509722	A	G	1/1	0,178
2510350	C	G	0/1	121,68
2514679	G	T	0/1	144,59
2516567	G	C	0/1	107,32
2520761	G	A	0/1	59,128
2521342	T	C	1/1	0,177
2521428	A	G	0/1	159,50
2522955	T	G	0/1	121,70
2523205	G	GCGC	1/1	0,151
2525722	CG	C	1/1	0,179
2526974	T	C	0/1	136,66
2528992	G	A	0/1	82,113
2529680	A	G	1/1	0,192
2532616	G	A	0/1	131,77
2533377	T	C	0/1	162,63
2534562	GGA	G	1/1	0,171
2536599	C	T	0|1	116,56
2536628	G	GA	0|1	108,46
2536891	G	A	0|1	180,60
2536892	T	C	0|1	180,60
2538210	C	A	0/1	117,57
2543370	T	C	0/1	71,158
2543395	T	C	0/1	152,73
2544639	C	T	0/1	74,150
2546684	C	A	0/1	120,62
2548700	C	T	0/1	107,55
2551576	C	G	0|1	137,64
2551577	T	C	0|1	140,64
2562644	G	T	0/1	133,81
2563495	T	C	0/1	152,75
2564368	G	GC	0/1	102,60
2565057	A	T	0/1	55,128
2565436	A	C	0/1	71,118
2566324	G	GC	0/1	66,133
2566766	C	CG	0|1	119,69
2566768	A	C	0|1	120,69
2573199	T	G	0/1	59,131
2573756	C	A	0/1	104,71
2576070	G	A	0/1	67,112
2578626	A	G	0/1	116,52
2581052	G	A	0/1	140,68
2586076	C	G	0/1	130,54
2586127	A	G	1/1	0,188
2589036	G	C	0/1	125,55
2589216	G	C	0/1	132,65
2592310	G	A	0/1	170,70
2597696	C	T	0/1	82,152
2598400	A	G	1/1	0,182
2600260	A	G	0/1	148,73
2608117	C	A	0/1	143,54
2610506	G	A	0/1	47,119
2612256	G	T	0/1	133,67
2612632	C	A	1/1	0,217
2614909	GC	G	0/1	96,70
2619271	T	C	0/1	125,52
2627618	C	A	0/1	138,57
2627946	A	G	0/1	118,63
2630740	T	C	0/1	140,56
2630753	C	T	0/1	60,145
2631371	C	T	0/1	114,48
2631860	C	T	0|1	187,18
2631861	G	A	0|1	186,18
2631863	G	C	0|1	189,18
2631865	C	T	0|1	191,18
2631872	C	T	0|1	190,17
2631877	T	C	0|1	190,17
2631883	T	C	0|1	189,16
2631887	A	G	0|1	185,17
2631890	C	T	0|1	186,17
2631929	C	G	0|1	183,31
2631931	G	A	0|1	184,32
2631932	C	G	0|1	185,32
2631938	G	A	0|1	179,33
2631940	T	A	0|1	178,33
2631941	A	G	0|1	180,33
2631944	C	T	0|1	184,32
2631962	T	G	0|1	173,45
2631967	G	A	0|1	173,47
2631968	A	G	0|1	172,47
2631971	A	G	0|1	168,45
2631977	G	C	0|1	171,47
2632341	C	CA	0/1	118,50
2634253	C	T	0/1	76,124
2634282	T	G	0/1	111,76
2637541	C	T	0/1	120,66
2642383	C	T	0/1	106,54
2647905	G	A	0/1	97,55
2656225	A	G	1/1	0,183
2659059	A	T	0/1	55,122
2660319	C	G	1/1	0,201
2663795	G	A	0/1	138,66
2673818	C	G	0/1	148,71
2680491	G	C	0/1	119,60
2680658	T	G	1/1	0,184
2692100	C	T	0/1	121,45
2695378	C	G	1/1	0,197
2697489	C	T	0/1	123,63
2703902	C	CG	0/1	125,62
2704884	A	ACAGCGACCATATCGCCGAGCT	1/1	0,147
2705295	C	T	0/1	57,139
2707155	G	A	0/1	61,108
2711722	T	G	0/1	132,64
2713795	C	T	1/1	0,208
2718852	T	G	1/1	0,190
2723252	T	G	0/1	139,55
2723506	T	C	0/1	124,47
2724180	TCACGATCGGGTCTCCTCTAG	T	0/1	129,53
2729058	A	C	0/1	139,63
2734074	T	C	1/1	0,194
2734481	TA	T	0/1	139,61
2736158	A	C	0/1	125,70
2737572	C	A	0/1	117,63
2738274	A	C	0/1	101,53
2740693	T	C	0/1	96,59
2741209	G	A	0/1	148,57
2742921	C	T	0/1	106,63
2744201	C	T	0/1	70,130
2751804	C	T	1/1	0,218
2752122	G	C	0/1	145,77
2752698	C	A	1/1	2,194
2760152	A	G	1/1	0,199
2774555	T	C	0/1	158,56
2775361	C	T	0/1	122,46
2779136	T	C	1/1	1,185
2786952	A	G	1/1	0,186
2789341	A	C	0/1	52,110
2789798	G	T	0/1	129,53
2790578	G	A	0/1	51,114
2791098	C	T	0/1	127,65
2793810	C	A	0/1	123,57
2794071	G	A	0/1	134,55
2800087	G	A	0/1	156,56
2807486	C	A	0/1	113,51
2808452	T	C	0/1	124,56
2809621	T	C	1/1	0,234
2809633	A	C	0/1	166,73
2811939	A	G	0/1	52,105
2817502	A	C	0/1	151,72
2818550	G	A	0/1	68,121
2818837	A	G	1/1	0,176
2821342	C	T	1/1	0,179
2825466	G	A	0/1	128,69
2825581	T	G	0/1	130,56
2827984	G	T	1/1	0,153
2828019	T	C	1/1	0,153
2830525	C	A	1/1	0,162
2833329	G	A	0/1	118,55
2841022	A	G	0/1	141,53
2841428	G	A	0/1	132,51
2847281	A	G	0/1	124,56
2850631	T	C	0/1	114,56
2851160	GAA	G	0|1	100,56
2851164	CATT	C	0|1	102,57
2852526	C	G	0/1	71,143
2854209	C	T	0/1	137,78
2855259	A	G	1/1	0,193
2865760	A	G	1/1	0,174
2865882	T	C	1/1	0,186
2867880	TA	T	0/1	138,68
2867913	T	G	0/1	144,76
2868976	C	G	0/1	57,132
2880702	G	C	1/1	0,188
2881011	G	A	0/1	136,62
2881597	AG	A	1/1	0,177
2881974	G	A	0/1	105,70
2882079	A	G	0/1	61,105
2884068	A	C	0/1	121,59
2886570	A	G	0/1	107,74
2888201	T	C	1/1	0,215
2889633	T	C	1/1	0,201
2891267	C	T	1/1	0,177
2891728	A	G	1/1	0,177
2894208	G	A	1/1	0,155
2897859	C	T	0/1	101,66
2898522	T	C	0/1	137,65
2902022	T	C	0/1	126,62
2902558	G	T	0/1	139,67
2903439	G	A	0/1	136,63
2904214	G	T	0/1	78,109
2910461	G	T	1/1	0,202
2911293	C	G	1/1	0,190
2912294	T	G	1/1	0,158
2923391	T	C	1/1	0,178
2924461	G	A	0/1	78,119
2925962	T	C	0/1	135,60
2927939	T	C	1/1	0,172
2939373	G	C	1/1	0,172
2939657	T	C	1/1	0,211
2943543	CCGCT	C	0/1	50,143
2945167	G	T	0/1	64,86
2945199	T	C	0|1	58,108
2945201	C	G	0|1	58,104
2945204	C	T	0|1	56,105
2945205	C	T	0|1	57,106
2948230	G	A	0/1	170,63
2950489	T	C	0/1	136,59
2954439	T	C	1/1	0,176
2955957	A	C	0/1	144,55
2963439	G	C	0/1	139,48
2964894	C	G	0/1	67,141
2969197	A	G	0/1	106,49
2976582	G	A	0/1	122,49
2980861	A	G	0/1	136,62
2981438	G	C	0/1	65,140
2984740	A	G	1/1	0,217
2988630	C	G	0/1	122,66
2992572	T	C	0/1	130,51
2994187	T	C	0/1	128,78
2998405	G	A	0/1	59,152
3003115	C	G	0/1	159,78
3005185	G	T	1/1	0,217
3009692	A	G	1/1	0,185
3009834	A	G	0/1	130,61
3010420	A	G	0/1	128,60
3010993	C	T	0/1	143,72
3015989	G	T	0/1	144,62
3017465	T	C	1/1	0,204
3017587	G	T	0/1	124,66
3021892	GTTCGACGAC	G	0/1	111,60
3024021	C	A	0/1	142,69
3024343	G	A	0/1	125,66
3027798	T	C	0/1	132,66
3031168	A	G	0/1	116,59
3033189	G	A	0/1	124,45
3036826	C	T	0/1	111,60
3037377	T	C	0/1	162,40
3041871	G	T	1/1	0,157
3043880	A	T	0/1	59,138
3047972	T	G	0/1	70,137
3048912	C	G	0/1	145,79
3061703	G	A	0/1	139,44
3068775	G	A	0/1	59,123
3069167	A	G	0/1	106,72
3080795	A	G	1/1	1,153
3086788	T	C	0/1	111,54
3086839	C	T	0/1	114,55
3087291	G	C	0/1	143,67
3103682	T	C	1/1	0,255
3104189	A	G	0/1	104,50
3108217	G	T	0/1	56,118
3110140	G	T	0/1	115,63
3110211	G	A	0/1	56,126
3111476	C	T	0/1	142,71
3115384	G	C	0/1	127,57
3123622	A	C	1/1	0,103
3125518	G	A	1/1	0,106
3131469	T	TTGTCGGCGA	1/1	0,222
3135606	A	G	0/1	140,53
3137058	G	A	1/1	0,166
3137736	G	T	0/1	120,64
3144623	C	T	0/1	137,55
3156201	C	CG	0/1	168,52
3165636	G	A	0/1	114,64
3174496	A	G	0/1	112,68
3174692	AC	A	0/1	132,52
3177452	C	A	0/1	117,64
3177884	C	A	1/1	0,189
3180988	C	A	0/1	127,64
3186860	T	G	1/1	0,170
3189242	A	G	0/1	137,68
3190145	TC	T	1/1	0,190
3192359	A	G	0/1	135,46
3193228	G	A	0/1	57,151
3198115	G	A	0/1	84,173
3200282	C	T	0/1	131,68
3209156	G	A	0/1	125,62
3211406	G	A	0/1	75,154
3214869	A	G	0/1	138,61
3215622	CG	C	0/1	117,60
3217905	G	A	0/1	147,56
3226181	A	C	1/1	0,175
3228143	G	T	1/1	0,224
3238119	CGTG	C	0/1	125,58
3243052	C	G	0/1	62,123
3256494	A	G	1/1	0,206
3266030	A	G	0/1	170,53
3266541	C	T	0/1	132,63
3267163	C	T	0/1	48,152
3269581	A	G	1/1	0,191
3270784	A	G	1/1	0,209
3276703	T	G	0/1	127,62
3283973	C	A	0/1	59,125
3284640	A	G	0/1	126,62
3284855	C	T	0/1	132,51
3296371	G	GCCGCGGC	0/1	98,58
3296627	A	G	0/1	108,60
3296843	A	G	1/1	0,207
3300208	G	A	0/1	57,132
3304966	G	A	0/1	170,54
3308606	G	A	1/1	0,161
3309510	A	G	0/1	69,103
3310427	T	C	0/1	97,59
3310626	T	C	0/1	127,66
3314412	A	G	0/1	102,63
3316955	A	C	0/1	112,59
3326554	A	C	0/1	139,51
3331361	ACG	A	0/1	160,63
3331626	C	T	0/1	62,129
3336825	T	C	1/1	0,176
3338603	G	C	1/1	0,182
3347560	C	T	0/1	59,100
3349521	C	G	0/1	56,144
3352932	C	G	0/1	137,54
3358235	A	T	1/1	0,203
3361944	G	A	0/1	71,145
3363338	A	G	1/1	0,202
3364661	AC	A	0/1	63,144
3367765	G	A	1/1	0,187
3375165	A	C	0/1	143,56
3379028	C	T	0|1	146,19
3379030	A	AACCGCCCCGGCATGTCCGGAGACTCCAGTTCTTGGAAAGGATGGGGTCATGTCAGGTGGTTCAT	0|1	149,18
3401871	A	G	0/1	143,74
3402816	C	T	1/1	0,144
3404376	C	G	0/1	118,51
3405197	G	T	0/1	63,141
3407904	C	G	0/1	90,138
3408150	T	C	0/1	158,74
3412611	T	C	0/1	119,50
3415180	ACACCTAGGGGGTGG	A	1/1	0,142
3419589	A	G	0/1	130,53
3420825	A	G	0/1	142,60
3423249	C	CGCGAGCAGACGCAGAATCGCCCAAAATCCAAGATTTTGAGGCGATTCTGCGTCTGCTCGCGCAACCGG	1/1	1,86
3425854	C	T	1/1	0,228
3426025	G	A	0/1	65,149
3426415	T	C	0/1	122,65
3428917	C	A	1/1	0,201
3430760	G	A	0/1	65,129
3440464	T	G	1|1	0,192
3440468	G	C	1|1	0,195
3446699	C	G	0/1	149,64
3447293	T	G	0/1	135,61
3450725	T	C	0/1	160,55
3454263	C	G	0/1	126,57
3455686	G	C	0/1	116,59
3456666	A	G	1/1	0,185
3458985	C	G	0/1	57,113
3462135	G	C	1/1	1,217
3467465	C	G	0/1	125,56
3472262	G	A	0/1	108,50
3473214	G	C	0/1	53,137
3473996	G	GA	1/1	0,192
3477942	A	G	0/1	114,62
3478242	G	C	0|1	185,39
3478244	C	A	0|1	187,39
3478245	T	C	0|1	189,39
3478248	T	C	0|1	185,39
3478251	C	T	0|1	187,39
3478254	G	C	0|1	188,39
3478257	A	G	0|1	189,38
3478260	C	G	0|1	185,37
3478263	G	A	0|1	185,39
3478272	G	A	0|1	180,38
3478290	C	T	0/1	178,34
3480474	G	A	0/1	109,53
3480789	T	C	0/1	102,57
3486977	A	G	1/1	0,197
3487108	C	T	0/1	118,46
3493907	T	TCGATGAACCGCCCCGGTGAGTCCGGAGACTCTCTGATCTGAGACCTCAGCCGGCGGCTGGTCTCTGACATGACCCCATCCTTTCCAAGAACTGGAGTCTCCGGACATGCCGGGGCGGTTCA	0/1	152,12
3498198	C	T	0/1	125,64
3498346	A	G	0/1	60,120
3500149	G	A	0/1	128,74
3500243	G	C	0/1	132,76
3503895	C	T	1/1	0,204
3504615	G	A	0/1	150,61
3508970	A	G	0/1	123,53
3509626	C	A	0/1	154,62
3518167	A	G	1/1	0,180
3518441	T	C	0/1	134,60
3518555	A	G	1/1	0,188
3530955	C	G	0/1	134,57
3530985	A	G	0/1	55,129
3542049	G	A	0/1	126,53
3542219	G	A	0/1	127,51
3547681	G	A	0/1	60,140
3550347	C	T	0/1	142,59
3550789	C	G	0/1	124,46
3556275	A	G	1/1	0,215
3556459	C	A	0/1	70,111
3567156	G	A	0/1	117,80
3571828	G	C	0/1	126,63
3576231	T	C	0/1	144,49
3576606	A	C	0/1	177,61
3577497	C	T	0/1	128,66
3580636	CT	C	1/1	0,182
3581268	A	G	0/1	62,120
3581414	A	G	1/1	0,174
3587446	G	A	0/1	121,46
3587494	G	T	0/1	62,132
3590686	G	GC	1/1	0,123
3591063	T	C	1/1	0,176
3593421	C	T	0/1	65,151
3594344	G	A	0/1	0,69
3597249	C	G	0/1	138,55
3600576	C	T	0/1	116,59
3604821	G	C	1/1	0,231
3609004	T	G	0/1	59,132
3610391	A	AC	0/1	135,53
3611903	G	A	0/1	61,126
3612085	G	C	0/1	42,130
3612813	T	C	0/1	116,49
3614982	T	C	1/1	0,209
3621423	A	G	0/1	128,63
3622441	A	C	1/1	0,175
3625065	T	G	1/1	0,188
3626562	G	A	0/1	152,71
3628520	G	A	0/1	125,51
3638093	G	A	0/1	148,44
3640637	C	T	0/1	84,139
3643985	A	C	0/1	156,61
3653988	G	A	0/1	167,39
3654039	G	A	0/1	169,41
3664457	C	A	0/1	156,56
3665753	G	A	0/1	143,69
3670040	C	T	0/1	129,62
3670434	TG	T	0/1	61,144
3674157	T	A	0/1	153,51
3675504	G	T	0/1	128,59
3676039	G	A	0/1	124,67
3676609	G	A	0/1	68,120
3678249	A	C	0/1	173,60
3680932	G	A	0/1	121,54
3681548	A	C	0/1	100,57
3689523	G	T	1/1	0,205
3690016	A	G	0/1	137,55
3693681	A	C	0/1	127,69
3704596	G	C	1/1	0,202
3704770	A	G	0/1	129,57
3708849	G	A	0/1	79,128
3714211	G	T	1/1	0,199
3714757	A	C	1/1	0,194
3716934	C	T	0/1	77,170
3718357	C	T	1/1	0,179
3721806	G	C	1/1	0,194
3743656	G	A	0/1	141,75
3775409	T	C	0/1	131,72
3775441	A	C	0/1	130,71
3778011	G	A	0|1	133,59
3778012	G	T	0|1	135,59
3778396	C	T	0/1	125,54
3794867	C	CCA	0/1	141,93
3798095	A	C	1/1	0,182
3798596	A	G	0/1	116,66
3804299	G	A	0/1	153,82
3811672	G	T	0|1	144,44
3811675	A	G	0|1	145,45
3815477	G	T	0/1	162,74
3817117	C	A	1/1	0,167
3817132	C	T	0/1	54,117
3820407	A	G	0/1	192,32
3821845	G	T	0/1	127,57
3823159	A	T	1/1	0,216
3826501	C	T	0/1	123,56
3826638	G	C	0/1	59,138
3826684	C	T	1/1	0,191
3828326	G	C	0/1	56,134
3829770	T	C	1/1	0,216
3830349	C	T	0/1	144,70
3830695	A	G	0/1	131,69
3830776	G	A	0/1	129,66
3834486	T	C	0/1	155,58
3838871	A	G	1/1	0,214
3851887	A	C	0|1	126,18
3851888	T	C	0|1	126,18
3859893	C	T	1/1	0,191
3862472	GA	G	1/1	0,187
3863138	G	A	0/1	125,63
3863681	C	G	0/1	143,69
3864995	T	C	1/1	0,226
3870010	A	G	0/1	150,77
3871246	T	C	0/1	170,62
3874322	C	T	0/1	61,139
3874722	AT	A	0/1	125,71
3877421	A	G	1/1	0,204
3878575	G	A	0/1	33,73
3879560	T	C	0/1	65,135
3880239	C	CGTCCGGCTCCTCCTCGGACCACTACGCGGCCCGCATCGTCGCCGACCAAATCCAACT	0/1	94,22
3880942	C	T	0/1	108,35
3883178	A	C	0/1	113,58
3885886	T	C	1/1	0,217
3892671	A	G	1/1	0,186
3893480	G	A	0/1	117,62
3895727	C	A	0/1	134,65
3895732	A	G	0/1	63,140
3896340	T	G	1/1	0,177
3898328	G	A	0/1	77,141
3898408	A	G	1/1	0,201
3902318	A	AT	0/1	140,50
3904980	T	G	0|1	68,131
3904981	A	C	0|1	67,131
3906311	G	A	0/1	146,67
3908465	A	G	0/1	145,62
3909235	G	C	0/1	130,61
3916386	G	T	0/1	144,74
3924275	T	C	0/1	68,146
3924991	C	T	0/1	65,154
3938880	G	A	0/1	77,157
3952800	G	A	1/1	0,176
3958403	A	G	1/1	0,225
3959418	C	T	1/1	0,223
3959730	T	C	0/1	148,71
3962187	G	A	0/1	128,65
3964518	G	A	0/1	125,61
3965470	G	A	0/1	65,163
3968006	A	C	0/1	145,68
3970594	C	G	0/1	142,96
3976595	G	T	0/1	137,69
3979990	C	G	0/1	115,51
3981983	G	A	0/1	127,73
3984321	G	A	0/1	116,62
3987370	CG	C	0/1	140,64
3988830	G	A	0/1	138,71
3993020	G	A	0/1	44,138
3993058	G	A	0/1	146,50
4001622	T	C	0/1	136,52
4005114	G	C	0/1	160,64
4005607	T	C	1/1	0,224
4008747	A	G	0/1	135,50
4013010	G	A	0/1	145,69
4016353	T	G	0/1	136,39
4016840	G	A	0/1	66,158
4022388	G	A	0/1	149,49
4024273	T	C	1/1	0,178
4026899	G	A	1/1	1,185
4028752	A	G	0/1	153,50
4033577	A	G	0/1	134,48
4034827	C	T	1/1	0,194
4038318	G	A	0/1	58,148
4041581	C	T	0/1	131,66
4041787	C	T	0/1	49,113
4050811	G	A	0/1	146,72
4055801	G	A	1/1	0,199
4056416	C	A	0/1	125,88
4056693	G	T	0/1	135,71
4059143	A	C	0/1	135,69
4059904	A	G	1/1	0,213
4069292	G	A	1/1	0,229
4075422	T	C	0/1	128,50
4089058	T	C	0/1	161,67
4095001	CG	C	1/1	0,189
4095295	T	C	0/1	127,72
4098651	ACCG	A	0/1	72,151
4100975	T	C	1/1	0,167
4107074	T	C	0/1	132,74
4108495	G	A	0/1	138,53
4111303	G	C	1/1	0,207
4112429	T	C	0/1	111,65
4115890	G	C	0/1	102,47
4116610	G	A	0/1	130,56
4117692	C	G	0/1	68,127
4121368	G	A	0/1	65,157
4122287	G	T	0/1	127,57
4123770	G	A	0/1	162,68
4124349	GCC	G	0/1	129,71
4133316	A	T	0/1	148,62
4137829	C	T	0/1	170,74
4145737	A	G	0/1	140,77
4149080	G	T	0/1	58,159
4151855	A	G	0/1	143,70
4152890	G	A	0/1	65,149
4153435	C	T	0/1	57,107
4156099	C	A	1/1	0,186
4156503	C	T	0/1	185,59
4158493	C	T	0/1	121,66
4159195	T	C	0/1	146,62
4160371	C	A	0/1	145,55
4162339	A	G	1/1	0,185
4162790	A	G	0/1	71,123
4166441	G	A	0/1	141,40
4167656	A	G	0/1	130,65
4168644	G	A	0/1	64,128
4169852	G	T	0/1	128,46
4170739	G	C	0/1	122,71
4170964	G	GA	0/1	150,72
4174131	G	C	0/1	132,59
4179089	C	T	0/1	146,56
4179832	G	C	0/1	149,73
4180839	G	C	0/1	137,55
4182387	G	C	0/1	132,78
4182695	G	A	1/1	0,203
4186678	G	A	0/1	147,72
4187485	T	C	1/1	0,204
4187817	A	G	1/1	0,236
4189210	G	T	0/1	179,74
4194501	G	A	0/1	163,70
4197138	C	CT	0/1	119,51
4198611	CG	C	1/1	0,205
4198850	ACACG	A	0|1	71,155
4198856	G	T	0|1	71,156
4204168	T	C	0/1	122,65
4204441	A	G	1/1	0,215
4205120	A	G	0/1	130,65
4205325	A	G	0/1	119,70
4208401	A	G	0/1	56,131
4210134	C	T	0/1	71,157
4210274	A	G	1/1	0,205
4212832	GACC	G	0/1	155,42
4214507	C	A	0/1	54,161
4214988	G	A	0/1	137,53
4215484	G	C	0/1	137,51
4217557	A	G	0/1	139,59
4218416	C	A	0/1	113,71
4218941	G	A	0/1	141,54
4219219	G	A	0/1	121,52
4220906	G	A	0/1	69,159
4221070	AC	A	0/1	130,61
4221423	C	T	0/1	138,58
4221490	C	G	1/1	0,220
4222073	A	G	1/1	0,239
4222882	A	G	1/1	0,178
4223172	T	C	0/1	129,62
4229167	T	C	0/1	125,55
4231859	CGCGGTCTGTGCGCCGGGCGCACGCACCGAATTCGAGCTATTAGCGGCCGCGGCAAGGGACGCATTCGGCCTGGACGTCCACCCAGCGGT	C	0/1	251,102
4233760	G	A	0/1	59,129
4234960	A	C	0/1	136,73
4236237	C	T	0/1	143,57
4242643	C	T	1|1	0,203
4242658	A	C	0|1	71,134
4243460	C	T	0/1	149,77
4251297	G	C	0/1	126,60
4252066	T	C	0/1	139,70
4254367	T	TGACCAGTGCGTCACATACTACGGCGGCGCGCG	0/1	187,23
4254431	G	A	0/1	130,78
4254632	G	A	0/1	61,156
4255922	A	G	1/1	0,210
4256210	G	T	0/1	159,63
4257220	A	G	1/1	0,196
4258106	G	A	0/1	144,60
4262388	C	T	0/1	123,49
4264381	G	GC	0/1	139,65
4267647	T	C	0/1	130,60
4280708	G	A	0/1	137,61
4284429	G	A	0/1	119,55
4287164	A	G	0/1	109,63
4290135	C	T	0/1	113,57
4296015	G	A	0/1	144,60
4299810	T	C	0/1	55,137
4303498	T	TG	0/1	105,60
4305063	G	GA	0/1	136,70
4306155	C	T	1/1	0,183
4307179	G	A	0/1	130,65
4308395	G	A	0/1	143,42
4309927	T	G	0/1	159,57
4311664	C	T	0/1	156,60
4313128	C	T	0/1	147,57
4313577	G	A	0/1	72,124
4313722	C	CG	0/1	44,128
4314645	A	G	0/1	150,46
4314800	G	A	0/1	134,68
4316076	G	C	0/1	61,130
4319985	G	C	0/1	106,60
4322039	AC	A	0/1	113,74
4329782	G	A	0/1	131,64
4337898	G	A	0/1	61,172
4338575	T	C	0/1	135,82
4338595	GC	G	1/1	0,194
4338732	G	A	1/1	0,164
4339743	G	A	0/1	63,98
4340028	G	C	0/1	123,57
4340178	AC	A	0/1	100,44
4341679	A	G	0/1	98,41
4348724	A	ACCCGCGCCGGCGACGATGCAAAGCGCAGCGATGAGGAGGAGCGGCGCCAACGG	0/1	0,0
4350305	G	A	0/1	115,54
4351039	G	T	1/1	0,190
4356110	G	C	1/1	0,186
4357597	C	G	0/1	147,58
4357804	T	G	0/1	132,57
4359164	G	GC	0/1	142,38
4359165	G	GTGATCGGGGTTCCCGGGGTGATCGGGGTTCCCGGC	0/1	125,38
4359653	C	T	0/1	141,57
4359828	G	A	0/1	152,74
4362568	T	G	0/1	148,66
4366195	T	C	0/1	163,65
4366272	G	C	1/1	0,222
4368084	G	C	0/1	166,64
4368438	C	G	0/1	61,139
4372353	G	C	0/1	152,61
4373617	G	A	0/1	69,132
4378504	T	C	0/1	128,53
4379044	CG	C	0/1	125,56
4379680	C	G	1/1	1,221
4382054	T	C	1/1	0,176
4382275	G	T	1/1	0,165
4383144	C	CCGGGG	1/1	0,199
4383655	A	G	0/1	151,62
4383675	A	AC	0/1	136,53
4384007	C	G	0/1	133,69
4386228	T	C	0/1	146,80
4392373	G	A	0/1	47,141
4393178	A	G	0/1	110,49
4393590	C	G	0/1	154,67
4396369	G	A	0/1	64,129
4397129	G	T	0/1	81,142
4397736	C	T	0/1	152,41
4398019	G	A	0/1	69,128
4400660	AC	A	1/1	0,212
4401490	G	C	0/1	57,161
4407588	T	C	0/1	134,56
4407927	T	G	0/1	150,52
4408923	C	T	0/1	112,49
