1807	T	A	1/1	11,123
1977	A	G	1/1	0,96
2532	T	C	0/1	15,100
3446	C	T	0/1	96,14
4013	T	C	1/1	0,96
6112	G	C	0/1	11,97
6124	C	T	0/1	11,93
6573	G	C	0/1	17,94
7362	G	C	1/1	0,87
7582	A	C	0|1	10,67
7585	G	C	1|1	0,77
8452	C	T	0/1	17,79
9047	C	T	0/1	12,54
9143	T	C	0/1	16,68
9304	G	A	1/1	0,97
9443	G	A	0/1	10,74
10089	G	A	0/1	7,58
11879	A	G	1/1	0,74
12234	C	G	0/1	12,60
13298	G	C	0/1	17,67
13460	A	G	0/1	14,72
14251	G	A	0/1	80,10
14401	A	G	0/1	9,65
14785	T	C	1/1	0,84
15117	C	G	1/1	4,81
16111	G	C	0/1	16,68
16298	G	A	0/1	17,82
20544	G	C	0/1	9,77
21795	G	A	1/1	0,54
21819	A	C	0/1	7,46
22961	T	G	0/1	10,75
23174	C	A	0/1	12,50
24698	GCCGCGTTGCTCGGGGTAA	G	1/1	0,50
25728	C	T	0/1	19,82
26347	C	G	0/1	11,37
26959	C	G	1/1	0,92
27469	A	G	0/1	14,65
27487	G	A	0/1	65,9
27495	CG	C	0/1	12,64
27996	T	C	0/1	15,73
29937	C	A	0/1	15,66
30753	C	A	0/1	12,55
30980	C	CCGAT	0/1	8,59
34044	T	C	1/1	0,90
34820	A	C	0/1	24,95
36538	T	C	0/1	12,77
37031	C	G	1/1	0,83
39758	A	G	0/1	7,53
42281	C	A	1/1	2,76
42471	G	A	0|1	11,72
42490	G	A	0|1	10,78
42967	G	C	1/1	0,81
43945	A	G	0/1	13,72
46114	C	G	0/1	12,99
49690	GCC	G	0/1	54,7
50557	T	C	1/1	6,70
51949	A	G	1/1	4,63
51997	C	T	0/1	9,53
53196	T	C	0/1	9,69
54394	A	G	1/1	3,79
54842	G	T	0/1	67,15
55418	A	G	0/1	14,56
55546	G	GCCT	1/1	5,69
55553	C	CCGCCGT	1/1	0,67
59223	C	G	0/1	85,10
62049	A	G	1/1	0,71
64028	C	T	0/1	15,80
65083	G	A	0/1	66,10
65159	G	A	0/1	18,67
65663	C	G	0/1	11,88
66349	CCG	C	0/1	75,11
66892	C	G	0/1	12,53
68174	T	C	0/1	14,75
69989	G	A	1/1	0,87
70267	G	T	1/1	3,80
70816	A	G	1/1	0,80
71336	G	C	1/1	0,29
71584	C	CCGAGCGCTGTTCTGGCGCTAATCTGACGCTAGAATAG	1/1	0,57
73927	C	T	0/1	17,68
74737	T	G	0/1	12,67
75233	C	A	0/1	63,8
75940	G	C	1/1	0,65
79281	C	CCCACAT	0/1	11,63
79479	T	C	0/1	15,67
79504	T	TCGGTGGACCCGGTGGACC	1/1	0,32
82843	TC	T	0/1	7,60
83581	G	A	1/1	4,58
84528	T	G	0/1	12,70
89029	C	T	0/1	18,64
89200	G	T	0/1	11,55
89222	G	C	0/1	12,55
89871	C	T	0/1	7,76
90030	A	G	0/1	11,50
91266	A	C	0/1	57,7
92199	T	G	1/1	0,61
94547	C	T	0/1	10,68
97696	T	C	0/1	19,53
97952	C	T	0/1	13,61
98966	G	C	0/1	14,78
103600	A	G	0/1	12,80
108184	C	T	0/1	9,61
113653	A	G	0/1	14,52
115499	T	G	0/1	10,54
116000	T	G	1/1	0,82
117295	G	A	0/1	7,68
122109	A	G	1/1	0,83
123021	C	T	0/1	19,61
123198	T	C	0/1	62,10
123520	T	C	1/1	3,93
123740	TG	T	0|1	16,67
125830	G	GA	1/1	0,88
126083	C	T	0/1	13,57
126803	A	G	0/1	13,69
129576	A	C	0/1	61,12
131174	T	TG	1/1	0,81
133839	C	T	1/1	0,95
137233	C	T	0/1	18,114
139556	A	AC	0/1	13,79
139756	T	C	0/1	16,92
139954	A	C	0/1	21,75
143207	T	C	1/1	5,72
143791	T	G	0/1	16,69
144564	C	T	0/1	10,57
146087	T	C	1/1	0,86
146788	G	A	0/1	11,72
146872	C	T	0/1	15,71
148479	C	T	0/1	11,69
154283	T	C	1/1	0,72
156304	G	A	0/1	11,65
157511	C	T	0/1	16,77
160976	C	G	0/1	13,66
162226	G	A	0/1	19,47
167986	C	T	0/1	9,47
168787	C	T	0/1	18,64
170671	G	A	0/1	88,10
170755	G	T	0/1	9,68
176534	TG	T	0/1	56,7
177150	G	C	0/1	19,46
182687	C	T	0/1	13,58
184668	C	T	0/1	15,81
185760	C	G	0/1	7,67
194305	C	CGG	1/1	5,87
194681	G	C	1/1	0,80
195360	T	C	0/1	11,72
196642	C	T	1/1	0,99
196874	C	T	0/1	12,75
199470	T	G	1/1	3,81
199857	G	A	0|1	19,78
199859	C	A	0|1	18,79
201949	G	A	0/1	52,8
206339	T	C	1/1	0,58
206481	C	G	0|1	4,56
206484	G	T	0|1	4,56
207079	G	C	0/1	68,8
208316	AT	A	0|1	15,82
208321	G	GC	0|1	15,83
208322	T	G	0|1	14,81
211055	C	A	0/1	85,14
211993	C	A	0/1	13,80
215238	C	T	1/1	4,67
217201	T	C	1/1	2,87
218280	C	T	0/1	9,61
219722	G	T	0/1	9,71
223747	C	CG	0/1	12,46
223942	T	C	1/1	0,53
225039	G	A	0/1	13,74
225323	T	C	1/1	0,93
225668	C	T	0/1	13,77
226676	G	A	0/1	19,103
227098	T	C	1/1	0,75
229900	G	A	0/1	12,75
230576	G	GT	1/1	3,95
230920	TC	T	0/1	85,9
231114	C	G	1/1	0,93
233358	A	C	0|1	14,55
233364	G	C	0|1	14,55
234268	G	T	0/1	8,57
234477	T	G	1/1	0,65
234496	C	CGT	1/1	0,58
241465	G	GCCGTCGCAAAC	0/1	6,57
243598	A	G	0/1	19,80
244550	A	G	0/1	9,56
246986	G	A	0/1	11,79
249522	T	C	1/1	0,58
251575	G	A	1/1	1,57
251669	T	C	0/1	18,55
254903	C	A	0/1	14,85
257071	C	T	0/1	70,12
257788	G	GAGGATCATCAAGGGTGCGTCGCGGAAGTA	0/1	12,63
260282	G	T	1/1	3,50
261869	T	C	1/1	0,62
262268	A	T	0/1	69,13
263149	A	C	0/1	12,48
263446	C	G	0/1	14,46
264298	C	A	0/1	9,71
264984	C	G	0|1	15,56
264992	T	C	0|1	61,8
265170	CG	C	0/1	12,83
265554	A	C	1/1	0,114
266871	G	A	0/1	10,68
272678	C	T	0/1	9,74
274463	C	A	0/1	77,11
276539	G	C	0/1	56,10
278681	C	G	1/1	0,87
281208	C	T	0/1	17,75
282225	C	G	0/1	70,10
283503	G	A	0/1	63,9
283614	T	C	1/1	0,57
285772	A	C	1/1	0,61
285871	A	G	1/1	0,57
287092	T	C	1/1	7,66
290374	T	C	0/1	9,56
293628	A	AC	0|1	56,11
293629	C	CT	0|1	15,53
304923	A	G	1/1	5,60
310973	G	A	1/1	0,80
311613	G	T	1/1	0,74
316129	C	G	0/1	55,7
319152	A	C	0/1	72,12
320180	A	G	0/1	6,50
325505	T	C	1/1	4,72
326002	A	G	0|1	12,66
328569	G	C	0/1	83,8
328777	C	T	0/1	14,60
330600	G	C	0/1	61,8
331588	G	A	0/1	18,73
333212	G	C	0/1	12,57
333292	A	G	0/1	15,50
336322	CAA	C	0|1	77,32
336325	T	G	0|1	76,32
336327	C	CGG	0|1	76,32
336332	G	C	0|1	75,33
336344	A	G	0|1	75,35
336345	T	C	0|1	75,35
336353	C	T	0|1	69,37
336356	GGAA	G	0|1	79,37
336360	C	CCTCCCCG	0|1	78,37
336369	C	T	0|1	79,39
336370	A	G	0|1	79,40
336380	A	T	0|1	79,56
336400	C	G	0|1	75,53
336403	C	G	0|1	75,53
336405	A	G	0|1	75,55
336422	TTG	T	0|1	79,35
336428	A	G	0|1	78,32
336431	C	T	0|1	79,33
336439	A	G	0|1	77,29
336441	C	T	0|1	77,29
336442	G	A	0|1	78,29
336449	T	C	0|1	79,29
336451	T	G	0|1	78,28
336452	A	G	0|1	75,28
336459	G	A	0|1	69,27
336468	G	GCGTCC	0|1	65,29
336472	C	CAG	0|1	66,29
336473	T	G	0|1	65,29
336476	A	AGTCG	0|1	66,28
336480	A	G	0|1	67,30
336504	G	T	0/1	65,49
336535	T	G	0|1	50,22
336537	T	G	0|1	51,22
336540	G	T	0|1	50,22
336546	T	G	0|1	46,22
336557	C	CT	0|1	40,24
336560	T	C	0|1	39,19
342146	A	C	1/1	6,72
343281	G	C	0/1	10,70
344288	C	G	0/1	10,64
346275	C	G	1/1	0,80
355677	G	T	0/1	8,41
356528	A	G	1/1	0,75
357582	G	A	0/1	7,75
358273	G	C	0/1	13,69
358473	G	C	0/1	46,6
358926	A	C	0/1	8,47
376564	A	C	0/1	65,10
376774	T	C	1/1	0,60
378357	T	G	0/1	16,64
378939	G	C	0/1	13,77
380772	G	A	0/1	16,79
381030	A	G	0/1	19,84
384380	A	C	1/1	0,60
386432	C	G	1/1	0,89
388890	G	A	0/1	10,56
390828	T	C	1/1	0,62
391853	A	G	1/1	4,67
392261	T	C	1/1	6,64
393783	C	T	0/1	18,76
393941	C	T	0/1	11,87
394729	GATGGTCTGC	G	0/1	11,57
395625	C	T	0/1	58,13
396750	G	A	0/1	9,71
402836	G	A	0/1	76,10
403980	G	A	1/1	0,89
404326	T	C	1/1	0,83
405156	A	C	0/1	12,78
406251	T	C	0/1	61,8
406274	T	C	0/1	14,53
406389	G	A	0/1	18,64
406992	G	T	0/1	14,64
412280	T	G	0/1	14,81
414486	C	T	1/1	0,69
415061	G	A	0/1	15,77
420008	A	G	1/1	0,95
420405	C	T	0/1	15,71
423334	G	A	0/1	9,44
424250	A	G	0/1	8,62
438271	G	A	0/1	9,52
438470	C	T	0/1	48,6
439711	T	C	0/1	12,81
445668	C	T	0/1	5,60
445780	C	T	1/1	2,63
447442	C	T	0/1	13,64
447525	G	C	0/1	14,65
452288	C	T	0/1	10,55
454295	T	C	1/1	0,75
455024	G	A	0/1	65,9
455325	C	G	0|1	9,47
455329	T	C	0|1	9,47
456511	G	A	0/1	14,56
457452	T	G	1/1	0,64
459399	A	C	1/1	0,76
465462	C	T	0/1	6,57
465697	G	C	0/1	5,46
468357	A	G	0/1	6,64
469042	C	T	0/1	13,53
471666	A	G	0/1	11,64
472206	A	G	0/1	9,52
476612	G	A	0/1	60,12
481878	T	C	0/1	17,72
483935	T	G	1/1	9,112
485230	C	T	0/1	18,119
485730	C	T	0/1	108,14
485785	T	G	0/1	15,130
487835	T	G	0/1	9,79
489935	G	C	1/1	0,107
490754	C	G	0/1	68,10
491742	T	C	1/1	6,77
492150	G	C	1/1	3,55
492655	G	A	0/1	16,60
492748	C	T	0/1	16,71
495473	C	T	0/1	12,60
496882	C	G	0/1	11,76
498010	T	C	0/1	6,53
498531	A	G	0/1	8,76
498557	C	A	1/1	0,91
499196	C	T	0/1	7,60
499377	C	T	0/1	69,9
502589	C	G	1/1	0,83
503354	G	C	1/1	0,81
503647	G	A	0/1	10,76
505974	G	A	0/1	7,60
510946	G	T	0/1	7,57
513257	T	C	1/1	1,62
514657	T	G	0/1	12,45
517358	T	C	1/1	5,68
517389	C	A	0/1	61,9
517411	A	G	0/1	12,51
519185	T	G	0/1	8,55
522081	A	G	0/1	9,59
523654	C	T	0/1	60,10
524891	C	A	1/1	3,67
527316	C	G	0/1	11,44
528354	C	A	0/1	10,64
532502	GCTACCGCCCGACCCCCAGCGCCAACAGCATTGCGTGGCTGCTCT	G	0/1	17,69
533479	C	G	0/1	66,9
534427	T	A	0/1	16,82
541201	A	G	1/1	0,107
546357	A	G	0/1	8,59
547794	G	A	0/1	13,74
548862	A	G	0/1	13,62
549251	C	T	0/1	12,53
549731	GT	G	0|1	13,56
549733	ACC	A	0|1	13,58
551525	A	C	1/1	0,63
555945	T	C	0/1	18,42
555991	A	G	0/1	8,49
556035	G	T	0/1	13,48
559350	G	A	0/1	15,84
560540	ACTTTTC	A	0/1	105,16
560664	C	T	0|1	17,77
560666	A	G	0|1	17,78
563434	C	T	0/1	12,86
564723	C	T	0/1	13,56
565404	G	T	0/1	14,87
565415	C	T	0/1	13,95
565655	A	G	1/1	4,82
567446	G	A	1/1	5,62
568593	G	A	0/1	16,72
568693	G	T	0/1	20,81
569045	C	T	0/1	12,46
573262	A	G	1/1	0,64
573384	T	G	0/1	12,55
576000	A	C	0/1	10,56
584171	T	C	0/1	8,72
584438	G	A	0/1	62,10
584511	G	T	0/1	16,51
590436	T	C	1/1	0,90
590763	G	C	1/1	6,73
591965	G	A	0/1	14,75
595501	G	A	0/1	12,63
595742	C	T	0/1	13,61
597816	A	G	1/1	0,85
598043	G	C	0|1	103,12
598044	C	A	0|1	102,12
598045	G	C	0|1	102,12
598076	T	A	0|1	100,37
598079	A	G	0|1	99,38
598095	G	C	0|1	100,37
598096	A	G	0|1	101,37
598104	T	C	0|1	102,35
598111	T	C	0|1	99,32
598117	A	G	0|1	102,31
598128	C	G	0|1	99,31
598129	A	G	0|1	102,31
598140	C	G	0|1	95,30
598147	G	A	0|1	97,26
598155	T	A	0|1	98,11
598158	G	C	0|1	97,10
598165	G	C	0|1	95,9
598169	C	G	0|1	96,7
598475	G	A	1/1	0,94
599227	T	A	0/1	16,80
599868	A	G	1/1	7,75
603251	C	T	0/1	43,6
610120	T	G	1/1	0,88
611977	C	T	0/1	57,9
615938	G	A	0/1	14,55
621390	G	A	0/1	18,47
625429	C	T	0/1	17,56
626904	G	A	0/1	15,66
627350	C	G	0/1	10,51
627688	C	T	0/1	11,65
629714	G	A	0/1	81,11
637319	G	A	1/1	0,82
643302	C	T	0/1	64,14
643483	G	A	0/1	11,69
646531	A	T	1/1	3,66
648002	T	G	1/1	0,104
648856	T	C	1/1	2,72
649345	C	T	0/1	16,58
653287	G	A	0/1	11,64
655707	G	A	0/1	12,76
655956	C	T	0/1	12,80
655986	T	G	1/1	3,88
656451	G	A	0/1	12,95
657578	A	G	0/1	20,82
659341	T	C	1/1	5,76
662911	T	C	1/1	3,85
665293	A	G	1/1	1,91
669398	T	C	1/1	0,78
670545	G	A	1/1	3,72
678440	C	T	0/1	14,82
680965	G	A	0/1	8,73
683450	C	A	0/1	10,51
683910	C	T	0/1	22,65
684290	A	G	0/1	11,74
685153	A	G	0/1	16,84
685384	G	A	0/1	10,83
685461	C	G	1/1	0,98
685608	T	C	1/1	0,91
685955	G	A	0/1	14,72
686972	T	C	1/1	0,71
688792	T	TG	1/1	4,75
690248	C	A	0/1	8,71
690450	A	C	1/1	2,76
690465	T	G	1/1	0,80
698968	G	A	1/1	0,80
699693	G	A	0/1	6,33
700776	T	C	0/1	6,56
704997	G	A	0/1	8,63
705570	C	T	0/1	12,50
705602	T	C	0/1	12,56
711155	G	A	0/1	17,50
712192	G	GA	0/1	14,44
712206	C	T	0/1	11,49
712693	A	G	1/1	3,62
713310	T	C	1/1	2,73
715266	A	G	0/1	8,77
717588	A	G	1/1	5,59
720863	G	T	1/1	6,57
722852	G	A	0/1	13,65
726498	C	A	0/1	5,38
730087	G	A	1/1	6,70
733700	C	A	0/1	14,70
734116	T	C	0/1	10,73
735623	C	A	0/1	9,78
745876	C	G	1/1	3,40
749968	T	C	0/1	14,63
751702	G	A	0/1	18,81
752046	C	T	0/1	11,76
753174	C	A	0/1	69,8
753570	C	T	0/1	11,73
753668	C	T	0/1	14,61
754186	A	G	1/1	0,72
754387	G	A	0/1	13,72
757182	A	G	1/1	1,65
759546	A	G	0/1	11,63
760490	C	T	0/1	15,72
762434	T	G	0/1	62,9
763031	T	C	1/1	5,78
763884	C	T	0|1	7,68
763886	C	A	0|1	7,66
765171	C	T	0/1	8,66
767339	A	G	0/1	59,13
767414	G	A	0/1	5,61
767516	G	T	0/1	15,62
767609	A	G	0/1	17,65
775273	T	C	0/1	67,8
775639	T	C	1/1	0,51
776100	G	A	1/1	4,103
776395	A	G	0/1	13,65
781395	T	C	1/1	0,62
781874	G	A	0/1	13,71
783861	C	A	0/1	13,71
786137	A	C	0/1	8,72
794482	G	C	0/1	7,78
797597	C	T	0/1	16,72
798779	T	C	0/1	67,11
799136	AC	A	0/1	11,83
800357	C	A	0/1	19,73
806134	C	T	0/1	14,73
807405	C	T	0/1	77,13
810287	C	G	0/1	13,68
811492	C	G	0/1	11,71
812502	C	T	0/1	7,67
815236	T	C	0/1	10,64
815851	A	G	0/1	16,69
817696	G	A	0/1	18,66
819213	T	C	0/1	13,68
820483	G	T	1/1	0,51
820752	C	T	1/1	4,59
821907	T	C	0/1	8,49
825039	G	C	0/1	13,82
829719	G	A	0/1	10,65
830868	G	GGC	1/1	2,73
834857	C	T	0/1	87,10
840917	T	C	0/1	10,69
841289	GAA	G	0/1	101,14
841494	C	G	0|1	14,86
841495	A	G	0|1	14,86
841764	G	C	1/1	0,79
845021	C	T	0/1	42,6
847995	T	C	1/1	6,107
850985	A	G	0/1	9,71
852361	G	A	0/1	11,66
852910	C	T	1/1	0,91
854252	GC	G	1/1	2,94
856563	G	T	0/1	18,65
857696	A	G	1/1	0,74
858464	A	G	0/1	59,10
859602	G	A	0/1	14,64
865761	C	T	0/1	8,65
869668	G	A	0/1	13,55
871271	A	C	0/1	14,53
874835	C	CCG	1/1	0,69
876141	G	T	0/1	79,9
879167	G	C	0/1	59,9
880562	G	T	1/1	0,89
882257	T	C	1/1	0,82
885689	G	T	0/1	11,63
893733	T	G	1/1	0,65
894888	T	C	0/1	10,70
895082	A	G	0/1	11,70
895120	C	T	0/1	11,76
897836	G	T	0/1	10,63
899389	G	A	0/1	13,65
900221	T	C	1/1	0,89
901878	G	A	0/1	57,7
903550	T	C	1/1	0,64
903913	T	C	1/1	0,73
906857	A	G	1/1	0,53
910015	C	A	0/1	10,56
911261	T	C	0/1	15,64
911517	C	T	0/1	66,10
913274	C	G	0/1	17,79
913918	C	G	0/1	74,12
916046	T	G	0/1	9,69
920146	TG	T	0/1	9,60
920906	A	G	0/1	13,48
921909	C	T	0/1	61,9
931123	T	C	1/1	0,87
932280	T	C	1/1	0,78
933378	AC	A	0/1	9,80
933699	G	T	1/1	4,55
934230	C	G	1/1	0,74
934611	G	T	1/1	0,68
936620	CCCA	C	0/1	83,11
938246	A	G	0/1	9,65
939805	C	T	0/1	7,64
941845	C	A	1/1	8,89
945214	G	A	1/1	0,74
948294	T	C	0/1	19,64
949006	G	T	0/1	80,10
949087	C	T	0/1	18,67
949535	T	C	1/1	0,69
950116	C	G	0/1	54,11
951142	C	A	0/1	12,74
952236	G	C	0/1	11,63
952597	C	T	0/1	9,61
952810	CT	C	0/1	18,60
955524	A	G	1/1	0,81
957117	T	C	1/1	4,79
957306	C	T	0/1	69,10
960367	A	G	1/1	2,74
976043	G	T	0/1	17,64
979704	G	C	1/1	0,64
986463	G	C	1/1	0,89
987601	C	T	0/1	13,62
988345	C	T	0/1	75,10
990001	G	C	1/1	0,55
993346	A	C	1/1	0,86
995452	C	T	0/1	10,98
996219	G	A	0/1	15,107
1002172	G	A	0/1	52,10
1002342	T	C	0/1	9,46
1007198	A	G	0/1	52,7
1009490	C	T	0/1	7,59
1010204	C	CG	1/1	0,70
1014548	G	A	0/1	76,13
1014815	T	G	0/1	13,61
1021977	G	A	0/1	88,18
1022613	G	A	0/1	20,55
1023911	C	G	0/1	61,11
1024346	A	G	1/1	1,65
1025106	T	C	1/1	1,90
1029997	A	G	0/1	17,61
1032524	T	C	0/1	14,75
1034381	G	A	0/1	64,10
1034713	GT	G	0/1	17,57
1037012	T	C	1/1	0,76
1037911	C	T	1/1	0,73
1040706	A	C	0/1	12,49
1043136	C	T	0/1	14,68
1044762	G	A	0/1	13,64
1047165	T	C	1/1	0,83
1048102	G	A	0/1	15,51
1048689	G	T	0/1	62,11
1050367	C	T	0/1	14,63
1054784	C	G	1/1	6,69
1061386	T	C	0/1	13,65
1063765	G	A	1/1	8,90
1063922	C	T	0/1	6,65
1066038	A	G	0/1	11,52
1066906	C	T	0/1	8,60
1067780	C	T	0/1	21,56
1068151	T	C	1/1	0,81
1068432	A	G	1/1	0,84
1070702	T	C	1/1	0,82
1072342	A	G	0/1	6,50
1073716	C	T	0/1	10,60
1074558	G	A	1/1	0,82
1075167	GCAT	G	0/1	17,65
1075279	T	C	1/1	0,69
1075417	G	A	0/1	14,56
1076309	G	T	1/1	0,80
1077312	A	G	1/1	0,89
1077624	GC	G	0/1	12,71
1077754	C	T	0/1	12,65
1079927	C	A	1/1	0,86
1080192	G	A	1/1	0,70
1081681	T	C	1/1	0,73
1083755	A	G	0/1	20,72
1086648	C	A	0/1	14,69
1087193	G	C	1/1	0,71
1087852	G	A	0/1	8,57
1090188	A	AG	1/1	2,73
1097023	G	A	0/1	7,63
1097220	C	T	0/1	69,12
1098523	T	A	1/1	4,86
1100234	T	C	1/1	0,85
1100847	A	G	0/1	64,8
1103046	G	C	0/1	21,107
1104690	T	G	1/1	8,130
1104928	C	T	0/1	12,100
1105284	G	A	0/1	14,109
1106099	C	T	0/1	105,14
1106422	T	C	1/1	0,118
1107940	A	C	1/1	4,77
1109163	C	G	0/1	10,59
1109975	A	G	1/1	0,80
1110956	T	G	0/1	11,58
1111228	G	A	0/1	14,57
1111518	T	C	0/1	9,44
1111852	G	T	0/1	69,13
1113290	G	C	0/1	12,51
1117405	C	T	0/1	14,74
1119739	C	T	0/1	14,67
1121071	G	A	0/1	4,30
1123597	A	G	0/1	10,58
1126889	G	C	1/1	0,69
1127648	C	A	1/1	0,64
1131229	C	CG	0/1	12,62
1131300	G	A	0/1	11,62
1133357	T	C	0/1	21,54
1139089	G	C	0/1	63,9
1139222	G	A	0/1	8,54
1143832	A	C	0/1	11,38
1144585	A	G	0/1	7,63
1148259	A	G	1/1	6,79
1149551	C	T	1/1	0,83
1150585	G	A	1/1	0,70
1151054	C	G	0/1	55,13
1151485	CGT	C	0/1	12,65
1153251	CCGGAGTATCT	C	0/1	68,9
1155700	C	T	0/1	9,72
1157771	G	C	0/1	18,69
1164336	G	A	1/1	2,80
1164571	A	G	0/1	73,10
1168715	C	CT	1/1	0,91
1175537	T	C	1/1	10,95
1178116	T	C	1/1	0,83
1180140	G	A	0/1	73,13
1184826	G	T	0/1	13,72
1192830	G	A	0/1	10,68
1194475	C	A	0/1	13,61
1195358	T	G	0/1	8,76
1198010	G	A	0/1	13,54
1199019	T	C	0/1	13,61
1200418	A	G	1/1	0,71
1203824	T	C	0/1	20,58
1211369	A	C	1/1	6,77
1220570	G	T	0/1	15,76
1220680	T	C	1/1	0,94
1221770	G	A	0/1	52,7
1221978	C	T	0/1	10,63
1224367	T	C	1/1	0,60
1228116	A	G	0/1	15,61
1230778	G	A	0/1	8,63
1235446	T	C	0/1	11,66
1236433	A	C	0/1	62,13
1237403	G	A	0/1	10,62
1240744	C	A	0/1	71,8
1241572	A	G	0/1	63,11
1248382	A	G	1/1	2,48
1248936	G	C	1/1	4,55
1248978	T	C	1/1	0,50
1250340	A	G	1/1	5,68
1250357	T	G	0/1	9,65
1251199	C	T	1/1	4,63
1254562	A	G	1/1	8,82
1254582	T	C	0/1	79,12
1262230	C	T	0/1	9,65
1264514	G	A	0/1	68,8
1265957	A	C	0/1	12,58
1269028	G	C	0/1	56,10
1271143	A	AG	0/1	16,73
1271187	C	G	0/1	69,11
1273250	G	GA	1/1	4,73
1275957	T	C	1/1	7,84
1281118	T	C	1/1	0,78
1281307	C	T	0/1	13,80
1281771	T	C	0/1	8,57
1284812	C	T	0/1	10,61
1287081	C	T	0/1	14,63
1287112	T	C	0/1	17,64
1287160	A	C	0/1	19,57
1287372	G	C	0/1	74,11
1292102	A	G	1/1	0,78
1296444	C	T	0/1	64,10
1305243	T	G	0/1	12,80
1306259	A	G	0/1	8,66
1306444	T	C	0/1	16,68
1306623	AC	A	0/1	10,57
1307598	C	G	1/1	0,88
1308298	G	A	0/1	81,11
1308317	T	C	0/1	78,13
1310316	C	T	0/1	11,57
1313337	A	AG	1|1	0,63
1313338	A	C	1|1	0,63
1313640	G	T	0/1	21,58
1314617	C	T	0/1	12,66
1315191	A	C	1/1	0,67
1315884	G	A	1/1	0,77
1316354	G	A	0/1	14,57
1320508	G	A	0/1	12,96
1320614	C	G	0/1	17,82
1327890	G	A	1/1	0,82
1328308	C	T	0/1	61,12
1328687	G	C	1/1	0,67
1331904	G	A	0/1	10,66
1344857	C	T	0/1	14,58
1346397	A	C	0/1	15,45
1348518	GCCA	G	0/1	7,65
1351172	A	G	1/1	4,54
1356648	C	T	0/1	12,56
1358940	C	A	0/1	16,44
1360209	T	C	1/1	0,83
1361350	A	C	0/1	11,52
1362006	T	C	1/1	4,89
1365321	C	T	0/1	9,61
1365837	C	CGG	1/1	0,74
1367484	T	G	1/1	4,61
1368947	A	G	0/1	11,44
1369389	C	T	0/1	11,36
1369735	G	A	0/1	11,54
1371470	G	A	0/1	97,13
1371697	G	A	0/1	86,17
1371725	A	G	0/1	79,13
1374065	T	C	1/1	0,69
1374578	C	T	0/1	13,60
1374639	T	A	0/1	10,55
1375724	A	C	1/1	0,76
1382628	T	C	1/1	0,90
1387211	G	A	0/1	11,59
1387478	G	C	0/1	50,6
1389866	C	T	0/1	7,73
1390763	C	T	1/1	3,72
1393626	A	G	1/1	0,54
1395010	A	G	0/1	7,67
1396618	C	A	0/1	65,8
1396922	T	C	1/1	0,80
1397199	G	A	0|1	14,70
1397201	A	G	0|1	14,71
1397215	C	G	0/1	13,77
1400396	A	G	0/1	17,68
1401033	C	T	0/1	59,9
1403371	AGTCGGTACCCGCCATCAGGATGTCACTCGGAACGGCACCGACAGCGGACGCCGGACATAACTGCCGCCGGACCACACGATGCGTGACTCGGCCACCTC	A	0/1	21,80
1409030	CGGATTTCTATT	C	0/1	9,81
1410062	G	C	0/1	14,60
1411210	T	G	1/1	0,52
1413148	C	T	1/1	0,55
1414021	C	T	1/1	0,86
1414621	C	A	0|1	50,44
1414629	T	A	0|1	58,42
1414653	C	T	0|1	52,49
1414926	A	C	0|1	52,7
1414930	G	T	0|1	53,8
1414931	GGA	G	0|1	53,8
1414936	G	C	0|1	54,9
1414938	C	G	0|1	54,12
1414941	A	ACC	0|1	54,14
1414942	G	GCC	0|1	53,14
1414947	C	T	0|1	51,16
1414948	G	GC	0|1	52,16
1415097	C	G	0/1	76,52
1417019	C	T	0/1	24,61
1417554	G	C	0/1	10,94
1417793	G	A	0/1	7,56
1420277	A	T	0|1	14,57
1420278	T	C	0|1	14,57
1422666	C	T	0|1	55,12
1422667	C	T	0|1	56,12
1424699	T	C	0/1	10,58
1426589	C	T	0/1	10,70
1426928	C	T	0/1	13,47
1439016	C	T	0/1	16,64
1440469	C	G	1/1	0,89
1443354	C	T	1/1	4,71
1443428	G	GGGTTAGATTGCCCGGCTCCTCAACCCGCCGTTTCGGCGTGCATCGTCGCCGGGCTA	1/1	2,34
1445781	A	G	1/1	0,76
1445977	C	T	0/1	14,71
1450316	C	T	0/1	52,8
1457144	C	T	1/1	0,69
1458144	C	A	0/1	13,58
1468150	C	T	0/1	76,11
1470163	G	A	0/1	78,11
1470261	G	A	0/1	9,85
1471659	C	T	1/1	0,110
1479085	T	C	1/1	1,62
1482627	T	C	1/1	0,78
1484708	A	C	1/1	0,74
1490905	A	G	0|1	8,78
1490911	G	A	0|1	23,66
1492194	T	C	0/1	20,69
1495836	G	A	0/1	69,9
1496964	G	T	0/1	11,56
1497895	C	T	0/1	9,56
1499274	C	G	1/1	0,56
1499347	C	G	0/1	12,51
1505194	T	C	0/1	15,57
1505973	G	A	1/1	6,72
1509067	C	T	0/1	17,62
1514010	G	T	0/1	15,49
1517300	C	T	0/1	19,78
1520109	A	C	0/1	12,103
1521526	T	C	0/1	16,83
1521618	C	T	0/1	12,78
1522862	C	T	0/1	11,68
1523175	A	C	0/1	14,74
1523791	A	G	0/1	11,75
1525160	G	A	0/1	12,87
1526819	C	A	1/1	0,93
1534548	G	A	0|1	19,91
1534551	C	T	0|1	95,16
1535643	C	T	0/1	25,68
1536251	G	T	1/1	0,77
1537947	C	T	0/1	11,55
1540141	T	C	1/1	3,57
1540484	C	G	0/1	65,9
1544255	C	T	1/1	6,91
1545119	C	T	0/1	15,62
1546703	C	T	0/1	7,64
1547125	T	C	1/1	0,96
1548087	G	A	0/1	12,80
1549429	C	T	0/1	13,63
1552547	G	A	1/1	0,91
1559562	C	A	0/1	8,53
1560912	G	A	0/1	6,53
1563686	G	T	0/1	8,51
1563717	C	T	1/1	1,59
1568178	C	T	0/1	10,48
1570566	C	A	1/1	0,87
1573946	T	C	0/1	84,14
1574206	T	C	0/1	13,75
1575275	C	A	0/1	11,54
1575793	A	G	0/1	7,52
1577216	CG	C	0/1	49,11
1577367	C	T	0/1	12,62
1580181	G	A	0/1	12,66
1581377	C	T	1/1	5,66
1584379	A	C	0/1	9,63
1584501	G	GT	0/1	9,70
1585283	A	C	0/1	11,59
1585404	G	A	0/1	12,59
1588899	G	T	1/1	0,54
1589739	C	T	0/1	10,56
1590555	C	T	0/1	17,61
1591176	G	C	0/1	58,15
1593331	G	A	0/1	45,15
1595342	T	C	0/1	55,6
1596515	C	T	0/1	18,55
1600685	C	T	0/1	15,70
1601528	C	T	0/1	11,43
1604290	A	T	0/1	14,60
1608276	A	C	1/1	4,80
1609840	A	G	1/1	0,62
1611283	T	C	0/1	10,90
1612624	T	TATCGGTACCGGTGCGCCAGGG	1/1	0,61
1613035	T	C	1/1	1,81
1614143	G	A	0/1	69,10
1616831	A	G	0/1	14,64
1617833	C	T	0/1	9,54
1624791	C	G	1/1	0,77
1625259	A	C	0/1	13,66
1626457	C	T	0/1	20,50
1627351	T	C	1/1	4,69
1630148	A	C	1/1	0,87
1639418	A	G	0/1	14,61
1639594	C	A	1/1	0,89
1639643	T	C	0/1	13,72
1640286	C	T	0/1	10,64
1640442	C	T	0/1	11,54
1645802	T	C	1/1	0,81
1647830	G	A	0/1	8,87
1650072	A	G	1/1	0,63
1650406	C	A	0/1	80,18
1658535	G	T	0/1	8,43
1659902	T	C	0/1	16,70
1659994	C	T	0/1	13,66
1664828	G	A	0/1	18,48
1676272	C	T	0/1	16,73
1676290	C	A	1/1	0,87
1688300	T	C	0/1	6,60
1689349	C	T	1/1	0,88
1691520	T	G	0/1	22,123
1692141	A	C	1/1	0,131
1693561	A	G	1/1	0,110
1694547	A	C	0/1	13,94
1695674	G	A	0/1	22,101
1696499	G	GCGGT	0/1	16,122
1697267	T	C	1/1	14,135
1698911	G	A	1/1	0,81
1699849	G	A	1/1	3,70
1700415	C	CGGGGG	0/1	15,12
1703168	T	G	0/1	61,8
1706119	T	C	1/1	0,74
1706746	C	A	0/1	11,84
1709432	C	T	0/1	8,67
1712602	G	A	1/1	9,93
1713192	A	G	1/1	5,88
1713923	A	G	0/1	100,11
1715324	C	T	0/1	109,13
1716472	A	G	1/1	7,80
1718444	T	C	0/1	17,69
1721490	C	G	0/1	9,48
1722787	TG	T	0/1	12,53
1723133	C	T	0/1	10,64
1723400	C	T	0/1	9,68
1726816	G	T	0/1	5,59
1728615	A	C	1/1	5,74
1728837	A	G	1/1	0,106
1730036	T	C	0/1	76,10
1731563	A	T	0/1	13,53
1735739	T	C	0/1	69,13
1735903	A	G	0/1	20,70
1739390	A	G	0/1	20,73
1745446	T	A	0/1	14,78
1753519	G	GC	1/1	0,53
1754016	G	GC	0/1	12,62
1754299	A	C	0/1	16,62
1754983	C	T	0/1	13,89
1758790	C	T	0/1	7,70
1759252	G	T	1/1	0,115
1760292	A	G	1/1	0,78
1760923	T	C	0/1	14,59
1763482	G	A	0/1	56,14
1763870	C	T	0/1	67,10
1764225	C	T	0/1	60,12
1766689	GCA	G	0/1	13,58
1778430	T	C	1/1	0,79
1789933	G	A	0/1	97,13
1790728	G	A	0/1	8,51
1791823	T	C	0/1	16,48
1792777	T	C	0|1	4,78
1792778	T	C	0|1	4,78
1797577	A	G	0/1	11,61
1798355	G	A	1/1	0,80
1799451	C	A	0/1	10,72
1803265	G	A	1/1	0,67
1804409	C	A	1/1	0,68
1805215	G	A	0/1	5,59
1811375	G	T	0/1	63,11
1812448	C	T	0/1	73,9
1814135	A	G	0/1	10,67
1817479	A	G	0/1	14,61
1817976	A	T	1/1	0,95
1818286	C	T	0/1	85,9
1823579	C	T	0/1	9,59
1826054	T	C	0/1	13,83
1826343	C	T	0/1	8,77
1826624	G	A	0/1	16,65
1827553	C	G	0/1	14,66
1829576	C	T	0/1	6,58
1831531	G	A	0/1	20,67
1832642	G	T	0|1	4,50
1832643	G	C	0|1	4,52
1833025	C	T	0/1	61,8
1836286	G	C	1/1	0,55
1839260	T	G	0/1	12,44
1839306	A	G	0|1	11,49
1839329	G	A	0|1	12,49
1839759	G	C	1/1	0,61
1841115	C	T	1/1	5,62
1843639	C	CACTGCTCCTATGCCGGCTGCGCCGGCATCATCGTCGTTGGCGCGGGTCATATGCGCCACTGCTCCTAT	0|1	30,29
1843641	A	C	0|1	32,5
1847919	C	G	1/1	0,65
1848147	C	A	0/1	11,55
1849191	T	C	0/1	15,53
1849609	T	C	0/1	7,55
1852877	A	C	0/1	64,10
1853974	C	T	0/1	17,55
1854045	A	G	0/1	10,59
1854300	T	C	1/1	0,60
1856777	G	C	1/1	0,77
1859559	C	A	1/1	4,84
1859989	C	T	0/1	11,55
1872959	A	G	0/1	5,45
1873700	G	A	0/1	57,7
1873954	G	T	0/1	13,68
1874993	CG	C	0/1	9,47
1876393	C	T	0/1	12,60
1876739	T	G	0/1	15,50
1885772	G	A	1/1	0,96
1886263	C	G	0/1	15,43
1887284	G	A	0/1	8,54
1889073	G	C	0/1	13,68
1893879	C	G	0/1	67,9
1894300	G	GGTCTTGCCGC	1/1	0,79
1894422	A	G	1/1	4,59
1897646	G	C	0/1	13,51
1899351	T	C	0/1	81,10
1900085	C	G	0/1	13,78
1900800	A	G	1/1	5,54
1901493	T	C	1/1	0,97
1901623	G	T	0/1	9,68
1901894	C	G	0/1	25,58
1902156	G	A	0/1	12,72
1906336	A	G	0/1	15,84
1907177	C	T	0/1	13,75
1907296	G	C	1/1	0,81
1914631	G	A	0/1	68,9
1916137	A	G	1/1	4,70
1916998	A	T	0/1	14,56
1917972	A	G	1/1	0,57
1920120	G	T	0/1	8,59
1923985	G	A	0/1	14,67
1924959	T	C	0/1	15,76
1926029	T	C	0/1	64,9
1931179	C	A	1/1	0,72
1931470	G	A	0/1	13,53
1933988	G	A	1/1	0,87
1935695	T	G	0/1	10,63
1936525	G	A	0/1	9,80
1938176	A	G	0/1	11,61
1939631	C	T	0/1	10,66
1940307	G	T	0/1	10,41
1943723	C	T	0/1	12,67
1944107	A	G	1/1	0,92
1944402	T	C	1/1	0,65
1945081	G	A	0/1	64,12
1948644	G	A	0/1	11,54
1950636	C	T	0/1	19,70
1950767	T	C	1/1	0,114
1952160	T	C	0/1	6,42
1955672	C	CGGCGCGCATCGTCACCGGGCGTCGTCTGATTGCCCGGTTCCTCCTCGCGCCG	0/1	68,44
1956930	T	G	0/1	15,84
1960168	G	C	0/1	77,8
1960284	C	A	1/1	0,76
1963383	G	A	0/1	11,48
1963957	T	C	0/1	14,69
1967237	C	A	1/1	0,72
1967783	A	G	0/1	10,86
1971725	G	C	1/1	1,56
1974804	G	T	1/1	4,56
1977374	C	T	0/1	17,75
1978807	G	T	0/1	9,53
1979026	C	T	0/1	10,53
1993808	A	T	1/1	0,65
1994506	A	G	0/1	7,65
2005071	C	T	0/1	17,80
2008669	T	A	0/1	11,53
2010778	T	C	0/1	12,74
2010880	T	G	0/1	84,9
2013943	G	C	0/1	16,61
2015299	A	T	0/1	89,10
2017291	T	C	0/1	8,71
2017560	A	T	0/1	9,53
2018220	G	C	0/1	67,13
2019236	T	G	0/1	10,59
2022643	G	T	0/1	9,58
2022868	T	C	1/1	0,72
2023211	G	T	0/1	10,76
2023628	C	G	0/1	77,9
2030486	G	GT	0|1	19,66
2030488	AT	A	0|1	19,66
2030521	T	C	0/1	17,74
2034676	C	T	0/1	58,12
2035937	G	A	1/1	4,62
2047425	GCGCT	G	0|1	15,80
2047430	AACTTCCCGTCTC	A	0|1	16,81
2052960	T	TGCAGACCTATGA	0/1	15,82
2053320	G	T	0/1	12,62
2055271	A	G	1/1	0,61
2057593	G	A	0/1	9,59
2057774	A	T	1/1	0,69
2058949	GC	G	0/1	62,8
2062922	T	C	0/1	14,63
2066471	T	C	0/1	13,49
2068353	G	A	0/1	21,54
2069464	G	A	0/1	17,61
2072190	A	C	0/1	12,63
2074754	C	T	1/1	5,76
2083124	T	C	0/1	14,53
2083610	G	C	0/1	14,59
2090306	G	A	0/1	13,61
2090400	T	TCGCCAACGCCAC	0/1	18,53
2092391	G	T	0/1	10,64
2092970	C	T	0/1	10,66
2093715	T	C	1/1	6,67
2094911	ACAGCGT	A	1/1	0,75
2096094	C	T	0/1	8,46
2096186	A	G	1/1	0,54
2096430	A	C	0/1	13,65
2097144	G	C	0/1	17,60
2097990	A	C	0/1	70,8
2103221	G	A	0/1	60,10
2104779	C	T	0/1	7,52
2105021	G	T	0/1	17,74
2106109	C	A	0/1	10,60
2108141	T	C	1/1	0,73
2108890	A	C	1/1	3,51
2109523	C	CG	1/1	0,67
2110365	A	C	0/1	11,44
2110812	G	T	0/1	12,62
2116903	C	T	1/1	0,70
2120796	T	A	0/1	12,59
2120953	C	G	0/1	12,65
2122625	A	G	0/1	15,49
2122826	G	A	0/1	16,54
2122976	C	G	1/1	5,59
2123169	T	G	1/1	0,64
2125991	T	G	0/1	15,63
2127443	G	A	0/1	11,56
2128372	A	G	0/1	17,55
2128870	A	G	1/1	0,83
2129281	C	A	0/1	18,69
2130529	A	G	0/1	10,71
2131540	C	T	0/1	11,70
2132062	C	G	0/1	9,76
2133468	T	TTCGCATGCCGTCACC	1/1	0,64
2135870	T	C	1/1	0,74
2137521	A	ACTCCGATCAC	1/1	0,86
2138453	C	T	0/1	74,10
2138767	G	C	0/1	16,54
2142250	C	T	0/1	69,11
2143327	CG	C	0/1	49,7
2143523	C	CT	0/1	10,56
2143973	A	G	0/1	7,70
2145878	A	G	0/1	10,48
2146024	G	A	0/1	1,11
2146065	C	CGGCGGTCGCGGCGGGGCGGGCGGTAGAGGCGGCGACGGCGGGCAA	1/1	0,8
2147022	A	C	1/1	0,78
2147429	G	C	0/1	19,66
2147641	C	CGTTAGTTCATGCGTA	0/1	15,56
2151678	G	T	0/1	13,72
2151780	G	T	0/1	65,11
2154724	C	A	1/1	3,81
2158109	T	C	1/1	3,63
2158563	GT	G	0/1	11,73
2160998	G	A	1/1	4,56
2161343	G	GT	1/1	3,67
2162766	G	A	0/1	17,70
2177073	T	C	0/1	17,65
2177968	G	T	0/1	9,52
2185358	G	A	0/1	12,52
2186236	C	T	0/1	51,9
2187587	G	C	0/1	73,12
2199052	C	G	1/1	6,110
2199416	A	G	0/1	15,73
2207591	T	TC	1/1	0,83
2209465	G	A	1/1	4,76
2211826	A	G	1/1	0,83
2216370	G	C	0/1	8,60
2216443	C	A	1/1	0,75
2218012	A	G	0/1	13,70
2218051	C	T	0/1	11,52
2218488	G	C	0/1	14,73
2219955	CG	C	0/1	20,68
2220512	T	G	1/1	0,86
2220940	CGCCACGAT	C	0/1	79,10
2222308	T	C	0/1	11,72
2223293	T	C	1/1	0,96
2228967	A	G	1/1	0,76
2229801	C	G	1/1	6,76
2231486	A	G	0/1	14,80
2237497	G	C	0/1	11,62
2238930	A	C	0/1	14,73
2239055	C	T	0/1	19,83
2240062	C	G	0/1	10,70
2241646	C	T	0/1	8,63
2241742	A	G	0/1	6,53
2242808	G	A	0/1	22,61
2243034	T	G	0/1	8,56
2245149	G	T	0/1	12,71
2246960	G	C	0/1	15,65
2247677	A	C	1/1	4,79
2249035	A	G	0/1	11,58
2249789	G	A	0/1	7,70
2251999	A	G	1/1	0,70
2255942	G	T	0/1	17,76
2260100	C	T	1/1	2,76
2260151	A	G	0|1	78,16
2260154	C	T	0|1	77,16
2260171	T	C	0|1	73,24
2260174	C	T	0|1	72,26
2260196	C	CA	0|1	71,24
2260199	C	T	0|1	73,24
2260212	G	T	0|1	66,20
2260214	G	C	0|1	66,20
2260220	C	T	0|1	67,20
2260222	C	G	0|1	68,20
2260231	T	C	0|1	74,20
2260467	G	A	0/1	15,54
2260525	C	T	1/1	0,48
2264782	C	A	1/1	0,72
2265059	T	G	1/1	0,86
2265257	C	T	0/1	16,76
2266487	G	C	0|1	94,51
2266504	T	TA	0|1	94,49
2266508	A	T	0|1	93,50
2266511	GT	G	0|1	93,50
2266517	T	C	0|1	91,54
2266550	G	T	0|1	83,64
2266553	C	G	0|1	81,64
2266583	C	G	0|1	84,19
2266598	G	C	0|1	78,22
2266604	C	G	0|1	75,24
2266613	G	GC	0|1	74,24
2266624	G	T	0|1	77,28
2269780	T	C	1/1	0,56
2270102	A	G	1/1	0,76
2275419	C	T	0/1	6,52
2282376	C	T	0|1	18,69
2282377	C	T	0|1	17,69
2282787	C	T	1/1	0,96
2284456	T	G	0/1	88,10
2285251	C	A	1/1	0,86
2287121	A	G	1/1	0,95
2308356	C	T	0/1	20,51
2309356	G	A	0/1	15,75
2309472	C	A	0/1	12,55
2310831	C	T	1/1	3,53
2311099	C	G	0/1	4,48
2321358	G	C	1/1	6,63
2325320	T	C	0/1	85,11
2327903	ATGAT	A	0/1	10,65
2328543	T	C	1/1	5,53
2329533	A	G	1/1	0,57
2331255	C	T	0/1	14,48
2331620	A	C	1/1	4,62
2331789	G	T	1/1	5,62
2332173	G	A	0/1	18,58
2334007	A	G	1/1	0,63
2335075	A	G	1|1	0,76
2335080	T	C	0|1	67,8
2335494	A	G	1|1	0,67
2335500	C	T	0|1	5,57
2337192	A	C	0/1	64,8
2338194	AC	A	1/1	4,70
2338275	G	C	0/1	71,11
2338416	C	G	0|1	72,7
2338422	C	T	0|1	71,7
2338425	A	G	0|1	72,7
2338428	G	A	0|1	72,7
2338431	A	G	0|1	71,7
2338434	C	T	0|1	71,6
2341030	G	A	0/1	10,83
2341636	C	G	1/1	0,59
2342403	C	G	0/1	13,52
2342649	A	AGGCGTACACAC	0/1	3,52
2344246	G	C	0/1	79,16
2345037	C	A	1/1	0,49
2349634	C	T	0/1	13,51
2350186	A	G	0/1	10,56
2352065	C	CCTCGCCTGGGCTGGCGAGCAGACGCAAAATCCCCCGCACGCCCGGCGTGTCGGGGGATTTTGCGTCTG	0/1	17,46
2353385	G	C	0/1	77,14
2355874	G	C	0/1	16,56
2357268	TGCC	T	1/1	0,36
2358029	T	TG	1/1	3,63
2361604	C	G	1/1	0,66
2362041	C	A	1/1	0,73
2365255	TG	T	0/1	13,74
2368564	TA	T	1/1	0,92
2368647	C	T	0/1	15,75
2369186	G	C	1/1	4,65
2369326	C	G	0/1	8,72
2374442	G	A	0/1	11,59
2376425	A	G	0/1	17,55
2379743	C	G	0/1	19,63
2382954	G	T	0/1	15,52
2386389	G	A	1/1	0,63
2388641	G	A	1/1	2,90
2390299	A	G	0/1	14,80
2397760	C	G	0/1	15,44
2399887	C	T	0/1	17,52
2400031	G	A	0/1	9,51
2401690	G	A	0/1	10,54
2401825	TGGCTCCTCCTCACCCCGTTACCCGGGGCGCATCGTCGCCGAGCTCGATTTGATTGCCC	T	0/1	13,34
2403209	A	G	0/1	6,51
2413246	C	A	0/1	8,58
2413326	G	A	0/1	8,57
2415656	G	C	1/1	0,56
2419142	A	G	0/1	9,47
2421816	A	G	1/1	4,70
2421975	G	GGGAA	1/1	3,74
2424864	A	G	1/1	7,83
2424925	A	G	1/1	0,86
2425097	A	C	0/1	10,72
2425471	T	C	1/1	5,72
2437259	G	T	0/1	7,65
2440926	G	T	1/1	0,67
2447424	T	G	0/1	12,80
2447539	A	G	0/1	14,82
2448288	G	A	0/1	8,62
2448458	C	T	0/1	8,76
2449295	G	A	0/1	14,72
2449826	C	G	0/1	59,6
2450045	G	A	0/1	13,50
2451081	C	G	0/1	9,47
2451927	G	GCAGC	0/1	18,53
2452452	G	A	0/1	42,8
2456541	G	T	0/1	8,64
2462871	G	A	1/1	0,62
2470436	A	C	0/1	7,58
2470485	G	T	0/1	7,53
2470591	A	C	1/1	6,68
2472956	T	C	0/1	10,38
2477984	G	A	0/1	51,11
2478619	G	A	0/1	45,14
2480809	G	C	0/1	54,9
2480932	C	T	0/1	14,54
2494233	G	A	0/1	10,45
2494430	C	G	0/1	67,13
2495500	T	C	0/1	7,58
2498876	G	A	0/1	13,55
2499726	G	A	1/1	0,68
2500892	C	T	0/1	7,70
2501147	G	GC	0|1	4,64
2501148	T	C	0|1	4,65
2503549	C	A	0/1	14,64
2508395	G	A	0/1	8,52
2509140	G	C	1/1	0,58
2509181	C	G	0/1	13,49
2509231	C	T	0/1	56,8
2509722	A	G	1/1	0,71
2511712	G	T	0/1	14,66
2514755	G	A	0/1	9,66
2516271	T	C	0/1	68,15
2516567	G	C	0/1	7,70
2517288	C	T	0/1	9,56
2517610	G	A	0/1	9,62
2518132	C	T	0/1	13,71
2521342	T	C	1/1	0,77
2523205	G	GCGC	1/1	0,54
2525722	CG	C	1/1	0,60
2526974	T	C	1/1	3,81
2528931	G	A	0/1	17,58
2529680	A	G	1/1	0,65
2530434	G	T	0/1	15,68
2534562	GGA	G	1/1	0,74
2536312	C	T	0/1	62,9
2538793	G	A	0/1	13,54
2541477	C	G	0/1	77,11
2542543	G	A	0/1	68,16
2543924	CGA	C	0/1	60,7
2544979	T	A	0/1	18,64
2547274	A	G	0/1	9,61
2547529	A	AG	0/1	18,59
2552592	A	C	0/1	19,67
2553682	C	T	0/1	15,67
2562783	T	C	0/1	13,52
2563958	A	C	0/1	13,47
2564368	G	GC	1/1	3,84
2566766	C	CG	1|1	3,87
2566768	A	C	1|1	3,89
2569593	A	G	0/1	13,57
2573434	G	T	0/1	15,60
2573756	C	A	1/1	0,89
2574598	C	T	0/1	9,76
2577246	A	G	0/1	14,48
2578626	A	G	1/1	3,82
2579856	A	G	0/1	13,92
2581109	C	A	0/1	12,72
2582324	G	A	0/1	15,44
2586127	A	G	1/1	0,63
2589216	G	C	1/1	3,87
2592063	GT	G	0/1	10,58
2597468	A	T	0/1	7,69
2598400	A	G	1/1	0,85
2600260	A	G	0/1	60,7
2602575	G	A	0/1	11,73
2604156	TCAGTGCCAA	T	0/1	5,55
2605293	G	T	0/1	10,64
2606797	G	GC	0/1	12,77
2608117	C	A	1/1	6,76
2608256	G	A	0/1	19,85
2608488	T	C	0/1	16,61
2611704	A	C	0/1	18,84
2612632	C	A	1/1	0,82
2615413	A	G	0/1	70,8
2619271	T	C	1/1	4,91
2622402	G	A	0/1	10,71
2622508	C	T	0/1	6,64
2631073	C	T	0/1	9,58
2631641	T	G	0/1	10,77
2631860	C	T	0|1	88,14
2631861	G	A	0|1	87,14
2631863	G	C	0|1	87,14
2631865	C	T	0|1	85,14
2631872	C	T	0|1	86,17
2631877	T	C	0|1	86,19
2631883	T	C	0|1	84,19
2631887	A	G	0|1	88,19
2631890	C	T	0|1	89,19
2631929	C	G	0|1	96,24
2631931	G	A	0|1	96,25
2631932	C	G	0|1	99,25
2631938	G	A	0|1	99,27
2631940	T	A	0|1	102,29
2631941	A	G	0|1	102,29
2631944	C	T	0|1	103,29
2631962	T	G	0|1	100,34
2631967	G	A	0|1	101,34
2631968	A	G	0|1	102,34
2631971	A	G	0|1	100,34
2631977	G	C	0|1	96,33
2632341	C	CA	1/1	7,90
2632500	A	G	1/1	5,77
2637541	C	T	1/1	4,72
2641161	T	C	0/1	15,56
2641840	A	G	0/1	8,64
2642383	C	T	1/1	7,78
2643653	G	A	0/1	9,64
2652908	C	G	0/1	10,58
2654371	G	A	0/1	82,11
2656225	A	G	1/1	2,79
2661039	G	A	0/1	50,15
2662707	C	G	0/1	54,7
2663210	G	A	0/1	9,51
2674984	T	G	0/1	34,5
2677186	T	G	0/1	66,10
2680658	T	G	1/1	0,102
2687134	G	GCGCCGGCGACGATGCAGAGCGCAGCGATGCTGAGGAGCGGCGCCATCGAAGCAC	0/1	5,6
2688225	G	C	0/1	6,63
2688700	C	T	0/1	56,9
2691713	T	C	0/1	16,71
2695378	C	G	1/1	0,80
2696977	G	C	0/1	12,62
2700222	T	C	0/1	52,11
2703951	GTCAGCCCCGCCCGGCGACGATGCGGGCCGCCCAGCGGCCCGCTGAGGAGCCGGGCAA	G	0/1	21,49
2704291	G	A	0/1	7,49
2704588	C	T	0/1	14,80
2704884	A	ACAGCGACCATATCGCCGAGCT	1/1	0,71
2705561	A	G	0/1	12,50
2709795	A	G	0/1	8,60
2712913	C	A	0/1	9,51
2713795	C	T	1/1	0,53
2718852	T	G	1/1	0,88
2719850	G	A	0/1	11,63
2723506	T	C	0/1	9,71
2724180	TCACGATCGGGTCTCCTCTAG	T	0/1	6,52
2725472	G	A	0/1	13,56
2726051	G	A	0/1	16,71
2727037	A	T	0/1	11,88
2728335	G	T	0/1	13,72
2729772	G	C	0/1	12,73
2731741	G	A	0/1	17,75
2734074	T	C	1/1	0,67
2737572	C	A	1/1	0,55
2739385	T	C	0/1	15,61
2740693	T	C	1/1	2,75
2740845	C	T	0/1	18,61
2745739	G	A	0/1	20,86
2745839	G	A	0/1	15,75
2751804	C	T	1/1	0,60
2752698	C	A	1/1	0,86
2753041	C	T	0/1	17,90
2753869	A	G	0/1	67,11
2755112	G	A	0/1	15,73
2756770	G	A	0/1	16,86
2757357	C	T	0/1	17,72
2759534	C	G	0/1	17,73
2760152	A	G	1/1	0,73
2764206	A	G	0/1	7,64
2764939	G	A	0/1	9,45
2773955	G	C	0/1	9,68
2779136	T	C	1/1	0,74
2786952	A	G	1/1	0,83
2787989	C	T	0/1	17,59
2788966	G	T	0/1	12,62
2789661	C	A	0/1	7,60
2790458	A	C	0/1	9,72
2790547	A	C	1/1	5,85
2791098	C	T	1/1	3,62
2791257	A	T	0/1	9,66
2791475	A	G	0/1	14,48
2793525	T	C	0/1	11,60
2799488	CCGCAA	C	0/1	10,54
2799936	C	T	0/1	6,55
2807486	C	A	1/1	7,114
2809223	C	T	0/1	65,10
2809621	T	C	1/1	0,63
2809895	G	A	0/1	16,73
2815277	C	T	0/1	17,68
2817158	C	A	0/1	13,61
2817747	G	A	0/1	60,13
2818837	A	G	1/1	0,80
2819430	C	T	0/1	9,57
2821342	C	T	1/1	0,76
2822955	C	T	0/1	15,69
2824432	G	A	0/1	16,46
2825466	G	A	1/1	2,72
2827984	G	T	1/1	0,89
2828019	T	C	1/1	0,88
2828058	G	A	0/1	12,83
2828104	C	T	0/1	13,70
2828440	G	A	0/1	80,16
2830126	A	G	0/1	19,71
2830525	C	A	1/1	0,72
2840999	C	G	0/1	55,11
2841022	A	G	1/1	0,62
2847281	A	G	1/1	3,80
2847509	C	T	0/1	13,66
2851931	G	A	0/1	61,10
2854916	G	GT	0/1	20,65
2855259	A	G	1/1	0,90
2855291	C	T	0/1	15,75
2858669	G	T	0/1	8,74
2865760	A	G	1/1	0,76
2865882	T	C	1/1	1,83
2869242	T	C	0/1	18,60
2870386	C	T	0/1	11,73
2871048	C	T	0/1	59,7
2871108	C	A	0/1	12,46
2876741	G	A	0/1	10,65
2877378	G	C	0/1	70,8
2878980	C	T	0/1	7,50
2879138	C	T	0/1	6,59
2880702	G	C	1/1	0,72
2881244	A	G	0/1	13,65
2881569	A	G	0/1	83,8
2881597	AG	A	1/1	0,84
2883735	A	G	0/1	9,59
2884068	A	C	0/1	81,11
2886570	A	G	1/1	5,65
2888201	T	C	1/1	0,65
2889633	T	C	1/1	0,66
2891267	C	T	1/1	0,78
2891728	A	G	1/1	0,51
2893883	A	G	0/1	10,59
2894208	G	A	1/1	0,69
2894594	G	A	0/1	8,63
2894642	A	G	0/1	10,65
2895323	G	A	0/1	14,46
2895473	A	G	0/1	57,8
2897528	G	A	0/1	12,54
2897660	T	C	0/1	72,7
2897871	A	G	0/1	15,62
2899890	G	T	0/1	9,60
2906008	C	T	0/1	9,65
2910461	G	T	1/1	0,67
2911293	C	G	1/1	0,70
2912294	T	G	1/1	0,65
2915482	C	A	0/1	8,53
2923391	T	C	1/1	0,50
2925462	T	A	0/1	83,17
2925683	G	A	0/1	14,75
2925962	T	C	1/1	0,88
2926882	C	T	0/1	9,49
2927511	G	T	0/1	17,67
2927939	T	C	1/1	0,73
2939373	G	C	1/1	0,73
2939657	T	C	1/1	0,65
2940608	C	T	0/1	7,59
2948524	T	A	0/1	69,14
2948650	T	C	0/1	16,67
2953176	G	A	0/1	13,78
2953307	G	T	0/1	13,76
2954439	T	C	1/1	0,90
2955233	C	T	0/1	6,55
2957568	CT	C	0/1	15,73
2959256	TA	T	0|1	93,15
2959258	TCCAATCA	T	0|1	95,15
2959324	A	G	0/1	16,78
2963627	G	A	1/1	5,66
2963892	G	A	0/1	8,58
2970016	A	ACGATTGACCTGCGGTTTCATCCACAAAATCTGGGCTGCGTGAACTAAAT	0|1	12,15
2970020	T	A	0|1	11,2
2970021	T	A	0|1	11,2
2971813	G	A	0|1	14,2
2971814	C	G	0|1	14,2
2976564	C	T	0/1	6,7
2984740	A	G	1/1	0,58
2985216	G	A	0/1	8,50
2987918	G	A	0/1	6,52
2988630	C	G	1/1	3,57
2990697	C	CG	0|1	54,38
2990700	G	GATCGCAAGCGCGGC	0|1	55,35
2990702	A	AGCCGGGCGCAG	0|1	54,18
2990752	A	C	0/1	7,55
2992374	G	T	0/1	15,46
2992564	G	A	0/1	17,61
2993523	T	C	1/1	3,38
2994187	T	C	1/1	5,55
2995548	C	A	0/1	55,7
2996912	C	T	0/1	8,56
3000362	T	C	0/1	12,56
3001654	G	A	0/1	10,82
3003115	C	G	1/1	3,78
3005185	G	T	1/1	0,66
3009692	A	G	1/1	0,76
3010420	A	G	1/1	3,70
3011102	C	T	0/1	9,70
3011506	T	C	0/1	11,69
3014597	C	T	0/1	11,62
3015119	CT	C	0/1	17,77
3015379	G	A	0/1	5,61
3017465	T	C	1/1	0,71
3025431	C	T	0/1	15,67
3027548	C	T	0/1	67,15
3027606	C	G	0/1	15,68
3027798	T	C	1/1	6,89
3031168	A	G	1/1	2,71
3031285	A	T	1/1	5,61
3032887	G	A	0/1	14,72
3036413	G	A	0/1	11,69
3037377	T	C	0/1	8,61
3041871	G	T	1/1	0,77
3048337	C	T	0/1	14,74
3052423	G	C	0/1	66,10
3064632	G	A	0/1	12,60
3065305	G	A	0/1	14,61
3069167	A	G	1/1	4,77
3069566	C	T	0/1	74,12
3069805	G	C	1/1	4,84
3070311	C	A	0/1	9,72
3072285	A	C	0/1	74,10
3074830	C	T	0/1	14,76
3076361	G	T	0/1	16,66
3080795	A	G	1/1	0,85
3085119	G	GC	0/1	12,79
3086261	T	C	0/1	13,82
3086788	T	C	1/1	0,71
3088625	A	G	0/1	14,61
3089299	C	G	0/1	73,10
3092402	A	C	0/1	10,54
3097349	C	T	0/1	15,56
3103682	T	C	1/1	0,83
3104189	A	G	1/1	3,78
3105144	C	A	0/1	8,55
3106507	G	A	0/1	15,58
3111280	G	A	0/1	74,10
3112700	C	T	0/1	63,8
3114814	G	A	0/1	22,92
3118449	A	G	0/1	9,50
3128442	G	A	0/1	21,76
3131469	T	TTGTCGGCGA	1/1	0,105
3137058	G	A	1/1	0,78
3137237	T	C	0/1	13,63
3137681	G	A	0/1	8,51
3164730	G	A	0/1	16,51
3165074	T	C	0/1	66,8
3168492	G	A	0/1	78,10
3169993	A	G	0/1	10,63
3172925	C	T	0/1	15,56
3174496	A	G	1/1	1,57
3177884	C	A	1/1	0,85
3180988	C	A	1/1	2,74
3186860	T	G	1/1	0,83
3187535	A	C	0/1	68,8
3188428	C	T	0/1	13,55
3188769	A	G	0/1	13,60
3189242	A	G	1/1	3,81
3189580	T	C	0/1	13,58
3190145	TC	T	1/1	0,72
3190342	G	A	0/1	13,64
3192354	G	C	0|1	96,20
3192357	G	C	0|1	96,18
3192359	A	ATCT	0|1	96,15
3197917	G	A	0/1	13,59
3200304	A	G	0/1	13,55
3200478	G	A	0/1	59,8
3202130	G	A	0/1	11,73
3202629	C	T	0/1	10,49
3205565	G	A	0/1	12,45
3208394	G	A	0/1	8,62
3208600	G	A	0/1	71,11
3214299	G	A	0/1	19,67
3214481	G	T	0/1	14,63
3217307	C	T	0/1	7,66
3226181	A	C	1/1	0,77
3228143	G	T	1/1	0,69
3229028	G	T	0/1	12,64
3229692	G	A	0/1	13,46
3232650	TCCGTGGCGATCGCAAGCGCGGCGCAGCCGCGCGCAGCGGGTCGCCACCATCAGACCCCGTGGCGATCGCAAGCGCGGCGCAGCCGCGCGCAGCGGGTCGCCACCATCAGACCCCGTGGCGATCGCAAGCGCGGCGCAGCCGCGCGCAGCGGGTCGCCACCATCAAACC	T	0/1	10,59
3233605	G	A	0/1	10,45
3236442	G	A	0/1	67,10
3236497	A	T	0/1	63,8
3241244	G	A	0/1	13,74
3242138	A	C	0/1	19,80
3244414	A	G	0/1	11,57
3256494	A	G	1/1	0,95
3262917	C	T	0/1	13,55
3264912	C	A	0/1	18,67
3266030	A	G	1/1	1,72
3266196	G	A	0/1	13,54
3269581	A	G	1/1	0,71
3270784	A	G	1/1	0,80
3271037	A	G	0/1	11,72
3273107	C	A	0/1	62,11
3273138	C	G	0/1	11,58
3274545	G	A	0/1	8,74
3280132	G	A	0/1	9,68
3293423	A	G	0/1	18,47
3293601	T	C	0/1	10,52
3295124	C	T	0/1	8,50
3296371	G	GCCGCGGC	1/1	1,70
3296721	C	G	0/1	9,60
3296843	A	G	1/1	0,71
3299413	G	A	0/1	9,87
3302683	C	T	0/1	10,77
3306163	CGGCACTGTGGCG	C	0/1	17,56
3306594	T	G	0/1	12,77
3308446	T	C	0/1	13,69
3308606	G	A	1/1	0,106
3309009	C	A	0/1	24,95
3309877	T	C	0/1	14,75
3311119	G	C	0/1	19,73
3312620	C	A	0/1	81,13
3312942	G	A	0/1	11,72
3314243	G	A	0/1	11,69
3314412	A	G	1/1	5,81
3315725	CG	C	0/1	82,10
3316955	A	C	0/1	80,8
3318047	TC	T	0/1	13,50
3326150	A	G	0/1	12,74
3326554	A	C	0/1	10,76
3328495	G	C	0/1	17,63
3329961	G	A	0/1	9,46
3331361	ACG	A	1/1	2,58
3336825	T	C	1/1	0,51
3337570	T	G	1/1	4,56
3338603	G	C	1/1	0,64
3338834	C	A	0/1	13,53
3340482	G	A	0/1	15,87
3348536	C	T	0/1	63,10
3349141	C	T	0/1	15,72
3349917	G	A	0/1	52,8
3351472	G	A	0/1	11,53
3352932	C	G	1/1	4,75
3354473	G	A	0/1	10,60
3355949	A	C	0/1	83,9
3357464	C	G	0/1	60,8
3358235	A	T	1/1	0,84
3359085	G	C	0/1	7,57
3363222	G	A	0/1	11,59
3363338	A	G	1/1	0,87
3365841	G	A	0/1	7,58
3366409	GATCACATCACC	G	0/1	15,76
3367765	G	A	1/1	0,101
3369869	G	T	0/1	7,56
3371260	T	C	0/1	13,63
3393361	C	G	0/1	12,65
3394177	C	T	0/1	17,67
3401850	G	A	1/1	4,50
3401871	A	G	1/1	4,48
3402816	C	T	1/1	0,71
3404376	C	G	1/1	5,94
3406798	G	A	0/1	11,65
3407028	C	T	0/1	15,59
3413785	C	T	0/1	78,11
3415180	ACACCTAGGGGGTGG	A	1/1	2,77
3415332	A	G	0/1	14,66
3420825	A	G	1/1	5,67
3423249	C	CGCGAGCAGACGCAGAATCGCCCAAAATCCAAGATTTTGAGGCGATTCTGCGTCTGCTCGCGCAACCGG	0/1	2,81
3423989	GC	G	0/1	13,76
3424462	C	T	0/1	8,60
3425854	C	T	1/1	0,78
3427632	C	T	0/1	21,62
3428917	C	A	1/1	0,87
3431407	G	T	0/1	10,61
3440464	T	G	1|1	0,81
3440468	G	C	1|1	0,78
3440542	A	G	0/1	11,69
3442240	C	A	0/1	14,68
3447480	A	C	0/1	18,60
3448714	G	C	0/1	11,60
3450725	T	C	1/1	5,80
3453382	C	T	0/1	4,48
3454263	C	G	1/1	1,63
3454945	C	T	0/1	19,72
3455686	G	C	1/1	5,77
3456666	A	G	1/1	0,91
3460765	G	C	0/1	12,66
3462135	G	C	1/1	0,71
3464629	A	G	0/1	18,58
3467465	C	G	0/1	8,86
3473996	G	GA	1/1	0,72
3474597	C	A	0/1	12,85
3475159	A	G	0/1	14,51
3478242	G	C	0|1	127,30
3478244	C	A	0|1	128,29
3478245	T	C	0|1	128,29
3478248	T	C	0|1	126,29
3478251	C	T	0|1	122,27
3478254	G	C	0|1	122,28
3478257	A	G	0|1	121,28
3478260	C	G	0|1	126,28
3478263	G	A	0|1	125,29
3478272	G	A	0|1	115,27
3478290	C	T	0/1	107,24
3479561	G	A	0/1	18,87
3480474	G	A	1/1	2,95
3480789	T	C	1/1	10,97
3486977	A	G	1/1	0,84
3493873	G	A	0/1	13,79
3494295	GGC	G	0/1	10,66
3494820	CG	C	0/1	11,45
3497586	C	G	0/1	10,65
3498418	A	G	0/1	11,77
3500243	G	C	0/1	74,8
3501224	C	CCACCTTGACCCATTCAGTTCTCGACCAGCACGACACCGTATCCGCACAAATGTAAGGAGCTGAGACACA	0/1	19,45
3503895	C	T	1/1	0,75
3505005	A	C	0/1	11,70
3506650	A	C	0/1	88,10
3508157	G	C	0/1	8,67
3509091	G	C	0/1	12,67
3509231	G	A	0/1	86,10
3518167	A	G	1/1	0,67
3518555	A	G	1/1	0,70
3521044	A	G	0/1	15,83
3525374	A	G	0/1	15,70
3526986	A	G	0/1	11,64
3529180	CCTA	C	0|1	90,10
3529186	G	GCGCGC	0|1	89,10
3529190	GTC	G	0|1	92,9
3529195	GGCCA	G	0|1	95,9
3529205	T	A	0|1	96,8
3529931	C	T	0/1	18,57
3530145	C	A	0/1	15,49
3530744	G	C	0/1	12,69
3530955	C	G	1/1	2,62
3531656	C	T	0/1	12,71
3531706	A	G	0/1	13,74
3533759	G	A	0/1	15,70
3536008	G	T	0/1	10,57
3536274	C	A	0/1	74,14
3538128	G	A	0/1	21,57
3539139	CG	C	0/1	6,51
3547031	G	A	0/1	11,74
3547956	G	A	0/1	14,73
3554354	A	G	0/1	16,61
3555699	A	G	0/1	20,76
3556275	A	G	1/1	0,96
3557253	C	T	0/1	96,13
3559470	G	A	0/1	11,55
3560645	C	T	0/1	11,74
3563920	C	T	0/1	8,61
3566923	A	ACGCTTGTCGG	0/1	20,72
3571262	G	A	0/1	12,60
3571834	T	G	0/1	11,55
3573636	T	C	0/1	13,58
3577958	A	G	0/1	8,63
3580636	CT	C	1/1	0,59
3581414	A	G	1/1	0,80
3583546	C	T	0/1	16,66
3585644	A	G	0/1	11,78
3590686	G	GC	1/1	0,62
3591063	T	C	1/1	0,74
3593456	C	T	0/1	23,102
3597682	C	T	0/1	21,88
3600390	G	A	0/1	19,73
3600576	C	T	0/1	59,9
3604821	G	C	1/1	0,58
3608865	C	T	0/1	11,74
3610391	A	AC	0/1	6,64
3610441	C	T	0/1	61,7
3610668	GGGGTC	G	0/1	15,59
3614982	T	C	1/1	0,67
3619667	T	C	0/1	14,79
3621423	A	G	1/1	1,77
3622441	A	C	1/1	0,72
3624486	T	C	0/1	11,56
3625065	T	G	1/1	1,77
3626467	C	T	0/1	12,67
3629203	G	A	0/1	14,59
3638093	G	A	1/1	6,80
3638981	C	T	0/1	11,64
3647041	A	G	0/1	9,50
3647466	G	A	0/1	12,50
3647591	A	G	0/1	11,66
3653988	G	A	0/1	65,8
3656206	C	A	0/1	68,16
3658266	C	G	0/1	14,49
3661587	G	A	0/1	58,8
3661802	C	T	0/1	6,58
3664603	A	T	0/1	13,63
3670040	C	T	1/1	2,75
3670118	G	T	0/1	10,68
3671532	G	C	0/1	20,75
3671843	A	C	0/1	14,73
3672105	G	C	0/1	11,79
3675044	C	T	0/1	19,76
3678091	G	A	0|1	12,53
3679764	G	A	0/1	52,7
3679949	A	G	0/1	8,46
3681548	A	C	1/1	2,53
3682698	A	G	0/1	68,12
3683237	G	T	0/1	7,71
3683715	T	G	0/1	16,57
3685510	T	C	0/1	59,9
3687372	A	G	0/1	16,89
3689492	C	T	0/1	12,72
3689523	G	T	1/1	0,81
3690016	A	G	1/1	4,57
3690368	C	T	0/1	9,62
3691013	C	CGGCGACGATGCACGCCGCGCAGCGGCGTGAGGAGGAGCCGAGCAGTCAAGCACAGCTT	0/1	25,8
3693681	A	C	1/1	6,69
3696181	A	G	0/1	10,59
3697585	C	T	0/1	85,11
3697708	A	G	0/1	9,73
3704261	C	A	0/1	13,73
3704596	G	C	1/1	0,73
3714211	G	T	1/1	0,88
3714757	A	C	1/1	0,72
3715741	G	A	0/1	9,57
3718357	C	T	1/1	0,83
3721806	G	C	1/1	0,83
3723901	G	GT	0/1	17,53
3726789	C	T	0/1	19,59
3743549	A	G	0/1	8,78
3770325	C	T	0/1	7,53
3771628	A	C	1/1	3,56
3772616	G	A	0/1	14,77
3774071	A	G	0/1	12,87
3774506	G	A	0/1	7,49
3774820	G	C	0/1	57,7
3784975	G	A	0/1	19,74
3785946	A	G	0/1	12,64
3786033	A	G	0/1	15,80
3788365	T	G	0/1	19,64
3788751	T	C	0/1	14,65
3793634	A	G	1/1	6,80
3794867	C	CCA	1/1	2,81
3798095	A	C	1/1	0,109
3799512	C	T	0/1	70,11
3808103	T	C	0/1	11,73
3811629	G	A	0/1	13,84
3813759	A	G	0/1	11,74
3814449	C	T	0/1	12,66
3815268	G	A	0/1	13,71
3815477	G	T	0/1	8,83
3817117	C	A	1/1	0,71
3820449	T	TAGCCCGGTGACGATGCGGGCCGCGTAGCGGCCCGAGGAGGAGCCGGGCAATCCAGCCTG	0/1	41,0
3820501	CCA	C	0|1	98,35
3820505	C	G	0|1	97,35
3820508	G	T	0/1	82,34
3820545	A	G	0/1	56,47
3820722	G	A	0/1	12,57
3821503	A	C	0/1	69,7
3821520	G	A	0/1	16,60
3821845	G	T	0/1	54,6
3823159	A	T	1/1	0,85
3826684	C	T	1/1	0,84
3829770	T	C	1/1	0,75
3830566	G	A	0/1	10,71
3830695	A	G	1/1	4,77
3838871	A	G	1/1	0,69
3851084	A	G	0/1	13,75
3851887	A	C	1|1	0,10
3851888	T	C	1|1	0,11
3853231	C	A	0/1	19,70
3854899	T	C	0/1	13,83
3859893	C	T	1/1	0,79
3860216	G	A	0/1	61,13
3861914	C	T	0/1	17,58
3862472	GA	G	1/1	0,69
3864041	G	A	0/1	8,40
3864995	T	C	1/1	0,91
3868738	C	A	0/1	13,52
3871246	T	C	1/1	1,54
3874722	AT	A	1/1	8,115
3874745	G	C	0/1	118,12
3876953	G	A	0/1	11,53
3877421	A	G	1/1	0,69
3879882	G	A	0/1	20,69
3880175	C	A	0/1	68,8
3880239	C	CGTCCGGCTCCTCCTCGGACCACTACGCGGCCCGCATCGTCGCCGACCAAGTCCAACT	1/1	3,39
3880575	G	A	0/1	12,72
3883467	A	G	0/1	15,66
3885886	T	C	1/1	0,69
3892671	A	G	1/1	0,110
3893480	G	A	1/1	6,93
3895727	C	A	1/1	4,76
3896340	T	G	1/1	0,81
3897374	G	A	0/1	8,67
3898408	A	G	1/1	0,84
3898869	C	A	0/1	11,64
3899654	C	A	0/1	10,61
3902816	A	G	0/1	14,58
3904922	G	C	0/1	13,50
3906462	A	AT	0/1	65,9
3906926	C	T	0/1	10,68
3908062	C	T	0/1	83,11
3909235	G	C	1/1	4,68
3909522	C	T	0/1	8,61
3913737	G	A	0/1	13,59
3919929	C	T	0/1	10,66
3920109	G	T	0/1	10,61
3921094	C	T	0/1	13,86
3922836	T	C	0/1	11,64
3952800	G	A	1/1	0,74
3956844	C	T	0/1	11,60
3958007	C	T	0/1	7,62
3958403	A	G	1/1	0,67
3959418	C	T	1/1	0,93
3960818	C	CTT	0/1	15,64
3961802	A	G	0/1	18,42
3964293	G	T	0/1	10,82
3964930	C	T	0/1	116,15
3967223	G	A	1/1	9,94
3974142	G	A	0/1	14,63
3976661	A	G	1/1	7,76
3977396	A	C	1/1	5,84
3984321	G	A	0/1	7,74
3984926	G	A	0/1	12,71
3988745	C	G	0/1	11,73
3989107	C	T	0/1	15,54
3989914	G	T	0/1	16,77
3994898	A	G	0/1	15,52
4003645	C	T	0/1	14,63
4005114	G	C	1/1	4,74
4005607	T	C	1/1	0,67
4008747	A	G	1/1	2,54
4012219	T	C	0/1	16,78
4013076	G	A	0/1	9,66
4014431	C	T	0/1	11,81
4018562	G	C	0/1	87,9
4019103	G	T	0/1	17,73
4020756	C	G	0/1	12,68
4022652	G	A	0/1	16,53
4024079	T	C	0/1	16,49
4024273	T	C	1/1	0,70
4024967	C	G	0/1	14,66
4026800	G	C	0/1	14,57
4026899	G	A	1/1	0,60
4028752	A	G	1/1	5,84
4034827	C	T	1/1	0,85
4040517	A	G	0/1	10,60
4044740	G	A	0/1	10,85
4047879	C	T	0/1	16,62
4052349	T	G	0/1	66,8
4054364	C	T	0/1	9,70
4054637	A	G	0/1	12,69
4055801	G	A	1/1	0,128
4056416	C	A	1/1	9,106
4057036	A	G	0/1	122,12
4057081	A	G	0/1	21,108
4058711	T	C	0/1	12,77
4059904	A	G	1/1	0,85
4064270	G	T	1/1	5,52
4067152	G	A	0/1	8,51
4067326	C	A	0/1	11,61
4069292	G	A	1/1	0,79
4069797	C	T	0/1	10,48
4076289	G	A	0/1	13,66
4081987	G	C	0|1	9,59
4081996	G	C	0|1	9,57
4083360	T	G	0/1	11,76
4084946	T	C	0/1	14,56
4085200	G	C	0/1	13,80
4086282	G	A	0/1	10,53
4089058	T	C	1/1	5,49
4090453	C	G	0/1	82,9
4092376	T	C	0/1	6,6
4093719	G	A	1/1	6,61
4094569	G	A	0/1	27,5
4095001	CG	C	1/1	0,86
4095295	T	C	1/1	3,70
4096190	G	A	0/1	10,54
4097447	A	G	0/1	19,62
4097490	A	AC	0/1	57,14
4100975	T	C	1/1	0,77
4101018	C	T	0/1	17,63
4101280	C	T	0/1	14,72
4105757	C	T	0/1	12,72
4106154	C	T	0/1	16,71
4107074	T	C	1/1	6,69
4107632	G	A	0/1	9,75
4111303	G	C	1/1	0,70
4112429	T	C	1/1	4,70
4115029	G	A	0/1	17,53
4116682	T	C	0/1	7,70
4117161	C	A	0/1	13,59
4119246	T	C	0/1	13,84
4122287	G	T	0/1	65,12
4124254	C	G	0/1	66,7
4126087	T	G	0/1	10,67
4128941	G	A	0/1	67,8
4130711	G	C	0/1	10,77
4133907	G	A	0/1	13,62
4137190	T	C	1/1	7,80
4138377	A	G	0/1	13,58
4139183	A	AC	0/1	48,17
4141864	C	A	0/1	13,60
4142689	G	A	0/1	14,68
4145737	A	G	1/1	4,74
4151855	A	G	0/1	7,71
4156099	C	A	1/1	0,68
4156239	A	G	0/1	6,56
4156503	C	T	1/1	5,71
4157259	G	A	0/1	11,65
4158361	A	G	0/1	12,51
4159195	T	C	1/1	1,60
4160533	TGCGCCCGGC	T	0/1	10,64
4162339	A	G	1/1	0,85
4163558	G	C	0/1	14,73
4166290	G	A	0/1	68,10
4167642	G	T	0/1	19,61
4168438	G	T	0|1	9,70
4168445	GCGCGGACGGGAA	G	0|1	11,65
4169666	GT	G	0/1	11,63
4169719	C	T	0/1	13,62
4170739	G	C	0/1	80,12
4170964	G	GA	1/1	2,55
4174478	T	C	0/1	11,74
4176559	G	A	0/1	10,65
4177601	G	A	0/1	12,54
4179089	C	T	1/1	3,68
4182695	G	A	1/1	0,80
4182835	G	A	0/1	9,66
4187063	G	A	0/1	7,67
4187485	T	C	1/1	0,85
4187817	A	G	1/1	0,82
4189101	C	T	0/1	10,52
4190532	A	C	0/1	13,67
4190596	A	C	0/1	21,67
4190962	G	A	0/1	9,62
4195390	A	T	0/1	89,13
4197138	C	CT	1/1	0,89
4197189	A	G	0/1	18,74
4198611	CG	C	1/1	0,83
4200220	A	G	0/1	12,70
4201105	G	A	0/1	8,70
4202383	A	C	0/1	13,65
4204441	A	G	1/1	0,75
4205120	A	G	1/1	2,82
4206203	G	C	0/1	62,15
4210274	A	G	1/1	0,87
4210876	T	C	0/1	15,61
4215484	G	C	1/1	3,72
4216255	C	G	0/1	6,56
4217557	A	G	1/1	4,97
4218669	G	GT	0/1	15,59
4218851	G	A	0/1	11,68
4221490	C	G	1/1	0,69
4222073	A	G	1/1	0,59
4222882	A	G	1/1	0,89
4223172	T	C	1/1	3,68
4226275	C	T	0/1	86,10
4231110	CA	C	0/1	18,76
4231624	ACTTG	A	0/1	57,6
4232327	A	G	0/1	9,63
4240671	C	T	0/1	11,57
4241042	A	G	1/1	5,55
4242643	C	T	1/1	0,63
4243848	G	A	0/1	7,64
4245969	C	T	0/1	8,57
4246958	G	A	0/1	9,53
4247646	A	C	0/1	18,53
4250411	G	A	0/1	20,76
4251297	G	C	0/1	10,80
4252010	G	T	0/1	16,77
4254345	AT	A	0|1	15,60
4254347	T	A	0|1	15,62
4255922	A	G	1/1	0,81
4257220	A	G	1/1	0,85
4258447	G	A	0/1	62,9
4259334	G	C	0/1	12,51
4261499	G	A	0/1	17,73
4263279	A	G	0/1	14,59
4266647	A	G	0/1	72,7
4269387	T	G	0/1	10,63
4269606	A	G	0/1	8,53
4273272	G	A	0/1	12,60
4275686	TG	T	0/1	15,66
4275854	G	A	0/1	9,64
4275935	A	G	0/1	8,76
4276306	C	T	0/1	12,80
4280441	C	A	0/1	15,63
4281143	C	G	0/1	19,79
4281272	G	A	0/1	10,62
4283016	G	C	0/1	13,64
4285579	C	G	0/1	19,93
4286156	T	C	0/1	20,96
4287164	A	G	1/1	9,98
4287361	C	T	0/1	16,81
4289953	A	G	0/1	14,64
4289967	G	C	0/1	72,7
4290564	G	T	0/1	20,81
4290827	C	G	0/1	18,92
4292941	G	A	0/1	82,11
4296015	G	A	0/1	6,67
4296381	G	T	0/1	14,68
4298896	G	A	0/1	17,69
4299712	C	T	1/1	8,97
4303407	A	C	0/1	27,91
4304938	C	G	0/1	73,14
4306155	C	T	1/1	0,84
4306339	G	T	0/1	9,60
4307179	G	A	1/1	0,89
4307344	C	G	0/1	11,65
4310743	T	TG	0/1	14,57
4313128	C	T	1/1	5,82
4313156	G	A	0/1	73,9
4314645	A	G	1/1	4,66
4314843	G	A	0/1	12,55
4315250	G	C	0/1	6,69
4315384	T	C	0/1	49,6
4316566	C	G	0/1	12,50
4317784	G	A	0/1	69,15
4317860	G	C	0/1	78,16
4322039	AC	A	0/1	63,9
4323006	G	A	1/1	3,67
4323302	T	C	0/1	8,61
4324117	G	A	0/1	15,60
4325644	G	C	0|1	68,7
4325923	G	A	0/1	14,79
4328492	G	A	0/1	61,11
4329782	G	A	1/1	3,90
4334425	G	C	0/1	16,82
4336090	A	AT	0/1	68,13
4336597	C	A	0/1	9,71
4337574	A	G	0/1	17,75
4338595	GC	G	1|1	0,124
4338603	G	A	0|1	18,104
4338732	G	A	1/1	0,102
4340984	T	TTCCCCGGGTTCCCCTCCCTACCCGGTTTCCCCGGGC	0/1	14,69
4341396	A	AAGGCGCGGCCGC	0/1	12,65
4342595	G	A	0/1	69,9
4344058	T	C	0/1	9,62
4345048	C	T	0/1	14,63
4345891	G	A	0/1	11,67
4346628	A	G	0/1	22,79
4348724	A	ACCCGCGCCGGCGACGATGCAAAGCGCAGCGATGAGGAGGAGCGGCGCCAACGG	1/1	0,0
4349129	C	T	0/1	7,85
4351039	G	T	1/1	0,85
4355319	C	G	0/1	51,9
4355364	G	A	0/1	12,58
4356110	G	C	1/1	0,86
4356864	C	CTG	1/1	5,80
4357597	C	G	1/1	4,80
4357773	G	A	0/1	8,68
4357946	C	T	0/1	8,80
4359147	G	GGTGATCGGGGTTCCCGGC	0/1	9,24
4359177	T	TCCCGGCGTGATCGGGGTTCCCGGTGTG	0/1	7,41
4364433	C	G	0/1	69,7
4366195	T	C	1/1	4,66
4366272	G	C	1/1	0,79
4367649	A	G	0/1	11,51
4369499	G	A	0/1	14,57
4369848	G	A	0/1	17,55
4371023	C	G	0/1	9,54
4372353	G	C	1/1	4,81
4373855	GA	G	0/1	83,16
4374228	T	C	1/1	8,89
4376026	T	C	0/1	8,63
4377033	G	C	0/1	8,64
4379680	C	G	1/1	0,77
4382054	T	C	1/1	0,69
4382275	G	T	1/1	0,66
4383144	C	CCGGGG	1/1	0,54
4383442	T	C	0/1	6,64
4383655	A	G	1/1	0,51
4384007	C	G	1/1	0,80
4385031	CG	C	0/1	8,40
4385187	A	G	0/1	7,53
4385715	TGCCAGATCGTTCTCCCTGATCAGGC	T	0/1	8,71
4385916	C	G	0/1	86,89
4385933	A	G	0/1	92,98
4385937	C	T	1/1	5,193
4385946	C	T	0/1	84,114
4386108	A	G	1/1	12,224
4386142	A	G	0/1	88,138
4386228	T	C	1/1	3,220
4386288	C	T	0/1	98,134
4386304	A	AT	0|1	88,100
4386305	C	CCGCG	0|1	89,97
4386308	CAT	C	0|1	93,95
4386315	G	C	0|1	94,90
4386316	C	G	0|1	95,88
4386322	A	G	0|1	88,89
4386325	A	G	0|1	90,87
4386328	A	T	0|1	89,87
4386335	A	G	0|1	88,80
4386337	G	A	0|1	89,78
4386341	C	A	0|1	85,75
4386343	G	A	0|1	85,74
4386346	G	A	0|1	89,69
4386347	T	C	0|1	90,69
4386580	A	G	0|1	81,15
4386587	C	T	0|1	78,17
4386590	A	T	0|1	79,19
4386599	A	G	0|1	82,25
4386604	G	C	0|1	85,28
4386630	GTCGTA	G	0|1	78,42
4386637	CCGGT	C	0|1	79,43
4386702	G	C	0/1	73,70
4386768	G	A	0|1	61,63
4386774	C	T	0|1	59,60
4390380	A	G	0/1	9,51
4390471	C	A	0/1	52,7
4391076	C	G	0/1	11,64
4393178	A	G	0/1	8,77
4393576	C	T	0/1	8,75
4394210	G	C	0/1	14,67
4394539	G	C	0/1	45,7
4395387	A	G	0/1	21,57
4397588	C	T	0/1	9,69
4397990	G	A	0/1	65,11
4398732	G	A	0/1	16,63
4399888	A	G	0/1	13,74
4400660	AC	A	1/1	0,56
4401400	A	G	0/1	16,60
4401509	C	T	0/1	62,10
4404247	G	A	0/1	14,67
4406349	C	T	0/1	13,85
4407588	T	C	1/1	4,74
4407873	C	A	0/1	21,70
4408920	A	G	0|1	17,79
4408923	C	T	1|1	5,92
4410386	G	T	0/1	23,68
4411016	G	A	0/1	16,64
4411400	G	T	0/1	23,87
