324	C	G	0/1	26,22
1849	C	A	0/1	26,31
1977	A	G	1/1	0,49
3446	C	T	0/1	19,20
4013	T	C	1/1	0,52
4213	C	T	0/1	38,22
7362	G	C	1/1	0,69
7585	G	C	1/1	0,84
9304	G	A	1/1	0,72
10219	C	G	0/1	42,37
11637	C	T	0/1	37,34
11879	A	G	1/1	0,58
12204	G	A	0/1	28,41
14785	T	C	1/1	0,64
15117	C	G	0/1	32,31
18091	G	A	0/1	44,38
21795	G	A	1/1	0,65
23854	A	G	0/1	31,36
24007	G	T	0/1	42,56
24698	GCCGCGTTGCTCGGGGTAA	G	0/1	31,23
26747	GC	G	0/1	29,36
26957	C	G	0/1	38,36
26959	C	G	1/1	0,76
27487	G	A	0/1	32,23
33372	T	C	0/1	40,30
34044	T	C	1/1	0,58
34568	TC	T	0/1	28,41
37031	C	G	1/1	0,87
38942	C	T	0/1	33,43
39017	G	GGTTGATTGGCCCCGGCTCTCTTCGCGCGCTGGGCGCGCTCATCGACCGGGGCTTGC	0/1	17,12
42281	C	A	0/1	47,56
42967	G	C	1/1	0,78
48206	C	T	0/1	25,36
49079	C	G	0/1	43,30
49360	C	T	0/1	31,23
49690	GCC	G	0/1	47,25
50557	T	C	0/1	28,39
51949	A	G	0/1	30,38
53422	G	A	0/1	25,39
54304	C	T	0/1	31,29
54394	A	G	0/1	33,38
54842	G	T	0/1	35,35
55546	G	GCCT	0|1	31,33
55553	C	CCGT	1|1	0,64
56001	G	A	0/1	21,29
56596	A	G	0/1	32,31
60473	G	A	0/1	37,33
60669	G	A	0/1	36,45
62049	A	G	1/1	0,68
65083	G	A	0/1	31,29
66391	C	G	0/1	35,42
66632	C	T	0/1	27,47
67012	C	T	0/1	23,31
69493	CT	C	0/1	28,44
69984	C	A	0/1	38,42
69989	G	A	1/1	0,83
70267	G	T	0/1	36,33
70816	A	G	1/1	0,36
71336	G	C	1/1	0,39
71584	C	CCGAGCGCTGTTCTGGCGCTAATCTGACGCTAGAATAG	1/1	0,59
72549	C	T	0/1	35,31
75233	C	A	0/1	31,24
75940	G	C	1/1	0,59
76695	C	T	0/1	30,33
79032	T	C	0/1	31,18
79504	T	TCGGTGGACCCGGTGGACCCGGTGGACC	0/1	16,9
79726	C	T	0/1	23,25
86062	T	G	0/1	22,38
92199	T	G	1/1	0,99
103552	G	T	0/1	38,62
116000	T	G	1/1	0,89
117389	C	T	0/1	38,40
122109	A	G	1/1	1,70
122794	T	G	0/1	39,27
123198	T	C	0/1	40,41
123520	T	C	0/1	33,34
123745	G	A	0/1	39,36
125830	G	GA	1/1	0,78
129576	A	C	0/1	33,36
131174	T	TG	1/1	0,54
133839	C	T	1/1	0,55
140215	C	T	0/1	59,36
143207	T	C	0/1	30,53
144865	C	T	0/1	14,27
146087	T	C	1/1	0,61
154283	T	C	1/1	0,104
157129	C	T	0/1	20,24
157936	G	C	0/1	33,40
158427	C	T	0/1	37,36
162097	G	A	0/1	31,33
170671	G	A	0/1	39,46
172492	C	G	0/1	25,41
176534	TG	T	0/1	24,31
177057	CTTCGCGG	C	0/1	22,37
181069	C	G	0/1	31,25
181090	C	T	0/1	28,34
183310	T	G	0/1	34,40
192841	C	A	0/1	56,47
194305	C	CGG	0/1	32,35
194681	G	C	1/1	0,82
196642	C	T	1/1	0,44
197825	G	A	0/1	39,41
198401	G	T	0/1	41,38
199470	T	G	0/1	29,36
201949	G	A	0/1	23,41
206339	T	C	1/1	0,50
206453	G	C	0/1	22,14
206481	C	G	0|1	11,22
206484	G	T	0|1	11,22
207079	G	C	0/1	45,37
210624	C	T	0/1	43,27
217201	T	C	0/1	20,32
218599	T	C	0/1	27,30
223942	T	C	1/1	0,129
224338	C	T	0/1	31,28
225323	T	C	1/1	0,51
227098	T	C	1/1	0,90
230576	G	GT	0/1	10,10
230920	TC	T	0/1	27,36
231114	C	G	1/1	0,64
234477	T	G	1/1	0,66
234496	C	CGT	1/1	0,60
240306	C	T	0/1	52,48
243923	CG	C	0/1	35,26
249522	T	C	0/1	39,53
249586	T	TC	0/1	59,38
251575	G	A	0/1	28,26
255373	T	C	0/1	29,31
257071	C	T	0/1	23,32
261869	T	C	1/1	0,69
262268	A	T	0/1	23,38
264992	T	C	0/1	28,31
265554	A	C	1/1	0,73
266405	C	T	0/1	26,33
274463	C	A	0/1	29,57
276539	G	C	0/1	39,37
278681	C	G	1/1	0,66
279515	GCGGCCTCGGCCTAGGCCTGGCGAGCAGACGCAAAATCGCCCAATTTCGTGCCGAATTGGGCGATTTTGCGT	G	0/1	46,20
283503	G	A	0/1	31,38
283614	T	C	0/1	42,43
285772	A	C	1/1	0,89
285871	A	G	1/1	0,96
287141	GC	G	0/1	26,37
289253	C	T	0/1	36,26
293628	A	AC	0/1	22,28
301341	C	A	0/1	37,44
304923	A	G	0/1	30,45
310973	G	A	1/1	0,82
311613	G	T	1/1	0,73
312689	T	G	0/1	40,23
312944	C	T	0/1	40,43
315096	C	G	0/1	43,26
316800	G	GCGATCACCAGACCCATGT	0/1	25,30
319854	A	G	0/1	40,52
320846	A	C	0/1	30,37
324812	C	T	0/1	29,34
325038	G	A	0|1	34,32
325039	G	A	0|1	34,32
325505	T	C	0/1	27,27
328569	G	C	0/1	35,37
328659	G	A	0/1	37,32
336322	CAA	C	0|1	67,9
336325	T	G	0|1	67,10
336327	C	CGG	0|1	68,10
336332	G	C	0|1	69,13
336344	A	G	0|1	70,17
336345	T	C	0|1	71,17
336353	C	T	0|1	74,15
336356	GGAA	G	0|1	74,16
336360	C	CCTCCCCG	0|1	71,16
336369	C	T	0|1	70,21
336370	A	G	0|1	69,21
336380	A	T	0|1	71,32
336400	C	G	0|1	65,38
336403	C	G	0|1	62,40
336405	A	G	0|1	64,41
336422	TTG	T	0|1	72,44
336428	A	G	0|1	73,34
336431	C	T	0|1	73,35
336439	A	G	0|1	77,36
336441	C	T	0|1	77,34
336442	G	A	0|1	77,34
336449	T	C	0|1	78,34
336451	T	G	0|1	77,33
336452	A	G	0|1	77,33
336459	G	A	0|1	76,34
336468	G	GCGTCC	0|1	80,36
336472	C	CAG	0|1	78,34
336473	T	G	0|1	79,34
336476	A	AGTCG	0|1	80,38
336480	A	G	0|1	77,38
336504	G	T	0/1	72,58
336535	T	G	0|1	73,58
336537	T	G	0|1	74,60
336540	G	T	0|1	74,60
336546	T	G	0|1	71,61
336557	C	CT	0|1	67,55
336560	T	C	0|1	67,53
339088	T	G	0|1	56,7
339090	C	CGG	0|1	58,3
339230	G	C	0/1	29,38
341932	C	A	0/1	26,20
342146	A	C	0/1	30,46
342873	C	T	0/1	34,33
346275	C	G	1/1	0,87
353197	C	T	0/1	29,37
355372	G	A	0/1	32,33
356528	A	G	1/1	0,79
358473	G	C	0/1	31,36
363563	G	A	0/1	47,46
376774	T	C	0/1	34,38
384380	A	C	1/1	0,67
386432	C	G	1/1	0,64
388556	C	T	0/1	38,29
388767	C	T	0/1	47,33
390828	T	C	1/1	0,76
391853	A	G	0/1	39,36
392261	T	C	0/1	29,26
396199	T	C	0/1	20,29
399144	C	T	0/1	23,21
402836	G	A	0/1	27,36
403980	G	A	1/1	0,67
404326	T	C	1/1	0,86
406251	T	C	0/1	21,33
414486	C	T	1/1	0,80
415699	C	A	0/1	23,36
419387	A	G	0/1	27,31
420008	A	G	1/1	0,63
422678	G	A	0/1	37,41
438470	C	T	0/1	47,36
438732	T	A	0/1	38,27
438755	G	C	0/1	38,31
440365	G	A	0/1	40,42
440878	C	T	0/1	19,22
445780	C	T	0/1	33,36
447642	G	C	0/1	37,40
454183	G	C	0/1	36,52
454295	T	C	1/1	0,67
454333	T	G	0/1	23,42
455024	G	A	0/1	44,38
455623	CT	C	0/1	57,55
457452	T	G	1/1	0,100
459399	A	C	1/1	0,72
472711	TTTGTGGGCC	T	0/1	33,31
476612	G	A	0/1	30,51
481526	AG	A	0/1	27,13
483935	T	G	0/1	13,34
484208	G	C	0/1	22,22
484504	C	G	0/1	19,19
485561	A	C	0/1	9,10
485730	C	T	0/1	10,19
485810	CA	C	0/1	5,12
489935	G	C	1/1	0,45
491742	T	C	0/1	27,32
492150	G	C	0/1	47,34
498531	A	G	0/1	33,44
498557	C	A	0/1	34,35
500714	A	G	0/1	49,36
502589	C	G	1/1	0,74
503354	G	C	1/1	0,67
503534	C	T	0/1	20,24
505974	G	A	0/1	35,48
507009	C	T	0/1	33,31
507435	C	G	0/1	41,35
513257	T	C	1/1	0,81
514278	C	T	0/1	57,41
517358	T	C	0/1	48,53
517389	C	A	0/1	46,48
523654	C	T	0/1	36,35
524891	C	A	0/1	16,29
534588	G	C	0/1	31,34
539631	C	T	0/1	11,18
541201	A	G	1/1	0,49
542513	G	T	0/1	39,41
546357	A	G	0/1	31,41
546849	G	C	0/1	43,33
548185	C	T	0/1	47,42
548326	T	C	0/1	33,38
551525	A	C	1/1	0,59
552958	T	C	0/1	21,28
555991	A	G	0/1	36,51
560437	A	C	0/1	26,23
560540	ACTTTTC	A	0/1	20,28
561021	G	A	0/1	35,37
562062	GGCCA	G	0/1	43,48
565655	A	G	0/1	18,37
567071	TGC	T	0/1	40,31
567681	G	A	0/1	33,36
572591	C	T	0/1	42,30
573262	A	G	1/1	0,65
578485	C	T	0/1	34,36
579284	T	C	0/1	16,23
584171	T	C	0/1	24,46
586030	C	A	0/1	28,35
590436	T	C	1/1	0,68
593741	C	T	0/1	45,32
597816	A	G	1/1	0,72
598475	G	A	1/1	0,62
599868	A	G	0/1	25,37
610120	T	G	1/1	0,63
611977	C	T	0/1	56,50
629714	G	A	0/1	36,37
633562	C	T	0/1	35,34
635139	G	C	0/1	44,35
637319	G	A	1/1	0,51
648002	T	G	1/1	0,68
648856	T	C	0/1	36,54
652950	T	C	0/1	45,45
654543	C	T	0/1	34,32
655986	T	G	0/1	39,39
656959	T	G	0/1	29,25
657081	C	T	0/1	49,34
659341	T	C	0/1	13,20
662675	C	A	0/1	40,31
662911	T	C	0/1	41,47
665293	A	G	1/1	1,69
669398	T	C	1/1	0,58
670545	G	A	0/1	38,52
684376	T	C	0/1	31,50
685461	C	G	1/1	0,73
685608	T	C	1/1	0,76
686123	C	A	0/1	43,45
686972	T	C	1/1	0,43
688792	T	TG	0/1	35,44
690450	A	C	0/1	49,49
690465	T	G	1/1	0,95
691887	G	GC	0/1	32,31
696916	C	A	0/1	56,19
698968	G	A	1/1	0,67
708056	T	C	0/1	50,54
712693	A	G	0/1	37,32
713310	T	C	0/1	27,26
720747	C	T	0/1	39,49
723361	C	T	0/1	36,73
725190	G	A	0/1	43,41
729685	C	T	0|1	30,30
729690	G	A	0|1	29,25
733947	G	T	0/1	38,35
737116	C	T	0/1	36,37
753174	C	A	0/1	29,47
754186	A	G	1/1	0,96
757020	CG	C	0/1	39,38
757182	A	G	0/1	33,44
758613	T	C	0/1	30,56
759746	C	T	0/1	14,24
762434	T	G	0/1	32,40
763031	T	C	0/1	28,30
767339	A	G	0/1	31,32
767414	G	A	0/1	33,44
775639	T	C	1/1	0,89
776100	G	A	0/1	34,39
778298	C	T	0/1	20,21
780743	G	A	0/1	36,47
781395	T	C	1/1	0,55
788615	G	C	0/1	55,35
794822	C	T	0/1	36,24
798779	T	C	0/1	34,41
798934	C	A	0/1	50,41
799136	AC	A	0/1	30,20
807405	C	T	0/1	22,30
820248	C	T	0/1	39,45
820483	G	T	0/1	43,41
820734	A	G	0/1	38,58
820752	C	T	0/1	39,59
830868	G	GGC	0/1	45,32
834857	C	T	0/1	36,70
841289	GAA	G	0/1	37,31
841764	G	C	1/1	0,75
847995	T	C	0/1	31,37
852910	C	T	1/1	0,75
854252	GC	G	1/1	0,46
857643	C	G	0/1	39,20
857696	A	G	1/1	0,61
858464	A	G	0/1	36,54
863340	T	C	0/1	31,37
868006	C	T	0/1	37,34
874835	C	CCG	1/1	0,56
876141	G	T	0/1	21,26
880562	G	T	1/1	0,75
882257	T	C	1/1	1,83
884287	C	T	0/1	22,34
893616	T	C	0/1	40,31
893733	T	G	1/1	0,75
895761	G	T	0/1	32,42
896979	T	C	0/1	45,45
900221	T	C	1/1	0,75
903537	G	T	0/1	32,27
903550	T	C	1/1	0,67
903913	T	C	1/1	0,68
904657	C	T	0/1	38,36
906742	T	C	0/1	34,36
906857	A	G	1/1	0,88
913918	C	G	0/1	33,37
919551	C	T	0/1	34,27
919939	G	T	0/1	31,37
921909	C	T	0/1	22,27
931123	T	C	0/1	37,38
932280	T	C	0/1	29,47
934230	C	G	0/1	43,43
934611	G	T	0/1	40,45
934954	G	T	0/1	33,41
936620	CCCA	C	0/1	27,31
938123	C	T	0/1	43,35
940928	AGCAATG	A	0/1	43,37
941845	C	A	0/1	44,29
942616	C	A	0/1	29,30
945214	G	A	1/1	0,79
945238	G	T	0/1	37,38
945523	C	T	0/1	49,28
949535	T	C	1/1	0,77
950116	C	G	0/1	26,36
955524	A	G	1/1	0,112
957117	T	C	0/1	36,46
957306	C	T	0/1	24,27
958630	C	T	0/1	24,29
960367	A	G	0/1	37,44
979704	G	C	1/1	0,86
986463	G	C	1/1	0,67
990001	G	C	1/1	0,75
991939	G	A	0/1	30,41
993346	A	C	1/1	0,63
996263	G	A	0/1	32,34
1002172	G	A	0/1	40,52
1007198	A	G	0/1	53,56
1007659	TG	T	0/1	19,38
1008460	C	T	0/1	22,47
1009500	C	T	0/1	26,51
1010204	C	CG	1/1	0,70
1010532	G	A	0/1	37,33
1012815	C	G	0/1	37,58
1023272	G	T	0/1	36,32
1023911	C	G	0/1	20,31
1024346	A	G	0/1	35,33
1024377	C	T	0/1	31,39
1025106	T	C	1/1	0,62
1029586	G	A	0/1	31,42
1034381	G	A	0/1	35,43
1036399	G	C	0/1	18,28
1037012	T	C	1/1	0,48
1037911	C	T	1/1	0,84
1038301	G	A	0/1	35,37
1038675	G	A	0/1	48,46
1047165	T	C	1/1	0,67
1054784	C	G	0/1	43,46
1056916	T	G	0/1	29,26
1065149	C	T	0/1	41,38
1068151	T	C	1/1	0,45
1068432	A	G	1/1	0,72
1068871	C	A	0/1	36,31
1070245	C	T	0/1	37,35
1070702	T	C	1/1	0,77
1071349	G	C	0/1	28,27
1074558	G	A	1/1	0,72
1075279	T	C	1/1	0,54
1076309	G	T	1/1	0,84
1077312	A	G	1/1	0,80
1077340	T	G	0/1	44,33
1079927	C	A	1/1	0,84
1080192	G	A	0/1	44,60
1081681	T	C	1/1	0,67
1087193	G	C	1/1	0,78
1088939	C	T	0/1	44,55
1090188	A	AG	0/1	23,37
1097220	C	T	0/1	44,44
1098523	T	A	0/1	40,33
1099058	G	A	0/1	21,21
1100234	T	C	1/1	0,58
1100414	G	A	0/1	27,31
1104690	T	G	0/1	20,25
1106099	C	T	0/1	30,20
1106422	T	C	1/1	0,56
1107940	A	C	0/1	57,39
1109975	A	G	1/1	0,87
1110469	C	T	0/1	39,39
1110721	T	C	0/1	55,46
1111852	G	T	0/1	52,55
1113733	C	A	0/1	28,28
1115509	C	T	0/1	19,34
1120452	C	T	0/1	30,29
1126889	G	C	1/1	0,58
1127421	C	T	0/1	44,38
1127648	C	A	1/1	0,80
1128636	C	T	0/1	30,49
1139089	G	C	0/1	43,45
1144409	T	G	0/1	38,39
1144585	A	G	0/1	24,26
1148259	A	G	0/1	35,30
1149551	C	T	1/1	0,78
1150585	G	A	1/1	1,94
1151054	C	G	0/1	28,48
1152805	T	A	0/1	32,28
1152863	A	G	0/1	35,34
1153388	C	T	0/1	19,16
1164336	G	A	0/1	39,33
1164571	A	G	1/1	0,88
1165713	A	C	0/1	37,16
1168715	C	CT	1/1	0,73
1173750	G	T	0/1	38,58
1177184	C	A	0/1	51,24
1178116	T	C	1/1	0,62
1178657	A	G	0/1	21,43
1178910	C	A	0/1	39,34
1183724	G	A	0/1	27,25
1193463	T	A	0/1	41,28
1200418	A	G	1/1	0,65
1211369	A	C	0/1	39,31
1220680	T	C	1/1	0,79
1224367	T	C	1/1	0,68
1227830	G	T	0/1	27,35
1230778	G	A	0/1	41,39
1233751	A	G	0/1	40,38
1236433	A	C	0/1	25,34
1239045	C	T	0/1	24,32
1240744	C	A	0/1	35,29
1241572	A	G	0/1	29,42
1245962	A	G	0/1	48,31
1247298	C	T	0/1	37,51
1247391	A	C	0/1	32,64
1248382	A	G	0/1	56,62
1248423	C	T	0/1	58,73
1248936	G	C	0/1	48,59
1248978	T	C	1/1	0,95
1250340	A	G	0/1	43,32
1251199	C	T	0/1	25,42
1254562	A	G	0/1	33,24
1258848	C	T	0/1	51,43
1265828	G	A	0/1	25,33
1269028	G	C	0/1	26,47
1271187	C	G	0/1	38,33
1272053	G	A	0/1	43,37
1273250	G	GA	0/1	33,64
1281118	T	C	1/1	0,86
1281771	T	C	0/1	38,55
1281874	C	G	0/1	37,53
1281984	G	A	0/1	14,31
1287372	G	C	0/1	33,35
1289555	C	G	0/1	21,37
1292102	A	G	1/1	0,54
1306259	A	G	0/1	21,28
1307598	C	G	0/1	28,34
1308161	C	T	0/1	23,16
1308317	T	C	0/1	24,33
1313337	A	AG	1|1	0,53
1313338	A	C	1|1	0,51
1315191	A	C	1/1	0,95
1315884	G	A	1/1	0,50
1321096	G	A	0/1	38,28
1323466	G	A	0/1	31,12
1325650	G	A	0/1	19,27
1325775	C	T	0/1	17,42
1327890	G	A	1/1	0,72
1328687	G	C	1/1	0,74
1333586	C	A	0/1	53,41
1335964	G	T	0/1	40,29
1345016	C	T	0/1	17,30
1346944	A	C	0/1	42,28
1351172	A	G	0/1	35,37
1351222	GTTCAACACCGCCGGCGTTAGCCGGCCA	G	0/1	46,22
1360209	T	C	0/1	39,30
1361190	G	A	0/1	34,44
1362006	T	C	0/1	20,39
1363990	G	A	0/1	57,39
1367484	T	G	0/1	27,34
1371470	G	A	0/1	25,37
1371697	G	A	0/1	16,32
1374065	T	C	1/1	0,73
1375724	A	C	1/1	0,92
1376568	C	CG	0/1	36,28
1377568	A	G	0/1	38,40
1382628	T	C	1/1	0,42
1383622	A	G	0/1	27,40
1387478	G	C	0/1	24,51
1390173	G	A	0/1	36,30
1390763	C	T	0/1	33,34
1393626	A	G	1/1	0,68
1396618	C	A	0/1	41,27
1396922	T	C	1/1	0,78
1401033	C	T	0/1	23,49
1402881	C	A	0/1	28,32
1411210	T	G	1/1	0,87
1413148	C	T	1/1	0,73
1414021	C	T	1/1	0,56
1415044	C	T	0/1	45,39
1422666	C	T	0|1	39,31
1422667	C	T	0|1	40,31
1430315	G	A	0/1	34,29
1435519	C	T	0/1	29,36
1438028	C	G	0/1	42,32
1440090	C	T	0/1	45,19
1440469	C	G	1/1	0,77
1445771	G	A	0|1	30,21
1445781	A	G	1|1	0,50
1450316	C	T	0/1	26,40
1457144	C	T	1/1	0,66
1461632	G	A	0/1	31,48
1467753	G	A	0/1	28,47
1471648	A	C	0/1	24,18
1471659	C	T	1/1	0,41
1472713	T	C	0|1	39,3
1472716	C	T	0|1	36,4
1472733	G	C	0/1	36,4
1472734	C	T	0|1	36,4
1472741	G	A	0|1	32,4
1472742	C	G	0/1	32,4
1472744	A	G	0/1	32,4
1472793	A	T	0|1	34,4
1472803	T	A	0|1	30,4
1472824	T	A	0/1	38,4
1472827	G	T	0/1	37,4
1472828	T	C	0|1	38,5
1478357	G	T	0/1	26,48
1479085	T	C	0/1	25,28
1482627	T	C	1/1	0,61
1482708	C	T	0/1	28,51
1484708	A	C	1/1	0,73
1487166	G	T	0/1	51,34
1490905	A	G	0/1	41,32
1495836	G	A	0/1	36,46
1498763	A	C	0/1	29,35
1498951	G	T	0/1	34,33
1499211	GCT	G	0|1	48,34
1499215	AGGCCGG	A	0|1	48,34
1499274	C	G	1/1	0,73
1500909	C	T	0/1	47,27
1501700	G	A	0/1	56,57
1505909	G	C	0/1	28,24
1508029	C	T	0/1	48,47
1513189	C	T	0/1	29,21
1526819	C	A	1/1	0,75
1534538	C	T	0|1	41,29
1534551	C	T	0|1	31,43
1536251	G	T	1/1	0,91
1540141	T	C	0/1	34,30
1540484	C	G	0/1	34,36
1544102	C	T	0/1	18,20
1544255	C	T	0/1	23,21
1546703	C	T	0/1	36,28
1547125	T	C	1/1	0,46
1552547	G	A	1/1	0,80
1554216	C	T	0/1	36,57
1563717	C	T	0/1	29,37
1565230	C	G	0/1	40,34
1570566	C	A	1/1	0,85
1577942	G	A	0/1	48,48
1583948	C	T	0/1	57,55
1588899	G	T	1/1	1,69
1593331	G	A	0/1	19,32
1595342	T	C	0/1	22,20
1599557	C	G	0/1	29,31
1600444	G	A	0/1	34,39
1608276	A	C	1/1	0,28
1609840	A	G	1/1	0,89
1612624	T	TATCGGTACCGGTGCGCCAGGG	1/1	0,61
1613035	T	C	1/1	0,57
1613696	C	T	0/1	45,37
1614143	G	A	0/1	28,47
1624791	C	G	0/1	34,35
1627351	T	C	0/1	52,35
1630148	A	C	1/1	0,69
1639594	C	A	1/1	0,52
1645802	T	C	0/1	36,37
1650072	A	G	1/1	0,94
1650406	C	A	0/1	49,45
1658543	C	CGT	0/1	56,39
1670834	C	G	0/1	28,43
1673425	C	T	0/1	25,42
1675238	C	T	0/1	47,51
1676290	C	A	1/1	0,80
1676880	A	G	0/1	33,32
1681147	G	A	0/1	30,40
1688300	T	C	0/1	39,53
1689349	C	T	1/1	0,59
1692141	A	C	1/1	0,45
1692960	T	C	0/1	19,22
1693561	A	G	1/1	0,55
1696464	C	G	0/1	35,33
1698850	C	T	0/1	9,18
1698911	G	A	1/1	0,33
1699849	G	A	0/1	25,31
1702415	C	T	0/1	22,31
1706119	T	C	1/1	0,69
1708792	T	C	0/1	24,22
1709432	C	T	0/1	34,31
1711095	C	T	1/1	0,37
1713192	A	G	0/1	27,27
1713923	A	G	0/1	28,29
1716472	A	G	0/1	40,22
1718932	C	T	0/1	21,24
1728161	G	T	0/1	29,23
1728460	A	C	0/1	28,35
1728837	A	G	1/1	0,53
1735739	T	C	0/1	31,38
1738751	C	A	0/1	28,27
1740364	T	G	0/1	50,39
1748439	C	T	0/1	27,30
1753519	G	GC	1/1	1,59
1759252	G	T	1/1	0,58
1760292	A	G	1/1	0,49
1763482	G	A	0/1	41,37
1764225	C	T	0/1	21,31
1778430	T	C	1/1	0,62
1789933	G	A	0/1	23,34
1790416	G	C	0/1	38,33
1792777	T	C	0|1	30,31
1792778	T	C	0|1	30,31
1798355	G	A	1/1	0,51
1802047	C	G	0/1	27,48
1803265	G	A	1/1	0,54
1804409	C	A	1/1	0,79
1804466	C	T	0/1	40,43
1807348	C	T	0/1	29,31
1811375	G	T	0/1	33,39
1812448	C	T	0/1	34,41
1817976	A	T	1/1	0,83
1818286	C	T	0/1	46,52
1827468	C	A	0/1	23,20
1832509	C	G	0/1	34,51
1833025	C	T	0/1	30,33
1836286	G	C	1/1	0,84
1836417	C	A	0/1	38,34
1839759	G	C	0/1	39,58
1843570	T	TGTCATATGCGCCACTGCTCCTATGCCGGCTGCGCCGGCATCATCGTCGTTGGCGCGG	0/1	16,18
1847919	C	G	1/1	0,87
1849609	T	C	0/1	25,33
1852877	A	C	0/1	50,44
1854300	T	C	1/1	0,97
1856777	G	C	1/1	0,48
1859559	C	A	0/1	23,36
1872460	C	T	0/1	40,36
1873700	G	A	0/1	35,45
1876202	T	C	0/1	50,42
1882638	C	A	0/1	36,35
1884110	C	CGCCCCGTGCGATTTGCCGAGGG	0/1	27,25
1885772	G	A	1/1	0,34
1886830	G	A	0/1	39,29
1886982	C	T	0/1	32,24
1894300	G	GGTCTTGCCGC	1/1	0,96
1894422	A	G	0/1	52,53
1901493	T	C	1/1	0,54
1907296	G	C	1/1	0,70
1907619	T	C	0/1	25,55
1908598	G	A	0/1	28,37
1915533	GCA	G	0/1	37,48
1916137	A	G	0/1	36,63
1917972	A	G	1/1	0,57
1925136	G	A	0/1	24,29
1926029	T	C	0/1	57,52
1929358	C	T	0/1	36,28
1931179	C	A	1/1	0,62
1933988	G	A	1/1	0,53
1939026	C	T	0/1	39,34
1944107	A	G	0/1	41,50
1944402	T	C	1/1	0,79
1946999	T	G	0/1	23,39
1950767	T	C	1/1	0,47
1952743	G	A	0/1	36,51
1955672	C	CGGCGCGCATCGT	0/1	49,7
1960090	C	T	0/1	50,45
1960284	C	A	1/1	1,58
1967237	C	A	1/1	0,72
1971725	G	C	0/1	31,37
1972901	C	T	0/1	50,46
1974100	C	G	0/1	37,47
1977646	G	A	0/1	38,36
1978211	C	A	0/1	31,18
1993109	A	G	1/1	0,27
1993808	A	T	1/1	0,49
2003252	C	T	0/1	35,39
2003827	A	C	0/1	22,48
2006755	GC	G	0/1	46,32
2010353	G	A	0/1	33,25
2010880	T	G	0/1	30,28
2011568	G	C	0/1	33,32
2022601	C	T	0/1	29,35
2022868	T	C	1/1	0,116
2023628	C	G	0/1	29,37
2034676	C	T	0/1	34,35
2049673	T	G	0/1	29,12
2055271	A	G	1/1	0,76
2056184	C	T	0/1	24,35
2057774	A	T	1/1	0,49
2058949	GC	G	0/1	31,34
2063187	G	A	0/1	56,42
2066765	G	A	0/1	44,40
2067679	C	T	0/1	28,29
2074754	C	T	0/1	28,42
2082555	C	T	0/1	26,48
2083145	G	T	0/1	40,44
2087388	G	C	0/1	43,43
2087652	C	T	0/1	46,37
2089580	C	T	0/1	43,41
2089752	C	T	0/1	38,39
2094911	ACAGCGT	A	1/1	0,55
2096186	A	G	1/1	0,106
2108141	T	C	0/1	24,38
2108890	A	C	0/1	46,33
2109523	C	CG	1/1	0,69
2113684	T	G	0/1	28,35
2116068	A	G	0/1	47,49
2116903	C	T	1/1	0,57
2122976	C	G	0/1	29,39
2123160	C	T	0/1	34,40
2123169	T	G	1/1	0,73
2128870	A	G	1/1	0,56
2133468	T	TTCGCATGCCGTCACC	1/1	0,57
2135870	T	C	1/1	0,74
2137521	A	ACTCCGATCAC	0/1	33,42
2138245	CTGGTAATCCATTG	C	0/1	36,25
2138453	C	T	0/1	33,30
2142250	C	T	0/1	28,37
2143327	CG	C	0/1	30,17
2144385	T	G	0/1	44,31
2146065	C	CGGCGGTCGCGGCGGGGCGGGCGGTAGAGGCGGCGACGGCGGGCAA	1/1	3,63
2147022	A	C	1/1	0,73
2151780	G	T	0/1	36,39
2153184	T	G	0/1	29,42
2153281	C	G	0/1	37,35
2154724	C	A	0/1	33,30
2158109	T	C	0/1	25,21
2158905	C	A	0/1	31,35
2160998	G	A	0/1	36,32
2161343	G	GT	0/1	26,21
2162826	C	T	0/1	58,56
2167597	A	G	0/1	30,29
2172526	A	C	0/1	24,20
2173860	A	C	0/1	27,25
2180911	G	T	0/1	21,27
2186127	G	A	0/1	41,50
2186236	C	T	0/1	42,42
2187587	G	C	0/1	48,45
2192584	G	A	0/1	28,39
2194106	T	G	0/1	40,33
2199052	C	G	0/1	20,18
2199918	G	A	0/1	24,38
2205219	A	C	0/1	24,34
2207591	T	TC	1/1	0,66
2209465	G	A	0/1	30,34
2211826	A	G	1/1	0,71
2213581	GC	G	0/1	48,26
2215466	G	A	0/1	40,33
2216345	C	A	0/1	47,38
2216443	C	A	1/1	1,67
2220512	T	G	1/1	1,77
2220940	CGCCACGAT	C	0/1	24,24
2221584	G	C	0/1	33,30
2223293	T	C	1/1	0,70
2228967	A	G	1/1	0,91
2229801	C	G	0/1	35,32
2232463	G	C	0/1	25,41
2235169	GACAATCCGACGTTTTGCACCATGATCTGCCGCGAGCGCCGGGCATGGTCTAGGGCTTGGGGCA	G	0/1	54,41
2244421	G	T	0/1	40,49
2245585	C	T	0/1	44,45
2245916	T	G	0/1	41,47
2247677	A	C	0/1	26,27
2251104	G	A	0/1	41,47
2251999	A	G	1/1	0,44
2254481	G	A	0/1	58,49
2260100	C	T	0/1	23,41
2260525	C	T	1/1	0,106
2263223	A	G	0/1	35,43
2264086	A	C	0/1	39,24
2264782	C	A	1/1	0,61
2265059	T	G	1/1	0,49
2266487	G	C	0|1	49,41
2266504	T	TA	0|1	53,43
2266508	A	T	0|1	53,40
2266511	GT	G	0|1	53,41
2266517	T	C	0|1	53,40
2266550	G	T	0/1	66,51
2266553	C	G	0/1	65,53
2266583	C	G	0|1	73,15
2266598	G	C	0|1	70,16
2266604	C	G	0|1	66,16
2266613	G	GC	0|1	65,15
2266624	G	T	0|1	64,19
2267917	G	A	0/1	43,39
2269780	T	C	1/1	0,122
2270102	A	G	1/1	0,66
2275764	G	A	0/1	39,29
2276472	T	G	0/1	42,24
2282787	C	T	1/1	0,51
2284456	T	G	0/1	28,23
2285251	C	A	1/1	0,56
2285558	G	A	0/1	36,50
2287121	A	G	1/1	0,59
2289047	G	A	0/1	30,23
2289365	CG	C	0/1	29,27
2307586	CGTCG	C	0/1	27,38
2309203	G	A	0/1	24,42
2311099	C	G	0/1	22,39
2311418	G	A	0/1	40,51
2325320	T	C	0/1	29,25
2328543	T	C	0/1	44,54
2329533	A	G	1/1	0,85
2331620	A	C	0/1	29,34
2331789	G	T	0/1	32,34
2333215	C	T	0/1	24,22
2334007	A	G	1/1	0,57
2335075	A	G	0|1	34,38
2335080	T	C	0|1	34,36
2335494	A	G	1/1	0,41
2337082	C	A	0/1	31,35
2338194	AC	A	0/1	20,39
2338275	G	C	0/1	55,23
2341636	C	G	1/1	0,74
2342490	GA	G	0/1	46,26
2342649	A	AGGCGTACACAC	0/1	36,50
2344246	G	C	0/1	31,29
2345037	C	A	1/1	0,90
2345085	A	C	0/1	28,39
2346929	C	T	0/1	43,50
2348708	G	A	0/1	33,33
2352065	C	CCTCGCCTGGGCTGGCGAGCAGACGCAAAATCCCCCGCACGCCCGGCGTGTCGGGGGATTTTGCGTCTG	0/1	36,26
2353385	G	C	0/1	37,39
2357268	TGCC	T	1/1	0,108
2357536	C	T	0/1	70,74
2358029	T	TG	0/1	33,19
2358104	G	C	0/1	26,30
2361604	C	G	1/1	0,95
2362041	C	A	1/1	0,89
2367060	TA	T	0/1	18,14
2368564	TA	T	1/1	0,46
2369186	G	C	0/1	40,42
2369326	C	G	0/1	36,42
2369971	A	G	0/1	29,23
2383459	TC	T	0|1	41,41
2383461	C	A	0|1	41,43
2386389	G	A	1/1	0,88
2388641	G	A	0/1	30,34
2402765	G	A	0/1	18,35
2404596	G	A	0/1	21,32
2405412	G	A	0/1	10,12
2413246	C	A	0/1	39,56
2415656	G	C	1/1	0,70
2418364	C	G	0/1	44,28
2421816	A	G	0/1	52,71
2421975	G	GGGAA	0/1	35,56
2424925	A	G	1/1	0,49
2425471	T	C	0/1	28,58
2434749	C	T	0/1	24,38
2440926	G	T	0|1	33,32
2440935	G	C	0|1	32,31
2448458	C	T	0/1	32,23
2449826	C	G	0/1	29,52
2452452	G	A	0/1	52,61
2453552	T	G	0/1	53,37
2462871	G	A	0/1	42,53
2464721	G	A	0/1	27,63
2470591	A	C	0/1	31,38
2472029	T	G	0/1	35,44
2477174	T	C	0/1	46,26
2477984	G	A	0/1	39,62
2478619	G	A	0/1	24,43
2480809	G	C	0/1	38,47
2488343	G	A	0/1	30,36
2493323	G	A	0/1	34,34
2494430	C	G	0/1	42,46
2499726	G	A	1/1	0,72
2504177	C	T	0/1	37,36
2504950	C	T	0/1	39,46
2509140	G	C	1/1	0,114
2509722	A	G	1/1	0,59
2516271	T	C	0/1	36,53
2516567	G	C	0/1	8,31
2521342	T	C	1/1	0,80
2523205	G	GCGC	1/1	0,102
2525722	CG	C	1/1	0,84
2526974	T	C	0/1	23,35
2527878	T	C	0/1	24,34
2529211	G	A	0/1	30,44
2529680	A	G	1/1	0,74
2533377	T	C	0/1	40,58
2534562	GGA	G	1/1	0,66
2536312	C	T	0/1	30,48
2536625	C	CG	0/1	24,28
2540554	T	C	0/1	29,52
2541477	C	G	0/1	30,22
2542543	G	A	0/1	14,22
2543899	C	T	0/1	34,36
2553675	T	C	0/1	34,32
2559478	A	AT	0/1	25,23
2561465	A	G	0/1	30,24
2561823	A	C	0/1	42,28
2562644	G	T	0/1	33,47
2564368	G	GC	0/1	22,30
2566766	C	CG	0|1	32,28
2566768	A	C	0|1	33,28
2573756	C	A	0/1	23,31
2578626	A	G	0/1	29,49
2586127	A	G	1/1	0,88
2589216	G	C	0/1	45,39
2591172	G	A	0/1	38,33
2591739	G	A	0/1	50,25
2598400	A	G	1/1	0,82
2600260	A	G	0/1	39,33
2604156	TCAGTGCCAA	T	0/1	38,30
2608117	C	A	0/1	33,25
2612632	C	A	1/1	0,34
2615413	A	G	0/1	28,36
2619271	T	C	0/1	40,34
2624986	T	G	0/1	68,75
2626950	G	A	0/1	34,33
2627598	A	C	0/1	27,38
2627946	A	G	0/1	30,33
2629005	C	T	0/1	31,25
2631009	G	GGTGCC	0/1	24,25
2631861	G	A	0|1	53,4
2631863	G	C	0|1	53,5
2631865	C	T	0|1	54,5
2631872	C	T	0|1	53,8
2631877	T	C	0|1	54,10
2631883	T	C	0|1	55,12
2631887	A	G	0|1	59,12
2631890	C	T	0|1	60,12
2631929	C	G	0|1	57,19
2631931	G	A	0|1	57,19
2631932	C	G	0|1	56,19
2631938	G	A	0|1	57,24
2631940	T	A	0|1	55,24
2631941	A	G	0|1	54,24
2631944	C	T	0/1	58,22
2631962	T	G	0|1	59,33
2631967	G	A	0|1	62,32
2631968	A	G	0|1	62,32
2631971	A	G	0|1	60,31
2631977	G	C	0|1	61,31
2632341	C	CA	0|1	22,28
2632362	T	C	0|1	21,28
2637541	C	T	0/1	37,50
2639613	C	CGAGACGTCCT	0/1	71,7
2640144	C	T	0/1	35,29
2642239	C	A	0/1	42,40
2642383	C	T	0/1	29,37
2652254	G	C	0/1	41,44
2656225	A	G	1/1	0,85
2656635	G	A	0/1	21,32
2660319	C	G	1/1	0,95
2661039	G	A	0/1	39,43
2680658	T	G	1/1	0,60
2681575	G	A	0/1	40,13
2688700	C	T	0/1	31,47
2689100	G	A	0/1	41,35
2690160	A	G	0/1	27,26
2694785	G	A	0/1	38,38
2695378	C	G	1/1	0,72
2697489	C	T	0/1	31,33
2700222	T	C	0/1	37,26
2703368	G	T	0/1	22,24
2703951	GTCAGCCCCGCCCGGCGACGATGCGGGCCGCCCAGCGGCCCGCTGAGGAGCCGGGCAA	G	0/1	66,47
2704884	A	ACAGCGACCATATCGCCGAGCT	1/1	0,59
2712328	C	T	0/1	55,55
2713795	C	T	1/1	0,65
2718852	T	G	1/1	0,59
2720069	G	A	0/1	31,40
2720444	C	T	0/1	27,28
2723506	T	C	0/1	36,40
2724180	TCACGATCGGGTCTCCTCTAG	T	0/1	35,34
2726105	G	A	0/1	30,26
2729058	A	C	0/1	24,54
2734074	T	C	1/1	0,39
2737572	C	A	0/1	37,47
2738221	G	A	0/1	46,66
2740693	T	C	0/1	21,21
2751804	C	T	1/1	0,85
2752698	C	A	1/1	0,60
2753869	A	G	0/1	33,37
2760123	G	A	0/1	48,31
2760152	A	G	1/1	0,87
2771383	A	G	0/1	25,49
2779136	T	C	1/1	0,88
2782498	G	A	0/1	38,36
2786952	A	G	1/1	0,66
2791098	C	T	0/1	17,20
2798595	C	T	0/1	29,40
2801196	G	A	0/1	39,25
2807486	C	A	0/1	22,13
2807666	T	G	0/1	17,19
2809407	G	A	0/1	30,46
2809621	T	C	1/1	0,104
2814338	T	C	0/1	27,28
2816296	A	C	0/1	36,29
2817747	G	A	0/1	44,46
2818837	A	G	1/1	0,50
2821089	C	A	0/1	31,44
2821342	C	T	1/1	0,64
2825466	G	A	0/1	35,55
2827984	G	T	1/1	0,74
2828019	T	C	1/1	0,63
2830525	C	A	1/1	0,40
2840999	C	G	0/1	30,43
2841022	A	G	0/1	23,36
2847281	A	G	0/1	49,41
2852973	G	A	0/1	53,37
2855259	A	G	1/1	0,51
2864155	C	T	0/1	39,43
2865760	A	G	1/1	0,62
2865882	T	C	1/1	0,78
2868953	G	C	0/1	33,41
2871783	T	C	0/1	41,31
2872956	G	A	0/1	36,33
2877378	G	C	0/1	47,30
2880702	G	C	0/1	21,39
2881337	C	T	0/1	34,52
2881569	A	G	0/1	30,42
2881597	AG	A	1/1	0,70
2884068	A	C	0/1	35,33
2886570	A	G	0/1	23,45
2888201	T	C	1/1	0,80
2889633	T	C	1/1	0,79
2890468	C	G	0/1	34,37
2891267	C	T	1/1	0,80
2891728	A	G	1/1	0,58
2894208	G	A	1/1	0,80
2895473	A	G	0/1	54,54
2897660	T	C	0/1	34,52
2898522	T	C	0/1	29,43
2898957	AGGT	A	0/1	33,32
2903050	G	A	0/1	45,39
2910150	C	T	0/1	35,52
2910461	G	T	1/1	0,73
2910852	C	G	0/1	31,61
2911293	C	G	1/1	0,71
2912294	T	G	1/1	0,77
2914369	C	T	0/1	43,36
2915406	C	T	0/1	59,49
2923391	T	C	1/1	0,84
2925462	T	A	0/1	25,36
2925962	T	C	0/1	37,34
2927939	T	C	1/1	0,60
2932708	G	A	0/1	46,33
2939373	G	C	1/1	0,63
2939657	T	C	1/1	1,77
2941179	G	A	0/1	17,32
2948524	T	A	0/1	39,69
2949251	G	A	0/1	29,36
2954439	T	C	1/1	0,55
2956118	A	C	0/1	32,12
2958693	G	A	0/1	38,34
2959256	TA	T	0|1	29,36
2959258	TCCAATCA	T	0|1	31,36
2964594	G	A	0/1	37,64
2984740	A	G	1/1	0,102
2986305	G	T	0/1	23,31
2986797	C	A	0/1	48,35
2988630	C	G	0/1	47,41
2990880	A	C	0/1	42,41
2994187	T	C	0/1	41,52
2994582	T	G	0/1	40,41
2995129	C	T	0/1	37,42
2995548	C	A	0/1	32,34
2999648	G	A	0/1	46,37
3003115	C	G	0/1	38,26
3005185	G	T	1/1	0,75
3009692	A	G	1/1	0,51
3010014	G	A	0/1	36,37
3010332	C	T	0/1	51,33
3010420	A	G	0/1	41,39
3011837	A	G	0/1	24,36
3015784	C	T	0/1	35,45
3015966	G	A	0/1	26,30
3017020	G	A	0/1	60,57
3017465	T	C	1/1	0,77
3022374	A	C	0/1	30,29
3027548	C	T	0/1	19,29
3027798	T	C	0/1	37,45
3031168	A	G	0/1	34,36
3037377	T	C	0/1	36,33
3040344	C	T	0/1	38,38
3041871	G	T	1/1	0,63
3043700	C	T	0/1	35,41
3048675	G	A	0/1	51,27
3059787	CCCGGCGAGCAGACGCAAAATCGCCTCATTTCGGCACGAAATGGGCGATTTTGCGTCTGCTCGGCGGGCTACTCG	C	0/1	82,21
3069167	A	G	0/1	24,46
3069566	C	T	0/1	30,43
3072285	A	C	0/1	22,34
3076172	C	T	0/1	21,51
3080795	A	G	1/1	0,69
3085991	G	A	0/1	28,32
3086788	T	C	0/1	18,27
3089299	C	G	0/1	27,34
3100151	ACGAC	A	0/1	41,42
3103682	T	C	1/1	0,102
3104189	A	G	0/1	62,43
3111280	G	A	0/1	31,54
3112700	C	T	0/1	26,29
3113297	G	A	0/1	33,33
3115384	G	C	0/1	36,28
3129069	T	G	0/1	27,24
3130748	C	CTGT	0/1	31,20
3131469	T	TTGTCGGCGA	1/1	0,54
3135272	G	A	0/1	41,29
3135762	C	T	0/1	44,41
3137058	G	A	1/1	0,77
3152055	C	T	0/1	32,29
3161903	G	A	0/1	44,35
3165373	GC	G	0/1	35,37
3165807	G	A	0/1	34,29
3168492	G	A	0/1	41,25
3170460	C	T	0/1	39,37
3174013	G	A	0/1	40,33
3174496	A	G	0/1	33,53
3175335	C	T	0/1	54,35
3177431	C	T	0/1	30,30
3177884	C	A	1/1	0,86
3179974	G	A	0/1	26,27
3180988	C	A	0/1	26,50
3186860	T	G	1/1	0,54
3189242	A	G	0/1	40,29
3190145	TC	T	1/1	0,73
3200478	G	A	0/1	40,38
3202731	A	C	0/1	47,46
3205673	C	T	0/1	35,52
3206136	G	C	0/1	44,50
3208078	C	CGCA	0/1	57,41
3208379	C	T	0/1	46,35
3208600	G	A	0/1	25,20
3211601	T	A	0/1	46,36
3212723	C	A	0/1	37,30
3217437	G	A	0/1	28,10
3219500	T	A	0/1	24,26
3220963	A	C	0/1	34,36
3226181	A	C	1/1	0,46
3228143	G	T	1/1	0,97
3228794	C	T	0/1	42,44
3232151	G	A	0/1	35,29
3236442	G	A	0/1	50,61
3236497	A	T	0/1	41,56
3242713	C	A	0/1	22,12
3244113	T	C	0/1	28,31
3256494	A	G	1/1	0,64
3266030	A	G	0/1	18,26
3269581	A	G	1/1	0,80
3270784	A	G	1/1	0,94
3273107	C	A	0/1	29,37
3277088	C	T	0/1	47,40
3296371	G	GCCGCGGC	0/1	41,28
3296843	A	G	1/1	0,61
3297676	G	A	0/1	26,24
3300104	C	T	0/1	21,12
3302589	A	C	0/1	42,38
3306441	G	A	0/1	32,33
3308606	G	A	1/1	0,53
3312620	C	A	0/1	21,22
3314412	A	G	0/1	30,34
3315725	CG	C	0/1	28,25
3316955	A	C	0/1	18,22
3326554	A	C	0/1	23,28
3328859	A	G	0/1	42,32
3331361	ACG	A	0/1	29,37
3332655	C	T	0/1	54,37
3336825	T	C	1/1	0,55
3338603	G	C	1/1	0,61
3343923	CA	C	0/1	24,11
3344621	G	A	0/1	19,23
3348536	C	T	0/1	31,27
3349917	G	A	0/1	18,44
3350236	T	C	0/1	21,40
3352932	C	G	0/1	32,48
3355949	A	C	0/1	26,55
3357241	G	A	0/1	30,36
3357464	C	G	0/1	28,33
3358235	A	T	1/1	0,69
3358689	G	A	0/1	42,32
3362477	G	T	0/1	40,49
3363338	A	G	1/1	0,81
3364733	T	A	0/1	27,45
3364828	G	A	0/1	41,35
3367765	G	A	1/1	0,66
3378896	G	GCTGAACCGCCCCGGTGAGTCCGGAGACTCTCTGATCTGAGAC	0|1	8,7
3378900	A	AGCCGGCGGCTGGTCT	0|1	9,3
3385218	C	T	0/1	56,56
3393640	C	T	0/1	35,32
3395654	G	A	0/1	37,33
3397873	G	A	0/1	44,33
3401871	A	G	0/1	32,31
3402816	C	T	1/1	0,97
3404376	C	G	0/1	37,36
3407446	G	C	0/1	36,43
3413785	C	T	0/1	21,15
3415180	ACACCTAGGGGGTGG	A	1/1	0,44
3420825	A	G	0/1	24,52
3423249	C	CGCGAGCAGACGCAGAATCGCCCAAAATCCAAGATTTTGAGGCGATTCTGCGTCTGCTCGCGCAACCGG	0/1	35,15
3425761	TG	T	0/1	31,23
3425854	C	T	1/1	0,69
3428897	G	C	0/1	36,43
3428917	C	A	1/1	0,90
3437007	G	C	0/1	38,47
3437762	C	T	0/1	36,25
3440464	T	G	1|1	0,98
3440468	G	C	1|1	0,95
3445606	G	A	0/1	32,24
3450725	T	C	0/1	31,24
3454263	C	G	0/1	29,35
3454309	G	A	0/1	37,17
3455686	G	C	0/1	26,37
3456666	A	G	1/1	0,57
3457170	G	T	0/1	20,34
3459081	G	C	0/1	34,42
3462135	G	C	1/1	0,107
3464408	G	C	0/1	35,37
3467465	C	G	0/1	26,32
3473996	G	GA	1/1	0,90
3475438	C	T	0/1	40,36
3477794	A	G	0/1	17,21
3478698	G	A	0/1	70,9
3480474	G	A	0/1	21,20
3480789	T	C	0/1	34,31
3486977	A	G	1/1	0,74
3488122	G	A	0/1	34,35
3489665	C	T	0/1	25,33
3499497	G	C	0/1	34,27
3500243	G	C	0/1	27,50
3503895	C	T	1/1	0,75
3506650	A	C	0/1	45,33
3509231	G	A	0/1	37,35
3509299	CAG	C	0/1	29,32
3515467	C	T	0/1	33,49
3518167	A	G	1/1	0,76
3518555	A	G	1/1	0,89
3529180	CCTA	C	0|1	52,11
3529186	G	GCGCGC	0|1	50,11
3529190	GTC	G	0|1	48,10
3529195	GGCCA	G	0|1	54,10
3529205	T	A	0|1	50,10
3529210	CAACG	C	0|1	54,9
3529216	T	TTCGC	0|1	53,9
3529221	GT	G	0|1	52,7
3529224	T	TA	0|1	52,7
3529227	G	C	0|1	53,6
3529228	T	C	0|1	52,5
3529231	T	C	0|1	52,5
3530955	C	G	0/1	25,30
3539353	G	A	0/1	30,51
3545910	A	C	0/1	33,31
3556275	A	G	1/1	0,68
3557253	C	T	0/1	19,26
3561875	C	T	0/1	26,27
3562338	G	T	0/1	34,49
3564562	G	GA	0/1	29,30
3565075	G	A	0/1	23,49
3570528	C	G	0/1	39,26
3580606	C	T	0/1	38,50
3580636	CT	C	1/1	0,87
3581414	A	G	1/1	0,60
3582694	C	T	0/1	20,38
3590100	A	C	0/1	35,32
3590686	G	GC	1/1	0,65
3591063	T	C	1/1	0,80
3596775	C	T	0/1	36,28
3600576	C	T	0/1	41,44
3604821	G	C	1/1	0,74
3609798	G	A	0/1	27,33
3610391	A	AC	0/1	41,40
3611286	GC	G	0/1	24,42
3614982	T	C	1/1	0,67
3615439	C	G	0/1	45,31
3616411	A	C	0/1	43,53
3620712	C	T	0/1	27,34
3621423	A	G	0/1	21,21
3622441	A	C	1/1	0,69
3625065	T	G	0/1	43,39
3631964	C	T	0/1	23,34
3638093	G	A	0/1	28,46
3640606	C	G	0/1	37,64
3645524	C	T	0/1	32,34
3652595	G	C	0/1	51,44
3653988	G	A	0/1	27,34
3655215	G	T	0/1	40,35
3656206	C	A	0/1	29,33
3670040	C	T	0/1	34,37
3678094	C	T	0/1	41,42
3679764	G	A	0/1	24,27
3681548	A	C	0/1	32,49
3685510	T	C	0/1	43,37
3689519	C	A	0|1	31,33
3689523	G	T	1|1	0,62
3690016	A	G	0/1	52,56
3690950	T	TAGCTCGGCGACGATGCACGCCGCGCAGCGGCGTGAGGAGGAGCCGAGCAGTCCAACAC	1/1	0,0
3693681	A	C	0/1	45,48
3696692	G	A	0/1	30,40
3697585	C	T	0/1	39,38
3704596	G	C	1/1	0,66
3708232	T	C	0/1	34,22
3714211	G	T	1/1	0,72
3714639	G	A	0/1	29,48
3714757	A	C	0/1	30,37
3715775	C	T	0/1	35,28
3718357	C	T	1/1	0,90
3719321	G	A	0/1	51,44
3721333	T	C	0/1	36,27
3721806	G	C	1/1	0,71
3724397	G	A	0/1	48,43
3729342	C	T	0/1	57,46
3771009	T	G	0/1	24,27
3772833	CA	C	0/1	33,54
3775119	C	G	0/1	55,52
3780455	G	A	0/1	44,31
3787466	G	C	0/1	37,38
3794867	C	CCA	0/1	22,25
3798095	A	C	1/1	0,68
3799512	C	T	0/1	52,37
3804942	C	T	0/1	26,28
3812582	C	A	0/1	44,48
3815477	G	T	0/1	33,41
3817117	C	A	1/1	0,43
3820545	A	G	0/1	107,31
3821503	A	C	0/1	35,54
3821845	G	T	0/1	22,25
3823159	A	T	1/1	0,65
3826552	T	C	0/1	30,23
3826684	C	T	1/1	0,81
3829770	T	C	1/1	0,75
3830695	A	G	0/1	44,53
3838871	A	G	1/1	0,82
3841473	C	T	0/1	35,49
3851887	A	C	0|1	41,59
3851888	T	C	0|1	40,60
3856478	G	A	0/1	59,30
3856790	T	C	0/1	48,40
3859893	C	T	1/1	0,88
3860216	G	A	0/1	33,42
3862472	GA	G	1/1	0,55
3864995	T	C	1/1	0,69
3865601	G	A	0/1	31,31
3869355	T	C	0/1	43,33
3870010	A	G	0/1	40,47
3871181	G	A	0/1	50,32
3871246	T	C	0/1	44,66
3874722	AT	A	0/1	33,41
3874745	G	C	0/1	33,33
3877421	A	G	1/1	0,66
3878559	C	CGGGGGCGGCGCCCCCGAGGGTGGGGGTACTCG	0/1	14,12
3878654	T	C	0/1	37,24
3880175	C	A	0/1	30,28
3880239	C	CGTCCGGCTCCTCCTCGGACCACTACGCGGCCCGCATCGTCGCCGACCAAATCCAACT	0/1	26,19
3885886	T	C	1/1	0,94
3892671	A	G	1/1	0,54
3893480	G	A	0/1	44,41
3895727	C	A	0/1	43,44
3896340	T	G	1/1	0,55
3898408	A	G	1/1	0,79
3906462	A	AT	1/1	0,47
3907324	G	T	0/1	43,25
3908062	C	T	0/1	29,50
3908220	C	T	0/1	33,43
3909235	G	C	0/1	40,39
3918649	T	C	0/1	34,28
3924596	C	A	0/1	50,28
3925120	G	A	0/1	54,28
3938357	G	A	0/1	41,49
3952800	G	A	1/1	0,69
3958403	A	G	1/1	0,83
3959418	C	T	1/1	0,87
3964930	C	T	0/1	21,20
3969274	T	G	0/1	28,20
3976128	G	A	0/1	33,31
3981983	G	A	0/1	35,43
3984321	G	A	0/1	26,20
3990093	C	T	0/1	19,31
3994101	A	G	0/1	23,41
4002857	G	A	0/1	66,40
4004896	G	A	0/1	37,44
4005114	G	C	0/1	37,45
4005607	T	C	1/1	0,96
4007272	G	A	0/1	23,45
4008747	A	G	0/1	27,31
4010108	T	G	0/1	21,26
4012286	C	T	0/1	22,18
4024273	T	C	1/1	0,96
4026899	G	A	1/1	0,71
4028752	A	G	0/1	44,34
4033711	A	G	0/1	32,34
4034827	C	T	1/1	0,52
4044872	G	A	0/1	46,41
4048743	G	A	0/1	43,34
4052349	T	G	0/1	20,39
4053680	T	C	0/1	33,45
4055801	G	A	1/1	0,66
4056416	C	A	0/1	36,37
4056643	G	A	0/1	36,32
4057036	A	G	0/1	26,21
4059186	G	T	0/1	33,38
4059904	A	G	1/1	0,89
4064291	T	G	0/1	41,56
4069292	G	A	1/1	0,71
4069666	C	A	0/1	43,43
4072024	C	T	0/1	39,40
4080057	GCCAGAA	G	0/1	41,34
4085752	G	T	0/1	43,44
4087479	TCCGCATCGTCGCCGAACTAGGTCCGACTGCCCGGCTCCTCAGCGGACCCCAGCGGGA	T	0/1	69,15
4087880	G	A	0/1	44,57
4089058	T	C	0/1	56,65
4090453	C	G	0/1	46,55
4092376	T	C	0/1	27,35
4095001	CG	C	1/1	0,96
4095295	T	C	0/1	41,54
4096636	C	T	0/1	29,48
4097490	A	AC	0/1	31,45
4097569	G	T	0/1	29,36
4099402	AG	A	0/1	28,32
4100975	T	C	1/1	0,46
4104868	G	T	0/1	38,32
4107074	T	C	0/1	41,29
4107970	C	T	0/1	22,21
4111303	G	C	1/1	0,70
4111885	G	A	0/1	48,36
4112429	T	C	0/1	52,42
4115952	C	T	0/1	42,39
4118506	A	C	0/1	34,37
4122287	G	T	0/1	27,29
4124254	C	G	0/1	27,27
4125058	G	C	0/1	47,48
4130376	C	T	0/1	22,28
4132509	G	A	0/1	31,46
4137810	A	C	0/1	55,44
4138622	G	A	0/1	31,21
4141493	A	G	0/1	33,37
4142192	G	A	0/1	44,41
4145737	A	G	0/1	51,48
4151855	A	G	0/1	45,37
4156099	C	A	1/1	0,90
4156503	C	T	0/1	44,45
4157701	C	A	0/1	58,50
4159195	T	C	0/1	40,39
4162339	A	G	1/1	0,78
4166290	G	A	0/1	28,30
4166441	G	A	0/1	31,39
4169852	G	T	0/1	21,44
4169928	C	T	0/1	26,37
4170739	G	C	0/1	33,16
4170964	G	GA	0/1	30,46
4179089	C	T	0/1	43,42
4182695	G	A	1/1	0,91
4187485	T	C	1/1	0,78
4187817	A	G	1/1	0,47
4191732	G	A	0/1	35,37
4195390	A	T	0/1	26,31
4195799	C	A	0/1	23,33
4197138	C	CT	0/1	31,35
4198611	CG	C	1/1	1,84
4204441	A	G	1/1	0,54
4204581	G	A	0/1	23,22
4205120	A	G	0/1	20,31
4206203	G	C	0/1	47,47
4210274	A	G	1/1	0,94
4215271	G	A	0/1	40,45
4215484	G	C	0/1	42,56
4217557	A	G	0/1	25,56
4221490	C	G	1/1	0,80
4221670	GTTGT	G	0/1	57,29
4222073	A	G	1/1	0,50
4222131	C	T	0/1	26,26
4222882	A	G	1/1	0,75
4223172	T	C	0/1	28,31
4226275	C	T	0/1	26,32
4231859	CGCGGTCTGTGCGCCGGGCGCACGCACCGAATTCGAGCTATTAGCGGCCGCGGCAAGGGACGCATTCGGCCTGGACGTCCACCCAGCGGT	C	0/1	57,63
4233129	C	T	0/1	65,31
4242075	G	A	0/1	28,25
4242643	C	T	1/1	0,93
4242883	C	T	0/1	55,27
4251297	G	C	0/1	27,30
4252697	G	A	0/1	35,33
4255922	A	G	1/1	0,64
4257220	A	G	1/1	0,90
4258447	G	A	0/1	27,43
4260742	G	A	0/1	60,47
4262388	C	T	0/1	39,28
4266575	C	A	0/1	34,20
4266647	A	G	0/1	25,27
4276038	G	A	0/1	38,36
4282707	C	G	0/1	27,19
4286826	A	G	0/1	17,35
4287164	A	G	0/1	40,32
4292941	G	A	0/1	23,29
4296015	G	A	0/1	30,32
4305075	G	A	0/1	38,36
4305243	G	A	0/1	42,33
4306155	C	T	1/1	0,83
4307179	G	A	0/1	41,25
4313128	C	T	0/1	29,30
4313156	G	A	0/1	22,30
4314645	A	G	0/1	30,37
4314800	G	A	0/1	28,28
4315495	G	A	0/1	32,38
4321114	G	A	0/1	34,28
4322039	AC	A	0/1	28,23
4328492	G	A	0/1	36,40
4329782	G	A	0/1	11,19
4335367	G	A	0/1	36,44
4336991	C	T	0/1	39,58
4338595	GC	G	1/1	0,48
4338732	G	A	1/1	0,69
4342187	A	G	0/1	45,45
4343784	G	A	0/1	28,35
4345548	G	A	0/1	34,26
4348724	A	ACCCGCGCCGGCGACGATGCAAAGCGCAGCGATGAGGAGGAGCGGCGCCAACGG	0/1	12,4
4350740	G	A	0/1	28,41
4351039	G	T	1/1	0,65
4355319	C	G	0/1	32,34
4355357	A	G	0/1	40,35
4356110	G	C	1/1	0,68
4356390	G	A	0/1	44,41
4357597	C	G	0/1	51,58
4359165	G	C	0/1	40,34
4366195	T	C	0/1	36,35
4366272	G	C	1/1	0,70
4368061	C	T	0/1	33,33
4372353	G	C	0/1	37,43
4372540	A	C	0/1	24,30
4374408	C	CCTCGACGTCGCCGTCGGCACCGACCAACAGACCTCGTCCAGGCGGCAACGT	0/1	26,12
4379680	C	G	1/1	0,69
4382054	T	C	1/1	0,99
4382275	G	T	1/1	0,72
4383144	C	CCGGGG	1/1	0,69
4383655	A	G	0/1	36,41
4384007	C	G	0/1	47,26
4386228	T	C	0/1	23,30
4386248	G	C	0/1	30,33
4388414	G	A	0/1	28,22
4389760	C	T	0/1	35,51
4390471	C	A	0/1	33,69
4393178	A	G	0/1	31,31
4394124	A	C	0/1	53,57
4394539	G	C	0/1	34,48
4396495	C	A	0/1	25,34
4397736	C	T	0/1	38,46
4400660	AC	A	1/1	0,108
4401509	C	T	0/1	37,46
4401824	G	A	0/1	49,42
4404575	G	C	0/1	22,20
4407588	T	C	0/1	39,34
4407851	GC	G	0/1	43,35
4408589	C	T	0/1	50,34
4408923	C	T	0/1	48,41
4409954	G	C	0/1	23,31
