1849	C	A	0/1	71,48
1977	A	G	0/1	27,18
3446	C	T	0/1	61,23
4013	T	C	1/1	0,92
4142	C	T	0/1	23,56
7362	G	C	1/1	0,55
7585	G	C	0/1	45,20
9304	G	A	0/1	21,26
11879	A	G	1/1	0,57
12204	G	A	0/1	16,13
12327	T	C	0/1	33,25
14785	T	C	1/1	0,75
15117	C	G	0/1	47,35
19688	G	C	0/1	37,14
21795	G	A	1/1	0,10
24007	G	T	0/1	66,33
24698	GCCGCGTTGCTCGGGGTAA	G	0/1	30,12
26957	C	G	0/1	57,30
26959	C	G	1/1	0,86
27487	G	A	0/1	76,36
28838	C	G	0/1	25,20
34044	T	C	1/1	0,67
34568	TC	T	0/1	46,23
37031	C	G	0/1	22,13
37391	T	G	0/1	24,42
39017	G	C	0/1	86,16
39520	C	T	0/1	16,16
42281	C	A	0/1	22,25
42967	G	C	1/1	0,44
49360	C	T	0/1	41,19
49690	GCC	G	0/1	48,22
50557	T	C	0/1	29,15
51323	C	T	0/1	17,17
51949	A	G	0/1	47,33
53422	G	A	0|1	14,5
54394	A	G	0/1	29,28
54842	G	T	0/1	54,30
55546	G	GCCT	0/1	20,6
56001	G	A	0/1	51,24
57146	T	C	0/1	31,17
58473	C	T	0/1	32,34
62049	A	G	1/1	0,48
65083	G	A	0/1	27,17
66632	C	T	0/1	42,27
67012	C	T	0/1	23,16
69984	C	A	0/1	41,33
69989	G	A	1/1	0,76
70267	G	T	0/1	44,32
70394	CG	C	0|1	39,39
70398	G	T	0|1	39,39
70401	G	T	0|1	40,36
70816	A	G	1/1	0,39
71336	G	C	1/1	0,15
71584	C	CCGAGCGCTGTTCTGGCGCTAATCTGACGCTAGAATAG	1/1	0,22
72549	C	T	0/1	38,25
75233	C	A	0/1	44,17
75940	G	C	1/1	0,73
79504	T	TCGGTGGACCCGGTGGACCCGGTGGACC	0/1	19,10
81941	T	C	0/1	50,34
88169	TGGCCACAATCG	T	0/1	33,15
89806	G	A	0/1	29,34
92199	T	G	0/1	31,17
93728	CCA	C	0|1	39,23
93732	G	T	0|1	39,23
98873	G	A	0/1	45,26
106732	C	T	0/1	55,36
116000	T	G	1/1	0,67
117389	C	T	0/1	30,22
121804	T	G	0/1	22,17
122109	A	G	1/1	0,64
123198	T	C	0/1	29,18
123520	T	C	0/1	54,32
123745	G	A	0/1	61,32
125830	G	GA	1/1	0,78
129576	A	C	0/1	31,18
130561	C	T	0/1	73,45
131174	T	TG	1/1	0,74
133839	C	T	1/1	0,51
138689	C	A	0/1	43,14
143207	T	C	0/1	15,18
144865	C	T	0/1	33,19
145709	GC	G	0/1	30,28
146087	T	C	1/1	0,59
147342	C	T	0/1	37,39
149119	C	A	0/1	24,56
154283	T	C	1/1	0,85
157129	C	T	0/1	42,42
157453	G	A	0/1	44,34
167245	C	G	0/1	50,46
170671	G	A	0/1	43,20
172492	C	G	0/1	34,20
173174	G	C	0/1	26,38
176534	TG	T	0/1	40,23
181090	C	T	0/1	45,23
194305	C	CGG	0/1	27,21
194681	G	C	0/1	20,23
194998	C	G	0/1	36,28
196642	C	T	0/1	80,28
198401	G	T	0/1	67,31
199470	T	G	0/1	57,48
204852	A	G	0/1	44,24
206339	T	C	1/1	0,53
206481	C	G	0|1	26,8
206484	G	T	0|1	21,8
207079	G	C	0/1	34,29
210624	C	T	0/1	31,18
212244	G	A	0/1	10,22
217201	T	C	0/1	23,19
218599	T	C	0/1	62,33
223942	T	C	1/1	0,47
224338	C	T	0/1	54,30
225323	T	C	1/1	0,70
227098	T	C	1/1	0,73
230576	G	GT	0/1	25,26
230920	TC	T	0/1	40,26
231114	C	G	0/1	44,32
232026	AC	A	0/1	15,11
234477	T	G	1/1	0,54
234496	C	CGT	1/1	0,53
249522	T	C	0/1	22,22
250771	C	G	0/1	31,24
251575	G	A	0/1	40,16
255373	T	C	0/1	32,29
257071	C	T	0/1	70,38
261869	T	C	1/1	0,40
262268	A	T	0/1	56,34
264992	T	C	0/1	28,23
265554	A	C	1/1	0,80
266405	C	T	0/1	44,24
266564	C	T	0/1	14,37
268677	C	T	0/1	22,52
271006	C	T	0|1	29,4
271007	GGGCATCGCCACGCACACCACC	G	0|1	42,4
271032	AC	A	0|1	42,3
274463	C	A	0/1	43,28
276539	G	C	0/1	44,24
277169	G	C	0/1	38,31
278681	C	G	1/1	0,62
281597	A	G	0/1	44,27
283614	T	C	0/1	23,21
285772	A	C	1/1	0,46
285871	A	G	0/1	25,18
285973	G	A	0/1	30,20
287141	GC	G	0/1	38,23
289253	C	T	0/1	22,28
293628	A	AC	0/1	43,19
297318	G	T	0/1	21,39
301341	C	A	0/1	57,43
304923	A	G	0/1	38,39
305340	C	T	0/1	47,33
307241	G	A	0/1	31,33
310973	G	A	1/1	0,47
311613	G	T	1/1	0,44
319596	G	C	0/1	63,22
324812	C	T	0/1	46,22
325505	T	C	0/1	52,27
327016	A	G	0/1	29,21
328569	G	C	0/1	51,25
336327	C	CGG	0|1	68,5
336332	G	C	0|1	59,6
336344	A	G	0|1	78,12
336345	T	C	0|1	79,12
336353	C	T	0|1	81,14
336356	GGAA	G	0|1	81,15
336360	C	CCTCCCCG	0|1	81,15
336369	C	T	0|1	77,18
336370	A	G	0|1	77,18
336380	A	T	0|1	84,43
336400	C	G	0|1	93,53
336403	C	G	0|1	95,53
336405	A	G	0|1	93,53
336422	TTG	T	0|1	99,37
336428	A	G	0|1	95,37
336431	C	T	0|1	95,35
336439	A	G	0|1	97,32
336441	C	T	0|1	97,32
336442	G	A	0|1	97,31
336449	T	C	0|1	99,29
336451	T	G	0|1	98,29
336452	A	G	0|1	98,29
336535	T	G	0|1	59,21
336537	T	G	0|1	59,23
336540	G	T	0|1	57,23
336546	T	G	0|1	48,21
336557	C	CT	0|1	39,16
336560	T	C	0|1	40,17
339088	T	G	0|1	50,6
339090	C	CGG	0|1	50,6
339230	G	C	0/1	31,37
342146	A	C	0/1	35,40
342873	C	T	0/1	54,36
346275	C	G	1/1	0,64
353197	C	T	0/1	32,18
356528	A	G	1/1	0,51
358473	G	C	0/1	42,15
363563	G	A	0/1	30,36
376774	T	C	0/1	15,17
384380	A	C	1/1	0,54
386432	C	G	1/1	0,54
390828	T	C	1/1	0,75
391853	A	G	0/1	39,35
392261	T	C	0/1	45,34
395741	G	C	0/1	34,20
396199	T	C	0/1	46,23
402836	G	A	0/1	39,32
403980	G	A	1/1	0,87
404326	T	C	0/1	41,35
406251	T	C	0/1	23,14
414486	C	T	1/1	0,87
420008	A	G	1/1	0,51
422678	G	A	0/1	21,15
438470	C	T	0/1	36,28
440365	G	A	0/1	33,24
440878	C	T	0/1	26,14
445780	C	T	0/1	34,21
447642	G	C	0/1	54,32
454295	T	C	1/1	0,63
454333	T	G	0/1	29,26
455024	G	A	0/1	23,31
455623	CT	C	0/1	43,24
457452	T	G	0/1	23,11
459399	A	C	1/1	0,65
468911	G	T	0/1	33,29
472613	C	T	0/1	29,32
476637	C	T	0/1	15,38
481526	AG	A	0/1	55,24
483935	T	G	0/1	49,31
484504	C	G	0/1	67,37
485561	A	C	0/1	56,51
485730	C	T	0/1	72,49
485810	CA	C	0/1	69,54
488886	C	T	0/1	28,13
489935	G	C	0/1	62,33
491742	T	C	0/1	41,13
492150	G	C	0/1	30,14
498531	A	G	0/1	33,14
498557	C	A	0/1	32,16
502589	C	G	1/1	0,81
503354	G	C	1/1	0,94
505974	G	A	0/1	18,16
511239	AC	A	0|1	18,12
513257	T	C	1/1	0,78
517358	T	C	0/1	39,33
517389	C	A	0/1	35,32
522919	C	G	0/1	38,16
523420	CG	C	0/1	16,11
523654	C	T	0/1	39,9
524891	C	A	0/1	47,26
532648	C	T	0/1	52,32
541201	A	G	1/1	0,70
546357	A	G	0/1	37,22
548326	T	C	0/1	36,27
551525	A	C	0/1	48,37
555991	A	G	0/1	46,34
560540	ACTTTTC	A	0/1	45,36
562062	GGCCA	G	0/1	29,15
565655	A	G	0/1	40,24
572591	C	T	0/1	32,24
573262	A	G	1/1	0,45
579284	T	C	0/1	46,23
584171	T	C	0/1	30,19
589560	C	A	0/1	40,36
590436	T	C	1/1	0,44
597816	A	G	0/1	46,23
598475	G	A	1/1	0,77
599868	A	G	0/1	43,25
610120	T	G	1/1	0,93
611977	C	T	0|1	14,17
615368	C	A	0/1	29,9
629714	G	A	0/1	24,25
635139	G	C	0/1	29,33
637319	G	A	0/1	32,30
644398	C	T	0/1	30,25
648002	T	G	1/1	0,78
648526	C	G	0/1	45,27
648856	T	C	0/1	39,16
651588	C	G	0/1	23,30
652950	T	C	0/1	38,17
655418	G	A	0/1	29,14
655986	T	G	0/1	31,29
657081	C	T	0/1	26,22
659341	T	C	0/1	37,16
659922	T	A	0/1	34,20
662911	T	C	0/1	39,23
665293	A	G	0/1	33,34
669398	T	C	1/1	0,51
670545	G	A	0/1	27,27
679675	C	G	0/1	39,19
679865	T	G	0/1	54,24
684376	T	C	0/1	46,22
685461	C	G	1/1	0,51
685608	T	C	0/1	54,32
686123	C	A	0/1	23,16
686972	T	C	1/1	0,89
688792	T	TG	0/1	48,32
689943	A	G	0/1	31,55
690450	A	C	0/1	23,4
690465	T	G	1/1	0,34
692143	G	A	0/1	13,35
698968	G	A	1/1	0,35
704049	C	T	0/1	24,11
708056	T	C	0/1	20,27
710086	C	T	0/1	23,24
712693	A	G	0/1	33,25
713310	T	C	0/1	35,23
722323	TGCG	T	0/1	16,7
725190	G	A	0/1	2,3
729685	C	T	0/1	38,31
736237	G	A	0/1	26,24
742683	G	A	0/1	8,36
748726	T	C	0/1	22,8
749961	T	A	0/1	31,58
753174	C	A	0/1	20,11
754186	A	G	1/1	0,68
757182	A	G	0/1	42,32
759746	C	T	0/1	40,29
762434	T	G	0/1	30,23
763031	T	C	0/1	33,24
767339	A	G	0/1	21,20
767414	G	A	0/1	24,16
775639	T	C	1/1	0,55
776100	G	A	0/1	37,23
781395	T	C	1/1	0,77
788615	G	C	0/1	51,27
798779	T	C	0/1	41,31
798934	C	A	0/1	23,39
804399	C	T	0/1	40,30
807405	C	T	0/1	35,30
819884	A	C	0/1	42,21
820483	G	T	0/1	24,19
820734	A	G	0/1	23,18
820752	C	T	0/1	22,23
830868	G	GGC	0/1	26,22
834857	C	T	0/1	30,21
834893	C	T	0/1	19,39
841764	G	C	0/1	34,36
844725	T	C	0/1	17,12
845019	A	AC	0/1	18,40
847995	T	C	0/1	35,31
851942	C	T	0/1	60,25
851979	T	G	0/1	58,24
852910	C	T	1/1	0,53
854229	G	A	0/1	41,22
854252	GC	G	0/1	16,50
857643	C	G	0/1	36,24
857696	A	G	0/1	22,20
858445	G	A	0/1	30,21
858464	A	G	0/1	29,23
866349	G	T	0/1	21,30
873388	G	A	0/1	56,30
874835	C	CCG	1/1	0,86
876141	G	T	0/1	51,26
880562	G	T	0/1	41,35
882257	T	C	0/1	48,18
888774	G	A	0/1	72,26
892457	T	A	0/1	30,21
893733	T	G	1/1	0,62
895474	C	T	0/1	36,49
896979	T	C	0/1	15,33
900221	T	C	0/1	29,31
903537	G	T	0/1	25,17
903550	T	C	0/1	26,17
903913	T	C	1/1	0,43
906742	T	C	0/1	25,24
906857	A	G	1/1	0,60
913918	C	G	0/1	41,26
919551	C	T	0/1	58,40
931123	T	C	0/1	48,21
931822	C	T	0/1	26,63
932280	T	C	0/1	22,38
933582	A	G	0/1	53,29
934230	C	G	0/1	57,44
934611	G	T	0/1	18,22
939817	G	A	0/1	37,59
941845	C	A	0/1	38,20
942616	C	A	0/1	23,14
945214	G	A	0|1	54,21
945238	G	T	0|1	42,20
945243	C	T	0|1	42,21
945958	C	T	0/1	20,44
949535	T	C	0/1	34,16
950116	C	G	0/1	34,14
951092	G	C	0/1	31,26
955524	A	G	1/1	0,52
957117	T	C	0/1	25,17
957306	C	T	0/1	18,17
960367	A	G	0/1	36,26
965813	A	G	0/1	20,22
979704	G	C	1/1	0,47
986463	G	C	1/1	0,92
990001	G	C	1/1	0,78
991939	G	A	0/1	36,22
993346	A	C	1/1	2,121
996263	G	A	0/1	48,37
1002010	G	C	0/1	7,13
1002020	GTAGA	G	0|1	21,3
1002025	A	ATG	0|1	20,3
1002027	G	GCA	0|1	19,3
1002032	G	T	0|1	20,3
1002033	A	T	0|1	22,3
1002034	A	C	0|1	22,3
1002037	CGT	C	0|1	25,3
1002042	GCA	G	0|1	26,3
1002045	T	TTCTA	0|1	27,3
1002172	G	A	0/1	22,30
1003014	C	T	0/1	45,24
1004679	C	T	0/1	18,28
1007198	A	G	0/1	15,22
1008460	C	T	0/1	21,23
1009500	C	T	0/1	47,25
1010204	C	CG	1/1	0,56
1012815	C	G	0/1	22,19
1013542	C	T	0/1	23,57
1015532	C	T	0/1	43,16
1023911	C	G	0/1	23,23
1024346	A	G	0/1	30,32
1025106	T	C	1/1	0,96
1029586	G	A	0/1	18,28
1034381	G	A	0/1	27,6
1037012	T	C	0/1	29,9
1037911	C	T	1/1	1,50
1042442	T	G	0/1	22,42
1047165	T	C	0/1	11,10
1053398	CG	C	0/1	33,14
1054784	C	G	0/1	33,21
1068151	T	C	1/1	0,41
1068432	A	G	0/1	19,28
1070702	T	C	0/1	39,24
1071349	G	C	0/1	36,16
1074558	G	A	1/1	0,59
1075279	T	C	0/1	49,36
1076309	G	T	1/1	0,52
1077312	A	G	1/1	0,44
1078894	C	T	0/1	24,23
1079927	C	A	1/1	0,32
1080192	G	A	0/1	26,24
1081681	T	C	1/1	0,76
1082445	T	A	0/1	21,36
1085798	GC	G	0/1	25,47
1087193	G	C	0/1	22,24
1090188	A	AG	0/1	40,23
1097220	C	T	0/1	51,17
1098523	T	A	0/1	36,30
1099058	G	A	0/1	52,25
1099525	G	A	0/1	22,23
1100234	T	C	1/1	1,69
1102720	C	A	0/1	50,44
1104690	T	G	0/1	64,39
1105334	G	A	0/1	52,24
1106099	C	T	0/1	44,47
1106422	T	C	0/1	73,47
1107940	A	C	0/1	35,19
1109975	A	G	1/1	0,75
1110721	T	C	0/1	28,23
1111852	G	T	0/1	29,14
1117234	T	G	0/1	39,17
1121663	GGGGATGCCGATGCCC	G	0/1	5,18
1123011	C	T	0/1	22,33
1126889	G	C	1/1	0,61
1127648	C	A	1/1	0,94
1130526	G	A	0/1	18,24
1131538	TGC	T	0/1	33,15
1132301	T	C	0/1	24,57
1139089	G	C	0/1	31,21
1144409	T	G	0/1	56,17
1144585	A	G	0/1	34,16
1148259	A	G	0/1	57,31
1149551	C	T	0/1	34,25
1150585	G	A	1/1	0,53
1151054	C	G	0/1	37,26
1152805	T	A	0/1	45,29
1152863	A	G	0/1	41,30
1153388	C	T	0/1	64,29
1155203	A	G	0/1	27,48
1164336	G	A	0/1	20,18
1164571	A	G	0/1	42,26
1168715	C	CT	1/1	0,64
1172502	A	G	0/1	29,30
1173750	G	T	0/1	25,19
1177184	C	A	0/1	37,32
1178020	G	A	0/1	42,46
1178116	T	C	0/1	51,41
1181607	G	C	0/1	28,9
1186704	C	G	0/1	21,28
1187117	C	T	0/1	25,14
1190437	C	T	0/1	29,48
1193463	T	A	0/1	24,12
1200418	A	G	0/1	61,26
1204047	A	G	0/1	21,27
1211369	A	C	0/1	31,32
1220680	T	C	1/1	3,63
1224367	T	C	1/1	0,34
1227217	C	T	0/1	14,38
1227830	G	T	0/1	63,24
1230778	G	A	0/1	40,39
1230821	C	T	0/1	34,32
1236433	A	C	0/1	48,36
1236937	T	A	0/1	11,41
1240744	C	A	0/1	40,15
1241572	A	G	0/1	67,17
1243236	T	G	0/1	57,17
1247391	A	C	0/1	19,28
1248382	A	G	0/1	38,24
1248936	G	C	0/1	39,18
1248978	T	C	0/1	27,15
1250340	A	G	0/1	48,22
1251199	C	T	0/1	30,29
1254237	C	T	0/1	24,24
1254562	A	G	0/1	52,41
1265828	G	A	0/1	47,30
1266602	C	T	0/1	42,21
1267129	G	C	0/1	40,21
1271187	C	G	0/1	49,32
1273071	T	C	0/1	24,28
1273250	G	GA	0/1	25,21
1275957	T	C	0/1	50,16
1281118	T	C	1/1	0,59
1281771	T	C	0/1	32,17
1281984	G	A	0/1	32,26
1284595	C	T	0/1	4,3
1287372	G	C	0/1	34,24
1292102	A	G	0/1	20,9
1295907	G	A	0/1	29,37
1303331	G	A	0/1	53,34
1306259	A	G	0/1	42,19
1307598	C	G	0/1	24,22
1308317	T	C	0/1	55,26
1310472	C	T	0/1	22,15
1313337	A	AG	1|1	0,34
1313338	A	C	1|1	0,34
1313372	G	GTGAACCGCCCC	0|1	25,6
1313374	G	GTGAGTCCGGAGACTCTCTGAT	0|1	28,4
1314895	C	A	0/1	44,22
1315191	A	C	1/1	0,49
1315603	C	T	0/1	17,25
1315884	G	A	1/1	0,40
1324458	A	C	0/1	30,23
1325650	G	A	0/1	35,31
1327890	G	A	0/1	31,27
1328687	G	C	1/1	0,53
1329192	C	T	0/1	8,12
1336055	A	G	0/1	14,15
1345016	C	T	0/1	13,13
1347380	C	T	0/1	46,11
1351172	A	G	0/1	29,22
1351222	GTTCAACACCGCCGGCGTTAGCCGGCCA	G	0/1	14,20
1355870	T	TAGCCTGAACCGCCCCGGTGAGTCCGGAGACTCTCTGATCTGAGACCTC	0/1	12,10
1360209	T	C	0/1	34,26
1360744	G	A	0/1	21,54
1361190	G	A	0/1	13,11
1362006	T	C	0/1	64,27
1365231	T	C	0/1	21,31
1367484	T	G	0/1	43,26
1371080	C	T	0/1	20,34
1371470	G	A	0/1	33,23
1374065	T	C	1/1	0,20
1375724	A	C	1/1	0,58
1377568	A	G	0/1	22,13
1381722	C	G	0/1	40,16
1382628	T	C	1/1	0,57
1390763	C	T	0/1	47,37
1393626	A	G	0/1	23,11
1396013	C	T	0/1	24,27
1396618	C	A	0/1	30,30
1396922	T	C	1/1	0,64
1401033	C	T	0/1	48,32
1403770	G	T	0/1	12,20
1411210	T	G	1/1	0,50
1413148	C	T	0/1	25,21
1414021	C	T	1/1	0,50
1422666	C	T	0|1	27,18
1422667	C	T	0|1	27,18
1440090	C	T	0/1	52,41
1440469	C	G	1/1	0,77
1443428	G	GGGTTAGATTGCCCGGCTCCTCAACCCGCCGTTTCGGCGTGCATCGTCGCCGGGCTA	0/1	8,5
1445781	A	G	0/1	25,28
1450316	C	T	0/1	52,32
1457144	C	T	1/1	0,25
1461309	C	T	0/1	30,80
1464653	C	G	0/1	36,24
1465200	T	G	0/1	35,52
1471659	C	T	1/1	0,86
1471896	T	C	0|1	26,8
1471900	C	T	0|1	28,8
1472125	G	GAT	0|1	11,2
1472127	CGG	C	0/1	11,2
1472130	G	A	0|1	11,2
1472137	G	A	0|1	10,5
1472150	T	A	0/1	9,9
1472151	C	T	0/1	9,10
1472172	T	C	0/1	12,7
1472203	G	A	0|1	15,3
1472210	A	C	0|1	15,1
1472214	C	G	0/1	11,4
1472223	C	G	0|1	9,5
1472225	C	A	0/1	11,4
1472228	G	C	0|1	11,8
1472233	ATG	A	0|1	14,5
1472236	C	CCG	0/1	13,5
1472240	G	A	0|1	13,5
1472251	G	A	0/1	5,11
1472253	G	T	0|1	9,7
1472256	T	A	0|1	9,7
1472259	C	A	0/1	7,9
1472261	G	T	0|1	13,3
1472262	C	T	0/1	9,4
1472263	C	T	0|1	8,7
1472270	T	A	0|1	12,4
1472271	T	C	0/1	12,4
1472277	C	G	0/1	8,7
1472281	T	TG	0/1	12,3
1472282	T	A	0/1	8,4
1472286	C	G	0/1	5,5
1472289	T	G	0/1	5,5
1472290	C	G	0/1	5,5
1472293	C	A	0/1	5,5
1472296	AGGTCCGGGTTCTCTCGG	A	0/1	8,4
1472315	T	A	0/1	5,4
1472323	AGGTGG	A	0/1	8,2
1472324	G	C	0/1	3,5
1472325	G	C	0/1	3,5
1472328	G	A	0/1	0,0
1472329	A	C	0/1	4,3
1472330	G	T	0/1	4,3
1472331	AAG	A	0/1	4,2
1472338	A	C	0/1	1,4
1472344	C	T	0/1	1,9
1472378	G	T	0|1	7,2
1472379	T	C	0/1	3,6
1472380	G	C	0|1	7,2
1472396	A	T	0/1	4,2
1472400	C	T	0/1	4,2
1472544	C	A	0|1	11,2
1472545	A	T	0|1	11,2
1472566	G	A	0|1	8,8
1472571	G	C	0|1	9,8
1472579	G	T	0/1	11,6
1472581	A	T	0/1	11,9
1472598	A	C	0/1	10,11
1472599	G	T	0/1	11,11
1472616	G	A	0/1	13,3
1472647	C	T	0/1	17,2
1472655	G	A	0/1	7,9
1472658	G	A	0/1	9,9
1472661	A	G	0/1	10,8
1472670	G	T	0|1	7,7
1472671	G	A	0|1	8,7
1472672	G	GACCC	0/1	6,7
1472677	CTTCCTT	C	0/1	7,6
1472686	G	GGTTT	0/1	5,6
1472687	ATCC	A	0/1	6,7
1472692	T	C	0/1	15,2
1472697	T	C	0/1	10,7
1472707	A	T	0|1	15,3
1472713	T	C	0|1	10,9
1472714	A	G	0|1	16,3
1472716	C	T	0|1	10,10
1472733	G	A	0|1	14,15
1472742	C	T	0|1	13,15
1472744	A	G	0|1	13,15
1472781	C	T	0/1	12,14
1472790	T	C	0/1	22,5
1472793	A	T	0|1	15,13
1472803	T	A	0|1	13,13
1472823	C	CAAA	0/1	14,3
1472824	T	A	0/1	7,7
1472827	G	T	0/1	9,4
1472828	T	C	0/1	6,10
1472834	A	ATCCCTC	0/1	11,4
1472836	G	GAC	0/1	10,3
1472837	C	CTTTG	0/1	13,2
1472839	CA	C	0/1	8,4
1472856	T	TGTGG	0|1	9,3
1472857	A	T	0|1	9,3
1472858	G	GA	0|1	10,2
1472859	G	A	0|1	9,3
1472860	C	G	0|1	9,4
1472861	G	T	0/1	4,4
1472862	TTCCC	T	0|1	12,3
1472864	C	T	0/1	7,4
1472868	T	TCG	0|1	12,2
1472870	T	G	0|1	9,5
1472873	C	A	0/1	8,5
1472874	CT	C	0|1	13,3
1472875	T	A	0/1	8,5
1472876	G	GA	0/1	15,3
1472877	T	G	0/1	15,3
1472880	G	GA	0|1	16,7
1472895	C	T	0/1	11,19
1472950	C	CCTA	0/1	15,7
1472954	TCTCA	T	0/1	12,8
1472959	T	TA	0/1	14,7
1472967	G	T	0|1	14,8
1472969	A	ATT	0/1	14,7
1472970	C	CA	0/1	12,7
1472972	TAATGG	T	0/1	13,7
1472982	G	C	0|1	12,8
1472987	G	T	0/1	10,8
1472988	T	A	0/1	11,8
1472990	A	C	0/1	10,8
1472992	A	T	0/1	19,1
1472999	CGG	C	0|1	14,8
1473002	G	T	0|1	19,3
1473003	G	GTAA	0|1	14,9
1473004	T	A	0|1	20,3
1473005	C	A	0/1	12,9
1473008	CT	C	0/1	11,9
1473035	G	A	0/1	8,19
1473053	T	A	0/1	16,13
1473056	A	T	0/1	13,14
1473062	T	A	0|1	16,9
1473068	A	G	0|1	15,6
1473089	A	C	0|1	15,3
1473091	G	A	0|1	15,3
1473093	C	T	0|1	15,3
1473098	A	AGTCGG	0|1	15,3
1473100	G	GA	0|1	15,3
1473102	C	G	0|1	15,4
1473111	A	G	0|1	18,2
1473115	G	T	0|1	18,4
1473119	C	CT	0|1	20,4
1473121	T	C	0|1	18,6
1473122	TA	T	0|1	20,4
1473123	A	T	0/1	14,6
1473130	G	A	0/1	16,7
1473131	G	A	0|1	20,3
1473247	C	A	0/1	15,3
1473248	G	A	0|1	12,5
1473249	T	C	0|1	12,5
1473252	T	C	0/1	13,5
1473254	A	G	0|1	15,3
1473255	A	G	0|1	13,5
1473259	C	T	0/1	10,8
1473260	G	T	0/1	16,2
1473262	T	C	0/1	16,3
1473265	C	T	0|1	16,3
1473270	G	A	0/1	17,3
1473274	C	T	0|1	17,4
1473275	CAGTG	C	0|1	22,3
1473276	A	G	0/1	10,7
1473278	T	TGA	0/1	18,5
1473280	GCC	G	0/1	21,5
1473288	C	T	0/1	16,4
1473289	TCG	T	0/1	18,2
1473296	G	C	0|1	22,4
1473297	G	C	0/1	20,4
1473301	T	C	0/1	17,9
1473303	T	C	0|1	22,4
1473305	G	T	0/1	19,7
1473316	C	A	0/1	17,6
1473318	G	A	0/1	20,6
1473319	C	T	0/1	20,6
1473327	A	G	0|1	23,7
1473328	C	T	0|1	23,6
1473352	C	T	0/1	29,11
1473782	A	G	0|1	12,2
1473783	A	G	0|1	12,2
1473788	A	G	0|1	14,2
1473797	G	T	0|1	14,2
1473806	C	T	0|1	11,2
1473807	T	C	0|1	10,2
1473811	C	T	0|1	10,2
1473832	C	T	0|1	11,2
1473836	A	G	0|1	13,2
1473839	G	T	0|1	13,2
1473840	A	G	0|1	13,2
1473877	G	A	0|1	13,2
1473879	GAAAACA	G	0|1	13,2
1473887	TTGTG	T	0|1	13,2
1473898	C	T	0|1	12,2
1473899	A	G	0|1	12,2
1474180	TC	T	0|1	2,3
1474185	G	T	0|1	2,3
1474186	A	AG	0|1	2,3
1474197	C	T	0|1	2,4
1474199	G	A	0|1	2,4
1474201	T	C	0|1	2,4
1474202	T	C	0|1	4,4
1474218	T	A	1/1	1,17
1474228	T	C	1/1	1,15
1474249	G	T	0/1	9,20
1474252	T	A	0/1	6,21
1474269	C	T	0/1	23,6
1474274	ATCCGT	A	0|1	10,7
1474281	A	AAGTTC	0|1	7,6
1474286	CT	C	0/1	4,8
1474289	C	G	0/1	3,7
1474291	TTTCCTCTCCGGAGG	T	0/1	4,6
1474306	A	AAT	0/1	4,6
1474308	GGT	G	0/1	9,0
1474310	TG	T	0/1	4,5
1474313	T	A	0|1	7,5
1474315	ATG	A	0|1	7,4
1474330	A	T	0|1	9,6
1474338	G	A	0|1	10,6
1474341	T	G	0|1	9,6
1474347	T	TTA	0/1	9,4
1474348	CAGG	C	0/1	7,4
1474353	A	T	0/1	11,2
1474354	C	T	0/1	7,6
1474358	T	A	0/1	9,2
1474359	C	T	0/1	8,2
1474362	A	G	0/1	6,3
1474383	G	T	0/1	7,2
1474387	C	T	0/1	5,3
1474541	GA	G	0|1	6,1
1474551	G	A	0|1	6,2
1474626	T	C	0|1	8,2
1474632	G	T	0|1	6,2
1474634	T	G	0/1	3,2
1474636	A	C	0/1	3,2
1474638	C	G	0/1	3,2
1474658	A	G	0|1	5,2
1474663	C	T	0|1	5,2
1474673	T	C	0/1	3,2
1474676	T	A	0/1	3,2
1474677	A	G	0/1	3,3
1474692	G	A	0/1	3,2
1474824	A	G	0|1	6,2
1474830	A	G	0|1	6,2
1474831	A	T	0|1	6,2
1474832	A	T	0|1	7,2
1475514	G	A	0|1	4,3
1475517	C	CG	0|1	4,3
1475520	GT	G	0|1	4,3
1475522	A	C	0|1	2,3
1475525	GCA	G	0|1	1,3
1475529	A	AG	0|1	1,5
1475531	C	CT	0|1	1,6
1475532	A	C	0/1	1,6
1475536	C	T	0|1	1,6
1475538	T	A	0|1	1,6
1475539	A	G	0/1	1,6
1475545	T	G	0/1	1,6
1475550	A	C	0/1	1,6
1475552	G	C	0/1	1,6
1475574	C	A	0/1	3,11
1475597	GGACCGGAATA	G	0/1	4,5
1475609	C	G	0/1	8,5
1475610	G	C	0/1	4,5
1475613	AACACC	A	0/1	4,9
1475621	TGCGG	T	0/1	8,5
1475626	TGGG	T	0/1	8,5
1475630	AGCGGG	A	0/1	8,5
1475636	ATCCG	A	0/1	10,5
1475643	C	CA	0/1	6,9
1475646	A	C	0/1	6,9
1475647	GAAAC	G	0/1	8,9
1475656	G	GAAT	0|1	9,9
1475659	G	GCCCA	0/1	7,10
1475663	G	A	0|1	10,9
1475672	C	T	0|1	10,10
1475673	T	C	0|1	10,10
1475684	G	C	0/1	12,9
1475687	C	T	0|1	10,10
1475688	G	C	0|1	10,12
1475692	G	T	0/1	10,9
1475695	G	A	0|1	10,11
1475699	C	T	0/1	9,10
1475704	C	T	0|1	10,12
1475713	C	G	0|1	5,16
1475716	A	G	0|1	5,16
1475717	C	G	0/1	7,14
1475750	ACCC	A	0|1	5,7
1475754	G	GTGC	0|1	5,6
1475757	AACCC	A	0/1	3,8
1475763	CAAGG	C	0/1	6,4
1475769	T	C	0/1	4,5
1475773	GC	G	0/1	10,4
1475775	G	T	0/1	12,3
1475783	T	G	0|1	6,17
1475803	T	C	0|1	7,16
1475804	G	C	0|1	7,16
1475816	C	G	0|1	6,19
1475817	A	G	0|1	6,22
1475858	T	C	0|1	3,16
1475866	T	A	0|1	3,15
1475874	C	T	0|1	6,4
1475877	C	T	0|1	4,2
1475879	T	TGGG	0|1	4,2
1475880	CTCA	C	0|1	6,1
1476192	C	CAG	0|1	9,4
1476194	ACC	A	0|1	9,4
1476200	A	T	0|1	9,4
1476201	C	T	0|1	9,4
1476204	C	A	0|1	9,4
1476209	AG	A	0|1	9,4
1476211	G	T	0|1	9,4
1476213	G	C	0|1	9,4
1476215	C	CA	0|1	8,4
1476225	T	G	0|1	8,11
1476227	C	T	0|1	8,13
1476229	C	T	0|1	8,13
1476250	C	G	0|1	6,17
1476251	T	C	0|1	6,17
1476257	G	C	0|1	7,18
1476260	A	G	0|1	7,18
1476280	A	C	0/1	5,20
1476291	G	GGTGGTTCC	0/1	12,6
1476292	GCACCC	G	0/1	12,6
1476294	ACCCCCGAG	A	0/1	6,6
1476311	G	C	0|1	4,13
1476312	T	C	0|1	4,13
1476313	G	A	0/1	4,13
1476332	G	C	0|1	7,16
1476338	C	T	0|1	6,16
1476353	G	T	0|1	6,18
1476358	T	C	0|1	7,18
1476369	C	T	0|1	8,16
1476372	T	C	0|1	8,17
1476382	A	G	0|1	7,18
1476383	T	A	0|1	7,18
1476425	G	T	0/1	12,14
1476428	C	T	0/1	2,23
1476429	A	C	0/1	8,16
1476481	T	C	0/1	7,35
1476506	T	C	0|1	11,28
1476514	C	T	0/1	9,7
1476519	C	G	0|1	9,8
1476524	C	A	0/1	11,7
1476525	A	G	0/1	11,6
1476530	C	T	0|1	11,5
1476535	GGA	G	0|1	11,5
1476538	A	AGG	0|1	11,4
1476540	C	T	0/1	12,4
1476544	T	C	0|1	12,3
1476545	C	T	0|1	12,3
1476563	G	A	0|1	13,2
1476565	G	A	0|1	13,2
1476566	A	G	0|1	13,2
1476567	C	T	0|1	13,2
1478357	G	T	0/1	25,25
1479085	T	C	0/1	36,25
1482627	T	C	1/1	0,57
1483311	C	T	0/1	43,49
1484708	A	C	1/1	0,62
1484882	G	T	0/1	38,29
1490905	A	G	0/1	49,24
1495836	G	A	0/1	36,22
1498951	G	T	0/1	19,19
1499211	GCT	G	0|1	17,17
1499215	AGGCCGG	A	0|1	19,17
1499274	C	G	1/1	0,32
1501700	G	A	0/1	18,16
1503547	G	T	0/1	25,18
1513189	C	T	0/1	26,13
1519483	G	A	0/1	12,26
1526819	C	A	0/1	60,22
1529788	G	A	0/1	26,36
1530322	G	A	0/1	39,70
1534551	C	T	0/1	58,23
1535263	CGGCACG	C	0/1	29,27
1536251	G	T	1/1	0,38
1540141	T	C	0/1	33,27
1540484	C	G	0/1	33,25
1541497	CG	C	0/1	42,53
1544255	C	T	0/1	67,39
1546703	C	T	0/1	49,25
1547125	T	C	1/1	0,102
1552108	T	C	0/1	18,30
1552547	G	A	1/1	0,50
1552564	G	C	0/1	33,16
1554216	C	T	0/1	48,25
1558277	C	T	0/1	37,30
1563717	C	T	0/1	44,33
1570566	C	A	0/1	51,28
1575787	C	T	0/1	26,39
1586126	G	A	0/1	39,26
1588899	G	T	0/1	35,19
1589766	T	C	0/1	10,29
1593331	G	A	0/1	23,11
1595342	T	C	0/1	17,8
1599557	C	G	0/1	51,32
1608276	A	C	0/1	50,26
1608683	C	CT	0/1	11,28
1609840	A	G	0/1	23,32
1612624	T	TATCGGTACCGGTGCGCCAGGG	1/1	0,25
1613035	T	C	1/1	0,48
1614143	G	A	0/1	44,28
1624791	C	G	0|1	11,18
1627351	T	C	0/1	45,30
1630148	A	C	0/1	21,43
1639594	C	A	1/1	0,34
1641208	C	T	0/1	42,12
1645802	T	C	0/1	40,22
1648778	A	C	0/1	49,42
1650072	A	G	1/1	0,36
1650406	C	A	0/1	28,19
1652783	G	C	0/1	15,33
1676290	C	A	0/1	36,33
1676880	A	G	0/1	50,20
1680688	A	G	0/1	25,35
1681147	G	A	0/1	28,29
1688300	T	C	0/1	34,22
1689349	C	T	0/1	44,24
1692096	A	G	0/1	47,48
1692141	A	C	0/1	54,41
1692960	T	C	0/1	34,22
1693561	A	G	0/1	47,33
1694202	T	G	0/1	29,49
1698911	G	A	0/1	41,28
1699849	G	A	0/1	37,33
1703346	G	A	0/1	37,52
1706119	T	C	1|1	0,36
1708668	C	T	0/1	42,32
1708792	T	C	0/1	58,47
1709432	C	T	0/1	45,20
1713192	A	G	0/1	40,22
1713923	A	G	0/1	55,31
1716472	A	G	0/1	40,26
1720641	G	A	0/1	42,17
1726887	A	G	0/1	14,22
1727540	T	C	0/1	38,29
1728837	A	G	1/1	0,68
1733297	C	T	0/1	29,52
1735739	T	C	0/1	36,19
1742330	G	C	0/1	20,27
1748439	C	T	0/1	45,23
1753519	G	GC	1/1	0,57
1754705	A	T	0/1	31,24
1759252	G	T	1/1	0,74
1760292	A	G	1/1	1,92
1763482	G	A	0/1	34,33
1764225	C	T	0/1	27,27
1764874	G	T	0/1	41,39
1765808	T	C	0/1	28,51
1768923	G	GTGCACGA	0/1	21,3
1778430	T	C	1/1	0,34
1789933	G	A	0/1	27,16
1791736	TCA	T	0/1	28,29
1792777	T	C	0|1	24,22
1792778	T	C	0|1	24,22
1795878	C	CCA	0|1	14,2
1795880	TTG	T	0|1	14,2
1796985	C	T	0/1	12,15
1798355	G	A	0/1	20,18
1802047	C	G	0/1	36,21
1803265	G	A	1/1	0,62
1803290	A	G	0/1	25,44
1804409	C	A	0/1	31,27
1811375	G	T	0/1	40,44
1812448	C	T	0/1	18,26
1817976	A	T	1/1	0,65
1818286	C	T	0/1	53,38
1820740	C	A	0/1	29,29
1827468	C	A	0/1	12,21
1828330	G	A	0/1	34,24
1832509	C	G	0/1	12,14
1833025	C	T	0/1	26,25
1836286	G	C	1/1	0,50
1836417	C	A	0/1	20,24
1839759	G	C	0/1	29,24
1842477	A	G	0/1	63,25
1846982	A	G	0/1	38,27
1847919	C	G	0/1	35,24
1849609	T	C	0/1	49,29
1850730	C	G	0/1	36,8
1852877	A	C	0/1	13,19
1853614	C	T	0/1	16,21
1854125	A	G	0/1	21,22
1854300	T	C	0/1	32,24
1856777	G	C	1/1	0,68
1856953	C	T	0/1	19,41
1859559	C	A	0/1	41,24
1859698	C	T	0/1	30,37
1865473	AC	A	0/1	31,19
1873700	G	A	0/1	33,28
1876518	G	A	0/1	19,34
1884110	C	CGCCCCGTGCGATTTGCCGAGGG	0/1	33,16
1885772	G	A	1/1	0,64
1894300	G	GGTCTTGCCGC	1/1	0,31
1894422	A	G	0/1	16,20
1897977	C	A	0/1	19,33
1901493	T	C	1/1	0,47
1903361	C	T	0/1	22,24
1907296	G	C	1/1	0,58
1908598	G	A	0/1	23,24
1913092	C	T	0/1	33,45
1916137	A	G	0/1	29,23
1917972	A	G	1/1	0,28
1925136	G	A	0/1	27,16
1926029	T	C	0/1	44,18
1931179	C	A	1/1	0,66
1933988	G	A	1/1	0,126
1934427	C	G	0/1	39,28
1944107	A	G	0/1	26,20
1944402	T	C	1/1	0,51
1946276	G	A	0/1	30,53
1946999	T	G	0/1	46,27
1950767	T	C	1/1	0,85
1952743	G	A	0/1	33,27
1960284	C	A	0/1	33,29
1964052	G	T	0/1	35,43
1967237	C	A	1/1	0,59
1967760	T	G	0/1	25,42
1971725	G	C	0/1	20,16
1972901	C	T	0/1	32,15
1977646	G	A	0/1	35,38
1995828	C	T	0|1	8,6
1995830	A	AACCGCCCCGGTGAGTCCGGAGACTCTCTGATCTGAGACCTCAGCCG	0|1	8,4
2003252	C	T	0/1	24,11
2003827	A	C	0/1	40,30
2010880	T	G	0/1	46,31
2011568	G	C	0/1	31,14
2022868	T	C	1/1	0,50
2023628	C	G	0/1	37,21
2034676	C	T	0/1	45,44
2036438	C	T	0/1	15,41
2055271	A	G	1/1	0,58
2056184	C	T	0/1	48,29
2057774	A	T	1/1	0,52
2058949	GC	G	0/1	46,31
2064937	G	C	0/1	12,23
2070810	G	C	0/1	41,6
2074754	C	T	0/1	49,35
2079030	A	G	0/1	22,37
2084296	C	T	0/1	17,14
2084525	C	A	0/1	29,23
2087652	C	T	0/1	39,43
2094911	ACAGCGT	A	0/1	34,24
2096186	A	G	1/1	0,52
2108141	T	C	0/1	8,5
2108890	A	C	0/1	32,37
2109523	C	CG	1/1	0,40
2116903	C	T	1/1	0,35
2121715	C	T	0/1	29,22
2122395	C	T	0/1	19,30
2122976	C	G	0/1	25,23
2123169	T	G	1/1	0,84
2128534	C	T	0/1	10,25
2128870	A	G	1/1	0,60
2133468	T	TTCGCATGCCGTCACC	0/1	25,25
2134061	G	A	0/1	29,38
2135870	T	C	0/1	26,29
2137521	A	ACTCCGATCAC	0/1	52,27
2138453	C	T	0/1	40,27
2142250	C	T	0/1	29,20
2143327	CG	C	0/1	25,35
2147022	A	C	0/1	32,22
2151780	G	T	0/1	34,9
2153184	T	G	0/1	40,16
2154724	C	A	0/1	29,28
2158109	T	C	0/1	47,14
2158905	C	A	0/1	20,22
2160998	G	A	0/1	34,22
2161343	G	GT	0/1	29,22
2172526	A	C	0/1	44,18
2173860	A	C	0/1	38,25
2181818	T	C	0/1	60,36
2184176	G	A	1/1	0,29
2184715	TG	T	1/1	0,30
2199052	C	G	0/1	45,26
2207591	T	TC	1/1	0,80
2209465	G	A	0/1	20,28
2211826	A	G	0/1	36,19
2212762	C	T	0/1	12,18
2216345	C	A	0/1	41,23
2216443	C	A	1/1	0,45
2220512	T	G	1/1	0,77
2220940	CGCCACGAT	C	0/1	66,19
2221584	G	C	0/1	25,28
2223293	T	C	1/1	0,58
2228445	C	G	0/1	18,12
2228967	A	G	1/1	0,59
2229801	C	G	0/1	44,33
2235169	GACAATCCGACGTTTTGCACCATGATCTGCCGCGAGCGCCGGGCATGGTCTAGGGCTTGGGGCA	G	0/1	54,17
2244421	G	T	0/1	38,44
2245916	T	G	0/1	22,24
2246603	C	T	0/1	26,46
2247677	A	C	0/1	47,30
2251999	A	G	1/1	0,50
2260100	C	T	0/1	43,25
2260151	A	G	0|1	79,14
2260154	C	T	0|1	83,14
2260171	T	C	0|1	85,18
2260174	C	T	0|1	87,19
2260196	C	CA	0|1	99,17
2260199	C	T	0|1	100,17
2260212	G	T	0|1	100,15
2260214	G	C	0|1	100,12
2260220	C	T	0|1	97,12
2260222	C	G	0|1	94,11
2260525	C	T	1/1	0,31
2261786	A	G	0/1	78,21
2264782	C	A	1/1	0,78
2265059	T	G	0/1	38,26
2266487	G	C	0/1	71,20
2266504	T	TA	0|1	70,17
2266508	A	T	0|1	61,17
2266511	GT	G	0|1	68,17
2266517	T	C	0|1	63,17
2266550	G	T	0|1	59,25
2266553	C	G	0|1	59,24
2266583	C	G	0|1	56,19
2266598	G	C	0|1	54,19
2266604	C	G	0|1	55,19
2266613	G	GC	0|1	56,16
2266624	G	T	0|1	56,17
2269780	T	C	1/1	0,37
2270102	A	G	1/1	0,63
2275764	G	A	0/1	28,24
2280041	C	G	0/1	19,29
2281103	C	G	0/1	27,30
2281995	C	T	0/1	31,40
2282787	C	T	1/1	0,50
2283960	G	T	0/1	25,31
2284456	T	G	0/1	43,36
2285251	C	A	1/1	0,60
2285558	G	A	0/1	42,30
2287121	A	G	1/1	0,87
2289047	G	A	0/1	51,27
2289365	CG	C	0/1	36,26
2289799	C	T	0/1	24,26
2307586	CGTCG	C	0/1	19,15
2308971	G	A	0/1	33,26
2309203	G	A	0/1	38,23
2311099	C	G	0|1	18,14
2323203	T	C	0/1	34,24
2325320	T	C	0/1	33,29
2328543	T	C	0/1	24,15
2329533	A	G	0/1	32,17
2331620	A	C	0/1	29,20
2331789	G	T	0/1	46,38
2333215	C	T	0/1	29,10
2334007	A	G	0/1	35,37
2335075	A	G	0|1	59,20
2335080	T	C	0|1	60,20
2335494	A	G	0/1	25,20
2341636	C	G	1/1	0,46
2342140	C	T	0/1	19,33
2342649	A	AGGCGTACACAC	0/1	26,17
2344246	G	C	0/1	41,30
2345037	C	A	0/1	29,19
2345085	A	C	0/1	13,18
2346929	C	T	0/1	27,14
2348708	G	A	0/1	22,33
2352065	C	CCTCGCCTGGGCTGGCGAGCAGACGCAAAATCCCCCGCACGCCCGGCGTGTCGGGGGATTTTGCGTCTG	0/1	25,17
2353385	G	C	0/1	38,25
2358029	T	TG	0/1	9,17
2361604	C	G	0/1	17,10
2362041	C	A	1/1	0,50
2362777	G	C	0/1	25,16
2367060	TA	T	0/1	68,43
2368564	TA	T	1/1	0,78
2369186	G	C	0/1	49,38
2369326	C	G	0/1	41,22
2386389	G	A	1/1	0,31
2388641	G	A	0/1	35,31
2390911	G	A	0/1	23,31
2396040	G	C	0/1	14,17
2402765	G	A	0/1	34,23
2413246	C	A	0/1	21,24
2415656	G	C	1/1	0,21
2421816	A	G	0/1	17,10
2421975	G	GGGAA	0/1	11,5
2424925	A	G	1/1	0,45
2425471	T	C	0/1	22,35
2434168	G	A	0/1	21,20
2434749	C	T	0/1	40,26
2437783	A	T	0|1	39,4
2437784	C	T	0|1	39,4
2437788	G	GTCAGCAAGGT	0|1	33,4
2438852	C	T	0|1	12,21
2440926	G	T	0|1	43,27
2440935	G	C	0|1	46,27
2448458	C	T	0/1	45,14
2449826	C	G	0/1	20,15
2452452	G	A	0/1	19,12
2462871	G	A	0/1	39,13
2463804	G	T	0/1	32,20
2470591	A	C	0/1	20,17
2472029	T	G	0/1	17,13
2472925	C	T	0/1	17,24
2474421	C	A	0/1	28,40
2476914	C	T	0/1	19,29
2477359	G	A	0/1	28,16
2477984	G	A	0/1	28,20
2478619	G	A	0/1	5,11
2480809	G	C	0/1	37,13
2494430	C	G	0/1	24,23
2497285	G	T	0/1	22,15
2499726	G	A	0/1	31,33
2500036	C	G	0/1	22,29
2504177	C	T	0/1	19,16
2509140	G	C	0/1	27,18
2509722	A	G	1/1	0,45
2516271	T	C	0/1	22,35
2516567	G	C	0/1	50,27
2521342	T	C	1/1	0,26
2523205	G	GCGC	1/1	0,45
2525722	CG	C	1/1	0,32
2526974	T	C	0/1	39,26
2529680	A	G	0/1	23,16
2533377	T	C	0/1	33,13
2534306	G	A	0/1	15,28
2534562	GGA	G	1/1	0,18
2536312	C	T	0/1	28,27
2536625	C	CG	0|1	16,7
2537389	A	G	0/1	12,18
2538547	C	T	0/1	21,16
2539190	GC	G	0/1	36,20
2540554	T	C	0/1	36,19
2541477	C	G	0/1	50,16
2542543	G	A	0/1	50,29
2545652	C	A	0/1	25,18
2546430	A	C	0/1	33,19
2547597	G	A	0/1	29,48
2555139	G	A	0/1	31,33
2562644	G	T	0/1	29,30
2564368	G	GC	0/1	21,15
2566766	C	CG	0|1	21,22
2566768	A	C	0|1	22,22
2573756	C	A	0/1	53,21
2578626	A	G	0/1	29,30
2581898	A	G	0/1	31,37
2586127	A	G	1/1	0,38
2589216	G	C	0/1	39,25
2590541	G	A	0/1	14,26
2591172	G	A	0/1	36,23
2598400	A	G	0/1	27,18
2600260	A	G	0/1	35,22
2602296	T	C	0/1	47,63
2604156	TCAGTGCCAA	T	0/1	38,25
2608117	C	A	0/1	21,16
2611498	C	A	0/1	51,34
2612632	C	A	1/1	0,30
2615413	A	G	0/1	25,20
2619271	T	C	0/1	37,27
2624986	T	G	0/1	21,10
2627946	A	G	0/1	53,28
2631009	G	GGTGCC	0/1	45,18
2631929	C	G	0|1	73,7
2631931	G	A	0|1	73,7
2631932	C	G	0|1	73,7
2631938	G	A	0|1	67,7
2631940	T	A	0|1	67,7
2631941	A	G	0|1	68,7
2631944	C	T	0|1	68,7
2631962	T	G	0|1	66,8
2631967	G	A	0|1	70,10
2631968	A	G	0|1	71,10
2631971	A	G	0|1	67,10
2631977	G	C	0|1	66,10
2632341	C	CA	0|1	30,30
2632362	T	C	0|1	40,34
2637541	C	T	0/1	30,34
2642383	C	T	0/1	33,27
2652254	G	C	0/1	26,27
2656225	A	G	1/1	0,58
2656635	G	A	0/1	30,30
2660319	C	G	0/1	49,19
2661039	G	A	0/1	67,32
2661882	G	A	0/1	20,18
2666122	C	T	0/1	25,10
2669104	G	A	0/1	30,27
2673291	G	C	0/1	23,16
2676307	G	A	0/1	25,19
2680658	T	G	0/1	39,30
2681454	C	T	0/1	29,29
2682036	C	T	0|1	22,19
2686603	G	A	0/1	49,23
2688700	C	T	0/1	13,18
2690160	A	G	0/1	56,26
2695378	C	G	0/1	22,29
2695786	G	A	0/1	19,30
2697489	C	T	0/1	29,26
2700222	T	C	0/1	47,29
2704724	G	T	0/1	38,27
2704884	A	ACAGCGACCATATCGCCGAGCT	0/1	28,21
2712109	C	T	0/1	17,19
2712328	C	T	0/1	30,16
2713795	C	T	0/1	33,36
2718852	T	G	1/1	0,71
2720069	G	A	0/1	21,29
2720444	C	T	0/1	47,30
2723506	T	C	0/1	17,21
2724180	TCACGATCGGGTCTCCTCTAG	T	0/1	29,11
2726105	G	A	0/1	57,36
2729009	C	T	0/1	36,23
2729058	A	C	0/1	44,21
2734074	T	C	1/1	0,15
2736004	G	A	0/1	22,27
2737248	C	A	0/1	27,34
2737572	C	A	0/1	15,14
2738221	G	A	0/1	26,14
2740693	T	C	0/1	20,15
2751469	C	A	0|1	14,16
2751804	C	T	1/1	0,49
2752698	C	A	1/1	0,118
2753869	A	G	0/1	37,26
2760152	A	G	1/1	0,48
2771383	A	G	0/1	35,14
2779136	T	C	1/1	0,47
2782498	G	A	0/1	54,33
2786952	A	G	1/1	0,59
2791098	C	T	0/1	21,14
2798595	C	T	0/1	24,17
2806699	AC	A	0/1	23,21
2807486	C	A	0/1	80,43
2809250	C	T	0/1	26,42
2809621	T	C	1|1	0,36
2817747	G	A	0/1	20,15
2818837	A	G	1/1	0,43
2821342	C	T	0/1	21,19
2825466	G	A	0/1	36,28
2827984	G	T	1/1	0,53
2828019	T	C	1/1	0,48
2830525	C	A	1/1	0,77
2841022	A	G	0/1	26,16
2843315	G	A	0/1	11,18
2847281	A	G	0/1	25,7
2848331	G	A	0/1	14,18
2852469	T	A	0/1	44,47
2855259	A	G	1/1	0,44
2857422	T	C	0/1	26,41
2862693	G	A	0/1	18,21
2865760	A	G	1/1	0,55
2865882	T	C	0/1	29,31
2877378	G	C	0/1	29,23
2880702	G	C	0/1	41,24
2881337	C	T	0/1	28,21
2881569	A	G	0/1	27,18
2881597	AG	A	1/1	0,41
2882590	C	G	0/1	26,21
2884068	A	C	0/1	44,35
2884398	C	G	0/1	37,55
2886570	A	G	0/1	40,30
2888201	T	C	0/1	36,18
2889633	T	C	1/1	0,36
2891267	C	T	1/1	0,63
2891728	A	G	1/1	0,54
2894208	G	A	1/1	0,59
2895473	A	G	0/1	34,25
2897660	T	C	0/1	39,26
2898172	AC	A	0/1	36,26
2898522	T	C	0/1	36,19
2903050	G	A	0/1	25,26
2910461	G	T	1/1	0,49
2910852	C	G	0/1	31,29
2911293	C	G	1/1	0,42
2912294	T	G	1/1	0,62
2923391	T	C	1/1	0,40
2925462	T	A	0/1	61,18
2925962	T	C	0/1	46,30
2927939	T	C	1/1	0,103
2937721	G	T	0/1	25,18
2939373	G	C	1/1	0,46
2939657	T	C	1/1	0,31
2940473	G	A	0/1	27,43
2941179	G	A	0/1	40,38
2948524	T	A	0/1	37,11
2949251	G	A	0/1	42,21
2954439	T	C	1/1	0,61
2955061	T	C	0/1	31,34
2955775	A	C	0/1	46,27
2958693	G	A	0/1	39,24
2959256	TA	T	0|1	36,42
2959258	TCCAATCA	T	0|1	38,42
2964594	G	A	0/1	18,17
2975778	T	G	0/1	37,24
2976563	C	T	0|1	32,22
2984740	A	G	1/1	0,35
2988630	C	G	0/1	15,33
2994187	T	C	0/1	20,12
2995548	C	A	0/1	32,23
2999988	A	AC	0/1	27,23
3003115	C	G	0/1	41,29
3005185	G	T	0/1	28,25
3005789	T	C	0/1	31,49
3009692	A	G	0/1	47,28
3010014	G	A	0/1	27,24
3010420	A	G	0/1	31,18
3011837	A	G	0/1	49,30
3017134	G	T	0/1	32,21
3017438	C	T	0/1	37,22
3017465	T	C	1/1	0,62
3022105	G	A	0/1	20,28
3025393	T	G	0/1	15,37
3027548	C	T	0/1	38,32
3027798	T	C	0/1	22,36
3028337	G	GC	0/1	24,18
3028434	G	A	0/1	31,34
3031168	A	G	0/1	23,21
3032966	TGTCCAC	T	0/1	16,36
3037377	T	C	0/1	9,14
3038355	G	A	0/1	40,25
3038414	G	A	0/1	45,18
3040344	C	T	0/1	6,23
3041871	G	T	0/1	38,22
3043700	C	T	0/1	23,14
3046610	G	C	0/1	19,20
3058501	C	A	0/1	56,9
3058989	G	A	0/1	19,40
3059787	CCCGGCGAGCAGACGCAAAATCGCCTCATTTCGGCACGAAATGGGCGATTTTGCGTCTGCTCGGCGGGCTACTCG	C	0/1	51,7
3069167	A	G	0/1	31,14
3069566	C	T	0/1	60,37
3072285	A	C	0/1	47,14
3075400	T	C	0/1	17,12
3076172	C	T	0/1	17,10
3080795	A	G	1/1	0,63
3086788	T	C	0/1	74,29
3089299	C	G	0/1	28,19
3102346	CG	C	0/1	23,30
3103682	T	C	1/1	0,42
3104189	A	G	0/1	49,30
3104743	C	T	0/1	12,36
3111280	G	A	0/1	27,19
3112700	C	T	0/1	29,15
3115384	G	C	0/1	70,28
3116447	T	G	0/1	13,21
3128469	C	A	0/1	18,43
3131469	T	TTGTCGGCGA	0/1	23,20
3136550	G	A	0/1	24,28
3137058	G	A	1/1	0,56
3141649	C	T	0/1	33,54
3150815	G	A	0/1	26,14
3158327	C	G	0/1	21,30
3165807	G	A	0/1	60,34
3168492	G	A	0/1	40,23
3168967	C	A	0/1	30,44
3174013	G	A	0/1	36,27
3174496	A	G	0/1	30,24
3177884	C	A	1/1	0,61
3180988	C	A	0/1	16,13
3184780	G	T	0|1	19,31
3184781	A	T	0|1	19,31
3186860	T	G	1/1	0,39
3189242	A	G	0/1	44,19
3189801	G	C	0/1	41,45
3190145	TC	T	0/1	37,27
3190721	C	T	0/1	24,38
3194143	T	C	0/1	42,17
3196813	A	C	0/1	29,25
3200478	G	A	0/1	8,11
3202731	A	C	0/1	37,26
3208600	G	A	0/1	30,25
3212723	C	A	0/1	36,24
3218272	G	C	0/1	38,29
3218372	T	C	0/1	39,25
3219500	T	A	0/1	38,26
3222212	G	T	0/1	41,26
3226181	A	C	1/1	0,53
3228143	G	T	1/1	0,24
3236442	G	A	0/1	18,19
3236497	A	T	0/1	28,24
3236527	G	A	0/1	31,22
3244113	T	C	0/1	31,34
3256494	A	G	0/1	21,28
3266030	A	G	0/1	4,5
3269581	A	G	1/1	0,56
3270784	A	G	1/1	0,52
3273107	C	A	0/1	20,15
3286651	A	C	0/1	42,14
3288359	T	TGCCGTTGAC	0|1	41,16
3288365	T	TCACAAGGGCG	0|1	37,6
3288366	T	TTTCGAGCAACGC	0|1	38,4
3294199	G	A	0/1	20,16
3296371	G	GCCGCGGC	0/1	23,20
3296843	A	G	1|1	0,23
3300537	G	T	0/1	61,32
3302589	A	C	0/1	36,12
3306441	G	A	0/1	14,25
3307331	G	A	0/1	56,18
3308606	G	A	1/1	0,136
3312479	G	A	0/1	59,25
3312620	C	A	0/1	47,37
3314412	A	G	0/1	48,30
3315449	G	A	0/1	23,20
3316603	G	A	0/1	20,39
3316955	A	C	0/1	30,30
3326554	A	C	0/1	39,29
3328863	G	C	0/1	39,16
3331361	ACG	A	0/1	28,26
3336825	T	C	0/1	24,18
3338603	G	C	1/1	0,39
3348536	C	T	0/1	15,19
3349917	G	A	0/1	44,23
3351759	G	A	0/1	30,16
3352932	C	G	0/1	33,26
3355949	A	C	0/1	37,26
3357464	C	G	0/1	46,24
3358235	A	T	1/1	0,72
3358441	G	A	0/1	19,24
3363338	A	G	1/1	0,67
3367765	G	A	1/1	0,56
3379270	A	G	0|1	43,5
3383920	G	T	0/1	28,33
3385218	C	T	0/1	16,21
3393640	C	T	0/1	38,23
3395654	G	A	0/1	18,14
3401871	A	G	0/1	36,15
3402816	C	T	0/1	33,22
3404376	C	G	0/1	32,30
3407843	GTTTTCACCCCGCTCGAT	G	0/1	38,16
3413785	C	T	0/1	21,23
3415180	ACACCTAGGGGGTGG	A	1/1	0,50
3419467	C	T	0/1	28,43
3420825	A	G	0/1	56,31
3423249	C	CGCGAGCAGACGCAGAATCGCCCAAAATCCAAGATTTTGAGGCGATTCTGCGTCTGCTCGCGCAACCGG	0/1	50,18
3425854	C	T	1/1	0,70
3428897	G	C	0/1	36,15
3428917	C	A	1/1	0,45
3435327	G	C	0/1	37,51
3437007	G	C	0/1	27,12
3440464	T	G	1|1	0,60
3440468	G	C	1|1	0,59
3446699	C	G	0/1	27,31
3447560	T	C	0/1	29,26
3450725	T	C	1/1	0,14
3452715	T	G	0/1	41,22
3454263	C	G	0/1	21,33
3455686	G	C	0/1	44,28
3456666	A	G	1/1	0,56
3459081	G	C	0/1	36,20
3460557	C	G	0/1	17,20
3462135	G	C	0/1	21,16
3467465	C	G	0/1	42,37
3473996	G	GA	0/1	43,15
3474893	C	G	0/1	20,14
3478242	G	C	0|1	83,20
3478244	C	A	0|1	82,20
3478245	T	C	0|1	82,20
3478248	T	C	0|1	86,20
3478251	C	T	0|1	80,19
3478254	G	C	0|1	76,19
3478257	A	G	0|1	75,19
3478260	C	G	0|1	72,19
3478263	G	A	0|1	73,21
3478272	G	A	0|1	69,17
3478290	C	T	0/1	54,14
3480238	GT	G	0/1	38,29
3480474	G	A	0/1	39,32
3480542	T	C	0/1	47,21
3480789	T	C	0/1	33,23
3486977	A	G	1/1	0,97
3488122	G	A	0/1	31,23
3489665	C	T	0/1	39,16
3489682	A	C	0|1	40,16
3489692	C	G	0|1	40,14
3498342	G	C	0/1	30,16
3499497	G	C	0/1	38,26
3500243	G	C	0/1	54,24
3503895	C	T	1/1	0,48
3506650	A	C	0/1	30,13
3508100	C	T	0/1	29,13
3509231	G	A	0/1	46,29
3509299	CAG	C	0/1	41,21
3515467	C	T	0/1	32,29
3517036	CA	C	0/1	38,43
3518167	A	G	0/1	18,8
3518555	A	G	1/1	0,31
3529180	CCTA	C	0|1	78,7
3529186	G	GCGCGC	0|1	78,7
3529190	GTC	G	0|1	78,7
3529195	GGCCA	G	0|1	83,7
3530955	C	G	0/1	42,25
3539353	G	A	0/1	20,11
3556275	A	G	0/1	40,25
3557253	C	T	0/1	80,34
3559061	G	A	0/1	58,16
3559995	C	T	0/1	15,11
3562338	G	T	0/1	24,32
3567126	C	T	0/1	22,35
3572277	C	G	0/1	8,23
3578977	G	T	0/1	13,3
3579233	C	G	0|1	10,14
3580636	CT	C	1/1	0,63
3581414	A	G	1/1	0,73
3582694	C	T	0/1	34,30
3586426	C	A	0/1	20,28
3590686	G	GC	1/1	0,41
3591063	T	C	1/1	0,31
3600576	C	T	0/1	44,25
3600980	C	CG	0/1	45,25
3604821	G	C	1/1	0,21
3610391	A	AC	0/1	59,33
3612390	C	T	0/1	7,27
3614200	C	T	0/1	25,61
3614982	T	C	0/1	50,26
3621423	A	G	0/1	40,29
3621570	T	G	0/1	36,20
3622441	A	C	1/1	0,27
3625065	T	G	0/1	14,16
3629576	G	A	0/1	31,26
3638093	G	A	0/1	48,32
3644170	G	A	0/1	38,45
3645524	C	T	0/1	23,28
3645733	A	G	0/1	49,33
3649396	C	A	0/1	31,16
3653988	G	A	0/1	39,33
3654788	G	A	0/1	40,28
3656206	C	A	0/1	38,13
3670040	C	T	0/1	39,28
3678094	C	T	0/1	39,17
3679764	G	A	0/1	26,13
3681548	A	C	0/1	22,17
3685510	T	C	0/1	38,15
3689523	G	T	1/1	0,68
3690016	A	G	0/1	30,22
3693681	A	C	0/1	41,22
3697585	C	T	0/1	34,41
3702331	C	A	0/1	26,39
3704596	G	C	1/1	0,70
3714211	G	T	1/1	0,62
3714639	G	A	0/1	32,24
3714757	A	C	0/1	36,27
3715775	C	T	0/1	44,29
3718357	C	T	1/1	0,48
3721806	G	C	1/1	0,75
3725325	A	C	0/1	25,18
3729342	C	T	0/1	24,21
3771009	T	G	0/1	33,23
3771984	T	C	0/1	33,21
3772833	CA	C	0/1	29,29
3785870	G	A	0/1	23,63
3787466	G	C	0/1	53,27
3787713	A	G	0/1	22,26
3794867	C	CCA	0/1	30,24
3797425	A	G	0/1	60,27
3797940	G	A	0/1	36,42
3798095	A	C	0/1	53,33
3799512	C	T	0/1	22,27
3810676	G	A	0/1	16,37
3815477	G	T	0/1	38,23
3817117	C	A	1/1	0,32
3820545	A	G	0/1	17,34
3821503	A	C	0/1	42,14
3821845	G	T	0/1	44,31
3821869	C	T	0/1	43,32
3823159	A	T	1/1	0,65
3826684	C	T	1/1	0,45
3829770	T	C	0/1	44,27
3830695	A	G	0/1	22,8
3836739	G	A	0/1	24,41
3838871	A	G	1/1	0,38
3849029	C	T	0/1	12,22
3851887	A	C	0|1	12,15
3851888	T	C	0|1	12,13
3859893	C	T	1/1	0,63
3860210	G	A	0/1	18,27
3860216	G	A	0/1	28,17
3862472	GA	G	1/1	0,33
3864995	T	C	0/1	52,25
3869355	T	C	0/1	39,25
3870010	A	G	0/1	18,11
3871246	T	C	0/1	22,23
3874722	AT	A	0/1	56,28
3874745	G	C	0/1	53,29
3877421	A	G	1/1	0,73
3880175	C	A	0/1	35,23
3880239	C	CGTCCGGCTCCTCCTCGGACCACTACGCGGCCCGCATCGTCGCCGACCAAATCCAACT	0/1	18,3
3880650	C	T	0/1	41,30
3885886	T	C	0/1	51,30
3892568	G	C	0/1	39,66
3892671	A	G	1/1	0,91
3893480	G	A	0/1	57,28
3895727	C	A	0/1	35,20
3896340	T	G	1/1	0,58
3898408	A	G	1/1	0,66
3902873	G	A	0/1	12,13
3903581	G	A	0/1	28,21
3905307	T	C	0/1	25,32
3906462	A	AT	0/1	36,26
3908062	C	T	0/1	74,32
3909235	G	C	0/1	31,33
3918649	T	C	0/1	38,24
3938632	T	TCGGCGTAGTCGTCGGCGGACCGACGGCGCGCCCGGTGCACCCGGCCAGGCTGGCGGTGCCGGTGGGTC	0/1	51,9
3952800	G	A	1/1	0,49
3958403	A	G	0/1	38,23
3959418	C	T	1/1	0,86
3961248	A	C	0/1	22,48
3961304	C	T	0/1	31,46
3964930	C	T	0/1	80,42
3966387	G	A	0/1	49,28
3966579	GA	G	0/1	21,55
3966888	C	T	0/1	27,34
3981983	G	A	0/1	42,12
3983246	A	G	0/1	52,21
3984321	G	A	0/1	73,23
3990093	C	T	0/1	29,12
3994101	A	G	0/1	40,20
4005114	G	C	0/1	33,18
4005607	T	C	0/1	26,11
4007272	G	A	0/1	28,37
4008747	A	G	0/1	40,12
4012286	C	T	0/1	65,39
4024273	T	C	0/1	39,22
4026170	C	T	0/1	20,19
4026899	G	A	1/1	0,64
4028292	C	T	0/1	35,47
4028752	A	G	0/1	30,19
4033711	A	G	0/1	32,11
4034827	C	T	1/1	0,72
4043814	G	A	0/1	48,42
4044777	T	G	0/1	43,19
4044872	G	A	0/1	35,27
4052349	T	G	0/1	57,32
4055801	G	A	1/1	0,76
4056416	C	A	0/1	73,52
4057036	A	G	0/1	64,43
4059186	G	T	0/1	37,19
4059904	A	G	1/1	0,46
4069292	G	A	0/1	14,14
4080057	GCCAGAA	G	0/1	45,19
4081899	G	A	0/1	23,26
4087479	TCCGCATCGTCGCCGAACTAGGTCCGACTGCCCGGCTCCTCAGCGGACCCCAGCGGGA	T	0/1	43,20
4087880	G	A	0/1	19,21
4089058	T	C	0/1	43,38
4090453	C	G	0/1	36,21
4092376	T	C	0/1	62,29
4095001	CG	C	1/1	0,67
4095295	T	C	0/1	42,40
4096636	C	T	0/1	52,27
4097490	A	AC	0/1	29,8
4097569	G	T	0/1	18,7
4099201	G	A	0/1	18,25
4100975	T	C	1/1	0,58
4105433	C	G	0/1	37,30
4107074	T	C	0/1	26,23
4111303	G	C	1/1	0,72
4112429	T	C	0/1	46,23
4115952	C	T	0/1	61,34
4122287	G	T	0/1	46,21
4124254	C	G	0/1	10,4
4130866	G	A	0/1	22,47
4132509	G	A	0/1	12,16
4138622	G	A	0/1	30,21
4142192	G	A	0/1	27,22
4145153	C	CA	0/1	38,29
4145737	A	G	0/1	28,21
4149505	A	G	0/1	15,36
4151855	A	G	0/1	37,23
4153655	G	A	0/1	48,24
4155677	C	T	0/1	35,34
4156099	C	A	1/1	0,66
4156503	C	T	0/1	36,37
4159195	T	C	0/1	34,21
4162339	A	G	1/1	0,108
4166290	G	A	0/1	37,32
4166441	G	A	0/1	40,25
4169852	G	T	0/1	49,44
4170555	G	C	0/1	18,20
4170739	G	C	0/1	32,37
4170964	G	GA	0/1	32,35
4171088	G	A	0/1	51,31
4179089	C	T	0/1	39,18
4182695	G	A	0/1	19,24
4185613	G	A	0/1	24,63
4187485	T	C	1/1	0,58
4187817	A	G	1/1	0,31
4188020	A	G	0/1	35,59
4193360	A	G	0/1	32,76
4193683	G	C	0/1	20,29
4194012	G	A	0/1	33,11
4195321	AC	A	0/1	63,30
4195390	A	T	0/1	57,28
4195799	C	A	0/1	60,32
4197138	C	CT	0/1	41,22
4198611	CG	C	0/1	54,30
4204441	A	G	1/1	0,95
4205120	A	G	0/1	56,21
4210274	A	G	1/1	0,65
4215484	G	C	0/1	35,32
4217557	A	G	0/1	72,42
4221490	C	G	1/1	0,75
4222073	A	G	1/1	0,33
4222131	C	T	0/1	21,12
4222882	A	G	1/1	0,45
4223172	T	C	0|1	18,8
4226275	C	T	0/1	24,20
4226937	G	A	0/1	24,45
4231859	CGCGGTCTGTGCGCCGGGCGCACGCACCGAATTCGAGCTATTAGCGGCCGCGGCAAGGGACGCATTCGGCCTGGACGTCCACCCAGCGGT	C	0/1	60,18
4232604	G	A	0/1	21,33
4235659	G	A	0/1	25,34
4242075	G	A	0/1	52,24
4242643	C	T	1/1	0,45
4246729	C	T	0/1	19,33
4251297	G	C	0/1	40,21
4251893	G	A	0/1	14,39
4255502	G	A	0/1	28,30
4255922	A	G	0/1	29,27
4257220	A	G	0/1	36,24
4257500	G	C	0/1	25,32
4258447	G	A	0/1	18,15
4262388	C	T	0/1	32,37
4265215	G	A	0/1	30,40
4266395	C	T	0|1	42,4
4266398	C	G	0|1	36,4
4266647	A	G	0/1	22,16
4284570	A	C	0/1	26,50
4286826	A	G	0/1	66,27
4287164	A	G	0/1	25,21
4292893	C	T	0/1	30,59
4292941	G	A	0/1	65,28
4296015	G	A	0/1	45,37
4304818	G	C	0/1	32,22
4305243	G	A	0/1	25,17
4306155	C	T	1/1	0,47
4307179	G	A	0/1	36,25
4310447	A	C	0/1	38,17
4313128	C	T	0/1	65,23
4313156	G	A	0/1	66,27
4313259	G	T	0/1	52,23
4313353	C	A	0/1	35,18
4314645	A	G	0/1	35,29
4314800	G	A	0/1	26,38
4319386	T	G	0/1	39,7
4322039	AC	A	0/1	47,31
4328492	G	A	0/1	27,23
4329782	G	A	0/1	50,27
4336991	C	T	0/1	14,16
4337116	T	G	0/1	9,31
4338469	T	G	0/1	60,31
4338595	GC	G	1/1	0,107
4338732	G	A	0/1	58,43
4338863	G	C	0/1	24,44
4343784	G	A	0/1	37,32
4345548	G	A	0/1	64,26
4345806	T	G	0/1	24,37
4350748	GA	G	0/1	37,21
4351039	G	T	1/1	0,68
4355319	C	G	0/1	29,29
4356110	G	C	1/1	0,59
4357517	A	T	0/1	24,33
4357597	C	G	0/1	19,36
4358768	C	T	0/1	14,18
4359042	C	T	0/1	8,11
4359165	G	C	0|1	6,20
4366195	T	C	0/1	23,8
4366272	G	C	1/1	0,38
4367734	T	A	0/1	21,48
4372353	G	C	0/1	30,18
4372540	A	C	0/1	34,29
4376032	T	C	0/1	32,37
4379116	C	T	0/1	28,20
4379680	C	G	1/1	0,54
4380016	A	G	0/1	41,27
4382054	T	C	1/1	0,57
4382275	G	T	1/1	0,58
4383144	C	CCGGGG	1|1	0,31
4383655	A	G	0/1	28,11
4384007	C	G	0/1	46,27
4386131	C	T	0/1	37,72
4386228	T	C	0/1	43,25
4386248	G	C	0/1	39,22
4389919	A	G	0/1	14,25
4390692	C	T	0/1	43,36
4391508	G	A	0/1	17,20
4393178	A	G	0/1	30,17
4396495	C	A	0/1	10,11
4397002	C	G	0/1	31,40
4397736	C	T	0/1	37,17
4400660	AC	A	1/1	0,48
4401509	C	T	0/1	34,19
4402537	G	A	0/1	29,29
4407588	T	C	0/1	43,18
4408923	C	T	0/1	26,23
4409954	G	C	0/1	54,28
