1849	C	A	1/1	0,159
1977	A	G	1/1	0,188
3446	C	T	0/1	34,90
4013	T	C	1/1	0,139
7362	G	C	1/1	0,128
7585	G	C	1/1	0,105
9304	G	A	1/1	0,110
11820	C	G	0/1	70,22
11879	A	G	1/1	0,101
12204	G	A	0/1	39,59
14785	T	C	1/1	0,131
14861	G	T	0/1	80,29
15087	C	G	0/1	67,29
15117	C	G	1/1	0,104
16119	C	A	0/1	80,41
17654	T	G	0|1	68,18
17657	T	C	0|1	67,18
21795	G	A	1/1	0,108
24007	G	T	0/1	39,69
24698	GCCGCGTTGCTCGGGGTAA	G	1/1	0,57
25610	G	C	0/1	73,50
26747	GC	G	0/1	29,83
26957	C	G	0|1	35,90
26959	C	G	1|1	0,123
27477	AAGCGTATATGTCTGTGGCGGGCTCTGCAAGAGAATCGCGATAAAAACGTATATACATAAGGGGTGGCCGCGGCCGAGTCGTATCCGGGT	A	0/1	48,63
28366	AT	A	0/1	75,34
30118	G	GT	0/1	54,89
34044	T	C	1/1	0,138
34568	TC	T	0/1	41,80
35608	C	T	0/1	89,45
36008	G	C	0/1	74,45
36885	C	T	0/1	36,111
37031	C	G	1/1	0,123
37305	C	G	0/1	67,37
37334	A	T	0/1	75,36
38982	C	CTCGCGCGCTGGGCGCGCTCATCGACCGGGGCTTGGGTTGATTGGCCCTGGCTCTCTTCGCGCGCTGGGCGCGCTCATCGACCGGGGCTTGGGTTGATTGGCCCCGGCTCTCT	0/1	0,0
39017	G	GGTTGATTGGCCCTGGCTCTCTTCGCGCGCTGGGCGCGCTCATCGACCGGGGCTTGGGTTGATTGGCCCCGGCTCTCTTCGCGCGCTGGGCGCGCTCATCGACCGGGGCTTGC	0/1	75,0
39158	C	G	0/1	70,38
40025	T	C	0/1	29,72
42281	C	A	1/1	0,113
42967	G	C	1/1	0,107
44768	A	G	0/1	98,39
48503	T	C	0/1	73,26
49360	C	T	1/1	0,101
49690	GCC	G	1/1	0,107
50557	T	C	1/1	1,121
51949	A	G	1/1	0,117
53422	G	A	0/1	20,49
54394	A	G	1/1	0,126
54842	G	T	0/1	31,67
55546	G	GCCT	1/1	0,101
56001	G	A	0/1	46,83
62049	A	G	1/1	0,101
63146	G	T	0/1	96,50
65083	G	A	0/1	33,83
65150	C	T	0/1	94,33
66632	C	T	0/1	34,68
67012	C	T	0/1	30,76
68337	T	TC	0/1	95,38
69984	C	A	0|1	39,117
69989	G	A	1|1	0,157
70267	G	T	1/1	0,117
70816	A	G	1/1	0,96
71336	G	C	1/1	0,70
71584	C	CCGAGCGCTGTTCTGGCGCTAATCTGACGCTAGAATAG	1/1	0,88
72549	C	T	0/1	35,107
75233	C	A	1/1	0,96
75940	G	C	1/1	0,105
79480	T	C	0/1	84,24
79504	T	TCGGTGGACCCGGTGGACC	1/1	4,49
85708	T	G	0/1	32,83
87468	C	T	0/1	90,30
92199	T	G	1/1	0,79
94388	G	A	0/1	75,35
95293	C	G	0/1	33,77
96894	C	T	0/1	80,39
97350	A	C	0/1	46,29
99162	TCGGTGTGCG	T	0/1	75,50
101539	C	T	0/1	79,33
108791	C	T	0/1	41,85
108940	C	G	0/1	101,40
111059	G	A	0/1	46,96
116000	T	G	1/1	0,95
117389	C	T	0/1	35,82
122109	A	G	1/1	0,129
123198	T	C	0/1	34,93
123454	C	T	0/1	86,38
123520	T	C	1/1	0,158
123745	G	A	0/1	31,77
125830	G	GA	1/1	1,119
127101	G	T	0|1	69,31
127102	C	G	0|1	69,31
129163	A	T	0/1	46,22
129576	A	C	0/1	22,69
131174	T	TG	1/1	0,139
133839	C	T	1/1	0,102
135329	C	T	0/1	61,22
138770	G	T	0/1	81,43
139297	G	T	0/1	84,45
141623	G	A	0/1	70,38
143207	T	C	1/1	0,110
144865	C	T	0/1	33,55
146087	T	C	1/1	0,102
146236	C	G	0/1	92,40
147262	G	T	0/1	89,46
154283	T	C	1/1	0,114
156226	C	T	0/1	79,36
157129	C	T	0/1	38,80
160797	C	T	0/1	47,74
162151	GT	G	0/1	76,43
163705	C	T	0|1	65,42
163706	C	T	0|1	66,43
164853	T	G	0/1	74,33
165821	C	T	0/1	51,23
168749	G	A	0/1	27,52
170671	G	A	0/1	39,80
172492	C	G	0/1	40,88
174360	C	T	0/1	36,85
176534	TG	T	0/1	31,71
181090	C	T	0/1	23,64
182824	G	A	0/1	85,30
183091	C	G	0/1	89,38
190816	A	C	0/1	66,20
192521	G	A	0/1	14,53
194305	C	CGG	1/1	0,110
194681	G	C	1/1	0,98
195682	C	G	0/1	82,34
196642	C	T	1/1	0,148
198401	G	T	0/1	31,89
199470	T	G	1/1	0,133
201949	G	A	0/1	28,64
202002	T	TGCG	0/1	30,55
203038	T	C	0/1	86,36
204094	G	T	0/1	59,34
206339	T	C	1/1	0,85
206481	C	G	1|1	0,91
206484	G	T	1|1	0,92
207079	G	C	0/1	36,62
210624	C	T	0/1	35,73
213147	C	A	0/1	89,45
213281	C	T	0/1	75,31
214212	A	G	0/1	28,80
215977	C	T	0/1	59,35
216276	A	C	0/1	26,62
217201	T	C	1/1	0,135
218599	T	C	0/1	31,74
222925	G	A	0/1	60,26
223942	T	C	1/1	0,121
224338	C	T	0/1	37,76
225323	T	C	1/1	0,116
227098	T	C	1/1	0,103
230170	C	T	0/1	82,39
230576	G	GT	1/1	0,140
230920	TC	T	0/1	32,88
231114	C	G	1/1	0,116
234477	T	G	1/1	0,98
234496	C	CGT	1/1	0,90
243923	CG	C	0/1	34,62
244146	A	G	0/1	78,35
249522	T	C	1/1	0,94
251575	G	A	1/1	0,122
255373	T	C	0/1	46,93
257071	C	T	0/1	35,81
258867	C	T	0/1	85,35
260576	T	C	0/1	86,35
261869	T	C	1/1	0,70
262268	A	T	1/1	0,101
263399	G	T	0/1	25,65
264129	G	A	0/1	71,50
264992	T	C	0/1	31,92
265554	A	C	1/1	0,119
266405	C	T	0/1	42,70
267751	G	C	0/1	64,27
270430	G	C	0/1	67,41
272750	C	A	0/1	36,50
274463	C	A	0/1	31,87
276539	G	C	0/1	46,81
277758	A	G	0/1	66,31
278021	T	C	0/1	70,41
278681	C	G	1/1	0,122
280794	G	T	0/1	81,28
281130	A	G	0/1	39,93
282892	C	T	0/1	63,17
283503	G	A	0/1	25,71
283610	G	A	0/1	66,20
283614	T	C	1/1	0,88
285772	A	C	1/1	0,66
285871	A	G	1/1	0,71
287141	GC	G	0/1	33,66
288260	C	T	0/1	82,40
289253	C	T	0/1	41,75
290650	G	C	0/1	22,52
293628	A	AC	1/1	1,111
296312	C	T	0/1	72,45
301305	G	A	0/1	44,96
301341	C	A	0/1	50,103
304923	A	G	1/1	0,128
305188	G	T	0/1	78,38
310680	C	A	0/1	82,34
310973	G	A	1/1	0,98
311255	G	A	0/1	78,33
311613	G	T	1/1	0,116
317112	G	C	0/1	96,45
324812	C	T	0/1	36,72
325505	T	C	1/1	0,110
328569	G	C	0/1	35,91
336322	CAA	C	0|1	58,32
336325	T	G	0|1	58,32
336327	C	CGG	0|1	58,32
336332	G	C	0|1	57,36
336344	A	G	0|1	55,39
336345	T	C	0|1	55,39
336353	C	T	0|1	54,39
336356	GGAA	G	0|1	56,41
336360	C	CCTCCCCG	0|1	53,41
336369	C	T	0|1	56,46
336370	A	G	0|1	55,46
336380	A	T	0|1	58,68
336400	C	G	0|1	66,63
336403	C	G	0|1	65,61
336405	A	G	0|1	66,61
336422	TTG	T	0|1	66,46
336428	A	G	0|1	68,46
336431	C	T	0|1	68,46
336439	A	G	0|1	67,47
336441	C	T	0|1	67,46
336442	G	A	0|1	68,47
336449	T	C	0|1	71,47
336451	T	G	0|1	71,46
336452	A	G	0|1	71,46
336535	T	G	0|1	55,38
336537	T	G	0|1	53,37
336540	G	T	0|1	52,38
336546	T	G	0|1	48,38
336557	C	CT	0/1	45,34
336560	T	C	0|1	44,33
339230	G	C	0/1	38,90
342146	A	C	1/1	0,105
342873	C	T	0/1	34,79
346275	C	G	1/1	0,107
353197	C	T	0/1	29,88
353309	G	A	0/1	96,24
353365	G	A	0/1	74,24
356528	A	G	1/1	0,100
358473	G	C	0/1	43,82
363464	G	A	0/1	73,24
363563	G	A	0/1	34,73
364648	C	A	0/1	37,87
364854	C	G	0/1	80,37
376774	T	C	1/1	0,82
377014	C	T	0/1	90,38
378115	C	T	0/1	88,49
379528	G	T	0/1	65,36
383716	C	T	0/1	70,25
384380	A	C	1/1	0,115
386432	C	G	1/1	0,111
390828	T	C	1/1	0,118
391853	A	G	1/1	0,109
392261	T	C	1/1	0,101
396199	T	C	1/1	0,123
402836	G	A	0/1	43,71
403118	C	T	0/1	70,29
403980	G	A	1/1	0,112
404326	T	C	1/1	0,110
406251	T	C	0/1	29,70
407672	G	A	0/1	25,93
408368	T	C	0/1	74,26
413343	T	A	0/1	39,59
414486	C	T	1/1	0,128
414766	G	C	0/1	79,17
420008	A	G	1/1	0,115
422678	G	A	0/1	30,79
424141	G	GAGCGAACGGCGC	0|1	88,49
424145	T	TGGCACCAGCCGGTG	0|1	88,31
438470	C	T	0/1	30,73
440365	G	A	0/1	38,73
440878	C	T	0/1	45,69
441823	C	T	0/1	79,37
445780	C	T	1/1	0,102
447642	G	C	0/1	33,65
454295	T	C	1/1	0,99
454333	T	G	1/1	0,105
455024	G	A	0/1	49,111
455623	CT	C	0/1	45,70
456594	T	C	0/1	64,22
457452	T	G	1/1	0,70
459399	A	C	1/1	0,101
460413	C	T	0/1	73,26
465300	C	T	0/1	74,31
472711	T	TTTGTGGGCC	0/1	21,72
476612	G	A	0/1	23,56
476629	CT	C	0/1	27,55
477234	T	G	0/1	81,25
481526	AG	A	0/1	47,106
483935	T	G	1/1	0,123
484504	C	G	0/1	38,113
484596	C	T	0/1	109,43
485561	A	C	0/1	65,120
485730	C	T	0/1	46,115
485810	CA	C	1/1	0,171
489935	G	C	1/1	0,146
491742	T	C	1/1	0,141
492150	G	C	1/1	0,118
497491	G	A	0/1	78,23
498531	A	G	1/1	1,110
498557	C	A	1/1	0,106
502589	C	G	1/1	0,123
503354	G	C	1/1	0,126
504171	G	A	0/1	93,36
505974	G	A	1/1	0,132
507028	GC	G	0/1	80,37
513257	T	C	1/1	0,89
517358	T	C	1/1	0,103
517389	C	A	0/1	36,60
518801	G	C	0/1	31,86
518987	C	T	0/1	82,36
522673	G	A	0/1	32,82
523654	C	T	0/1	26,79
524891	C	A	1/1	0,119
533547	C	G	0/1	80,22
540829	C	A	0/1	70,47
541201	A	G	1/1	0,130
542014	C	G	0/1	96,31
542514	C	G	0/1	74,32
546357	A	G	1/1	0,115
548326	T	C	0/1	31,86
549363	C	G	0/1	77,29
551525	A	C	1/1	0,102
555991	A	G	1/1	0,75
560540	ACTTTTC	A	0/1	49,101
561776	C	T	0|1	96,42
561777	C	T	0|1	95,42
562062	GGCCA	G	0/1	26,61
565655	A	G	1/1	0,132
572591	C	T	1/1	0,104
573262	A	G	1/1	0,96
575907	C	T	0/1	55,27
579284	T	C	0/1	30,78
583171	A	C	0/1	64,35
584171	T	C	1/1	0,110
590436	T	C	1/1	0,100
594286	A	T	0/1	102,45
597816	A	G	1/1	0,122
598475	G	A	1/1	0,132
599868	A	G	1/1	0,115
605150	G	A	0/1	82,42
606409	C	T	0/1	86,28
610120	T	G	1/1	0,144
611048	T	G	0/1	99,19
611977	C	T	0/1	30,60
620625	A	G	0/1	88,33
621598	C	T	0/1	86,23
627485	G	A	0/1	58,19
628864	T	C	0/1	56,42
629714	G	A	0/1	27,97
633562	C	T	0/1	22,62
635139	G	C	0/1	22,60
637319	G	A	1/1	0,135
637562	TA	T	0/1	105,46
640954	A	G	0/1	96,39
645011	C	T	0/1	38,67
646271	A	G	0/1	31,65
648002	T	G	1/1	0,130
648856	T	C	1/1	0,120
652950	T	C	0/1	25,80
655986	T	G	1/1	0,127
657081	C	T	1/1	0,127
657142	C	T	0/1	72,34
659341	T	C	1/1	0,116
662911	T	C	1/1	0,93
665293	A	G	1/1	0,136
669033	T	A	0/1	77,17
669398	T	C	1/1	0,114
670545	G	A	1/1	0,108
682824	T	C	0/1	39,126
683829	C	T	0/1	75,34
684376	T	C	0/1	43,57
685461	C	G	1/1	0,104
685608	T	C	1/1	0,125
686123	C	A	0/1	21,88
686264	G	A	0/1	63,35
686972	T	C	1/1	0,126
688130	C	G	0/1	46,75
688344	G	GA	0/1	69,26
688792	T	TG	1/1	0,118
690450	A	C	1/1	0,95
690465	T	G	1/1	0,101
691887	G	GC	0/1	30,75
694531	A	G	0/1	90,34
696917	G	T	0/1	93,29
698968	G	A	1/1	0,104
699840	A	C	0/1	78,23
707334	T	C	0/1	51,20
708056	T	C	0/1	37,64
712693	A	G	1/1	0,89
713310	T	C	1/1	0,109
721373	T	G	0/1	62,26
724393	C	T	0/1	31,101
725190	G	A	1/1	0,103
729685	C	T	0/1	39,61
730124	CCTCATGCCAG	C	0/1	28,81
738522	T	G	0/1	103,53
739230	C	T	0/1	34,94
742604	A	ATTTCCGCCCTCATTACACAT	0/1	19,7
750027	C	CA	0|1	26,56
750033	C	G	0|1	27,57
753174	C	A	0/1	29,92
754186	A	G	1/1	0,119
755287	C	T	0/1	33,66
757139	C	A	0/1	84,35
757182	A	G	1/1	0,131
759746	C	T	0/1	40,89
762434	T	G	0/1	38,81
763031	T	C	1/1	0,108
763501	C	A	0/1	99,37
767339	A	G	0/1	29,62
767414	G	A	1/1	0,94
769479	C	G	0/1	87,23
773497	C	A	0/1	64,20
775639	T	C	1/1	0,109
776100	G	A	1/1	0,139
776182	C	T	0/1	90,48
779615	G	C	0/1	90,34
780789	G	T	0/1	82,41
781395	T	C	1/1	0,113
788615	G	C	0/1	29,72
791249	C	T	0/1	101,42
797736	C	T	0/1	70,45
798355	G	C	0/1	106,43
798779	T	C	0/1	22,74
798934	C	A	0/1	26,67
799666	A	G	0/1	78,36
807405	C	T	0/1	34,79
807656	C	CCG	0/1	35,75
811176	A	G	0/1	43,90
811753	C	T	0/1	80,40
820082	C	T	0/1	18,70
820483	G	T	1/1	0,96
820734	A	G	0/1	24,47
820752	C	T	1/1	0,77
830868	G	GGC	1/1	0,67
834857	C	T	0/1	40,99
835611	C	T	0/1	57,37
841289	GAA	G	0/1	27,65
841764	G	C	1/1	0,100
842030	C	T	0/1	84,28
847995	T	C	1/1	0,111
852910	C	T	1/1	0,86
854252	GC	G	1/1	0,144
857643	C	G	0/1	26,57
857696	A	G	1/1	0,95
858464	A	G	0/1	28,80
861216	T	G	0/1	72,33
866051	G	A	0/1	78,33
868663	G	A	0/1	74,33
874748	C	T	0/1	38,98
874835	C	CCG	1/1	0,132
876141	G	T	1/1	0,128
880562	G	T	1/1	0,132
882257	T	C	1/1	0,92
892416	C	T	0/1	92,30
893733	T	G	1/1	0,102
896979	T	C	0/1	27,76
900221	T	C	1/1	0,128
900574	C	T	0/1	49,76
903537	G	T	1/1	0,101
903550	T	C	1/1	1,103
903913	T	C	1/1	0,134
906742	T	C	0/1	34,70
906857	A	G	1/1	0,102
913918	C	G	0/1	35,78
919351	A	C	0/1	61,33
919551	C	T	0/1	30,58
921909	C	T	0/1	42,74
931123	T	C	1/1	0,124
932280	T	C	1/1	0,103
934230	C	G	1/1	0,123
934611	G	T	1/1	0,103
936620	CCCA	C	0/1	54,93
940602	C	G	0/1	71,27
941845	C	A	1/1	0,103
942616	C	A	0/1	23,90
944637	G	T	0/1	45,38
945214	G	A	1|1	0,105
945238	G	T	0|1	30,71
949535	T	C	1/1	0,113
950116	C	G	0/1	26,60
951702	C	T	0/1	65,25
954101	C	T	0/1	77,44
954468	C	G	0/1	74,33
955524	A	G	1/1	0,110
955767	C	T	0/1	63,30
956603	C	T	0/1	57,87
957117	T	C	1/1	0,131
957306	C	T	0/1	31,81
960367	A	G	1/1	0,94
972980	C	T	0/1	51,24
979704	G	C	1/1	0,96
986463	G	C	1/1	0,134
987508	CGCGGTACGCAACGGGTTGGTGCCCATCATCGAAA	C	0/1	31,79
987585	A	AG	0/1	80,33
990001	G	C	1/1	0,117
991896	T	C	0/1	78,31
991939	G	A	0/1	32,69
993346	A	C	1/1	0,167
993824	A	T	0/1	52,95
994678	C	G	0/1	47,88
995231	C	G	0/1	36,95
996205	T	C	0/1	117,58
996263	G	A	0/1	60,103
996346	G	A	0/1	155,59
1002172	G	A	0/1	25,53
1007198	A	G	0/1	33,54
1008460	C	T	0/1	31,74
1009500	C	T	0/1	34,84
1010204	C	CG	1/1	0,112
1011511	A	C	0/1	81,27
1012815	C	G	0/1	43,69
1016270	C	T	0/1	34,71
1022003	A	C	0/1	111,47
1023055	C	A	0/1	31,95
1023911	C	G	0/1	42,84
1024346	A	G	1/1	0,95
1025106	T	C	1/1	0,131
1029586	G	A	0/1	37,87
1033115	C	G	0/1	31,84
1034208	CGCT	C	0/1	63,22
1034381	G	A	0/1	31,72
1034758	C	T	0/1	89,32
1037012	T	C	1/1	0,125
1037911	C	T	1/1	0,122
1040251	C	A	0/1	76,24
1047165	T	C	1/1	0,96
1054784	C	G	1/1	0,102
1061760	T	C	0/1	48,100
1068151	T	C	1/1	0,112
1068432	A	G	1/1	0,95
1070702	T	C	1/1	0,110
1071349	G	C	0/1	24,49
1071966	A	G	0/1	55,30
1074558	G	A	1/1	0,97
1075279	T	C	1/1	0,121
1076309	G	T	1/1	0,126
1076689	A	C	0/1	64,37
1076880	C	T	0/1	61,31
1077312	A	G	1/1	0,123
1079927	C	A	1/1	0,81
1080192	G	A	1/1	0,107
1080241	C	G	0/1	39,71
1081681	T	C	1/1	0,111
1087193	G	C	1/1	0,75
1090188	A	AG	1/1	0,101
1095006	C	T	0/1	33,78
1097220	C	T	1/1	0,95
1097442	C	T	0/1	97,36
1098523	T	A	1/1	0,98
1099058	G	A	1/1	0,130
1100234	T	C	1/1	0,105
1102117	G	A	0/1	108,50
1102468	C	A	0/1	92,37
1102646	G	A	0/1	118,53
1103656	C	T	0/1	110,55
1104690	T	G	1/1	0,182
1105686	C	G	0|1	114,42
1105687	T	C	0|1	112,42
1106099	C	T	0/1	47,98
1106422	T	C	1/1	0,144
1107940	A	C	1/1	0,107
1108521	G	A	0/1	77,42
1109975	A	G	1/1	0,128
1110721	T	C	0/1	31,65
1111678	G	A	0/1	73,34
1111852	G	T	0/1	33,66
1113733	C	A	0/1	27,89
1115864	C	T	0/1	87,32
1118003	C	T	0/1	67,36
1121663	GGGGATGCCGATGCCC	G	0/1	16,34
1126889	G	C	1/1	0,135
1127493	T	C	0/1	53,25
1127648	C	A	1/1	0,90
1131466	T	C	0/1	75,44
1139089	G	C	0/1	31,72
1139578	T	C	0/1	70,13
1141256	A	G	0/1	66,31
1144409	T	G	0/1	29,85
1144585	A	G	1/1	1,121
1145848	A	C	0/1	70,33
1148259	A	G	1/1	0,122
1148930	C	T	0/1	68,54
1149551	C	T	1/1	0,108
1150585	G	A	1/1	0,102
1151054	C	G	1/1	0,118
1152805	T	A	0/1	34,86
1152863	A	G	0/1	39,95
1153388	C	T	0/1	30,98
1164336	G	A	1/1	0,107
1164571	A	G	0/1	49,84
1165773	G	A	0/1	93,37
1168009	GC	G	0/1	102,39
1168715	C	CT	1/1	0,139
1168776	T	G	0/1	109,42
1172085	C	A	0/1	95,41
1173750	G	T	1/1	0,100
1175343	C	T	0/1	63,31
1177157	G	A	0/1	87,30
1177184	C	A	0/1	29,85
1178116	T	C	1/1	0,106
1188183	C	T	0/1	59,34
1193463	T	A	0/1	40,80
1196312	T	C	0/1	31,73
1196894	T	G	0/1	39,79
1197157	T	G	0/1	93,33
1198656	C	T	0/1	76,43
1200418	A	G	1/1	0,110
1201581	A	C	0/1	68,32
1205919	C	T	0/1	33,94
1205978	C	T	0/1	85,28
1211369	A	C	1/1	0,119
1215742	G	A	0|1	84,32
1215743	C	A	0|1	83,32
1220680	T	C	1/1	0,97
1224367	T	C	1/1	0,101
1227830	G	T	1/1	0,99
1228095	G	T	0/1	74,23
1229376	G	A	0/1	25,70
1230778	G	A	1/1	0,129
1236433	A	C	0/1	31,68
1240744	C	A	0/1	43,85
1241572	A	G	0/1	44,84
1247391	A	C	0/1	31,63
1248382	A	G	1/1	0,87
1248936	G	C	1/1	0,79
1248978	T	C	1/1	0,103
1250340	A	G	1/1	0,81
1251199	C	T	1/1	0,122
1254562	A	G	1/1	1,107
1265070	G	T	0/1	92,35
1265828	G	A	0/1	39,57
1269028	G	C	0/1	36,81
1271187	C	G	0/1	31,76
1273250	G	GA	1/1	0,128
1275957	T	C	1/1	0,127
1279968	G	C	0/1	87,36
1281118	T	C	1/1	1,117
1281771	T	C	1/1	0,113
1281984	G	A	0/1	45,80
1285001	A	C	0/1	67,37
1286766	G	C	0/1	74,26
1287372	G	C	0/1	27,88
1288698	G	A	0/1	76,22
1292102	A	G	1/1	0,125
1293333	C	G	0/1	65,22
1297413	A	G	0/1	71,27
1306259	A	G	1/1	0,121
1307598	C	G	1/1	0,126
1308317	T	C	0/1	32,62
1311360	G	A	0/1	27,67
1311555	G	A	0/1	32,76
1313337	A	AG	1|1	0,131
1313338	A	C	1|1	0,129
1315191	A	C	1/1	0,91
1315884	G	A	1/1	0,81
1317655	C	T	0/1	62,33
1322741	A	G	0/1	86,35
1325650	G	A	0/1	32,92
1327890	G	A	1/1	0,109
1328687	G	C	1/1	0,102
1329234	G	A	0/1	52,34
1333661	CG	C	0/1	38,69
1333669	T	G	0/1	72,41
1336164	C	T	0/1	60,23
1345016	C	T	0/1	34,83
1349733	G	C	0/1	76,30
1351172	A	G	1/1	0,97
1360209	T	C	1/1	0,118
1361190	G	A	1/1	0,91
1361285	C	T	0/1	85,15
1362006	T	C	1/1	0,125
1365837	C	CGG	1/1	0,97
1367484	T	G	1/1	0,115
1368322	C	CG	0/1	58,27
1370852	T	G	0/1	77,28
1371470	G	A	0/1	24,83
1374065	T	C	1/1	0,85
1374201	A	G	0/1	75,40
1374685	C	G	0/1	97,44
1375044	C	G	0/1	59,32
1375724	A	C	1/1	0,93
1377568	A	G	0/1	22,70
1377657	C	T	0/1	26,47
1382628	T	C	1/1	0,117
1390763	C	T	1/1	0,125
1393626	A	G	1/1	0,92
1396618	C	A	0/1	33,70
1396922	T	C	1/1	0,114
1399526	C	T	0/1	97,44
1401033	C	T	0/1	33,61
1402587	C	T	0/1	45,91
1406221	C	G	0/1	49,72
1406760	T	TG	0/1	86,36
1411210	T	G	1/1	0,111
1413129	CG	C	0/1	80,42
1413148	C	T	1/1	0,123
1414021	C	T	1/1	0,122
1418863	C	CGGGAGCCA	0/1	82,27
1422666	C	T	0|1	25,72
1422667	C	T	0|1	25,72
1440090	C	T	0/1	44,101
1440469	C	G	1/1	0,126
1443016	C	T	0/1	71,42
1443428	G	GGGTTAGATTGCCCGGCTCCTCAACCCGCCGTTTCGGCGTGCATCGTCGCCGGGCTA	1/1	0,51
1445781	A	G	1/1	0,145
1450316	C	T	0/1	49,89
1457144	C	T	1/1	0,97
1471659	C	T	1/1	0,164
1477596	C	T	0/1	83,37
1478357	G	T	0/1	34,69
1479085	T	C	1/1	0,114
1482627	T	C	1/1	0,106
1484708	A	C	1/1	1,104
1490905	A	G	1/1	0,118
1495836	G	A	0/1	33,71
1498951	G	T	1/1	0,106
1499211	GCT	G	0|1	30,79
1499215	AGGCCGG	A	0|1	30,79
1499274	C	G	1/1	0,117
1501700	G	A	1/1	0,88
1503858	CG	C	0/1	38,67
1513189	C	T	0/1	23,73
1526311	G	T	0/1	95,32
1526819	C	A	1/1	0,130
1534551	C	T	0/1	49,98
1536251	G	T	1/1	0,104
1540141	T	C	1/1	1,96
1540484	C	G	0/1	36,72
1541798	C	T	0/1	89,29
1544255	C	T	1/1	0,160
1546703	C	T	1/1	0,127
1547125	T	C	1/1	0,110
1549074	G	T	0/1	30,63
1552547	G	A	1/1	0,100
1554216	C	T	0/1	43,70
1556787	T	C	0/1	82,33
1563717	C	T	1/1	0,98
1570175	G	T	0/1	58,50
1570566	C	A	1/1	0,127
1576481	T	G	0/1	73,36
1576527	G	T	0/1	79,36
1576611	A	G	0/1	98,40
1577241	G	A	0/1	80,22
1588899	G	T	1/1	0,106
1593331	G	A	1/1	0,98
1594906	G	A	0/1	66,24
1595342	T	C	1/1	0,123
1598856	G	A	0/1	30,66
1599557	C	G	0/1	37,67
1608276	A	C	1/1	0,135
1609840	A	G	1/1	0,120
1612624	T	TATCGGTACCGGTGCGCCAGGG	1/1	0,72
1613035	T	C	1/1	0,145
1614143	G	A	0/1	26,86
1615950	C	T	0/1	39,73
1616061	C	T	0/1	75,37
1617197	G	A	0/1	52,90
1617302	G	T	0/1	118,38
1620181	C	G	0/1	67,39
1624791	C	G	1/1	0,119
1625332	C	CGGT	0/1	63,18
1627351	T	C	1/1	0,124
1630148	A	C	1/1	0,106
1639594	C	A	1/1	0,148
1644368	T	A	0|1	102,65
1644369	G	GCGCCGCTCCTCCTCATCGCTTCGCTCT	0|1	102,62
1644371	A	C	0|1	103,15
1645802	T	C	1/1	1,90
1647436	G	A	0/1	93,55
1650072	A	G	1/1	0,120
1650406	C	A	0/1	18,70
1651308	A	G	0/1	61,25
1657249	T	C	0/1	84,33
1669158	T	C	0/1	76,46
1676290	C	A	1/1	0,123
1676880	A	G	0/1	43,82
1678706	A	C	0/1	64,27
1680959	C	T	0/1	83,37
1681147	G	A	0/1	44,96
1688064	A	G	0/1	72,30
1688230	T	G	0/1	61,16
1688300	T	C	1/1	1,80
1689349	C	T	1/1	0,154
1692141	A	C	1/1	0,146
1692960	T	C	0/1	39,95
1693561	A	G	1/1	0,159
1695037	G	A	0/1	85,39
1695796	C	T	0/1	140,62
1696671	CA	C	0/1	83,40
1697896	C	T	0/1	100,36
1698911	G	A	1/1	0,126
1699849	G	A	1/1	0,142
1701215	C	T	0/1	67,39
1706119	T	C	1/1	0,98
1706685	C	A	0/1	88,21
1708792	T	C	0/1	42,76
1709432	C	T	1/1	0,94
1711670	C	T	0/1	74,32
1713192	A	G	1/1	1,121
1713923	A	G	0/1	35,99
1716472	A	G	1/1	0,109
1722200	C	G	0/1	56,31
1722228	A	C	0/1	62,34
1728161	G	T	0/1	35,104
1728837	A	G	1/1	0,135
1733134	C	T	0/1	82,29
1733325	C	G	0/1	79,36
1735592	C	G	0/1	54,83
1735739	T	C	0/1	37,90
1741352	C	T	0/1	51,16
1748439	C	T	0/1	44,85
1753519	G	GC	1/1	0,77
1756358	CG	C	0/1	69,35
1759252	G	T	1/1	0,158
1760292	A	G	1/1	0,123
1763482	G	A	0/1	28,82
1764225	C	T	0/1	28,60
1774659	C	T	0/1	89,40
1778430	T	C	1/1	0,122
1779872	G	A	1/1	0,66
1789933	G	A	0/1	37,105
1792777	T	C	1|1	0,125
1792778	T	C	1|1	0,124
1798355	G	A	1/1	0,85
1802047	C	G	0/1	47,72
1803265	G	A	1/1	0,113
1803303	C	T	0/1	86,38
1804409	C	A	1/1	0,110
1811375	G	T	1/1	0,118
1812448	C	T	0/1	57,91
1817976	A	T	1/1	0,117
1818286	C	T	0/1	40,81
1819116	A	G	0/1	50,72
1827468	C	A	0/1	26,74
1831220	A	C	0|1	81,31
1831226	A	G	0|1	81,30
1831288	C	T	0/1	73,34
1832509	C	G	0/1	31,73
1833025	C	T	0/1	30,58
1834177	A	C	0/1	76,34
1836286	G	C	1/1	0,83
1836417	C	A	0/1	28,87
1839759	G	C	1/1	0,82
1847919	C	G	1/1	0,91
1849051	C	T	0/1	76,32
1849609	T	C	1/1	1,93
1849934	A	G	0/1	61,28
1852877	A	C	0/1	36,69
1854300	T	C	1/1	0,85
1856777	G	C	1/1	0,103
1859559	C	A	1/1	0,135
1873700	G	A	0/1	39,89
1877744	A	C	0/1	66,34
1884110	C	CGCCCCGTGCGATTTGCCGAGGG	0/1	37,65
1885385	T	G	0/1	87,48
1885772	G	A	1/1	0,109
1888373	T	C	0/1	99,32
1892017	T	C	0/1	79,25
1894300	G	GGTCTTGCCGC	1/1	0,106
1894422	A	G	1/1	0,119
1897608	C	T	0/1	65,37
1901493	T	C	1/1	0,123
1902337	A	C	0/1	77,34
1906078	A	G	0/1	78,29
1907296	G	C	1/1	0,135
1908598	G	A	0/1	29,83
1916137	A	G	1/1	0,105
1917851	C	A	0/1	41,81
1917972	A	G	1/1	0,99
1924008	G	A	0/1	81,41
1924255	G	A	0/1	75,38
1925136	G	A	0/1	59,75
1926029	T	C	0/1	23,61
1931179	C	A	1/1	0,141
1933988	G	A	1/1	0,120
1937877	C	T	0/1	38,68
1944107	A	G	1/1	0,106
1944402	T	C	1/1	0,83
1946999	T	G	0/1	41,90
1950767	T	C	1/1	0,143
1952743	G	A	0/1	41,62
1955760	CGAA	C	0/1	88,39
1955913	CCCGGAAG	C	0|1	91,36
1955921	TCGATGACCGTTG	T	0|1	97,36
1955941	G	C	0|1	87,39
1956393	A	G	0/1	49,97
1960284	C	A	1/1	0,110
1961735	A	G	0/1	80,33
1967026	C	T	0/1	94,35
1967237	C	A	1/1	0,115
1967543	C	A	0/1	76,28
1971725	G	C	1/1	0,107
1972901	C	T	0/1	34,78
1977646	G	A	0/1	36,74
1978968	C	T	0/1	43,77
1980652	G	T	0/1	80,26
2003105	C	T	0/1	89,31
2003252	C	T	0/1	44,90
2003827	A	C	1/1	0,108
2003888	C	A	0/1	40,52
2008051	C	A	0/1	20,66
2009290	GC	G	0/1	73,44
2010869	G	A	0/1	36,111
2010880	T	G	0/1	37,107
2011568	G	C	0/1	39,64
2019023	G	A	0/1	35,68
2022868	T	C	1/1	0,135
2023628	C	G	1/1	0,106
2030521	T	C	0/1	102,15
2031691	T	C	0/1	85,38
2034676	C	T	0/1	38,103
2055271	A	G	1/1	0,94
2056184	C	T	0/1	40,87
2057774	A	T	1/1	0,100
2058949	GC	G	0/1	34,86
2067684	G	A	0/1	64,39
2067803	G	A	0/1	64,43
2069771	C	A	0/1	74,25
2072313	C	A	0/1	76,32
2074754	C	T	1/1	0,115
2078246	C	G	0/1	96,34
2082053	A	G	0/1	69,25
2084697	G	T	0/1	41,72
2086672	C	T	0/1	87,37
2087652	C	T	0/1	26,77
2087941	G	A	0/1	21,56
2092970	C	T	0/1	47,65
2094911	ACAGCGT	A	1/1	0,104
2096186	A	G	1/1	0,69
2097270	C	T	0/1	77,39
2108141	T	C	1/1	0,123
2108890	A	C	1/1	0,94
2109523	C	CG	1/1	0,97
2112832	A	C	0/1	87,40
2116903	C	T	1/1	0,110
2117823	A	G	0/1	28,90
2118936	G	A	0/1	28,53
2122395	C	T	0/1	74,25
2122976	C	G	1/1	0,108
2123169	T	G	1/1	0,111
2128870	A	G	1/1	0,99
2133468	T	TTCGCATGCCGTCACC	1/1	0,105
2135154	G	T	0/1	74,44
2135870	T	C	1/1	0,136
2137521	A	ACTCCGATCAC	1/1	0,132
2138436	A	G	0/1	68,40
2138453	C	T	1/1	0,111
2139209	C	T	0/1	40,104
2142250	C	T	0/1	44,93
2142266	C	A	0/1	93,46
2143327	CG	C	0/1	30,61
2146065	C	CGGCGGTCGCGGCGGGGCGGGCGGTAGAGGCGGCGACGGCGGGCAA	1/1	1,32
2147022	A	C	1/1	0,117
2149488	A	G	0/1	41,104
2151222	T	G	0/1	88,36
2151780	G	T	0/1	36,100
2153184	T	G	0/1	24,75
2153248	C	T	0/1	98,14
2153725	CTCATCCCCGTCTCG	C	0/1	66,30
2154724	C	A	1/1	0,136
2158109	T	C	1/1	0,130
2158905	C	A	0/1	24,75
2160998	G	A	1/1	0,104
2161343	G	GT	1/1	0,113
2172380	A	C	0/1	75,41
2172526	A	C	0/1	33,84
2173860	A	C	1/1	0,121
2177366	C	T	0/1	84,29
2179825	G	C	0/1	80,26
2185674	A	G	0/1	75,31
2185884	T	C	0/1	79,38
2186127	G	A	0/1	24,55
2186236	C	T	0/1	31,83
2187587	G	C	1/1	0,120
2188813	C	T	0/1	38,90
2191498	G	T	0/1	82,34
2199052	C	G	1/1	0,138
2202500	C	T	0/1	83,24
2207591	T	TC	1/1	0,138
2209465	G	A	1/1	0,98
2211826	A	G	1/1	0,108
2216345	C	A	0/1	28,95
2216443	C	A	1/1	0,108
2216963	C	G	0/1	58,37
2220512	T	G	1/1	0,88
2220940	CGCCACGAT	C	0/1	35,72
2221584	G	C	1/1	0,134
2223293	T	C	1/1	0,148
2225365	T	C	0/1	115,45
2228967	A	G	1/1	0,131
2229801	C	G	1/1	0,114
2230045	G	A	0/1	92,37
2235087	G	A	0/1	92,43
2235169	GACAATCCGACGTTTTGCACCATGATCTGCCGCGAGCGCCGGGCATGGTCTAGGGCTTGGGGCA	G	0/1	37,72
2241031	AG	A	0/1	67,25
2244421	G	T	1/1	0,86
2245864	C	A	0/1	84,22
2245916	T	G	0/1	27,88
2247677	A	C	1/1	0,108
2251605	G	A	0/1	75,32
2251999	A	G	1/1	0,139
2253190	G	T	0/1	31,91
2259573	T	TG	0/1	98,56
2260100	C	T	1/1	0,124
2260525	C	T	1/1	0,94
2264782	C	A	1/1	0,124
2265059	T	G	1/1	0,141
2266487	G	C	0|1	129,60
2266504	T	TA	0|1	124,66
2266508	A	T	0|1	121,64
2266511	GT	G	0|1	121,64
2266517	T	C	0|1	120,65
2266550	G	T	0|1	119,86
2266553	C	G	0|1	116,85
2266583	C	G	0|1	105,25
2266598	G	C	0|1	115,28
2266604	C	G	0|1	114,31
2266613	G	GC	0|1	118,31
2266624	G	T	0|1	113,35
2267015	T	C	0/1	96,26
2267862	G	A	0/1	25,82
2268433	C	A	0/1	133,50
2268627	G	C	0/1	92,45
2269545	G	A	0/1	69,35
2269780	T	C	1/1	0,100
2270102	A	G	1/1	0,102
2273733	TC	T	0/1	68,39
2275764	G	A	0/1	40,105
2279579	A	G	0/1	102,36
2282787	C	T	1/1	0,111
2283191	G	C	0/1	73,28
2284456	T	G	0/1	46,69
2285251	C	A	1/1	0,139
2285558	G	A	0/1	47,101
2287121	A	G	1/1	0,130
2288085	G	C	0/1	65,40
2289047	G	A	0/1	35,93
2289365	CG	C	0/1	35,81
2294007	T	C	0/1	68,34
2307586	CGTCG	C	0/1	25,53
2309203	G	A	0/1	40,102
2311099	C	G	1/1	0,79
2314689	C	A	0/1	68,22
2315112	AGCTAGGTG	A	0/1	32,65
2315199	C	T	0/1	38,69
2315386	C	A	0/1	71,36
2316123	C	A	0/1	86,35
2316505	C	T	0/1	61,28
2318725	C	T	0/1	66,24
2320320	C	T	0/1	53,32
2321975	T	C	0/1	54,33
2323125	G	T	0/1	56,27
2325107	G	A	0/1	38,94
2325320	T	C	0/1	30,103
2326392	G	A	0/1	79,34
2328543	T	C	1/1	0,108
2329533	A	G	1/1	0,91
2331620	A	C	1/1	0,85
2331789	G	T	1/1	0,120
2333215	C	T	0/1	32,84
2334007	A	G	1/1	0,119
2335075	A	G	1|1	1,119
2335080	T	C	0|1	37,83
2335494	A	G	1/1	0,89
2337179	C	T	0/1	76,30
2338181	G	T	0/1	79,14
2338275	G	C	0/1	74,63
2338416	C	G	0|1	92,72
2338422	C	T	0|1	94,67
2338425	A	G	0|1	95,67
2338428	G	A	0|1	100,69
2338431	A	G	0|1	99,69
2338434	C	T	0|1	99,69
2338677	T	C	0|1	101,14
2338679	C	T	0|1	102,15
2338692	C	G	0|1	109,22
2338701	C	T	0|1	108,26
2338702	A	G	0|1	109,26
2338704	C	G	0|1	107,26
2338707	C	T	0/1	101,29
2341636	C	G	1/1	0,72
2342649	A	AGGCGTACACAC	1/1	0,118
2344246	G	C	1/1	0,129
2344499	T	G	0/1	92,36
2345037	C	A	1/1	0,75
2345085	A	C	0/1	22,65
2346318	G	A	0/1	90,28
2346929	C	T	0/1	32,72
2348708	G	A	0/1	40,80
2352065	C	CCTCGCCTGGGCTGGCGAGCAGACGCAAAATCCCCCGCACGCCCGGCGTGTCGGGGGATTTTGCGTCTG	0/1	10,71
2353385	G	C	0/1	35,81
2354791	A	G	0/1	67,31
2357268	TGCC	T	1/1	1,44
2358029	T	TG	1/1	0,78
2361604	C	G	1/1	0,97
2362041	C	A	1/1	0,88
2364475	T	C	0/1	53,36
2367060	TA	T	0/1	39,114
2368564	TA	T	1/1	0,128
2369186	G	C	1/1	0,109
2369326	C	G	1/1	0,126
2376135	A	G	0/1	67,36
2382776	A	C	0/1	93,40
2386389	G	A	1/1	0,93
2388641	G	A	1/1	0,130
2397587	C	T	0/1	30,69
2399734	G	A	0/1	82,28
2401928	A	C	0|1	130,60
2401929	G	GATTTGATTGCCCGGCTCCTCCTCACCCC	0|1	130,59
2402765	G	A	0/1	36,101
2406842	AC	A	0/1	70,35
2411496	G	A	0/1	91,27
2413246	C	A	1/1	0,71
2415656	G	C	1/1	0,68
2421816	A	G	1/1	0,78
2421975	G	GGGAA	1/1	0,94
2424925	A	G	1/1	0,118
2425471	T	C	1/1	0,110
2434749	C	T	0/1	36,69
2440323	C	G	0/1	35,113
2440926	G	T	1/1	0,96
2440935	G	C	0/1	39,65
2442446	T	G	0/1	41,74
2442468	C	T	0/1	72,44
2448458	C	T	1/1	0,93
2449826	C	G	0/1	29,74
2451700	A	C	0/1	53,17
2452452	G	A	0/1	30,57
2462871	G	A	1/1	0,94
2465614	C	T	0/1	33,67
2470591	A	C	1/1	0,98
2472029	T	G	0/1	25,41
2473403	C	T	0/1	20,75
2477984	G	A	0/1	19,66
2478619	G	A	0/1	23,55
2480809	G	C	0/1	33,73
2491597	G	T	0/1	65,30
2491748	G	C	0/1	62,21
2494430	C	G	0/1	41,71
2499726	G	A	1/1	0,82
2504177	C	T	0/1	27,69
2505085	G	A	0/1	79,40
2509140	G	C	1/1	0,72
2509722	A	G	1/1	0,99
2510350	C	G	0/1	76,32
2516271	T	C	0/1	35,48
2516567	G	C	1/1	0,116
2521342	T	C	1/1	0,96
2521428	A	G	0/1	73,25
2522955	T	G	0/1	67,27
2523205	G	GCGC	1/1	0,67
2525722	CG	C	1/1	0,79
2526974	T	C	1/1	0,89
2529680	A	G	1/1	0,122
2532616	G	A	0/1	68,45
2533377	T	C	1/1	0,96
2534562	GGA	G	1/1	0,91
2536312	C	T	0/1	33,77
2536599	C	T	0|1	57,40
2536625	C	CG	0/1	36,62
2536628	G	GA	0|1	69,36
2536892	T	C	0/1	43,18
2540554	T	C	0/1	37,108
2541477	C	G	0/1	43,89
2541779	G	A	0/1	44,90
2542543	G	A	0/1	37,64
2543395	T	C	0/1	99,36
2546684	C	A	0/1	80,33
2548700	C	T	0/1	88,34
2551576	C	G	0|1	92,29
2551577	T	C	0|1	92,27
2559751	G	T	0/1	56,85
2562644	G	T	1/1	0,123
2563495	T	C	0/1	72,34
2564368	G	GC	1/1	0,100
2566766	C	CG	1|1	0,141
2566768	A	C	1|1	0,144
2573756	C	A	1/1	0,104
2577430	G	C	0/1	72,35
2578626	A	G	1/1	0,122
2581052	G	A	0/1	65,27
2586076	C	G	0/1	94,39
2586127	A	G	1/1	0,118
2589036	G	C	0/1	75,33
2589216	G	C	1/1	0,115
2591172	G	A	0/1	33,81
2592310	G	A	0/1	76,32
2598400	A	G	1/1	0,115
2600260	A	G	1/1	0,105
2604156	TCAGTGCCAA	T	0/1	26,58
2608117	C	A	1/1	0,103
2611049	C	T	0/1	84,53
2612256	G	T	0/1	86,35
2612632	C	A	1/1	0,111
2614909	GC	G	0/1	85,42
2615413	A	G	0/1	38,100
2619271	T	C	1/1	0,138
2624986	T	G	0/1	31,64
2627618	C	A	0/1	80,37
2627946	A	G	1/1	0,116
2630740	T	C	0/1	93,32
2631009	G	GGTGCC	0/1	29,70
2631371	C	T	0/1	82,41
2632341	C	CA	1/1	0,123
2632362	T	C	0/1	46,94
2634282	T	G	0/1	92,39
2637541	C	T	1/1	0,115
2642383	C	T	1/1	0,119
2647905	G	A	0/1	88,35
2652254	G	C	0/1	25,47
2656225	A	G	1/1	0,123
2656635	G	A	0/1	36,69
2657275	G	A	0/1	33,84
2660319	C	G	1/1	0,100
2661039	G	A	0/1	36,86
2663795	G	A	0/1	79,35
2666032	A	G	0/1	74,37
2669581	G	A	0/1	69,26
2673818	C	G	0/1	69,28
2680658	T	G	1/1	0,109
2688700	C	T	0/1	22,59
2690160	A	G	0/1	40,84
2692100	C	T	0/1	63,32
2695378	C	G	1/1	0,155
2697489	C	T	1/1	0,114
2700222	T	C	0/1	37,69
2703902	C	CG	0/1	56,27
2704884	A	ACAGCGACCATATCGCCGAGCT	1/1	0,77
2711722	T	G	0/1	43,22
2712328	C	T	0/1	24,56
2713795	C	T	1/1	0,98
2718852	T	G	1/1	0,148
2720069	G	A	0/1	32,97
2720444	C	T	0/1	41,69
2723506	T	C	1/1	0,126
2724180	TCACGATCGGGTCTCCTCTAG	T	1/1	0,65
2726105	G	A	0/1	44,89
2728694	A	G	0/1	30,82
2729058	A	C	1/1	0,115
2734074	T	C	1/1	0,94
2734481	TA	T	0/1	81,48
2735692	C	A	0/1	43,80
2736158	A	C	0/1	57,27
2737572	C	A	1/1	0,90
2738221	G	A	0/1	33,77
2738274	A	C	0/1	65,34
2740693	T	C	1/1	0,115
2741209	G	A	0/1	109,29
2743937	A	G	0/1	70,23
2751804	C	T	1/1	0,101
2752122	G	C	0/1	81,33
2752698	C	A	1/1	0,116
2753869	A	G	0/1	43,60
2760152	A	G	1/1	0,112
2771383	A	G	0/1	39,72
2774555	T	C	0/1	56,20
2775361	C	T	0/1	80,33
2776891	G	A	0/1	101,33
2779136	T	C	1/1	0,127
2782498	G	A	0/1	38,83
2783786	C	T	0/1	25,87
2786952	A	G	1/1	0,97
2789798	G	T	0/1	89,33
2791098	C	T	1/1	0,110
2793810	C	A	0/1	58,32
2794071	G	A	0/1	90,39
2795117	G	A	0/1	53,23
2798595	C	T	0/1	22,55
2800087	G	A	0/1	58,40
2807486	C	A	1/1	0,151
2808452	T	C	0/1	76,22
2809621	T	C	1/1	0,109
2809633	A	C	0/1	70,41
2812520	C	T	0/1	45,67
2817502	A	C	0/1	92,31
2817747	G	A	0/1	23,66
2818837	A	G	1/1	0,112
2821342	C	T	1/1	0,122
2825466	G	A	1/1	0,118
2825581	T	G	0/1	72,40
2827984	G	T	1/1	0,107
2828019	T	C	1/1	0,118
2830525	C	A	1/1	0,121
2833329	G	A	0/1	89,57
2840999	C	G	0/1	33,62
2841022	A	G	1/1	0,97
2847281	A	G	1/1	0,103
2850631	T	C	0/1	54,31
2851160	GAA	G	0|1	66,25
2851164	CATT	C	0|1	68,27
2854381	A	G	0/1	69,44
2855200	ACCGGGAAG	A	0/1	73,32
2855259	A	G	1/1	0,104
2857473	T	C	0/1	55,27
2862239	G	T	0/1	40,85
2865760	A	G	1/1	0,124
2865882	T	C	1/1	0,135
2867880	TA	T	0/1	90,50
2875226	C	T	0/1	45,70
2877378	G	C	0/1	39,74
2880702	G	C	1/1	0,120
2881337	C	T	0/1	31,105
2881569	A	G	0/1	47,95
2881582	GT	G	0/1	44,89
2881597	AG	A	1/1	0,129
2881974	G	A	0/1	96,37
2884068	A	C	1/1	0,102
2886570	A	G	1/1	0,128
2888201	T	C	1/1	0,94
2888231	C	T	0/1	20,71
2889633	T	C	1/1	1,89
2891267	C	T	1/1	0,84
2891728	A	G	1/1	0,123
2894208	G	A	1/1	0,95
2895473	A	G	0/1	32,76
2897660	T	C	0/1	33,79
2898522	T	C	1/1	0,92
2899746	G	A	0/1	30,79
2903050	G	A	0/1	31,87
2903439	G	A	0/1	76,38
2905790	G	T	0/1	33,52
2910461	G	T	1/1	0,97
2910852	C	G	0/1	30,75
2911293	C	G	1/1	0,108
2912294	T	G	1/1	0,109
2921531	A	G	0/1	96,46
2923391	T	C	1/1	0,78
2925462	T	A	0/1	48,87
2925962	T	C	1/1	0,135
2927939	T	C	1/1	0,100
2932026	G	A	0/1	34,86
2939373	G	C	1/1	0,97
2939657	T	C	1/1	0,96
2941179	G	A	0/1	38,85
2948230	G	A	0/1	50,36
2948524	T	A	0/1	34,76
2949251	G	A	0/1	36,84
2954439	T	C	1/1	0,151
2955374	A	ACGCAATCGG	0/1	23,88
2955957	A	C	0/1	88,29
2958693	G	A	0/1	42,85
2959111	T	G	0/1	94,34
2959256	TA	T	0|1	36,69
2959258	TCCAATCA	T	0|1	41,69
2959871	G	T	0/1	33,74
2964594	G	A	0/1	26,78
2965900	C	T	0/1	26,79
2969197	A	G	0/1	99,32
2980861	A	G	0/1	91,39
2984614	CTGCCGGCGCAACCGA	C	0/1	26,51
2984740	A	G	1/1	0,74
2988630	C	G	1/1	0,93
2992572	T	C	0/1	62,30
2994187	T	C	1/1	0,78
2995021	G	C	0/1	33,68
2995548	C	A	0/1	42,54
3001785	G	A	0/1	85,44
3003115	C	G	1/1	0,100
3005185	G	T	1/1	0,120
3009692	A	G	1/1	0,106
3009834	A	G	0/1	100,43
3010014	G	A	0/1	47,83
3010420	A	G	1/1	0,128
3010993	C	T	0/1	65,28
3011837	A	G	0/1	36,99
3017465	T	C	1/1	0,123
3017587	G	T	0/1	70,41
3019617	G	T	0/1	33,74
3019826	G	T	0/1	34,91
3020263	G	A	0/1	38,84
3021892	GTTCGACGAC	G	0/1	70,27
3024021	C	A	0/1	69,34
3024343	G	A	0/1	89,21
3027548	C	T	0/1	32,75
3027798	T	C	1/1	0,115
3031168	A	G	1/1	0,110
3033189	G	A	0/1	69,30
3036826	C	T	0/1	80,38
3037377	T	C	1/1	0,107
3040344	C	T	0/1	32,76
3041663	AACC	A	0/1	77,25
3041871	G	T	1/1	0,124
3043700	C	T	0/1	34,81
3048912	C	G	0/1	80,33
3058385	G	A	0/1	24,83
3059787	CCCGGCGAGCAGACGCAAAATCGCCTCATTTCGGCACGAAATGGGCGATTTTGCGTCTGCTCGGCGGGCTACTCG	C	0/1	129,14
3059791	G	C	0/1	22,46
3059811	CT	C	0/1	33,47
3059819	G	GT	0/1	33,43
3059821	CA	C	0/1	33,43
3059829	G	GA	0/1	33,48
3061703	G	A	0/1	56,39
3069167	A	G	1/1	0,124
3069566	C	T	0/1	38,115
3072285	A	C	0/1	35,86
3076172	C	T	0/1	43,72
3080795	A	G	1/1	0,118
3081709	G	A	0/1	26,82
3084249	C	A	0/1	19,53
3086788	T	C	1/1	0,132
3089299	C	G	0/1	27,88
3100154	A	AC	0/1	79,34
3103682	T	C	1/1	1,120
3104189	A	G	1/1	0,119
3110140	G	T	0/1	76,45
3111280	G	A	0/1	32,59
3111476	C	T	0/1	70,27
3112700	C	T	0/1	34,70
3115384	G	C	1/1	0,130
3118822	G	T	0/1	95,11
3126463	G	A	1/1	0,87
3129256	T	C	0/1	123,61
3131188	G	A	0/1	94,49
3131469	T	TTGTCGGCGA	1/1	0,116
3132588	C	T	0/1	93,37
3135272	G	A	0/1	30,74
3135606	A	G	0/1	88,27
3137058	G	A	1/1	0,130
3137736	G	T	0/1	82,22
3144623	C	T	0/1	63,34
3146026	G	A	0/1	35,17
3156201	C	CG	0/1	66,20
3160077	C	T	0/1	30,88
3165636	G	A	0/1	76,30
3165807	G	A	0/1	34,79
3168492	G	A	0/1	27,88
3174013	G	A	0/1	29,55
3174496	A	G	1/1	0,118
3174692	AC	A	0/1	82,45
3177452	C	A	0/1	82,60
3177884	C	A	1/1	0,131
3180988	C	A	1/1	1,82
3186860	T	G	1/1	0,124
3188353	G	A	0/1	34,77
3189242	A	G	1/1	0,113
3190145	TC	T	1/1	0,107
3197912	G	A	0/1	62,29
3200204	G	A	0/1	50,83
3200282	C	T	0/1	70,34
3200478	G	A	0/1	24,51
3202731	A	C	0/1	22,99
3208600	G	A	0/1	41,64
3209156	G	A	0/1	81,50
3212723	C	A	0/1	33,68
3214869	A	G	0/1	65,27
3215622	CG	C	0|1	76,33
3215632	G	A	0|1	76,32
3217905	G	A	0/1	84,41
3219500	T	A	0/1	37,88
3226181	A	C	1/1	0,94
3228143	G	T	1/1	0,125
3236442	G	A	0/1	29,63
3236497	A	T	0/1	28,58
3238119	CGTG	C	0/1	85,30
3244113	T	C	0/1	49,101
3256494	A	G	1/1	0,128
3266030	A	G	1/1	1,108
3269581	A	G	1/1	0,109
3269767	C	G	0/1	26,67
3270784	A	G	1/1	0,124
3273107	C	A	0/1	43,89
3273214	C	A	0/1	35,103
3276703	T	G	0/1	84,36
3284640	A	G	0/1	94,56
3284855	C	T	0/1	91,49
3296371	G	GCCGCGGC	1/1	0,68
3296843	A	G	1/1	0,89
3302589	A	C	0/1	54,93
3304966	G	A	0/1	91,42
3305035	AC	A	0/1	43,81
3306441	G	A	0/1	38,75
3308606	G	A	1/1	0,140
3310427	T	C	0/1	94,42
3310626	T	C	0/1	63,34
3312620	C	A	0/1	67,101
3314412	A	G	1/1	0,107
3315725	CG	C	0/1	55,91
3316955	A	C	1/1	0,138
3326554	A	C	1/1	0,125
3326679	C	G	0/1	30,92
3331361	ACG	A	1/1	0,94
3336825	T	C	1/1	0,80
3338603	G	C	1/1	0,94
3344115	A	T	0/1	41,90
3348536	C	T	0/1	24,59
3349917	G	A	0/1	36,62
3352932	C	G	1/1	0,100
3355949	A	C	0/1	28,75
3357464	C	G	0/1	27,83
3358235	A	T	1/1	0,111
3363338	A	G	1/1	0,116
3367110	A	C	0/1	81,33
3367765	G	A	1/1	0,112
3375165	A	C	0/1	44,35
3381164	G	C	0/1	64,30
3385218	C	T	0/1	33,62
3393640	C	T	0/1	47,83
3395654	G	A	0/1	33,66
3401871	A	G	1/1	0,86
3402816	C	T	1/1	0,113
3404376	C	G	1/1	0,106
3408150	T	C	0/1	84,45
3412611	T	C	0/1	92,45
3413785	C	T	0/1	62,97
3415180	ACACCTAGGGGGTGG	A	1/1	0,96
3420825	A	G	1/1	0,126
3423249	C	CGCGAGCAGACGCAGAATCGCCCAAAATCCAAGATTTTGAGGCGATTCTGCGTCTGCTCGCGCAACCGG	0/1	2,65
3425854	C	T	1/1	0,119
3426415	T	C	0/1	80,25
3428897	G	C	0/1	28,88
3428917	C	A	1/1	0,117
3430289	CG	C	0/1	93,28
3430672	G	T	0/1	45,68
3436553	A	G	0/1	69,29
3437007	G	C	0/1	21,71
3438347	G	A	0/1	32,70
3440464	T	G	1|1	0,100
3440468	G	C	1|1	0,95
3442604	T	C	0/1	74,31
3446699	C	G	0/1	95,41
3447293	T	G	0/1	102,33
3450725	T	C	1/1	0,111
3454263	C	G	1/1	0,125
3455686	G	C	1|1	0,112
3455689	G	A	0|1	31,85
3456666	A	G	1/1	0,110
3459081	G	C	0/1	30,93
3462135	G	C	1/1	0,69
3467465	C	G	1/1	0,143
3473996	G	GA	1/1	0,104
3477942	A	G	0/1	115,38
3478242	G	C	0|1	144,12
3478244	C	A	0|1	146,13
3478245	T	C	0|1	146,13
3478248	T	C	0|1	144,13
3478251	C	T	0|1	141,13
3478254	G	C	0|1	136,13
3478257	A	G	0|1	137,13
3478260	C	G	0|1	139,13
3478263	G	A	0|1	142,13
3478272	G	A	0|1	132,11
3480474	G	A	1/1	0,122
3480642	C	CCTCGATGAACCACCTGACATGACCCCATCCTTTCCAAGA	0|1	88,1
3480646	G	GGAGTCTCCGGA	0|1	82,12
3480648	A	AT	0|1	79,15
3480651	C	CGGGGCGGTTCA	0|1	78,15
3480789	T	C	1/1	0,123
3486977	A	G	1/1	0,112
3487108	C	T	0/1	108,36
3488122	G	A	0/1	33,93
3489665	C	T	0/1	38,93
3498198	C	T	0/1	79,39
3499497	G	C	0/1	41,106
3500149	G	A	0/1	82,21
3500243	G	C	1/1	0,105
3503506	G	T	0/1	74,32
3503895	C	T	1/1	0,94
3504909	T	G	0/1	43,96
3505298	AC	A	0/1	28,79
3506641	G	A	0|1	36,74
3506650	A	C	0|1	35,72
3508970	A	G	0/1	100,36
3509231	G	A	0/1	47,90
3509299	CAG	C	0/1	43,109
3509475	A	C	0/1	36,106
3509626	C	A	0/1	106,53
3515467	C	T	0/1	28,84
3518167	A	G	1/1	0,123
3518555	A	G	1/1	0,89
3525148	G	A	0/1	61,35
3529180	CCTA	C	0|1	126,21
3529186	G	GCGCGC	0|1	124,21
3529190	GTC	G	0|1	125,19
3529195	GGCCA	G	0|1	125,19
3529205	T	A	0|1	120,16
3529216	T	TTCGC	0|1	124,10
3530955	C	G	1/1	0,124
3539139	C	CG	0/1	38,62
3539353	G	A	0/1	40,81
3542049	G	A	0/1	85,36
3542219	G	A	0/1	83,45
3550347	C	T	0/1	78,42
3550789	C	G	0/1	78,30
3554568	G	A	0/1	24,66
3556275	A	G	1/1	0,125
3557253	C	T	0/1	54,149
3558579	C	CTGAACCGCCCCGGTGAGTCCGGAGACTCTCTGATCTGAGACCTCAGCCGGCGGCTGGTCT	0/1	60,23
3562338	G	T	0/1	48,90
3571828	G	C	0/1	73,44
3576231	T	C	0/1	78,33
3577497	C	T	0/1	85,37
3580325	C	G	0/1	68,33
3580636	CT	C	1/1	0,109
3581414	A	G	1/1	0,114
3582694	C	T	0/1	40,84
3587446	G	A	0/1	80,37
3590686	G	GC	1/1	0,87
3591063	T	C	1/1	0,122
3597249	C	G	0/1	68,24
3600576	C	T	1/1	0,93
3604821	G	C	1/1	0,65
3610391	A	AC	1/1	0,121
3611286	GC	G	0/1	18,71
3612813	T	C	0/1	82,28
3613591	C	T	0/1	31,96
3614982	T	C	1/1	0,133
3621423	A	G	1/1	0,108
3622441	A	C	1/1	0,103
3625065	T	G	1/1	0,102
3626562	G	A	0/1	68,30
3628520	G	A	0/1	62,50
3638093	G	A	1/1	0,100
3643985	A	C	0/1	90,34
3645524	C	T	0/1	32,102
3653988	G	A	1/1	0,102
3656206	C	A	0/1	29,73
3664457	C	A	0/1	63,40
3665753	G	A	0/1	85,35
3667334	C	T	0/1	27,71
3670040	C	T	1/1	0,124
3674157	T	A	0/1	55,26
3675504	G	T	0/1	92,40
3678094	C	T	0/1	30,56
3678249	A	C	0/1	61,25
3679764	G	A	0/1	20,50
3680932	G	A	0/1	57,31
3681548	A	C	1/1	0,110
3685510	T	C	0/1	35,64
3689523	G	T	1/1	0,90
3690016	A	G	1/1	0,88
3693681	A	C	1/1	0,95
3697585	C	T	0/1	45,71
3704596	G	C	1/1	0,124
3704770	A	G	0/1	87,33
3714211	G	T	1/1	0,102
3714639	G	A	0/1	26,81
3714757	A	C	1/1	0,115
3715775	C	T	0/1	40,68
3718357	C	T	1/1	0,95
3718378	C	T	0/1	30,73
3721806	G	C	1/1	0,107
3729342	C	T	0/1	37,78
3743656	G	A	0/1	81,35
3771009	T	G	0/1	40,81
3772833	CA	C	0/1	26,84
3775409	T	C	0/1	59,36
3775441	A	C	0/1	64,33
3778011	G	A	0|1	68,24
3778012	G	T	0|1	67,24
3778396	C	T	0/1	75,30
3783109	G	A	0/1	88,38
3785584	C	A	0/1	26,61
3787466	G	C	0/1	31,72
3792187	C	A	0/1	45,117
3794867	C	CCA	1/1	0,140
3797748	CA	C	0/1	41,81
3797827	C	CT	0|1	87,13
3797828	G	GAACCGCCCCGGCATGTCCGGAGACTCCAGTTCTTGGAAAGGATGGGGTCATGTCAGGTGGTTCA	0|1	88,13
3798095	A	C	1/1	0,123
3798596	A	G	0/1	112,53
3799512	C	T	0/1	54,64
3804299	G	A	0/1	67,37
3804484	A	G	0/1	81,30
3811672	G	T	0|1	76,26
3811675	A	G	0|1	75,26
3815477	G	T	1/1	0,128
3817117	C	A	1/1	0,126
3821503	A	C	0/1	35,108
3821845	G	T	1/1	0,137
3823159	A	T	1/1	0,112
3826501	C	T	0/1	79,55
3826684	C	T	1/1	0,107
3829770	T	C	1/1	0,111
3830349	C	T	0/1	46,28
3830695	A	G	1/1	2,76
3834486	T	C	0/1	99,42
3838871	A	G	1/1	0,118
3851887	A	C	1|1	0,52
3851888	T	C	1|1	0,53
3859893	C	T	1/1	0,121
3860216	G	A	0/1	27,81
3862472	GA	G	1/1	0,95
3863138	G	A	0/1	76,16
3863681	C	G	0/1	77,26
3864565	T	G	0/1	26,65
3864995	T	C	1/1	0,111
3869355	T	C	0/1	29,70
3870010	A	G	1/1	0,96
3871246	T	C	1/1	0,67
3874722	AT	A	1/1	2,121
3874745	G	C	0/1	43,78
3877421	A	G	1/1	0,129
3880175	C	A	0/1	30,78
3880239	C	CGTCCGGCTCCTCCTCGGACCACTACGCGGCCCGCATCGTCGCCGACCAAATCCAACT	1/1	1,29
3880752	AG	A	0/1	50,99
3883178	A	C	0/1	93,40
3884940	G	A	0/1	44,86
3885886	T	C	1/1	0,80
3892671	A	G	1/1	0,154
3893480	G	A	1/1	1,131
3895727	C	A	1/1	0,102
3896340	T	G	1/1	0,124
3898408	A	G	1/1	0,130
3902318	A	AT	0/1	67,36
3906311	G	A	0/1	76,46
3906400	G	A	0/1	41,86
3906462	A	AT	0/1	35,90
3908062	C	T	0/1	35,63
3908465	A	G	0/1	73,37
3909235	G	C	1/1	0,131
3912704	G	A	0/1	37,64
3916386	G	T	0/1	82,32
3916924	T	C	0/1	88,32
3918649	T	C	0/1	46,107
3937347	C	T	0/1	15,68
3952800	G	A	1/1	0,118
3958403	A	G	1/1	0,105
3959418	C	T	1/1	0,121
3959730	T	C	0/1	74,43
3960770	CCCGA	C	0/1	67,53
3962187	G	A	0/1	68,36
3964518	G	A	0/1	137,57
3964877	C	CA	0/1	57,129
3964930	C	T	0/1	55,121
3968006	A	C	0/1	85,32
3969183	G	A	0/1	104,34
3970594	C	G	0/1	67,35
3976595	G	T	0/1	60,39
3979990	C	G	0/1	80,29
3981983	G	A	1/1	0,105
3983542	C	T	0/1	43,16
3984321	G	A	1/1	0,143
3987370	CG	C	0/1	84,48
3990093	C	T	0/1	32,73
3993058	G	A	0/1	80,48
3994101	A	G	0/1	40,71
3994915	A	C	0/1	78,32
3996623	G	C	0/1	33,67
4001622	T	C	0/1	83,27
4002881	A	G	0/1	22,63
4004896	G	A	0/1	18,68
4005114	G	C	1/1	0,95
4005607	T	C	1/1	0,92
4007272	G	A	0/1	31,59
4008747	A	G	1/1	0,97
4012286	C	T	0/1	40,104
4013010	G	A	0/1	69,33
4014367	C	T	0/1	65,23
4016353	T	G	0/1	69,43
4022388	G	A	0/1	77,20
4024273	T	C	1/1	0,129
4026899	G	A	1/1	0,107
4028752	A	G	1/1	0,123
4029312	C	G	0/1	27,66
4033577	A	G	0/1	73,41
4033711	A	G	0/1	39,74
4034827	C	T	1/1	0,93
4041581	C	T	0/1	121,41
4044872	G	A	0/1	38,78
4045822	C	A	0/1	30,76
4050811	G	A	0/1	77,31
4052349	T	G	0/1	51,62
4053700	C	T	0/1	33,93
4055801	G	A	1/1	0,128
4056416	C	A	1/1	0,162
4056693	G	T	0/1	102,66
4057036	A	G	0/1	46,104
4059143	A	C	0/1	71,40
4059186	G	T	0/1	41,81
4059904	A	G	1/1	0,87
4066239	G	A	0/1	28,72
4069292	G	A	1/1	0,125
4075422	T	C	0/1	89,32
4080057	GCCAGAA	G	0/1	34,77
4087479	TCCGCATCGTCGCCGAACTAGGTCCGACTGCCCGGCTCCTCAGCGGACCCCAGCGGGA	T	0/1	30,43
4087880	G	A	0/1	30,79
4089058	T	C	1/1	1,84
4090453	C	G	0/1	32,64
4092376	T	C	0/1	43,96
4095001	CG	C	1/1	0,90
4095295	T	C	1/1	0,106
4096636	C	T	0/1	20,63
4097490	A	AC	0/1	28,73
4097569	G	T	0/1	30,60
4100975	T	C	1/1	0,121
4107074	T	C	1/1	0,104
4111303	G	C	1/1	0,140
4112429	T	C	1/1	0,119
4115890	G	C	0/1	118,42
4115952	C	T	0/1	51,102
4116331	C	T	0/1	74,51
4116610	G	A	0/1	95,27
4121720	T	G	0/1	34,97
4122287	G	T	1/1	0,110
4123770	G	A	0/1	44,24
4124254	C	G	0/1	29,63
4124349	GCC	G	0/1	69,29
4124540	C	T	0/1	75,37
4132509	G	A	0/1	20,57
4133316	A	T	0/1	60,37
4137829	C	T	0/1	63,46
4138622	G	A	0/1	37,69
4142192	G	A	0/1	27,60
4145737	A	G	1/1	0,95
4148801	C	A	0/1	25,68
4151855	A	G	1/1	0,100
4156099	C	A	1/1	0,94
4156503	C	T	1/1	0,105
4158493	C	T	0/1	64,29
4158910	A	T	0/1	31,61
4159195	T	C	1/1	0,104
4159304	C	G	0/1	29,58
4160371	C	A	0/1	84,29
4162339	A	G	1/1	0,99
4166290	G	A	0/1	24,64
4166441	G	A	1/1	0,107
4167656	A	G	0/1	84,26
4169852	G	T	1/1	0,97
4170739	G	C	1/1	0,117
4170964	G	GA	1/1	0,98
4174131	G	C	0/1	128,41
4179089	C	T	1/1	0,122
4179832	G	C	0/1	69,28
4180839	G	C	0/1	84,25
4182387	G	C	0/1	82,32
4182695	G	A	1/1	0,93
4186678	G	A	0/1	57,45
4187485	T	C	1/1	0,109
4187817	A	G	1/1	0,99
4189210	G	T	0/1	27,17
4194501	G	A	0/1	95,32
4194957	C	T	0/1	28,58
4195390	A	T	0/1	31,75
4195799	C	A	0/1	41,95
4197138	C	CT	1/1	0,107
4198611	CG	C	1/1	0,111
4204168	T	C	0/1	94,26
4204441	A	G	1/1	0,124
4205120	A	G	1/1	0,99
4205325	A	G	0/1	121,40
4209480	T	C	0/1	76,40
4210274	A	G	1/1	0,118
4212832	GACC	G	0/1	95,32
4214456	C	G	0/1	83,24
4214988	G	A	0/1	100,36
4215484	G	C	1/1	0,94
4217394	C	T	0/1	78,37
4217557	A	G	1/1	0,102
4218416	C	A	0/1	80,48
4218941	G	A	0/1	76,33
4219219	G	A	0/1	80,34
4221070	AC	A	0/1	87,35
4221423	C	T	0/1	71,29
4221490	C	G	1/1	0,81
4222073	A	G	1/1	0,81
4222131	C	T	0/1	26,61
4222882	A	G	1/1	0,126
4223172	T	C	1/1	0,117
4226275	C	T	0/1	45,84
4229167	T	C	0/1	84,46
4231859	CGCGGTCTGTGCGCCGGGCGCACGCACCGAATTCGAGCTATTAGCGGCCGCGGCAAGGGACGCATTCGGCCTGGACGTCCACCCAGCGGT	C	1/1	0,101
4232555	T	C	0/1	33,74
4234960	A	C	0/1	77,29
4236237	C	T	0/1	84,49
4240945	T	C	0/1	31,68
4242075	G	A	0/1	26,78
4242643	C	T	1/1	0,82
4243460	C	T	0/1	57,37
4251297	G	C	1/1	0,116
4252066	T	C	0/1	81,40
4254431	G	A	0/1	95,47
4255922	A	G	1/1	0,108
4256210	G	T	0/1	80,30
4257220	A	G	1/1	0,144
4258106	G	A	0/1	73,43
4258447	G	A	0/1	41,75
4260803	T	A	0/1	72,37
4262388	C	T	1/1	0,120
4264381	G	GC	0/1	63,21
4266647	A	G	0/1	25,70
4267647	T	C	0/1	76,33
4267923	A	G	0/1	31,71
4280708	G	A	0/1	82,36
4282707	C	G	0/1	47,93
4284429	G	A	0/1	108,48
4286826	A	G	0/1	28,75
4287164	A	G	1/1	0,159
4290135	C	T	0/1	95,42
4292941	G	A	0/1	61,91
4294842	C	G	0/1	32,59
4296015	G	A	1/1	0,104
4303498	T	TG	0/1	122,45
4305063	G	GA	0/1	75,28
4305243	G	A	0/1	31,85
4306155	C	T	1/1	0,108
4306896	C	T	0/1	46,79
4307179	G	A	1/1	0,114
4308395	G	A	0/1	89,29
4309927	T	G	0/1	65,25
4311664	C	T	0/1	70,28
4313128	C	T	1/1	0,134
4313156	G	A	0/1	34,104
4314645	A	G	1/1	0,122
4314800	G	A	1/1	0,117
4319985	G	C	0/1	133,45
4321827	A	G	0/1	42,85
4322039	AC	A	1/1	0,113
4328492	G	A	0/1	42,91
4329782	G	A	1/1	0,122
4333810	C	T	0/1	80,40
4336991	C	T	0/1	46,58
4338595	GC	G	1/1	0,147
4338732	G	A	1/1	0,140
4340028	G	C	0/1	86,36
4343784	G	A	0/1	40,68
4345548	G	A	0/1	43,73
4348824	C	CCAACGGCCCGCGCCGGCGACGATGCAAAGCGCAGCGATGAGGAG	0/1	101,36
4350305	G	A	0/1	82,42
4351039	G	T	1/1	0,112
4355319	C	G	0/1	42,96
4356110	G	C	1/1	0,129
4357597	C	G	1/1	0,117
4357804	T	G	0/1	53,33
4359653	C	T	0/1	87,52
4359828	G	A	0/1	92,50
4360687	C	A	0/1	72,27
4362176	C	T	0/1	36,81
4362568	T	G	0/1	68,44
4366195	T	C	1/1	0,107
4366272	G	C	1/1	0,103
4368084	G	C	0/1	65,28
4372353	G	C	1/1	0,140
4372440	TTGCCGACGGATA	T	0/1	35,97
4372540	A	C	0/1	44,107
4378504	T	C	0/1	87,44
4378938	G	C	0/1	87,32
4379044	CG	C	0/1	82,28
4379680	C	G	1/1	0,122
4382054	T	C	1/1	0,108
4382275	G	T	1/1	0,110
4383144	C	CCGGGG	1/1	0,90
4383655	A	G	1/1	0,100
4384007	C	G	1/1	0,121
4385976	T	TCGGCGGATGCGTTACGTCACCGGTGACCACGCGGTGCAGGTGTTCCAACTGACCAGCACCGTTATCGATC	0/1	21,26
4386228	T	C	1/1	0,35
4388414	G	A	0/1	36,101
4390471	C	A	0/1	24,69
4392852	C	T	0/1	19,73
4393178	A	G	1/1	0,115
4393590	C	G	0/1	63,39
4396495	C	A	0/1	28,50
4397736	C	T	1/1	0,107
4400660	AC	A	1/1	0,91
4400762	G	C	0/1	27,74
4401509	C	T	0/1	31,83
4403199	G	C	0/1	39,93
4405639	G	A	0/1	52,104
4407588	T	C	1/1	0,109
4407927	T	G	0/1	79,30
4408709	G	A	0/1	41,82
4408923	C	T	1/1	0,118
4409954	G	C	0/1	33,129
