1594	T	TTGAACCGCCCCGGCATGTCCGGAGACTCCAGTTCTTGGAAAGGATGGGGTCATGTCA	0/1	19,16
1849	C	A	1/1	0,50
1977	A	G	1/1	0,22
4013	T	C	1/1	0,56
6773	G	A	0/1	6,47
7362	G	C	1/1	0,26
7585	G	C	1/1	0,36
9304	G	A	1/1	0,35
10021	C	T	0/1	2,26
11820	C	G	1/1	0,47
11879	A	G	1/1	0,51
14785	T	C	1/1	1,71
14861	G	T	1/1	0,83
15117	C	G	1/1	0,77
15890	G	A	1/1	4,58
16119	C	A	1/1	0,38
17654	T	G	0|1	21,5
17657	T	C	0|1	21,5
21795	G	A	1/1	0,5
24698	GCCGCGTTGCTCGGGGTAA	G	1/1	0,35
25610	G	C	1/1	0,58
26713	A	C	0/1	3,17
26959	C	G	1/1	0,45
27455	T	C	1/1	3,41
27952	A	G	1/1	3,45
28366	AT	A	1/1	0,40
31384	C	G	0/1	41,7
34044	T	C	1/1	0,51
35608	C	T	0/1	44,12
36008	G	C	1/1	0,57
36577	C	T	0/1	39,10
37031	C	G	1/1	0,25
37305	C	G	1/1	0,26
37334	A	T	0/1	29,5
39158	C	G	1/1	0,61
42281	C	A	1/1	0,20
42967	G	C	1/1	0,27
44768	A	G	1/1	0,36
48503	T	C	0/1	34,4
49360	C	T	1/1	0,53
49690	GCC	G	1/1	0,44
50557	T	C	1/1	0,32
50672	C	G	1/1	1,23
51949	A	G	1/1	0,48
52708	G	GT	0/1	3,25
54394	A	G	1/1	0,64
55543	G	GCCT	0|1	14,2
55546	G	GCCT	0|1	2,14
62049	A	G	1/1	0,38
63146	G	T	1/1	0,69
65150	C	T	1/1	0,33
65246	C	T	0/1	4,32
68337	T	TC	1/1	0,53
69989	G	A	1/1	0,60
70267	G	T	1/1	0,59
70816	A	G	1/1	0,24
71336	G	C	1/1	0,13
71584	C	CCGAGCGCTGTTCTGGCGCTAATCTGACGCTAGAATAG	1/1	0,18
71914	T	C	0/1	3,33
75233	C	A	1/1	0,35
75940	G	C	1/1	0,39
79480	T	C	0/1	20,4
79504	T	TCGGTGGACCCGGTGGACC	1/1	0,4
87468	C	T	1/1	0,36
92199	T	G	1/1	0,24
94388	G	A	1/1	0,43
96748	T	C	0/1	65,8
96894	C	T	0/1	55,8
99162	TCGGTGTGCG	T	1/1	0,55
101539	C	T	0/1	31,5
102777	C	T	0/1	7,39
114293	C	A	0/1	4,41
115907	T	C	0/1	6,32
116000	T	G	1/1	0,36
122109	A	G	1/1	0,35
123454	C	T	1/1	2,48
123520	T	C	1/1	0,55
124742	C	G	0/1	37,5
125830	G	GA	1/1	0,44
128299	G	T	1/1	1,16
131174	T	TG	1/1	0,47
133095	A	AC	0/1	27,7
133839	C	T	1/1	0,57
134024	T	C	0/1	7,39
138417	AG	A	0/1	17,11
139297	G	T	1/1	0,46
141623	G	A	0/1	35,6
142907	G	C	0/1	10,32
143207	T	C	1/1	0,49
146087	T	C	1/1	0,40
146236	C	G	0/1	38,6
147262	G	T	1/1	0,46
154283	T	C	1/1	0,55
154990	G	T	1/1	4,42
162151	GT	G	1/1	0,43
163705	C	T	0|1	44,6
163706	C	T	0|1	44,6
163940	A	G	0/1	7,51
176692	A	C	1/1	3,37
190816	A	C	1/1	0,50
194305	C	CGG	1/1	0,43
194681	G	C	1/1	0,27
195682	C	G	1/1	0,38
196642	C	T	1/1	0,59
199470	T	G	1/1	0,50
203038	T	C	0/1	45,8
206339	T	C	1/1	0,35
206481	C	G	1|1	0,20
206484	G	T	1|1	0,20
210260	C	T	0/1	49,6
213147	C	A	1/1	0,53
213281	C	T	1/1	0,38
214292	G	GCTC	0|1	41,6
214293	G	GCCCAGACCATGGGCCAGCACGACCA	0|1	41,5
215977	C	T	0/1	20,6
216027	G	T	0/1	7,24
217201	T	C	1/1	0,35
218614	T	C	0/1	59,8
222408	A	G	0/1	5,44
222925	G	A	1/1	0,51
223942	T	C	1/1	0,26
225323	T	C	1/1	0,34
227098	T	C	1/1	0,54
229422	G	A	0/1	43,8
230170	C	T	1/1	0,52
230576	G	GT	1/1	0,27
231114	C	G	1/1	0,48
233016	C	T	0/1	5,34
234477	T	G	1/1	0,38
234496	C	CGT	1/1	0,41
239733	G	T	0/1	2,25
249522	T	C	1/1	0,27
251575	G	A	1/1	0,37
252900	C	T	0/1	9,56
257217	T	G	0/1	4,29
261869	T	C	1/1	0,28
262268	A	T	1/1	0,47
264129	G	A	1/1	1,52
265554	A	C	1/1	0,51
267751	G	C	1/1	0,38
270430	G	C	1/1	0,40
278021	T	C	1/1	0,31
278681	C	G	1/1	0,48
282892	C	T	1/1	0,33
283610	G	A	0|1	37,5
283614	T	C	1|1	0,43
285772	A	C	1/1	0,30
285871	A	G	1/1	0,41
287747	A	C	0/1	6,26
287933	G	T	0/1	5,30
293628	A	AC	1/1	0,39
294387	G	T	0/1	54,7
294596	T	G	0/1	6,53
295025	G	A	0/1	46,8
296312	C	T	0/1	51,13
304923	A	G	1/1	0,48
305188	G	T	1/1	0,51
310973	G	A	1/1	0,51
311613	G	T	1/1	0,32
325505	T	C	1/1	0,40
331633	C	T	1/1	0,35
331994	A	G	0/1	3,25
336322	CAA	C	1|1	0,3
336325	T	G	1|1	0,3
336327	C	CGG	1|1	0,3
336332	G	C	1|1	0,3
336344	A	G	1|1	0,3
336345	T	C	1|1	0,3
336353	C	T	1|1	0,3
336356	GGAA	G	1|1	0,3
336360	C	CCTCCCCG	1|1	0,3
336369	C	T	1|1	0,6
336370	A	G	1|1	0,6
336380	A	T	1|1	0,10
336400	C	G	1|1	0,11
336403	C	G	1|1	0,11
336405	A	G	1|1	0,11
336422	TTG	T	1|1	0,6
336428	A	G	1|1	0,6
336431	C	T	1|1	0,8
336439	A	G	1|1	0,8
336441	C	T	1|1	0,8
336442	G	A	1|1	0,8
336449	T	C	1|1	0,9
336451	T	G	1|1	0,9
336452	A	G	1|1	0,9
336459	G	A	1|1	0,8
336468	G	GCGTCC	1|1	0,8
336472	C	CAG	1|1	0,8
336473	T	G	1|1	0,8
336476	A	AGTCG	1|1	0,8
336480	A	G	1|1	0,8
336504	G	T	1/1	0,16
336535	T	G	1|1	0,11
336537	T	G	1|1	0,12
336540	G	T	1|1	0,12
336546	T	G	1|1	0,12
336557	C	CT	1|1	0,12
336560	T	C	1|1	0,12
340980	C	T	1/1	0,22
342146	A	C	1/1	0,49
346275	C	G	1/1	0,49
346693	G	T	0/1	5,33
353309	G	A	1/1	0,25
353365	G	A	1/1	0,18
356528	A	G	1/1	0,31
359674	C	T	0/1	5,40
363464	G	A	1/1	0,51
365617	C	T	1/1	3,39
376774	T	C	1/1	0,30
377014	C	T	0/1	40,6
378860	C	A	0/1	44,6
379528	G	T	1/1	0,54
384009	T	G	0/1	21,11
384380	A	C	1/1	0,47
386432	C	G	1/1	0,58
389203	C	A	0/1	37,8
390828	T	C	1/1	0,43
391853	A	G	1/1	0,40
392261	T	C	1/1	0,49
392470	C	T	1/1	2,56
393387	C	T	0/1	7,44
396199	T	C	1|1	0,41
403980	G	A	1/1	0,56
404326	T	C	1/1	0,64
412822	G	A	1/1	2,61
414486	C	T	1/1	0,45
420008	A	G	1/1	0,44
441823	C	T	0/1	30,5
445780	C	T	1/1	0,33
449194	G	A	0/1	6,41
452033	G	A	0/1	35,5
454295	T	C	1/1	0,39
454333	T	G	1/1	0,39
454856	C	T	1/1	1,27
456299	C	G	1/1	1,35
456594	T	C	1/1	0,25
457452	T	G	1/1	0,30
459399	A	C	1/1	0,42
461728	G	T	0/1	35,6
465300	C	T	1/1	0,39
469857	C	G	0/1	38,7
477234	T	G	1/1	0,31
478802	C	T	1/1	3,59
483935	T	G	1/1	0,51
484596	C	T	1/1	0,53
485810	CA	C	1/1	0,66
489935	G	C	1/1	0,72
491742	T	C	1/1	0,60
492150	G	C	1/1	0,31
497491	G	A	1/1	0,25
498298	C	A	0/1	2,20
498531	A	G	1/1	0,29
498557	C	A	1/1	0,28
502589	C	G	1/1	0,45
503354	G	C	1/1	0,46
505843	A	G	1/1	3,34
505974	G	A	1/1	0,21
507028	GC	G	1/1	0,37
513257	T	C	1/1	0,37
517358	T	C	1/1	0,43
518987	C	T	0/1	19,4
524891	C	A	1/1	0,16
533547	C	G	0/1	28,6
541201	A	G	1/1	0,60
542014	C	G	1/1	0,75
546136	G	T	1/1	3,37
546357	A	G	1/1	0,49
549363	C	G	0/1	34,6
551525	A	C	1/1	0,38
555991	A	G	1/1	0,31
557429	TC	T	0/1	38,8
561776	C	T	0|1	41,7
561777	C	T	0|1	40,7
565655	A	G	1/1	0,55
572591	C	T	1/1	0,39
573262	A	G	1/1	0,33
575907	C	T	0/1	35,5
583171	A	C	1/1	0,35
584171	T	C	1/1	0,20
590436	T	C	1/1	0,38
597816	A	G	1/1	0,50
598475	G	A	1/1	0,66
599868	A	G	1/1	0,63
610120	T	G	1/1	0,52
620625	A	G	0/1	33,5
627485	G	A	1/1	0,18
628864	T	C	1/1	0,25
636796	A	C	1/1	2,34
637319	G	A	1/1	0,34
640954	A	G	1/1	0,59
648002	T	G	1/1	0,71
648856	T	C	1/1	0,46
655986	T	G	1/1	0,41
657081	C	T	1/1	0,41
657142	C	T	1/1	0,38
659341	T	C	1/1	0,24
662911	T	C	1/1	0,32
665293	A	G	1/1	0,48
669033	T	A	0/1	40,5
669398	T	C	1/1	0,33
670545	G	A	1/1	0,41
683829	C	T	0/1	23,4
685461	C	G	1/1	0,35
685608	T	C	1/1	0,60
686972	T	C	1/1	0,41
688447	T	G	0/1	43,8
688792	T	TG	1/1	0,26
690354	G	GGTGTGT	0|1	20,3
690356	C	G	0|1	21,2
690450	A	C	1/1	0,20
690465	T	G	1/1	0,20
696917	G	T	1/1	0,37
696967	C	T	0/1	4,41
698968	G	A	1/1	0,19
707334	T	C	1/1	0,10
712693	A	G	1/1	0,25
713310	T	C	1/1	0,30
714158	GT	G	0/1	6,39
716025	C	T	0/1	10,40
721373	T	G	1/1	0,40
725190	G	A	1/1	0,4
738522	T	G	1/1	0,57
739248	C	T	0/1	7,64
742634	C	CTCGGTTGGCCCGCTGCTGGGCCGGAGGCGTTCCTTTATCGCAACGATTGGTCGCCGTAAGGTGCGGTCATGCGG	0|1	0,9
742639	A	T	0|1	11,3
742640	C	T	0|1	11,3
749394	T	C	0/1	2,21
754186	A	G	1/1	0,39
757139	C	A	1/1	0,56
757182	A	G	1/1	0,59
763031	T	C	1/1	0,34
767414	G	A	1/1	0,35
771757	ACCGCGAT	A	1/1	2,51
775639	T	C	1/1	0,22
776100	G	A	1/1	0,51
776182	C	T	0/1	50,6
779615	G	C	1/1	0,40
781395	T	C	1/1	0,59
791249	C	T	0/1	54,7
798355	G	C	1/1	0,32
799666	A	G	1/1	0,31
809840	G	GC	1/1	0,48
811753	C	T	1/1	0,50
818713	C	T	0/1	54,8
820483	G	T	1/1	0,23
820752	C	T	1/1	0,32
825655	C	A	0/1	5,31
829893	T	TCGC	0|1	15,2
829896	C	A	0|1	14,2
830868	G	GGC	1/1	1,34
833579	C	T	1/1	0,4
835611	C	T	0/1	14,5
841764	G	C	1/1	0,44
842030	C	T	0/1	36,5
847995	T	C	1/1	0,34
852910	C	T	1/1	0,41
854252	GCC	G	1/1	1,47
856025	T	C	1/1	2,34
857696	A	G	1/1	0,43
861216	T	G	1/1	0,47
866051	G	A	1/1	0,40
871266	G	A	0/1	4,34
874835	C	CCG	1/1	0,63
876141	G	T	1/1	0,59
880562	G	T	1/1	0,51
881105	C	T	1/1	1,39
882257	T	C	1/1	0,49
883612	C	T	0/1	47,5
892416	C	T	1/1	0,52
893733	T	G	1/1	0,45
900221	T	C	1/1	0,40
903537	G	T	1/1	0,38
903550	T	C	1/1	0,33
903913	T	C	1/1	0,28
906857	A	G	1/1	0,46
906968	A	C	0/1	12,41
919351	A	C	1/1	0,56
931123	T	C	1/1	0,44
932280	T	C	1/1	0,43
934230	C	G	1/1	0,61
934611	G	T	1/1	0,45
938240	G	C	0/1	6,38
940602	C	G	1/1	0,42
941845	C	A	1/1	0,49
945214	G	A	1/1	0,53
949267	G	C	0/1	4,32
949535	T	C	1/1	0,36
955127	A	C	0/1	7,35
955524	A	G	1/1	0,46
957117	T	C	1/1	0,39
960367	A	G	1/1	0,46
972980	C	T	1/1	0,48
979704	G	C	1/1	0,42
986463	G	C	1/1	0,59
987585	A	AG	1/1	0,29
989312	T	C	1/1	2,36
990001	G	C	1/1	0,48
993346	A	C	1/1	0,88
994382	C	T	0/1	8,63
996205	T	C	1/1	0,38
996346	G	A	0/1	45,6
1003663	C	T	0/1	9,45
1010204	C	CG	1/1	0,55
1021776	A	G	0/1	6,46
1022003	A	C	1/1	1,62
1024346	A	G	1/1	0,38
1025106	T	C	1/1	0,57
1029386	G	GCGC	0/1	4,44
1034208	CGCT	C	1/1	0,25
1034758	C	T	1/1	0,61
1037012	T	C	1/1	0,24
1037911	C	T	1/1	0,41
1047165	T	C	1/1	0,28
1047873	C	T	0/1	7,55
1053912	T	C	1/1	1,27
1054784	C	G	1/1	0,51
1065793	T	G	0/1	6,45
1068151	T	C	1/1	0,26
1068432	A	G	1/1	0,44
1070702	T	C	1/1	0,35
1071966	A	G	1/1	0,31
1074558	G	A	1/1	0,53
1075279	T	C	1/1	0,44
1076309	G	T	1/1	0,53
1076689	A	C	0/1	47,6
1076880	C	T	1/1	0,42
1077312	A	G	1/1	0,37
1079927	C	A	1/1	0,37
1080192	G	A	1/1	0,36
1081681	T	C	1/1	0,34
1082999	C	T	0/1	5,37
1087193	G	C	1/1	0,35
1090188	A	AG	1/1	0,39
1097220	C	T	1/1	0,32
1097442	C	T	1/1	0,38
1098523	T	A	1/1	0,24
1099058	G	A	1/1	0,26
1100234	T	C	1/1	0,47
1102117	G	A	1/1	0,61
1102468	C	A	1/1	0,61
1102646	G	A	1/1	0,59
1103656	C	T	0/1	52,7
1104690	T	G	1/1	1,63
1105686	C	G	0|1	53,14
1105687	T	C	0|1	54,14
1106422	T	C	1/1	0,64
1106614	G	T	0/1	9,48
1107198	G	T	0/1	49,6
1107940	A	C	1/1	0,49
1109975	A	G	1/1	0,59
1126889	G	C	1/1	0,41
1127493	T	C	0/1	36,5
1127648	C	A	1/1	0,59
1134613	C	T	0/1	6,35
1135394	T	G	0/1	3,32
1144585	A	G	1/1	0,30
1145848	A	C	1/1	0,47
1148259	A	G	1/1	0,50
1149551	C	T	1/1	0,39
1150585	G	A	1/1	0,41
1151054	C	G	1/1	0,55
1164336	G	A	1/1	0,51
1168715	C	CT	1/1	0,38
1168776	T	G	1/1	0,33
1172085	C	A	1/1	0,48
1173750	G	T	1/1	0,26
1174655	C	T	1/1	2,29
1175343	C	T	1/1	0,41
1177157	G	A	0/1	55,9
1178116	T	C	1/1	0,65
1190472	C	T	0/1	9,28
1197157	T	G	1/1	0,60
1197567	G	C	0/1	8,68
1200418	A	G	1/1	0,56
1201581	A	C	1/1	0,38
1203978	C	A	0/1	3,33
1211369	A	C	1/1	0,52
1220680	T	C	1/1	0,57
1224367	T	C	1/1	0,40
1227830	G	T	1/1	0,64
1230778	G	A	1/1	0,46
1241934	T	C	0/1	37,9
1246500	C	T	0/1	3,28
1248302	T	G	0/1	7,54
1248382	A	G	1/1	0,47
1248936	G	C	1/1	0,51
1248978	T	C	1/1	0,39
1250340	A	G	1/1	0,44
1251199	C	T	1/1	0,32
1254540	C	T	0/1	6,34
1254562	A	G	1/1	0,43
1265070	G	T	0/1	39,5
1273250	G	GA	1/1	0,39
1275957	T	C	1/1	0,51
1276232	C	A	0/1	4,36
1281118	T	C	1/1	0,53
1281771	T	C	1/1	0,31
1282521	G	A	0/1	8,56
1285001	A	C	1/1	0,32
1288698	G	A	1/1	0,53
1292102	A	G	1/1	0,24
1301002	G	A	1/1	3,51
1306259	A	G	1/1	0,39
1307598	C	G	1/1	0,38
1313337	A	AG	1|1	0,54
1313338	A	C	1|1	0,54
1315191	A	C	1/1	0,36
1315884	G	A	1/1	0,29
1317655	C	T	1/1	0,45
1322741	A	G	1/1	0,47
1326336	C	G	0/1	66,8
1327890	G	A	1/1	0,63
1328687	G	C	1/1	0,42
1329234	G	A	1/1	0,24
1336164	C	T	0/1	41,6
1337513	T	C	0/1	37,7
1338794	TCGG	T	0/1	2,24
1338877	C	T	0/1	5,34
1351172	A	G	1/1	0,62
1360209	T	C	1/1	0,44
1361190	G	A	1/1	0,30
1361285	C	T	1/1	0,40
1362006	T	C	1/1	0,65
1363249	A	C	0/1	16,17
1365837	C	CGG	1/1	0,43
1367484	T	G	1/1	0,47
1368322	C	CG	1/1	0,33
1370852	T	G	1/1	0,40
1374065	T	C	1/1	0,15
1374201	A	G	0/1	34,6
1375724	A	C	1/1	0,35
1382628	T	C	1/1	0,40
1390763	C	T	1/1	0,67
1393626	A	G	1/1	0,24
1396922	T	C	1/1	0,53
1409696	G	GA	0|1	33,4
1409698	GAGCGGGGA	G	0|1	35,4
1409709	GCC	G	0|1	35,4
1409712	ACCTTTGG	A	0|1	36,4
1409720	ACGCCACG	A	0|1	37,4
1409731	AGGT	A	0|1	37,4
1409735	ACG	A	0|1	37,4
1409741	C	CGG	0|1	35,4
1409744	CGTCG	C	0|1	37,4
1411210	T	G	1/1	1,31
1413129	CG	C	1/1	0,34
1413148	C	T	1/1	0,26
1414021	C	T	1/1	0,37
1415069	G	T	1/1	0,12
1415735	T	C	0/1	3,15
1440469	C	G	1/1	0,69
1442795	C	A	0/1	33,5
1443428	G	GGGTTAGATTGCCCGGCTCCTCAACCCGCCGTTTCGGCGTGCATCGTCGCCGGGCTA	1/1	0,11
1445781	A	G	1/1	0,45
1448516	C	G	0/1	5,29
1457144	C	T	1/1	0,29
1463923	C	T	0/1	10,59
1471659	C	T	1/1	0,68
1477596	C	T	0/1	47,6
1479085	T	C	1/1	0,37
1482627	T	C	1/1	0,41
1482919	TGC	T	0/1	6,33
1484708	A	C	1/1	0,58
1490905	A	G	1/1	0,50
1494762	G	A	0/1	5,42
1495832	C	T	0/1	41,8
1498951	G	T	1/1	0,32
1499082	C	G	0/1	29,8
1499274	C	G	1/1	0,30
1501700	G	A	1/1	0,28
1511460	C	T	0/1	6,38
1521903	T	C	0/1	34,9
1522336	C	T	0/1	5,45
1526819	C	A	1/1	0,54
1536251	G	T	1/1	0,51
1540141	T	C	1/1	0,31
1541798	C	T	1/1	0,49
1544255	C	T	1/1	0,55
1546703	C	T	1/1	0,74
1547125	T	C	1/1	0,60
1552547	G	A	1/1	0,39
1556787	T	C	1/1	0,23
1563717	C	T	1/1	0,36
1565566	C	T	0/1	4,45
1570566	C	A	1/1	0,44
1573907	C	CA	1/1	0,36
1574854	G	A	0/1	25,7
1575040	G	C	0/1	32,6
1576481	T	G	0/1	21,5
1576527	G	T	0/1	24,5
1577241	G	A	1/1	0,26
1588899	G	T	1/1	0,34
1593331	G	A	1/1	0,39
1594906	G	A	1/1	0,41
1595342	T	C	1/1	0,16
1598662	G	A	0/1	4,25
1604878	G	A	0/1	47,11
1606248	T	G	1/1	4,55
1608276	A	C	1/1	0,61
1609840	A	G	1/1	0,49
1612606	TGGTACCGGTGCGCCCGGTATC	T	0/1	7,30
1613035	T	C	1/1	0,35
1614544	C	G	0/1	11,38
1617302	G	T	1/1	0,46
1620181	C	G	1/1	0,32
1624791	C	G	1/1	0,22
1625332	C	CGGT	1/1	0,41
1627351	T	C	1/1	0,40
1630148	A	C	1/1	0,53
1639594	C	A	1/1	0,20
1645802	T	C	1/1	0,35
1647436	G	A	1/1	0,45
1647573	T	C	0/1	5,54
1650072	A	G	1/1	0,33
1651308	A	G	1/1	0,53
1653971	C	A	1/1	2,43
1659418	A	C	0/1	11,47
1668676	C	T	0/1	3,19
1669158	T	C	0/1	31,4
1676290	C	A	1/1	0,75
1678706	A	C	1/1	0,27
1688064	A	G	1/1	0,22
1688300	T	C	1/1	0,37
1689349	C	T	1/1	0,53
1692141	A	C	1/1	0,72
1692834	G	A	0/1	53,11
1693561	A	G	1/1	0,84
1695037	G	A	1/1	0,73
1695796	C	T	1/1	0,77
1696671	CA	C	1/1	2,41
1697896	C	T	0/1	47,7
1698911	G	A	1/1	0,49
1699104	A	G	0/1	50,6
1699849	G	A	1/1	0,53
1701215	C	T	1/1	0,43
1706119	T	C	1/1	0,30
1709432	C	T	1/1	0,49
1711670	C	T	1/1	0,55
1713192	A	G	1/1	0,47
1716472	A	G	1/1	0,36
1718152	T	C	0/1	4,44
1720363	GT	G	1/1	2,35
1722200	C	G	0/1	33,10
1722228	A	C	1/1	0,44
1728837	A	G	1/1	0,58
1731293	C	G	0/1	9,28
1733134	C	T	0/1	50,9
1733325	C	G	1/1	0,47
1741352	C	T	0/1	27,6
1750386	C	T	0/1	4,25
1753519	G	GC	1/1	0,23
1756358	CG	C	1/1	0,35
1758588	A	G	1/1	4,55
1759252	G	T	1/1	0,43
1760292	A	G	1/1	0,50
1774659	C	T	0/1	58,12
1778430	T	C	1/1	0,30
1790479	C	G	0/1	4,14
1792732	T	G	0/1	37,13
1792777	T	C	1|1	0,33
1792778	T	C	1|1	0,34
1797890	C	G	0/1	4,22
1798355	G	A	1/1	0,29
1803265	G	A	1/1	0,49
1804409	C	A	1/1	0,32
1811375	G	T	1/1	0,57
1817213	C	T	0/1	7,42
1817976	A	T	1/1	0,41
1831220	A	C	1|1	0,45
1831226	A	G	1|1	0,47
1831288	C	T	1/1	0,50
1834177	A	C	1/1	2,72
1836286	G	C	1/1	0,35
1839759	G	C	1/1	0,44
1847919	C	G	1/1	0,36
1849051	C	T	1/1	0,52
1849609	T	C	1/1	0,58
1849934	A	G	0/1	29,5
1854300	T	C	1/1	0,52
1856777	G	C	1/1	0,37
1859559	C	A	1/1	0,39
1873256	C	T	1/1	0,21
1877744	A	C	1/1	0,24
1885385	T	G	1/1	0,32
1885772	G	A	1/1	0,42
1888373	T	C	0/1	42,9
1894300	G	GGTCTTGCCGC	1/1	0,33
1894422	A	G	1/1	0,38
1897608	C	T	1/1	0,54
1901493	T	C	1/1	0,33
1902337	A	C	1/1	0,45
1907296	G	C	1/1	0,76
1916137	A	G	1/1	0,28
1917972	A	G	1/1	0,34
1924008	G	A	0/1	33,5
1931179	C	A	1|1	0,35
1933988	G	A	1/1	0,66
1934041	C	A	0/1	11,61
1934395	C	T	1/1	3,53
1935437	C	T	1/1	3,41
1941534	C	T	0/1	6,25
1942351	G	A	0/1	7,2
1944107	A	G	1/1	0,37
1944402	T	C	1/1	0,50
1950767	T	C	1/1	0,48
1955672	C	CGGCGCGCATCGTCACCGGGCGTCGTCTGATTGCCCGGTTCCTCCTCGCGCCG	0/1	22,29
1955760	CGAA	C	1/1	0,45
1955941	G	C	1|1	0,41
1960284	C	A	1/1	0,30
1961735	A	G	0/1	38,5
1967026	C	T	1/1	0,54
1967237	C	A	1/1	0,43
1967543	C	A	1/1	1,53
1971725	G	C	1/1	0,34
1980652	G	T	1/1	0,28
1986492	T	C	0/1	6,55
1986638	G	GTGAAC	1|1	0,17
1986641	C	CCCCGGTGAGTCCGGAGACTCTCTGATCTGAGACCTCAGCCGGCGGCTGGTCTCTGGCGT	1|1	0,15
2003105	C	T	0/1	34,6
2003827	A	C	1/1	0,25
2009290	GC	G	0/1	31,5
2022868	T	C	1/1	0,37
2023628	C	G	1/1	0,37
2024808	C	T	0/1	4,34
2032277	A	G	0/1	48,6
2049772	A	ACC	0/1	7,32
2055271	A	G	1/1	0,36
2057774	A	T	1/1	0,37
2070746	C	T	0/1	31,7
2072313	C	A	1/1	0,49
2074754	C	T	1/1	0,60
2082053	A	G	0/1	33,5
2082143	T	G	1/1	2,41
2093120	T	G	0/1	3,31
2094911	ACAGCGT	A	1/1	0,35
2096186	A	G	1/1	0,39
2097270	C	T	1/1	0,65
2108141	T	C	1/1	0,18
2108890	A	C	1/1	0,39
2109523	C	CG	1/1	0,30
2112832	A	C	1/1	0,51
2116903	C	T	1/1	0,34
2122395	C	T	1/1	0,55
2122976	C	G	1/1	0,42
2123169	T	G	1/1	0,61
2128379	C	CATCCTTGGATTGCCTAGGCACGTTGATCCGCAGACTTATTG	0/1	2,19
2128870	A	G	1/1	0,8
2133468	T	TTCGCATGCCGTCACC	1/1	0,35
2135870	T	C	1/1	0,51
2137521	A	ACTCCGATCAC	1/1	0,67
2138453	C	T	1/1	0,46
2140076	G	A	0/1	4,41
2141368	C	T	0/1	3,37
2141408	T	TG	1/1	2,40
2142266	C	A	1/1	0,27
2142295	T	C	1/1	1,19
2143328	G	C	1/1	0,40
2147022	A	C	1/1	0,61
2147476	C	T	0/1	8,37
2151222	T	G	0/1	48,6
2153707	AT	A	0/1	6,34
2153725	CTCATCCCCGTCTCG	C	1/1	0,32
2154724	C	A	1/1	0,46
2158109	T	C	1/1	0,47
2158983	C	A	0/1	5,35
2160998	G	A	1/1	0,50
2161343	G	GT	1/1	0,44
2172380	A	C	1/1	0,47
2173860	A	C	1/1	0,31
2177366	C	T	1/1	0,66
2185009	C	T	1/1	2,33
2185674	A	G	1/1	0,29
2187587	G	C	1/1	0,54
2191498	G	T	1/1	0,37
2197525	A	G	0/1	7,46
2199052	C	G	1/1	0,73
2202500	C	T	1/1	0,53
2204024	A	C	0/1	7,50
2207591	T	TC	1/1	0,78
2209465	G	A	1/1	0,49
2210033	C	T	0/1	30,5
2211826	A	G	1/1	0,27
2216443	C	A	1/1	0,49
2216963	C	G	0/1	42,9
2220512	T	G	1/1	0,40
2221584	G	C	1/1	0,50
2223293	T	C	1/1	0,56
2228967	A	G	1/1	0,39
2229801	C	G	1/1	0,56
2235087	G	A	0/1	45,12
2241031	AG	A	1/1	0,22
2244421	G	T	1/1	0,43
2245864	C	A	1/1	0,47
2247472	T	C	0/1	7,47
2247677	A	C	1/1	0,54
2249871	C	T	0|1	37,4
2249872	C	A	0|1	37,4
2249874	G	A	0|1	40,3
2251999	A	G	1/1	0,51
2260100	C	T	1/1	0,44
2260525	C	T	1/1	0,31
2264782	C	A	1/1	0,10
2265059	T	G	1/1	0,5
2266487	G	C	0|1	54,28
2266504	T	TA	0|1	52,29
2266508	A	T	0|1	45,27
2266511	GT	G	0|1	44,29
2266517	T	C	0|1	36,31
2266550	G	T	0|1	38,39
2266553	C	G	0|1	39,39
2266583	C	G	0|1	42,16
2266598	G	C	0|1	43,17
2266604	C	G	0|1	43,18
2266613	G	GC	0|1	43,19
2266624	G	T	0|1	46,21
2267015	T	C	1/1	0,66
2268627	G	C	1/1	1,79
2269780	T	C	1/1	0,26
2270102	A	G	1/1	0,42
2273733	TC	T	1/1	0,35
2275573	G	A	0/1	5,41
2282787	C	T	1/1	0,41
2283191	G	C	0/1	19,6
2285014	C	G	0/1	33,4
2285251	C	A	1/1	0,46
2287121	A	G	1/1	0,42
2288085	G	C	1/1	0,72
2294007	T	C	1/1	0,53
2308864	C	T	0/1	3,22
2311099	C	G	1/1	0,39
2315386	C	A	1/1	0,40
2328543	T	C	1/1	0,29
2329533	A	G	1/1	0,39
2331620	A	C	1/1	0,44
2331789	G	T	1/1	0,64
2334007	A	G	1/1	0,61
2335075	A	G	1/1	0,53
2335494	A	G	1/1	0,49
2337179	C	T	1/1	0,59
2338602	A	AGCATATGGC	0/1	5,36
2341636	C	G	1/1	0,29
2342649	A	AGGCGTACACAC	1/1	0,39
2344246	G	C	1/1	0,68
2344499	T	G	0/1	37,8
2345037	C	A	1/1	0,33
2346318	G	A	0/1	51,6
2349752	A	C	0/1	11,10
2352065	C	CCTCGCCTGGGCTGGCGAGCAGACGCAAAATCCCCCGCACGCCCGGCGTGTCGGGGGATTTTGCGTCTG	0/1	6,25
2354791	A	G	1/1	0,30
2357268	TGCC	T	1/1	0,9
2358029	T	TG	1/1	0,26
2361604	C	G	1/1	0,21
2362041	C	A	1/1	0,48
2368564	TA	T	1/1	0,41
2369186	G	C	1/1	0,58
2369326	C	G	1/1	0,55
2383488	G	A	0/1	4,36
2384452	C	T	0/1	4,35
2386389	G	A	1/1	0,33
2388641	G	A	1/1	0,38
2399734	G	A	1/1	0,29
2401928	A	C	0|1	62,53
2401929	G	GATTTGATTGCCCGGCTCCTCCTCACCCC	0|1	63,53
2401932	T	TACCCG	0|1	59,9
2406842	AC	A	0/1	50,8
2407651	G	T	0/1	5,38
2411496	G	A	0/1	30,5
2413246	C	A	1/1	0,22
2415656	G	C	1/1	0,27
2421816	A	G	1/1	0,35
2421975	G	GGGAA	1/1	0,23
2424925	A	G	1/1	0,29
2425471	T	C	1/1	0,48
2427532	G	GAAACCC	0|1	15,2
2440926	G	T	1/1	0,59
2448458	C	T	1/1	0,44
2451700	A	C	0/1	34,4
2462871	G	A	1/1	0,29
2467482	A	G	0/1	8,41
2470591	A	C	1/1	0,35
2487259	A	C	0/1	6,29
2487478	T	C	0/1	4,37
2499726	G	A	1/1	0,45
2505085	G	A	1/1	0,35
2509140	G	C	1/1	0,25
2509722	A	G	1/1	0,30
2510350	C	G	1/1	0,38
2516567	G	C	1/1	0,46
2521342	T	C	1/1	0,26
2521428	A	G	1/1	0,32
2522955	T	G	0/1	35,5
2523205	G	GCGC	1/1	0,32
2525722	CG	C	1/1	0,48
2526974	T	C	1/1	0,44
2529680	A	G	1/1	0,52
2533377	T	C	1/1	0,45
2534562	GGA	G	1/1	0,23
2536599	C	T	0|1	20,6
2536628	G	GA	0|1	14,5
2536892	T	C	0/1	12,2
2543395	T	C	1/1	0,59
2546684	C	A	1/1	0,31
2548700	C	T	1/1	0,52
2551576	C	G	1|1	0,44
2551577	T	C	1|1	0,43
2555880	T	G	1/1	2,31
2561941	C	T	0/1	57,9
2562644	G	T	1/1	0,53
2564368	G	GC	1/1	0,34
2566766	C	CG	1|1	0,36
2566768	A	C	1|1	0,37
2573756	C	A	1/1	0,39
2578626	A	G	1/1	0,34
2581052	G	A	1/1	0,45
2581598	C	T	0/1	12,53
2586076	C	G	1/1	0,42
2586127	A	G	1/1	0,39
2586537	G	T	0/1	4,25
2589036	G	C	0/1	44,7
2589216	G	C	1/1	0,62
2590504	G	A	1/1	1,19
2592356	G	GAGT	0|1	34,9
2592359	C	CCCGTGACGCCCTCTTCCACTGGGGTGTGG	0|1	35,8
2594633	C	T	0/1	4,44
2598400	A	G	1/1	0,35
2600260	A	G	1/1	0,41
2602454	T	G	0/1	6,43
2608117	C	A	1/1	0,38
2612256	G	T	1/1	0,35
2612632	C	A	1/1	0,28
2614909	GC	G	1/1	0,81
2619271	T	C	1/1	0,48
2619799	A	C	0/1	5,29
2627946	A	G	1/1	0,62
2630740	T	C	1/1	0,45
2631371	C	T	1/1	0,32
2631782	G	A	0/1	40,9
2632341	C	CA	1/1	0,40
2634282	T	G	1/1	0,32
2637541	C	T	1/1	0,61
2640807	G	A	1/1	2,60
2642383	C	T	1/1	0,48
2644005	G	A	0/1	4,38
2644273	A	C	0/1	26,10
2656225	A	G	1/1	0,54
2660319	C	G	1/1	0,41
2663795	G	A	0/1	26,4
2673818	C	G	1/1	0,30
2676585	C	T	0/1	41,7
2680658	T	G	1/1	0,38
2681117	C	T	0/1	47,7
2684256	A	T	0/1	8,50
2691173	G	A	0/1	5,45
2692100	C	T	1/1	0,42
2695378	C	G	1/1	0,40
2697489	C	T	1/1	0,48
2698031	C	T	0/1	46,8
2703902	C	CG	0/1	22,6
2704884	A	ACAGCGACCATATCGCCGAGCT	1/1	0,47
2711722	T	G	1/1	0,43
2713795	C	T	1/1	0,48
2718852	T	G	1/1	0,51
2722987	G	A	0/1	4,39
2723506	T	C	1/1	0,30
2724180	TCACGATCGGGTCTCCTCTAG	T	1/1	1,21
2729058	A	C	1/1	0,50
2734074	T	C	1/1	0,7
2734481	TA	T	1/1	0,46
2737572	C	A	1/1	0,43
2738274	A	C	1|1	0,38
2740693	T	C	1/1	0,18
2741209	G	A	1/1	0,73
2749258	T	C	0/1	6,31
2750856	C	T	0/1	8,54
2751804	C	T	1/1	0,21
2752122	G	C	1/1	0,19
2752698	C	A	1/1	0,61
2755832	T	G	0/1	42,8
2760152	A	G	1/1	0,59
2774555	T	C	0/1	37,7
2775361	C	T	1/1	0,55
2779136	T	C	1/1	0,35
2786952	A	G	1/1	0,42
2789798	G	T	1/1	0,57
2791098	C	T	1/1	0,32
2793810	C	A	1/1	0,46
2794071	G	A	0/1	60,11
2797958	T	C	0/1	40,5
2800087	G	A	0/1	28,5
2807486	C	A	1/1	0,74
2808452	T	C	0/1	39,8
2809621	T	C	1/1	0,42
2809633	A	C	0/1	36,6
2818837	A	G	1/1	0,30
2819288	C	T	0/1	32,7
2821342	C	T	1/1	0,50
2825466	G	A	1/1	0,34
2825581	T	G	0/1	29,4
2827984	G	T	1/1	0,51
2828019	T	C	1/1	0,55
2830525	C	A	1/1	0,52
2833329	G	A	1/1	1,45
2841022	A	G	1/1	0,20
2847281	A	G	1/1	0,38
2850631	T	C	1/1	0,52
2851160	GAA	G	1|1	0,53
2851164	CATT	C	1|1	0,53
2852598	G	C	0/1	10,46
2855259	A	G	1/1	1,34
2865760	A	G	1/1	0,40
2865882	T	C	1/1	0,36
2867880	TA	T	1/1	0,52
2880702	G	C	1/1	0,39
2881542	C	G	0/1	4,39
2881597	AG	A	1/1	0,37
2881974	G	A	1/1	0,38
2883217	G	C	1/1	2,27
2884068	A	C	1/1	0,55
2886570	A	G	1/1	0,37
2887096	T	G	0/1	4,23
2888201	T	C	1/1	0,15
2889633	T	C	1/1	0,27
2891267	C	T	1/1	0,42
2891728	A	G	1/1	0,29
2894208	G	A	1/1	0,28
2898522	T	C	1/1	0,38
2903439	G	A	1/1	0,37
2903643	C	A	0/1	5,40
2910461	G	T	1/1	0,39
2911293	C	G	1/1	0,27
2911896	G	C	0/1	39,6
2912294	T	G	1/1	0,49
2913412	C	A	1/1	2,48
2923391	T	C	1/1	0,20
2925962	T	C	1/1	0,47
2927939	T	C	1/1	0,47
2939373	G	C	1/1	0,32
2939657	T	C	1/1	0,17
2948230	G	A	1/1	0,26
2954439	T	C	1/1	0,57
2955957	A	C	1/1	0,35
2969123	G	GA	0/1	7,46
2969197	A	G	1/1	0,52
2980861	A	G	1/1	0,69
2981234	G	A	0/1	48,7
2984740	A	G	1/1	0,31
2988630	C	G	1/1	0,21
2994187	T	C	1/1	0,20
3003115	C	G	1/1	0,41
3005014	A	G	1/1	1,24
3005185	G	T	1/1	0,41
3009692	A	G	1/1	0,38
3009834	A	G	1/1	0,64
3010420	A	G	1/1	0,50
3010993	C	T	1/1	0,43
3012000	G	GC	1/1	1,26
3015054	GC	G	0/1	5,47
3017465	T	C	1/1	0,45
3024021	C	A	1/1	0,48
3027798	T	C	1/1	0,78
3031168	A	G	1/1	0,43
3033189	G	A	1/1	0,45
3036826	C	T	1/1	0,59
3037359	CCGGGGCGCGCCAGCCGCTGCGAGCGTAACGCCACGGCGAGCTTGCGTGCACCGAATTCGCCGTGGCGTTACGCT	C	0/1	45,8
3041871	G	T	1/1	0,33
3044489	T	G	0/1	39,6
3052093	G	GAT	0/1	11,2
3057256	G	A	0/1	3,34
3069167	A	G	1/1	0,42
3073063	G	A	1/1	2,26
3080795	A	G	1/1	0,68
3086788	T	C	1/1	0,63
3103682	T	C	1/1	0,49
3103884	C	T	0/1	6,52
3104189	A	G	1/1	0,63
3111476	C	T	1/1	0,19
3115384	G	C	1/1	0,70
3128345	C	G	0/1	7,49
3128852	C	T	0/1	28,5
3129667	T	G	0/1	5,49
3131469	T	TTGTCGGCGA	1/1	0,21
3134017	G	T	0/1	3,33
3135606	A	G	1/1	0,39
3137058	G	A	1/1	0,31
3137736	G	T	1/1	0,45
3144623	C	T	1/1	0,24
3146787	T	C	0|1	4,18
3150049	G	T	1/1	1,25
3156201	C	CG	1/1	0,51
3159752	G	GCCA	0|1	36,4
3159756	G	GA	0|1	36,3
3159760	G	GT	0|1	37,4
3159761	AGCCAG	A	0|1	37,4
3159768	A	AC	0|1	36,4
3160839	A	C	0/1	20,7
3162021	G	C	0/1	7,42
3165636	G	A	0/1	41,9
3166309	G	T	0/1	3,35
3173283	T	G	0/1	11,35
3174496	A	G	1/1	0,52
3174692	AC	A	0/1	41,10
3177452	C	A	1/1	0,51
3177763	C	A	1/1	3,49
3177884	C	A	1/1	0,39
3180988	C	A	1/1	0,30
3186860	T	G	1/1	0,35
3187987	C	T	1/1	1,23
3189242	A	G	1/1	0,42
3190145	TC	T	1/1	0,49
3200282	C	T	1/1	0,32
3205655	CACCACCCGGCCCAA	C	0|1	26,4
3205672	C	G	0|1	20,4
3205673	C	G	0|1	20,4
3205678	C	G	0|1	19,2
3205679	C	G	0|1	20,2
3205681	A	ATTGGGCCGGGTGGT	0|1	20,3
3215622	CG	C	1/1	0,11
3226181	A	C	1/1	0,19
3228143	G	T	1/1	0,28
3234401	C	T	0/1	5,49
3238119	CGTG	C	1/1	0,33
3256494	A	G	1/1	0,38
3257313	G	A	0/1	4,30
3269581	A	G	1/1	0,29
3270784	A	G	1/1	0,41
3276703	T	G	1/1	0,41
3284855	C	T	1/1	0,44
3294086	CG	C	0/1	4,23
3296371	G	GCCGCGGC	1/1	0,35
3296843	A	G	1/1	0,21
3300221	A	G	0/1	6,36
3304966	G	A	1/1	0,43
3308606	G	A	1/1	0,58
3310626	T	C	1/1	0,33
3312401	A	C	0/1	9,60
3314412	A	G	1/1	0,45
3316955	A	C	1/1	0,48
3326554	A	C	1/1	0,38
3331361	ACG	A	1/1	0,28
3338603	G	C	1/1	0,39
3349444	T	A	0/1	33,5
3352932	C	G	1/1	0,46
3358235	A	T	1/1	0,56
3363338	A	G	1/1	0,37
3367765	G	A	1/1	0,45
3367872	G	A	0/1	41,6
3371336	C	T	0/1	28,4
3375165	A	C	1/1	0,42
3375807	T	C	0/1	4,34
3378553	C	CTGAACCGCCCCGGTGAGTCCGGAGACTCTCTGATCTGAGACCT	1/1	0,5
3401871	A	G	1/1	0,45
3402816	C	T	1/1	0,45
3404376	C	G	1/1	0,47
3408150	T	C	1/1	0,50
3412611	T	C	0/1	65,11
3415180	ACACCTAGGGGGTGG	A	1/1	0,38
3416713	AG	A	0|1	9,43
3416715	CAGCACCGCGATGGATCCTGCACGTAGACCTCGACCAGTTTTTGGCGTCGGTCGAACTGCTCCGCCACCCCGAACTGGCAGGTTTGCCGGTCATCGTCGGCGGCAA	C	0|1	11,28
3418386	C	T	0/1	7,65
3420825	A	G	1/1	0,58
3423249	C	CGCGAGCAGACGCAGAATCGCCCAAAATCCAAGATTTTGAGGCGATTCTGCGTCTGCTCGCGCAACCGG	1/1	1,36
3425854	C	T	1/1	0,46
3428917	C	A	1/1	0,36
3434533	A	G	0|1	23,11
3434536	T	G	0|1	23,8
3434539	C	T	0|1	22,4
3438664	G	C	0/1	5,52
3440464	T	G	1|1	0,53
3440468	G	C	1|1	0,54
3446699	C	G	1/1	0,29
3450725	T	C	1/1	0,30
3454263	C	G	1/1	0,57
3455686	G	C	1/1	0,47
3456666	A	G	1/1	0,40
3462135	G	C	1/1	0,40
3467465	C	G	1/1	0,62
3473996	G	GA	1/1	0,28
3477942	A	G	1/1	0,59
3478242	G	C	0|1	44,8
3478244	C	A	0|1	45,7
3478245	T	C	0|1	44,7
3478248	T	C	0|1	44,7
3478251	C	T	0|1	43,7
3478254	G	C	0|1	43,7
3478257	A	G	0|1	44,7
3478260	C	G	0|1	44,7
3478263	G	A	0|1	43,7
3478272	G	A	0|1	43,6
3480474	G	A	1/1	0,49
3480789	T	C	1/1	0,56
3486977	A	G	1/1	0,58
3487108	C	T	1/1	0,45
3500149	G	A	1/1	0,46
3500243	G	C	1/1	0,50
3503895	C	T	1/1	0,31
3509626	C	A	1/1	0,66
3512780	C	T	0/1	37,5
3517847	G	GCCGACC	0|1	26,3
3517850	G	C	0|1	26,3
3517851	A	ACCCC	0|1	26,3
3518167	A	G	1/1	0,39
3518555	A	G	1/1	0,17
3521355	G	A	0/1	7,48
3526873	G	T	0/1	6,45
3529180	CCTA	C	0|1	34,5
3529186	G	GCGCGC	0|1	33,5
3529190	GTC	G	0|1	33,4
3529195	GGCCA	G	0|1	36,4
3529205	T	A	0|1	35,4
3530955	C	G	1/1	0,46
3542049	G	A	1/1	0,82
3542219	G	A	0/1	48,10
3550347	C	T	1/1	0,62
3550789	C	G	1/1	0,52
3556275	A	G	1/1	0,49
3568418	TGCGCGGACGTCC	T	1/1	1,25
3569508	G	A	0/1	9,39
3569759	C	A	0/1	6,35
3571828	G	C	0/1	33,4
3577497	C	T	1|1	0,39
3580636	CT	C	1/1	0,47
3581414	A	G	1/1	0,41
3581476	C	T	1/1	2,38
3581967	G	C	0/1	5,41
3587446	G	A	1/1	0,34
3590686	G	GC	1/1	0,23
3591063	T	C	1/1	0,30
3593958	A	G	1/1	1,31
3597249	C	G	1/1	0,43
3600576	C	T	1/1	0,40
3604821	G	C	1/1	0,10
3605788	G	A	1/1	3,42
3610391	A	AC	1/1	0,56
3612813	T	C	1/1	0,23
3614982	T	C	1/1	0,48
3621423	A	G	1/1	0,45
3622441	A	C	1/1	0,22
3625065	T	G	1/1	0,26
3626562	G	A	0/1	60,7
3628520	G	A	1/1	0,50
3629894	G	A	0/1	41,5
3638093	G	A	1/1	0,41
3641625	G	A	0/1	35,7
3643985	A	C	1/1	0,57
3653988	G	A	1/1	0,39
3664358	G	A	0/1	3,21
3670040	C	T	1/1	0,35
3674157	T	A	1/1	0,43
3675504	G	T	0/1	41,7
3678249	A	C	1/1	0,46
3680932	G	A	1/1	0,13
3681548	A	C	1/1	0,31
3689523	G	T	1/1	0,33
3690016	A	G	1/1	0,43
3693681	A	C	1/1	0,29
3704596	G	C	1/1	0,28
3704770	A	G	1/1	0,24
3714211	G	T	1/1	0,38
3714757	A	C	1/1	0,46
3716209	G	C	0/1	6,26
3718357	C	T	1/1	0,39
3721806	G	C	1/1	0,45
3743656	G	A	1/1	0,33
3771264	G	A	0/1	40,8
3775409	T	C	1/1	0,24
3775441	A	C	1/1	0,31
3778011	G	A	1|1	0,42
3778012	G	T	1|1	0,42
3778396	C	T	1/1	0,26
3785723	G	A	0/1	46,15
3792765	C	A	0/1	11,87
3794867	C	CCA	1/1	0,35
3798095	A	C	1/1	0,51
3798596	A	G	1/1	0,76
3804299	G	A	0/1	21,4
3811672	G	T	1|1	0,61
3811675	A	G	1|1	0,60
3815477	G	T	1/1	0,30
3817117	C	A	1/1	0,25
3819734	G	T	0/1	45,8
3821845	G	T	1/1	0,32
3823159	A	T	1/1	0,39
3823194	T	C	0/1	5,51
3825984	T	C	0/1	52,9
3826501	C	T	0/1	35,7
3826684	C	T	1/1	0,39
3829770	T	C	1/1	0,33
3830349	C	T	1/1	0,24
3830695	A	G	1/1	0,28
3834486	T	C	0/1	25,7
3837421	G	A	0/1	9,39
3838871	A	G	1/1	0,49
3851887	A	C	1|1	0,21
3851888	T	C	1|1	0,21
3859893	C	T	1/1	0,37
3862472	GA	G	1/1	0,27
3864995	T	C	1/1	0,41
3870010	A	G	1/1	0,30
3871246	T	C	1/1	0,20
3874722	AT	A	1/1	0,48
3877421	A	G	1/1	0,54
3880239	C	CGTCCGGCTCCTCCTCGGACCACTACGCGGCCCGCATCGTCGCCGACCAAATCCAACT	1/1	0,27
3883178	A	C	0/1	39,7
3885886	T	C	1/1	0,49
3892671	A	G	1/1	0,64
3893480	G	A	1/1	0,32
3895727	C	A	1/1	0,44
3896340	T	G	1/1	0,42
3897144	A	T	1/1	2,40
3898408	A	G	1/1	0,57
3902318	A	AT	0/1	49,6
3906311	G	A	1/1	0,34
3908465	A	G	0/1	30,7
3909235	G	C	1/1	0,54
3916386	G	T	0/1	46,6
3952800	G	A	1/1	0,36
3958403	A	G	1/1	0,38
3959418	C	T	1/1	0,52
3962187	G	A	1/1	0,51
3964518	G	A	1/1	0,74
3970594	C	G	1/1	0,50
3976595	G	T	0/1	46,7
3979990	C	G	1/1	0,44
3981983	G	A	1/1	0,56
3982128	T	G	0|1	24,18
3982130	G	GTGAA	0|1	24,3
3984321	G	A	1/1	0,50
3986129	C	T	1/1	2,43
3987370	CG	C	1/1	0,59
3993058	G	A	1/1	0,22
4001546	A	G	0/1	35,5
4001622	T	C	1/1	0,41
4005114	G	C	1/1	0,24
4005607	T	C	1/1	0,42
4008747	A	G	1/1	0,40
4022388	G	A	1/1	0,24
4024273	T	C	1/1	0,51
4026899	G	A	1/1	0,52
4027012	T	G	0/1	18,5
4028752	A	G	1/1	0,31
4034827	C	T	1/1	0,43
4041581	C	T	1/1	0,65
4048876	C	G	0/1	4,36
4049072	G	A	0/1	20,3
4050811	G	A	1/1	0,36
4055801	G	A	1/1	0,63
4056416	C	A	1/1	0,79
4056693	G	T	1/1	0,94
4059143	A	C	0/1	12,2
4059904	A	G	1/1	0,30
4069292	G	A	1/1	0,27
4070747	C	G	0/1	6,45
4083802	T	C	0/1	5,31
4089058	T	C	1/1	0,46
4095001	CG	C	1/1	0,31
4095295	T	C	1/1	0,47
4100975	T	C	1/1	0,35
4107074	T	C	1/1	0,38
4107829	C	T	1/1	4,52
4109318	C	A	0/1	6,37
4111303	G	C	1/1	0,33
4112429	T	C	1/1	0,47
4115890	G	C	1/1	0,57
4116610	G	A	0/1	49,9
4122287	G	T	1/1	0,50
4124349	GCC	G	1/1	0,26
4133316	A	T	1/1	0,24
4138482	A	G	0/1	9,50
4145737	A	G	1/1	0,32
4151855	A	G	1/1	0,33
4156099	C	A	1/1	0,32
4156503	C	T	1/1	0,50
4159195	T	C	1/1	0,49
4160371	C	A	0/1	53,8
4162339	A	G	1/1	0,75
4166441	G	A	1/1	0,23
4167656	A	G	1/1	0,65
4169852	G	T	1/1	0,64
4170739	G	C	1/1	0,33
4170964	G	GA	1/1	0,52
4174131	G	C	1/1	0,45
4179089	C	T	1/1	0,53
4179832	G	C	1/1	0,43
4182387	G	C	1/1	0,53
4182695	G	A	1/1	0,49
4186678	G	A	1/1	0,49
4187485	T	C	1/1	0,54
4187817	A	G	1/1	0,27
4189210	G	T	1/1	0,31
4193580	G	A	0/1	5,33
4195435	T	C	0/1	4,38
4197138	C	CT	1/1	0,36
4198611	CG	C	1/1	0,53
4204168	T	C	0/1	48,5
4204441	A	G	1/1	0,54
4205120	A	G	1/1	0,49
4205325	A	G	1/1	0,34
4210274	A	G	1/1	0,48
4212832	GACC	G	1/1	0,54
4214522	AG	A	0/1	6,21
4215484	G	C	1/1	0,57
4217557	A	G	1/1	0,46
4221490	C	G	1/1	0,25
4222073	A	G	1/1	0,11
4222882	A	G	1/1	0,31
4223172	T	C	1/1	0,20
4225410	C	G	0/1	7,57
4227510	C	G	0/1	4,37
4231859	CGCGGTCTGTGCGCCGGGCGCACGCACCGAATTCGAGCTATTAGCGGCCGCGGCAAGGGACGCATTCGGCCTGGACGTCCACCCAGCGGT	C	1/1	0,42
4234960	A	C	0/1	19,3
4242643	C	T	1/1	0,32
4243460	C	T	1/1	0,40
4251297	G	C	1/1	0,44
4251484	C	T	0/1	3,38
4252066	T	C	1/1	0,42
4254431	G	A	1/1	0,47
4255922	A	G	1/1	0,44
4257220	A	G	1/1	0,38
4258106	G	A	0/1	45,7
4259587	G	A	0/1	4,25
4262388	C	T	1/1	0,52
4264381	G	GC	1/1	0,26
4266145	C	A	0/1	27,4
4267647	T	C	1/1	0,23
4270177	G	C	0/1	10,11
4280708	G	A	1/1	0,43
4284429	G	A	1/1	0,73
4287164	A	G	1/1	0,53
4290135	C	T	1/1	0,61
4296015	G	A	1/1	0,59
4305063	G	GA	1/1	0,44
4306155	C	T	1/1	0,37
4307179	G	A	1/1	0,42
4308395	G	A	1/1	0,48
4309927	T	G	0/1	22,3
4313128	C	T	1/1	0,39
4314645	A	G	1/1	0,33
4314800	G	A	1/1	0,43
4319985	G	C	1/1	0,30
4322039	AC	A	1/1	0,66
4329782	G	A	1/1	0,57
4338595	GC	G	1/1	0,51
4338732	G	A	1/1	0,61
4340028	G	C	1/1	0,28
4348724	A	ACCCGCGCCGGCGACGATGCAAAGCGCAGCGATGAGGAGGAGCGGCGCCAACGG	1/1	0,0
4350305	G	A	0/1	44,6
4351039	G	T	1/1	0,44
4356110	G	C	1/1	0,53
4357597	C	G	1/1	0,50
4357804	T	G	1/1	0,33
4358068	G	A	0/1	4,41
4359164	G	GC	1/1	0,8
4359165	G	GTGATCGGGGTTCCCGGGGTGATCGGGGTTCCCGGC	1/1	0,8
4359653	C	T	1/1	0,54
4359828	G	A	1/1	0,47
4362568	T	G	1/1	0,29
4366195	T	C	1/1	0,31
4366272	G	C	1/1	0,35
4368084	G	C	1/1	0,27
4370535	G	A	0/1	34,7
4370678	T	C	0/1	2,32
4372353	G	C	1/1	0,36
4377999	C	A	1/1	0,40
4378504	T	C	1/1	0,30
4379044	CG	C	1/1	0,37
4379680	C	G	1/1	0,54
4382054	T	C	1/1	0,50
4382275	G	T	1/1	0,48
4383144	C	CCGGGG	1/1	0,23
4383655	A	G	1/1	0,13
4384007	C	G	1/1	0,42
4385491	G	A	0/1	4,18
4386228	T	C	1/1	0,44
4393178	A	G	1/1	0,41
4393590	C	G	0/1	24,6
4397736	C	T	1/1	0,27
4400660	AC	A	1/1	0,35
4400839	T	C	0/1	4,24
4405271	G	A	0/1	8,53
4407588	T	C	1/1	0,51
4407927	T	G	1/1	0,62
4408923	C	T	1/1	0,46
