1977	A	G	0/1	52,51
2532	T	C	0/1	91,66
4013	T	C	1/1	0,107
6112	G	C	0/1	79,53
7362	G	C	1/1	0,105
7585	G	C	0/1	66,38
8452	C	T	0/1	55,35
9143	T	C	0/1	78,33
9304	G	A	0/1	62,29
11879	A	G	1/1	0,76
13100	C	T	0/1	56,39
13158	C	T	0/1	45,37
13275	T	C	0/1	66,54
13298	G	C	0/1	56,51
13460	A	G	0/1	56,30
13482	G	A	0/1	57,30
14401	A	G	0/1	65,38
14785	T	C	1/1	0,101
15117	C	G	0/1	37,31
16310	C	G	0/1	30,62
21795	G	A	1|1	0,108
21819	A	C	0|1	61,39
22867	C	T	0/1	71,26
22961	T	G	0/1	71,34
23174	C	A	0/1	65,24
24698	GCCGCGTTGCTCGGGGTAA	G	0/1	75,30
26347	C	G	0/1	69,29
26959	C	G	1/1	0,61
27469	A	G	0/1	80,36
27996	T	C	0/1	75,28
28640	T	C	0/1	46,64
30980	C	CCGAT	0/1	62,21
31788	T	G	0/1	51,19
34025	C	A	0/1	65,36
34044	T	C	1/1	0,117
34859	G	C	0/1	34,61
36538	T	C	0/1	50,44
36650	C	A	0/1	56,33
37031	C	G	0/1	66,24
38332	G	T	0/1	67,24
39758	A	G	0/1	42,32
42281	C	A	0/1	59,29
42967	G	C	1/1	0,82
43945	A	G	0/1	53,23
45501	A	G	0/1	29,45
48130	C	T	0/1	59,30
50557	T	C	0/1	61,32
51949	A	G	0/1	64,28
54394	A	G	0/1	60,36
54785	G	A	0/1	70,19
55069	G	C	0/1	58,21
55546	G	GCCT	0/1	45,15
60361	C	T	0/1	90,12
62049	A	G	1/1	0,100
64028	C	T	0/1	52,31
65159	G	A	0/1	60,34
65663	C	G	0/1	70,38
66892	C	G	0/1	67,29
68174	T	C	0/1	70,38
68605	A	G	0/1	78,37
69096	GT	G	0/1	44,61
69989	G	A	1/1	0,103
70267	G	T	0/1	61,34
70816	A	G	1/1	0,97
71336	G	C	1/1	0,80
71584	C	CCGAGCGCTGTTCTGGCGCTAATCTGACGCTAGAATAG	1/1	0,91
74737	T	G	0/1	63,35
75940	G	C	1/1	0,84
76583	C	T	0/1	41,18
79281	C	CCCACAT	0/1	53,28
79479	T	C	0/1	54,34
79504	T	TCGGTGGACCCGGTGGACC	0/1	15,14
82843	TC	T	0/1	71,21
82897	C	T	0/1	72,22
84528	T	G	0/1	55,23
88715	G	C	0/1	82,30
89200	G	T	0/1	59,23
89344	T	C	0/1	56,23
89871	C	T	0/1	52,22
92199	T	G	0/1	64,43
97696	T	C	0/1	63,23
98966	G	C	0/1	51,28
102650	A	C	0/1	44,18
103600	A	G	0/1	59,35
114472	C	T	0/1	63,27
115499	T	G	0/1	62,24
116000	T	G	1/1	0,77
117295	G	A	0/1	42,31
121655	G	A	0/1	51,29
122109	A	G	1/1	0,62
122483	T	G	0/1	35,48
123520	T	C	0/1	61,30
123740	TG	T	0/1	66,30
123878	C	G	0/1	50,69
125830	G	GA	1/1	0,74
126803	A	G	0/1	45,32
131174	T	TG	1/1	0,78
133623	G	C	0/1	62,21
133839	C	T	1/1	0,88
137233	C	T	0/1	79,68
139556	A	AC	0/1	65,24
139756	T	C	0/1	61,32
139954	A	C	0/1	64,38
140857	C	T	0/1	64,43
143207	T	C	0/1	70,40
144564	C	T	0/1	75,35
146087	T	C	1/1	0,86
146788	G	A	0/1	54,24
146872	C	T	0/1	57,25
152602	C	T	0/1	55,30
152706	G	A	0/1	64,30
154283	T	C	1/1	0,82
157432	G	T	0/1	31,66
158588	C	T	0/1	26,49
160976	C	G	0/1	55,39
162226	G	A	0/1	51,25
165741	C	T	0/1	50,19
166188	C	T	0/1	48,25
167986	C	T	0/1	63,41
168787	C	T	0/1	53,33
170642	T	G	0/1	68,19
177150	G	C	0/1	64,22
181779	A	G	0/1	54,36
192924	C	A	0/1	66,41
194305	C	CGG	0/1	53,34
194681	G	C	0/1	60,37
195360	T	C	0/1	81,41
196391	G	A	0/1	59,32
196642	C	T	0/1	72,32
196874	C	T	0/1	50,29
198860	C	T	0/1	56,23
199470	T	G	0/1	60,38
200278	C	A	0/1	30,49
206339	T	C	1/1	0,81
206481	C	G	0|1	45,16
206484	G	T	0|1	43,16
207152	G	A	0/1	73,32
208316	AT	A	0|1	56,25
208321	G	GC	0|1	56,25
208322	T	G	0|1	55,25
211993	C	A	0/1	72,36
212244	G	A	0/1	26,48
215238	C	T	0/1	53,43
217201	T	C	0/1	55,28
223747	C	CG	0/1	42,19
223942	T	C	1/1	0,73
225323	T	C	1/1	0,70
225668	C	T	0/1	47,25
226676	G	A	0/1	60,25
226929	C	T	0/1	48,28
227098	T	C	1/1	0,84
230576	G	GT	0/1	60,30
231114	C	G	0/1	40,26
233358	A	C	0|1	48,25
233364	G	C	0|1	49,26
234477	T	G	1/1	0,64
234496	C	CGT	1/1	0,72
237501	C	T	0/1	60,30
243440	C	CT	0/1	28,55
243598	A	G	0/1	41,34
243870	GAGCTGGTTA	G	0/1	40,57
244550	A	G	0/1	55,33
249522	T	C	0/1	60,23
250952	G	A	0/1	66,20
251575	G	A	0/1	49,17
251669	T	C	0/1	66,27
254903	C	A	0/1	69,23
254977	A	G	0/1	59,29
257788	G	GAGGATCATCAAGGGTGCGTCGCGGAAGTA	0/1	45,31
260282	G	T	0/1	67,34
261869	T	C	1/1	0,75
263149	A	C	0/1	39,21
264298	C	A	0/1	37,23
264984	C	G	0/1	46,30
265170	CG	C	0/1	45,27
265554	A	C	1/1	0,82
272678	C	T	0/1	41,23
278189	T	C	0/1	56,37
278681	C	G	1/1	0,100
281208	C	T	0/1	73,32
283614	T	C	0/1	57,25
285772	A	C	1/1	0,115
285871	A	G	0/1	59,44
289300	C	T	0/1	60,33
290374	T	C	0/1	62,40
293628	A	AC	0/1	49,18
296141	C	T	0/1	31,61
303315	C	T	0/1	72,31
304923	A	G	0/1	61,30
306500	T	C	0/1	35,50
306900	AGC	A	0/1	26,47
310973	G	A	1/1	0,96
311167	T	C	0/1	62,37
311613	G	T	1/1	0,72
312138	C	A	0/1	55,23
313425	G	T	0/1	52,32
313478	G	T	0/1	38,57
320180	A	G	0/1	61,27
320470	C	T	0/1	69,22
321592	G	A	0/1	53,31
325505	T	C	0/1	59,22
326002	A	G	0/1	58,26
331588	G	A	0/1	33,25
332545	C	T	0/1	50,24
333212	G	C	0/1	90,43
333292	A	G	0/1	69,45
336322	CAA	C	0|1	120,42
336325	T	G	0|1	119,43
336327	C	CGG	0|1	118,43
336332	G	C	0|1	122,45
336344	A	G	0|1	113,48
336345	T	C	0|1	114,48
336353	C	T	0|1	107,48
336356	GGAA	G	0|1	110,45
336360	C	CCTCCCCG	0|1	104,45
336369	C	T	0|1	111,42
336370	A	G	0|1	112,43
336380	A	T	0|1	108,63
336400	C	G	0|1	106,54
336403	C	G	0|1	107,51
336405	A	G	0|1	106,49
336422	TTG	T	0|1	109,20
336428	A	G	0|1	104,18
336431	C	T	0|1	106,17
336439	A	G	0|1	114,16
336441	C	T	0|1	116,15
336442	G	A	0|1	118,15
336449	T	C	0|1	123,19
336451	T	G	0|1	123,18
336452	A	G	0|1	125,19
336459	G	A	0|1	130,22
336468	G	GCGTCC	0|1	137,24
336472	C	CAG	0|1	136,31
336473	T	G	0|1	138,32
336476	A	AGTCG	0|1	139,34
336480	A	G	0|1	140,42
336504	G	T	0/1	134,70
336535	T	G	0|1	126,52
336537	T	G	0|1	124,52
336540	G	T	0|1	124,53
336546	T	G	0|1	116,52
336557	C	CT	0|1	106,48
336560	T	C	0|1	106,48
342146	A	C	0/1	78,30
343281	G	C	0/1	47,41
344288	C	G	0/1	67,21
346275	C	G	1/1	0,91
351876	C	A	0/1	66,31
352572	C	T	0/1	65,32
356528	A	G	1/1	0,95
357582	G	A	0/1	71,37
363802	G	A	0/1	80,35
376774	T	C	0/1	58,26
378357	T	G	0/1	66,27
378939	G	C	0/1	46,33
379029	G	A	0/1	55,31
381030	A	G	0/1	52,30
384380	A	C	1/1	0,92
386432	C	G	1/1	0,90
390828	T	C	1/1	0,76
391853	A	G	0/1	46,20
392261	T	C	0/1	49,30
394803	G	A	0/1	58,29
396750	G	A	0/1	57,37
396778	C	T	0/1	38,51
400152	T	C	0/1	31,71
403081	A	T	0/1	72,29
403980	G	A	1/1	0,77
404326	T	C	0/1	52,26
406274	T	C	0/1	65,31
406389	G	A	0/1	48,24
412280	T	G	0/1	49,27
414486	C	T	1/1	0,90
420008	A	G	1/1	0,80
420405	C	T	0/1	50,41
423334	G	A	0/1	53,38
424250	A	G	0/1	54,26
436382	C	A	0/1	54,30
438271	G	A	0/1	75,25
439052	G	T	0/1	31,64
439711	T	C	0/1	59,35
443861	C	T	0/1	58,26
445780	C	T	0/1	51,35
447442	C	T	0/1	58,27
447525	G	C	0/1	66,32
450085	C	G	0/1	66,36
452288	C	T	0/1	64,32
454295	T	C	1/1	1,90
454612	G	T	0/1	20,42
455325	C	G	0|1	51,35
455329	T	C	0|1	56,34
456511	G	A	0/1	47,27
457452	T	G	0/1	63,41
459399	A	C	1/1	0,72
464914	G	A	0/1	56,32
468357	A	G	0/1	69,26
469042	C	T	0/1	70,31
471666	A	G	0/1	46,24
472711	T	TTTGTGGGCC	0/1	21,34
481418	A	G	0/1	54,66
483935	T	G	0/1	78,78
485230	C	T	0/1	85,81
485631	C	T	0/1	90,90
485785	T	G	0/1	96,102
489935	G	C	0/1	63,51
491742	T	C	0/1	61,44
492150	G	C	0/1	59,40
492655	G	A	0/1	54,28
493690	C	T	0/1	35,61
495473	C	T	0/1	48,31
498357	T	C	0/1	28,65
498531	A	G	0/1	71,36
498557	C	A	0/1	64,36
502589	C	G	1/1	0,84
503354	G	C	1/1	0,77
505974	G	A	0/1	69,26
512488	G	A	0/1	72,29
513257	T	C	1/1	0,77
514657	T	G	0/1	74,24
517358	T	C	0/1	83,20
517411	A	G	0/1	59,46
519185	T	G	0/1	58,19
520400	T	G	0/1	44,21
522081	A	G	0/1	77,30
524891	C	A	0/1	53,28
527316	C	G	0/1	65,21
528075	A	G	0/1	34,68
528354	C	A	0/1	62,28
529363	C	T	0/1	49,23
529617	C	T	0/1	53,20
529907	G	T	0/1	27,51
534385	C	T	0/1	60,25
534427	T	A	0/1	53,31
541201	A	G	1/1	0,119
542959	C	T	0/1	82,51
546357	A	G	0/1	61,29
546936	G	C	0/1	27,67
549251	C	T	0/1	45,30
549747	G	A	0/1	60,30
551525	A	C	0/1	43,25
555945	T	C	0/1	44,24
555991	A	G	0/1	39,30
556035	G	T	0/1	42,39
560155	A	G	0|1	237,19
560157	C	G	0|1	238,19
560160	T	C	0|1	233,15
560161	A	C	0|1	234,11
560185	GA	G	0/1	214,16
560188	TA	T	0/1	217,16
560191	A	AT	0/1	218,18
560192	G	GTC	0/1	214,22
560194	AAAGC	A	0|1	229,24
560664	C	T	0|1	85,65
560666	A	G	0|1	80,64
562491	G	T	0/1	61,28
564723	C	T	0/1	53,34
565404	G	T	0/1	66,22
565655	A	G	0/1	53,41
568693	G	T	0/1	54,25
573262	A	G	1/1	0,95
573384	T	G	0/1	66,33
573889	C	T	0/1	27,76
579237	T	C	0/1	41,56
583991	G	A	0/1	42,25
584171	T	C	0/1	58,38
584511	G	T	0/1	71,35
588323	C	T	0/1	49,36
590436	T	C	1/1	0,99
590463	G	A	0/1	61,38
590763	G	C	0/1	60,27
591124	A	G	0/1	17,40
591965	G	A	0/1	49,23
595501	G	A	0/1	64,39
597816	A	G	0/1	65,53
598475	G	A	1/1	0,161
599868	A	G	0/1	84,58
608777	A	C	0/1	59,18
610120	T	G	1/1	0,87
615938	G	A	0/1	55,33
621390	G	A	0/1	68,27
627350	C	G	0/1	48,30
636783	C	T	0/1	58,32
637319	G	A	0/1	62,28
641642	G	A	0/1	38,29
643483	G	A	0/1	51,17
643666	T	C	0/1	45,24
643851	G	C	0/1	28,37
646531	A	T	0/1	65,35
648002	T	G	1/1	0,82
648856	T	C	0/1	50,29
649345	C	T	0/1	59,35
655707	G	A	0/1	56,22
655986	T	G	0/1	65,37
657578	A	G	0/1	48,32
659341	T	C	0/1	50,24
660465	C	T	0/1	62,31
662911	T	C	0/1	61,43
665293	A	G	0/1	55,33
669398	T	C	1/1	0,103
670545	G	A	0/1	39,27
678440	C	T	0/1	82,41
684290	A	G	0/1	63,38
684391	CT	C	0/1	55,27
685461	C	G	1/1	0,106
685608	T	C	0/1	74,33
685750	G	C	0/1	74,27
685955	G	A	0/1	50,29
686972	T	C	1/1	0,95
687813	C	A	0/1	48,34
688573	C	T	0/1	45,66
688792	T	TG	0/1	45,31
690248	C	A	0/1	51,29
690450	A	C	0/1	56,40
690465	T	G	1/1	0,91
692221	C	T	0/1	41,66
698968	G	A	1/1	0,108
700776	T	C	0/1	77,54
704997	G	A	0/1	60,28
705570	C	T	0/1	42,23
705602	T	C	0/1	52,26
712192	G	GA	0/1	67,28
712693	A	G	0/1	62,25
713310	T	C	0/1	77,42
714657	C	T	0/1	56,39
715266	A	G	0/1	66,22
717588	A	G	0/1	68,44
720501	G	T	0/1	67,34
720863	G	T	0/1	61,35
721418	C	T	0/1	37,85
722407	G	A	0/1	59,34
722852	G	A	0/1	54,32
725900	G	C	0/1	68,34
726306	G	T	0/1	45,78
726498	C	A	0/1	55,35
728979	G	A	0/1	30,61
730087	G	A	0/1	66,33
734116	T	C	0/1	54,25
736437	T	C	0/1	33,60
741310	G	T	0/1	50,26
742517	G	T	0/1	58,17
742634	C	CTCGGTTGGCCCGCTGCTGGGCCGGAGGCGTTCCTTTATCGCAACGATTGGTCGCCGTAAGGTGCGGTCATGCGG	0/1	58,8
743765	T	C	0/1	75,36
745876	C	G	0/1	65,27
746905	T	C	0/1	47,27
749968	T	C	0/1	69,29
752046	C	T	0/1	66,31
753270	C	A	0/1	25,69
753668	C	T	0/1	59,30
754186	A	G	1/1	1,87
754321	G	T	0/1	75,48
754387	G	A	0/1	56,34
754657	C	T	0/1	45,71
754974	C	T	0/1	72,45
757182	A	G	0/1	43,27
763031	T	C	0/1	53,31
763884	C	T	0|1	67,25
763886	C	A	0|1	67,27
765171	C	T	0/1	43,29
767414	G	A	0/1	51,20
767609	A	G	0/1	50,29
771950	C	T	0/1	47,38
775639	T	C	1/1	0,90
776100	G	A	0/1	52,29
777804	A	G	0/1	68,21
781395	T	C	1/1	0,68
784450	C	T	0/1	57,26
786137	A	C	0/1	56,40
788354	C	A	0/1	63,31
792775	C	T	0/1	55,42
797119	G	C	0/1	36,50
797597	C	T	0/1	56,37
799136	AC	A	0/1	63,24
800357	C	A	0/1	70,27
802185	A	C	0/1	74,8
804404	G	A	0/1	38,61
808435	C	T	0/1	58,33
810287	C	G	0/1	66,21
811492	C	G	0/1	49,26
812502	C	T	0/1	48,22
815236	T	C	0/1	75,33
815851	A	G	0/1	61,30
817696	G	A	0/1	28,17
819110	C	T	0/1	44,23
819213	T	C	0/1	63,30
820483	G	T	0/1	66,36
820752	C	T	0/1	61,29
821907	T	C	0/1	72,42
829428	G	A	0/1	60,25
829719	G	A	0/1	56,18
830868	G	GGC	0/1	56,33
841448	C	A	0/1	28,70
841494	C	G	1|1	0,86
841495	A	G	1|1	0,84
841562	C	G	1/1	0,55
841569	A	C	0|1	28,29
841572	A	C	0|1	27,32
841605	C	T	0/1	24,25
841638	C	T	0/1	22,31
841764	G	C	0/1	79,35
846149	G	A	0/1	61,28
847995	T	C	0/1	52,25
850985	A	G	0/1	46,37
852910	C	T	1/1	0,99
854252	GC	G	0/1	24,60
857696	A	G	0/1	39,30
861091	G	A	0/1	48,27
862871	G	A	0/1	58,17
865761	C	T	0/1	62,31
867296	C	T	0/1	53,28
869123	A	C	0/1	39,21
869893	G	A	0/1	47,19
870112	C	T	0/1	55,19
871271	A	C	0/1	59,28
872113	C	T	0/1	52,24
874835	C	CCG	1/1	0,90
880482	C	T	0/1	54,29
880562	G	T	0/1	55,45
882257	T	C	0/1	62,30
883682	G	A	0/1	66,34
885689	G	T	0/1	76,35
893733	T	G	1/1	0,56
894888	T	C	0/1	45,19
895082	A	G	0/1	56,23
895120	C	T	0/1	41,21
900221	T	C	0/1	42,27
902521	C	T	0/1	51,26
903183	A	G	0/1	59,25
903550	T	C	0/1	51,25
903913	T	C	1/1	0,56
906857	A	G	1/1	0,89
910015	C	A	0/1	60,37
911261	T	C	0/1	76,42
913274	C	G	0/1	73,21
913431	A	C	0/1	50,19
916046	T	G	0/1	71,24
917925	C	CTATGTCAGTTTCCAGGAACT	0/1	80,9
919288	G	A	0/1	47,70
930559	G	T	0/1	73,31
931123	T	C	0/1	71,34
932280	T	C	0/1	51,36
933699	G	T	0/1	72,26
934230	C	G	0/1	54,52
934611	G	T	0/1	57,41
938246	A	G	0/1	84,43
941845	C	A	0/1	57,33
942687	A	G	0/1	38,49
945214	G	A	0/1	71,32
948294	T	C	0/1	48,25
949535	T	C	0/1	42,25
951142	C	A	0/1	45,27
951646	GC	G	0/1	70,34
952597	C	T	0/1	50,26
952810	CT	C	0/1	50,32
953002	T	G	0/1	50,19
954041	GGGC	G	0/1	61,24
955524	A	G	1/1	0,82
957117	T	C	0/1	42,20
960367	A	G	0/1	70,25
972653	G	A	0/1	61,22
975798	G	C	0/1	63,44
976043	G	T	0/1	50,30
979704	G	C	1/1	0,88
986463	G	C	1/1	0,107
987601	C	T	0/1	62,35
990001	G	C	1/1	0,93
993346	A	C	1/1	0,126
996219	G	A	0/1	63,65
996738	G	A	0/1	69,59
1002342	T	C	0/1	47,21
1009490	C	T	0/1	56,26
1010204	C	CG	1/1	0,93
1014815	T	G	0/1	51,22
1016131	C	A	0/1	44,29
1017511	G	T	0/1	64,33
1022613	G	A	0/1	47,39
1023884	C	T	0/1	56,39
1024346	A	G	0/1	48,33
1024954	G	A	0/1	30,58
1025106	T	C	1/1	0,78
1029997	A	G	0/1	45,23
1032524	T	C	0/1	58,23
1035797	T	G	0/1	66,33
1037012	T	C	0/1	60,21
1037911	C	T	1/1	0,71
1039781	A	G	0/1	45,27
1039929	C	T	0/1	41,55
1039981	T	C	0/1	53,31
1040706	A	C	0/1	50,20
1043136	C	T	0/1	39,20
1043226	C	A	0/1	17,53
1046521	G	T	0/1	26,44
1047165	T	C	0/1	56,46
1047460	A	G	0/1	42,60
1048102	G	A	0/1	56,26
1054784	C	G	0/1	59,25
1061386	T	C	0/1	58,31
1063765	G	A	0/1	64,36
1063922	C	T	0/1	46,17
1066038	A	G	0/1	45,38
1066732	C	G	0/1	23,54
1068151	T	C	1/1	0,73
1068432	A	G	0/1	50,25
1070702	T	C	0/1	70,21
1072342	A	G	0/1	70,21
1074558	G	A	1/1	0,86
1075167	GCAT	G	0/1	59,23
1075279	T	C	0/1	55,28
1075618	G	A	0/1	41,23
1076309	G	T	1/1	0,74
1077312	A	G	1/1	0,85
1077624	GC	G	0/1	38,33
1077754	C	T	0/1	67,43
1079927	C	A	1/1	0,66
1080192	G	A	0/1	75,37
1081681	T	C	1/1	0,75
1082433	G	A	0|1	67,30
1082445	T	A	0|1	33,67
1083755	A	G	0/1	53,29
1086648	C	A	0/1	69,38
1087193	G	C	0/1	56,18
1090188	A	AG	0/1	53,32
1093184	A	C	0/1	87,40
1097023	G	A	0/1	60,39
1098523	T	A	0/1	59,32
1100234	T	C	1/1	0,105
1103995	C	T	0/1	99,96
1104690	T	G	0/1	98,83
1105284	G	A	0/1	102,78
1106422	T	C	0/1	98,59
1107940	A	C	0/1	78,40
1109163	C	G	0/1	65,48
1109975	A	G	1/1	0,103
1110956	T	G	0/1	72,19
1111518	T	C	0/1	42,30
1113290	G	C	0/1	47,28
1117405	C	T	0/1	53,29
1119739	C	T	0/1	61,31
1121071	G	A	0/1	40,17
1123597	A	G	0/1	65,31
1126889	G	C	1/1	0,93
1127648	C	A	1/1	0,112
1130526	G	A	0/1	28,66
1131229	C	CG	0/1	48,17
1131300	G	A	0/1	71,45
1131565	C	T	0/1	60,32
1133964	GCGGCTTCCT	G	0/1	24,40
1135576	C	T	0/1	49,29
1139222	G	A	0/1	55,27
1143832	A	C	0/1	37,13
1144585	A	G	0/1	48,35
1147944	T	A	0/1	36,77
1148259	A	G	0/1	58,29
1148758	C	T	0/1	18,49
1149551	C	T	0/1	72,29
1150585	G	A	1/1	0,83
1151163	A	C	0/1	62,18
1151485	CGT	C	0/1	46,20
1155700	C	T	0/1	48,31
1156144	G	T	0/1	43,19
1156282	C	A	0/1	26,61
1157771	G	C	0/1	57,35
1164336	G	A	0/1	62,31
1164571	A	G	0/1	31,55
1168715	C	CT	1/1	0,72
1174209	G	T	0/1	24,45
1175894	C	T	0/1	27,47
1177984	C	G	0/1	34,16
1178116	T	C	0/1	52,30
1184826	G	T	0/1	46,22
1192830	G	A	0/1	62,28
1193228	G	C	0/1	80,33
1194384	G	A	0/1	65,44
1199019	T	C	0/1	52,25
1200418	A	G	0/1	59,29
1203824	T	C	0/1	57,33
1207038	G	A	0/1	48,21
1207416	G	A	0/1	31,51
1211369	A	C	0/1	57,28
1215451	A	T	0/1	31,84
1220570	G	T	0/1	57,31
1220680	T	C	1/1	0,73
1224367	T	C	1/1	0,48
1227217	C	T	0/1	26,53
1228116	A	G	0/1	55,28
1230778	G	A	0/1	55,28
1235446	T	C	0/1	66,31
1237403	G	A	0/1	46,27
1239362	C	A	0/1	57,30
1244018	G	C	0/1	26,8
1247003	G	GC	0/1	55,31
1248382	A	G	0/1	81,33
1248936	G	C	0/1	69,22
1248978	T	C	0/1	56,23
1249679	G	A	0/1	53,27
1250340	A	G	0/1	63,23
1250357	T	G	0/1	63,29
1251199	C	T	0/1	65,18
1254543	A	C	0/1	53,37
1254562	A	G	0/1	69,35
1261056	C	T	0/1	70,29
1262230	C	T	0/1	41,19
1271143	A	AG	0/1	50,29
1273071	T	C	0/1	27,65
1273250	G	GA	0/1	49,28
1275957	T	C	0/1	54,31
1279368	T	C	0/1	25,65
1281118	T	C	1/1	0,93
1281771	T	C	0/1	67,32
1286750	G	C	0/1	59,21
1287112	T	C	0/1	76,40
1287160	A	C	0/1	69,30
1292102	A	G	0/1	60,24
1301086	C	A	0/1	62,32
1305764	G	A	0/1	65,29
1306259	A	G	0/1	48,26
1307598	C	G	0/1	57,26
1307879	C	A	0/1	45,28
1310316	C	T	0/1	70,48
1310525	A	G	0/1	65,38
1313228	C	T	0/1	35,57
1313337	A	AG	1|1	0,61
1313338	A	C	1|1	0,59
1314617	C	T	0/1	67,43
1315191	A	C	1/1	0,78
1315884	G	A	1/1	0,92
1319127	A	G	0/1	74,35
1320508	G	A	0/1	62,43
1320614	C	G	0/1	69,43
1327890	G	A	0/1	58,24
1328687	G	C	1/1	0,99
1336027	C	A	0/1	38,72
1338002	A	C	0/1	35,35
1344857	C	T	0/1	56,28
1348518	GCCA	G	0/1	59,29
1351172	A	G	0/1	36,26
1356648	C	T	0/1	68,26
1357881	G	A	0/1	75,45
1358385	C	T	0/1	37,48
1358940	C	A	0/1	59,29
1360209	T	C	0/1	56,16
1362006	T	C	0/1	69,32
1367484	T	G	0/1	81,28
1368947	A	G	0/1	45,24
1369389	C	T	0/1	84,44
1369735	G	A	0/1	76,35
1370094	G	A	0/1	64,32
1374065	T	C	1/1	0,75
1374578	C	T	0/1	53,42
1374639	T	A	0/1	49,29
1375724	A	C	1/1	0,64
1382628	T	C	1/1	0,81
1387211	G	A	0/1	80,28
1389842	A	G	0|1	26,61
1389866	C	T	0|1	73,16
1390763	C	T	0/1	58,27
1393626	A	G	0/1	55,16
1395010	A	G	0/1	53,25
1395558	G	A	0/1	27,60
1396922	T	C	1/1	0,68
1397201	A	G	0/1	55,24
1397215	C	G	0/1	56,27
1399129	C	T	0/1	56,28
1400396	A	G	0/1	51,32
1403847	CTAGCATGCCGGTGACGGTGTCGTTGCCGCCGGTGACCATGGTGAACGTGAACGCCAGTATGGACAG	C	0/1	100,39
1409030	CGGATTTCTATT	C	0/1	47,28
1410062	G	C	0/1	49,23
1411210	T	G	1/1	1,94
1412686	G	A	0/1	57,43
1413148	C	T	0/1	52,37
1414021	C	T	1/1	0,81
1414564	A	T	0/1	30,31
1414653	C	T	0/1	73,46
1415097	C	G	0/1	63,22
1417019	C	T	0/1	43,25
1417554	G	C	0/1	51,29
1417793	G	A	0/1	67,22
1424699	T	C	0/1	37,24
1426928	C	T	0/1	57,35
1430639	G	GGGGCAAAAATCAACTCCAAAT	0/1	73,11
1433117	G	GAGT	0|1	77,8
1438115	G	A	0/1	39,27
1440469	C	G	1/1	0,80
1443354	C	T	0/1	65,35
1443428	G	GGGTTAGATTGCCCGGCTCCTCAACCCGCCGTTTCGGCGTGCATCGTCGCCGGGCTA	0/1	7,6
1445781	A	G	0/1	60,33
1445977	C	T	0/1	54,31
1448888	A	G	0/1	27,38
1457144	C	T	1/1	0,78
1458144	C	A	0/1	36,23
1461309	C	T	0/1	46,55
1465502	G	A	0/1	65,31
1471659	C	T	1/1	0,121
1474001	C	T	0/1	48,53
1474709	G	T	0/1	55,32
1479085	T	C	0/1	52,37
1482627	T	C	1/1	0,76
1484708	A	C	1/1	0,82
1490905	A	G	0|1	52,27
1490911	G	A	0|1	53,27
1492194	T	C	0/1	49,21
1492516	G	T	0/1	25,55
1495258	C	T	0/1	54,39
1496964	G	T	0/1	66,26
1499274	C	G	1/1	0,84
1499293	C	T	0/1	63,25
1500728	T	C	0/1	73,31
1505194	T	C	0/1	55,30
1505973	G	A	0/1	54,27
1514010	G	T	0/1	85,30
1518967	G	T	0/1	64,37
1521526	T	C	0/1	49,37
1522862	C	T	0/1	64,43
1523175	A	C	0/1	43,58
1523791	A	G	0/1	62,58
1525160	G	A	0/1	47,62
1526819	C	A	0/1	50,48
1527802	C	T	0/1	65,47
1534548	G	A	0/1	40,21
1535643	C	T	0/1	46,40
1536251	G	T	1/1	0,97
1540141	T	C	0/1	59,28
1544255	C	T	0/1	54,37
1545119	C	T	0/1	52,36
1546703	C	T	0/1	42,24
1547125	T	C	1/1	0,94
1548087	G	A	0/1	50,33
1548230	G	A	0/1	58,38
1550719	C	T	0/1	65,28
1552547	G	A	1/1	0,95
1559562	C	A	0/1	48,30
1560912	G	A	0/1	58,27
1563686	G	T	0/1	51,36
1563717	C	T	0/1	54,34
1568178	C	T	0/1	50,32
1570566	C	A	0/1	65,33
1571938	G	T	0/1	61,41
1574206	T	C	0/1	93,41
1575793	A	G	0/1	67,24
1580181	G	A	0/1	64,23
1581377	C	T	0/1	46,25
1584379	A	C	0/1	59,39
1585283	A	C	0/1	77,28
1585404	G	A	0/1	66,22
1586534	C	A	0/1	69,45
1588899	G	T	0/1	46,39
1589739	C	T	0/1	53,28
1590555	C	T	0/1	50,19
1600685	C	T	0/1	60,27
1601528	C	T	0/1	35,26
1601717	A	G	0/1	64,24
1604290	A	T	0/1	68,35
1608276	A	C	0|1	49,22
1608286	G	A	0|1	52,25
1609840	A	G	0/1	64,31
1610076	C	T	0/1	52,35
1611283	T	C	0/1	43,27
1612624	T	TATCGGTACCGGTGCGCCAGGG	1/1	0,57
1613035	T	C	1/1	0,83
1616831	A	G	0/1	74,30
1617833	C	T	0/1	51,40
1622603	C	A	0/1	56,32
1624791	C	G	0/1	44,16
1625259	A	C	0/1	54,25
1627351	T	C	0/1	41,18
1630148	A	C	0/1	79,36
1638392	G	GCTA	0/1	61,6
1638750	T	C	0/1	27,54
1639418	A	G	0/1	62,25
1639594	C	A	1/1	0,83
1639643	T	C	0/1	54,22
1640442	C	T	0/1	54,20
1645802	T	C	0/1	56,31
1647830	G	A	0/1	55,31
1650072	A	G	1/1	0,108
1658535	G	T	0/1	53,24
1659902	T	C	0/1	54,27
1659994	C	T	0/1	59,31
1664483	C	T	0/1	36,21
1667889	C	A	0/1	32,46
1670803	C	T	0/1	55,21
1672416	TAA	T	0/1	34,19
1676290	C	A	0/1	48,17
1680894	G	GC	0/1	61,25
1688300	T	C	0/1	47,31
1689349	C	T	0/1	77,54
1690585	C	T	0/1	86,52
1691520	T	G	0/1	99,94
1692141	A	C	0/1	85,79
1693561	A	G	0/1	80,74
1694077	C	T	0/1	82,67
1694547	A	C	0/1	69,84
1695674	G	A	0/1	82,89
1696499	G	GCGGT	0/1	75,104
1698911	G	A	0/1	77,41
1699364	C	T	0/1	35,52
1699849	G	A	0/1	46,36
1702918	A	G	0/1	33,56
1706119	T	C	1/1	0,87
1706746	C	A	0/1	56,33
1708393	A	G	0|1	107,22
1708396	G	C	0|1	107,19
1708399	C	G	0|1	106,15
1708402	C	G	0|1	103,9
1708405	G	A	0|1	96,3
1709432	C	T	0/1	49,35
1710356	C	A	0/1	54,26
1711408	C	CCAT	0|1	92,19
1711411	A	C	0|1	94,17
1711414	A	G	0|1	100,13
1712967	G	A	0/1	66,41
1713192	A	G	0/1	68,42
1716472	A	G	0/1	59,24
1718444	T	C	0/1	46,35
1718731	A	G	0/1	86,9
1718892	G	C	0/1	86,9
1718986	C	CAAGGA	0/1	77,11
1718988	C	CTATTCGT	0/1	79,7
1718992	G	A	0/1	66,6
1719156	CCTT	C	0/1	72,7
1719164	G	GT	0/1	68,3
1719166	G	GATAC	0|1	71,14
1719169	G	A	0|1	78,28
1719170	CT	C	0|1	79,28
1719412	A	G	0|1	83,8
1719413	T	TTACA	0|1	83,9
1719415	G	A	0|1	75,8
1719419	A	AAC	0|1	72,11
1719422	G	A	0|1	72,10
1719424	CGCG	C	0|1	71,9
1719430	C	A	0|1	73,9
1719432	A	AACT	0|1	71,9
1719435	AG	A	0|1	73,7
1719440	GCTTCA	G	0|1	71,8
1719809	T	A	0|1	78,15
1719811	A	G	0|1	72,15
1719813	G	A	0|1	71,13
1719815	G	A	0|1	71,12
1719816	C	T	0|1	72,11
1719820	CAAAGAAT	C	0|1	79,5
1721334	A	ATGAAG	0|1	99,21
1721337	A	AC	0|1	104,20
1721341	GAGT	G	0|1	112,21
1721347	T	G	0|1	108,20
1721348	T	TCCG	0|1	109,21
1721352	T	C	0|1	101,22
1721354	GGT	G	0|1	100,21
1721361	T	C	0|1	97,25
1721362	GTGTA	G	0|1	105,25
1721368	C	T	0|1	93,26
1721471	T	A	0|1	75,9
1721473	C	G	0|1	77,9
1721477	A	ATTC	0/1	73,9
1721490	C	G	0/1	59,17
1721608	C	CA	0|1	129,16
1721610	T	C	0|1	131,15
1721612	GGTAT	G	0|1	135,10
1725362	C	T	0/1	16,51
1726816	G	T	0/1	55,35
1728615	A	C	0/1	66,36
1728837	A	G	1/1	0,84
1731329	C	T	0/1	71,41
1731563	A	T	0/1	88,33
1733112	A	C	0/1	34,49
1733388	C	A	0/1	26,54
1735196	G	A	0/1	53,23
1735903	A	G	0/1	56,26
1739390	A	G	0/1	73,30
1744069	C	G	0/1	27,62
1745446	T	A	0/1	46,32
1748854	C	T	0/1	51,29
1753519	G	GC	1/1	0,43
1754016	G	GC	0/1	37,26
1754299	A	C	0/1	59,30
1754983	C	T	0/1	64,35
1758790	C	T	0/1	56,36
1759252	G	T	1/1	0,88
1760292	A	G	1/1	0,90
1760923	T	C	0/1	48,31
1765768	C	T	0/1	58,30
1766689	GCA	G	0/1	53,20
1767192	C	T	0/1	51,39
1769780	C	T	0/1	58,44
1773263	C	A	0/1	49,22
1778243	G	T	0/1	50,32
1778430	T	C	1/1	0,92
1791823	T	C	0/1	59,20
1792777	T	C	0|1	52,33
1792778	T	C	0|1	53,33
1797577	A	G	0/1	58,32
1798355	G	A	0/1	47,22
1800089	G	A	0/1	48,25
1803265	G	A	1/1	0,76
1804287	A	C	0/1	24,33
1804409	C	A	0/1	44,23
1814135	A	G	0/1	56,27
1817976	A	T	1/1	0,66
1820542	C	T	0/1	57,22
1826054	T	C	0/1	45,27
1826343	C	T	0/1	41,16
1826624	G	A	0/1	44,26
1827152	C	A	0/1	28,45
1827553	C	G	0/1	39,18
1827728	C	T	0/1	31,53
1827929	C	A	0/1	26,66
1829576	C	T	0/1	56,20
1832642	G	T	0|1	44,20
1832643	G	C	0|1	45,20
1832738	C	T	0/1	57,27
1834319	G	A	0/1	40,36
1836286	G	C	1/1	0,93
1839260	T	G	0/1	55,15
1839306	A	G	0|1	59,16
1839329	G	A	0|1	57,22
1839759	G	C	0/1	75,28
1847919	C	G	0/1	37,29
1848147	C	A	0/1	45,28
1849191	T	C	0/1	68,36
1849609	T	C	0/1	48,18
1853974	C	T	0/1	56,30
1854045	A	G	0/1	64,39
1854300	T	C	0/1	64,32
1856777	G	C	1/1	0,68
1859559	C	A	0/1	55,29
1859989	C	T	0/1	33,33
1870446	C	A	0/1	30,80
1871012	A	C	0/1	67,28
1872959	A	G	0/1	58,34
1873954	G	T	0/1	51,21
1874710	G	A	0/1	62,31
1874993	CG	C	0/1	38,24
1875472	TG	T	0/1	21,41
1876739	T	G	0/1	49,33
1881491	C	T	0/1	21,65
1885772	G	A	1/1	0,66
1886263	C	G	0/1	46,25
1887082	T	C	0/1	27,60
1887284	G	A	0/1	61,23
1887313	C	T	0/1	51,20
1889073	G	C	0/1	43,35
1890565	A	G	0/1	38,33
1894300	G	GGTCTTGCCGC	1/1	0,45
1894422	A	G	0/1	41,27
1896434	G	T	0/1	36,11
1897646	G	C	0/1	58,23
1900800	A	G	0/1	60,23
1901493	T	C	1/1	0,91
1902156	G	A	0/1	48,33
1906336	A	G	0/1	50,29
1907177	C	T	0/1	47,28
1907296	G	C	1/1	0,83
1916137	A	G	0/1	54,16
1917972	A	G	1/1	0,71
1919945	C	T	0/1	47,28
1920120	G	T	0/1	37,13
1923985	G	A	0/1	60,26
1924765	T	C	0/1	72,36
1924874	G	C	0/1	57,26
1924959	T	C	0/1	63,28
1925555	G	C	0/1	42,12
1926959	T	C	0/1	62,32
1931179	C	A	1/1	0,81
1931470	G	A	0/1	52,26
1933988	G	A	1/1	0,102
1935695	T	G	0/1	38,27
1936525	G	A	0/1	49,30
1940307	G	T	0/1	45,22
1943535	G	T	0/1	68,32
1943723	C	T	0/1	65,29
1944107	A	G	0/1	53,31
1944121	A	C	0/1	28,58
1944402	T	C	1/1	0,80
1949091	G	A	0/1	58,34
1950651	T	C	0/1	43,15
1950767	T	C	1/1	0,85
1952160	T	C	0/1	74,32
1953647	T	G	0/1	30,54
1954613	C	T	0/1	56,35
1956930	T	G	0/1	44,36
1957881	A	C	0/1	38,63
1958529	G	T	0/1	58,28
1960284	C	A	0/1	53,42
1963383	G	A	0/1	56,31
1963957	T	C	0/1	71,41
1967237	C	A	1/1	0,106
1967696	A	G	0/1	49,41
1968504	C	T	0/1	46,16
1969802	C	T	0|1	40,54
1969806	C	T	0|1	40,52
1969807	A	C	0|1	39,52
1971596	C	G	0/1	30,63
1971671	C	A	0/1	22,56
1971725	G	C	0/1	61,31
1978807	G	T	0/1	52,29
1979026	C	T	0/1	37,31
1985414	A	G	0/1	47,25
1993808	A	T	1/1	0,36
2005532	C	A	0/1	57,30
2013943	G	C	0/1	63,29
2015767	C	T	0/1	53,26
2017291	T	C	0/1	54,35
2017560	A	T	0/1	65,25
2019236	T	G	0/1	44,28
2022868	T	C	1/1	0,55
2023211	G	T	0/1	47,27
2028269	G	A	0/1	40,20
2030486	G	GT	0|1	77,32
2030488	AT	A	0|1	82,32
2030521	T	C	0/1	79,33
2035937	G	A	0/1	43,18
2047425	GCGCT	G	0|1	66,36
2047430	AACTTCCCGTCTC	A	0|1	76,36
2052960	T	TGCAGACCTATGA	0/1	49,29
2053793	C	T	0/1	46,18
2055271	A	G	1/1	0,86
2057774	A	T	1/1	0,95
2062922	T	C	0/1	76,35
2063106	C	T	0/1	77,30
2066471	T	C	0/1	61,15
2072190	A	C	0/1	65,36
2074754	C	T	0/1	66,28
2075052	G	A	0/1	63,23
2078024	G	A	0/1	53,27
2079248	C	A	0/1	35,43
2081392	A	G	0/1	52,21
2083124	T	C	0/1	66,24
2083610	G	C	0/1	64,20
2086411	T	C	0/1	63,26
2090306	G	A	0/1	50,20
2090400	T	TCGCCAACGCCAC	0/1	58,17
2091783	C	G	0/1	72,26
2092391	G	T	0/1	62,29
2092970	C	T	0/1	59,27
2093715	T	C	0/1	66,35
2094911	ACAGCGT	A	0/1	64,20
2096094	C	T	0/1	56,24
2096186	A	G	1/1	0,65
2096430	A	C	0/1	59,23
2097144	G	C	0/1	65,32
2102809	C	A	0/1	31,63
2103582	T	C	0/1	58,27
2104779	C	T	0/1	38,22
2108141	T	C	0/1	52,30
2108890	A	C	0/1	47,24
2109523	C	CG	1/1	0,88
2110365	A	C	0/1	58,21
2110526	G	A	0/1	52,28
2114734	G	A	0/1	45,29
2116651	G	A	0/1	75,19
2116903	C	T	1/1	0,83
2118897	C	T	0/1	39,13
2120796	T	A	0/1	45,23
2120953	C	G	0/1	53,21
2122625	A	G	0/1	51,34
2122826	G	A	0/1	48,24
2122976	C	G	0/1	42,24
2123146	C	T	0/1	32,54
2123169	T	G	1/1	0,84
2124766	C	T	0/1	41,31
2125879	C	T	0/1	65,30
2128372	A	G	0/1	49,29
2128870	A	G	1/1	0,82
2129033	G	A	0/1	34,24
2129281	C	A	0/1	61,33
2129353	C	T	0/1	56,32
2130529	A	G	0/1	59,37
2131605	C	T	0/1	55,31
2132062	C	G	0/1	87,35
2133468	T	TTCGCATGCCGTCACC	0/1	58,21
2133806	C	T	0/1	31,45
2135870	T	C	0/1	62,40
2137521	A	ACTCCGATCAC	0/1	48,27
2138767	G	C	0/1	57,28
2143222	G	A	0/1	43,17
2143328	G	C	1/1	0,106
2143523	C	CT	0/1	68,33
2145878	A	G	0/1	59,46
2146065	C	CGGCGGTCGCGGCGGGGCGGGCGGTAGAGGCGGCGACGGCGGGCAA	1/1	0,38
2147022	A	C	0/1	68,28
2147641	C	CGTTAGTTCATGCGTA	0/1	41,29
2151678	G	T	0/1	59,33
2154724	C	A	0/1	59,26
2158109	T	C	0/1	79,34
2158563	GT	G	0/1	61,31
2160998	G	A	0/1	39,30
2161343	G	GT	0/1	71,16
2171454	G	T	0/1	45,60
2177073	T	C	0/1	51,43
2177968	G	T	0/1	56,26
2179068	G	T	0/1	57,30
2183221	G	A	0/1	66,23
2184176	G	A	0/1	30,68
2184715	TG	T	0/1	36,67
2185358	G	A	0/1	55,32
2187980	G	A	0/1	61,29
2195727	C	T	0/1	53,31
2199052	C	G	0/1	67,49
2199416	A	G	0/1	52,16
2202939	A	C	0/1	47,33
2207591	T	TC	1/1	0,85
2209465	G	A	0/1	42,25
2211609	G	C	0/1	54,28
2211826	A	G	0/1	84,46
2212762	C	T	0/1	45,48
2216214	C	T	0/1	16,43
2216370	G	C	0/1	48,27
2216443	C	A	1/1	0,51
2217437	G	A	0/1	48,34
2218012	A	G	0/1	51,30
2218488	G	C	0/1	56,27
2219375	A	G	0/1	61,37
2219669	C	T	0/1	46,39
2219955	CG	C	0/1	46,20
2220512	T	G	1/1	0,100
2222308	T	C	0/1	67,48
2223293	T	C	1/1	0,104
2228967	A	G	1/1	0,84
2229801	C	G	0/1	47,34
2231486	A	G	0/1	64,22
2237497	G	C	0/1	65,29
2238930	A	C	0/1	73,51
2239055	C	T	0/1	57,30
2240062	C	G	0/1	57,26
2241646	C	T	0/1	52,40
2241742	A	G	0/1	58,30
2242808	G	A	0/1	48,24
2243034	T	G	0/1	50,34
2246603	C	T	0/1	49,66
2246960	G	C	0/1	46,37
2247677	A	C	0/1	67,45
2249035	A	G	0/1	56,29
2251999	A	G	1/1	0,77
2255942	G	T	0/1	54,31
2259005	G	GAAAGACGTC	0|1	108,12
2259007	T	G	0|1	113,11
2259008	A	ACCCGCCTGATCGGCGC	0|1	110,11
2260100	C	T	0/1	48,32
2260525	C	T	1/1	0,86
2264782	C	A	1/1	0,63
2265059	T	G	0/1	37,23
2266487	G	C	0|1	78,39
2266504	T	TA	0|1	76,34
2266508	A	T	0|1	78,21
2266511	GT	G	0|1	82,21
2266517	T	C	0|1	79,24
2266550	G	T	0|1	82,27
2266553	C	G	0|1	80,27
2266583	C	G	0|1	69,26
2266598	G	C	0|1	76,28
2266604	C	G	0|1	79,29
2266613	G	GC	0|1	73,25
2266624	G	T	0|1	76,23
2268725	AC	A	0|1	92,8
2269780	T	C	1/1	0,81
2270102	A	G	1/1	0,91
2271440	G	A	0/1	52,34
2282163	A	G	0/1	42,24
2282376	C	T	0|1	36,18
2282377	C	T	0|1	37,18
2282787	C	T	1/1	0,84
2285251	C	A	1/1	0,68
2287121	A	G	1/1	0,94
2288325	C	T	0/1	51,32
2289414	T	C	0/1	21,32
2309356	G	A	0/1	56,38
2310020	C	G	0/1	26,45
2310373	A	G	0/1	30,75
2311099	C	G	0/1	52,31
2316854	C	T	0/1	35,51
2321358	G	C	0/1	62,39
2322842	G	A	0/1	27,55
2323244	G	A	0/1	30,68
2327903	ATGAT	A	0/1	50,18
2328543	T	C	0/1	61,29
2329533	A	G	0/1	47,38
2331255	C	T	0/1	79,32
2331620	A	C	0/1	62,25
2331789	G	T	0/1	58,39
2334007	A	G	0/1	70,23
2335075	A	G	0/1	56,26
2335494	A	G	0|1	42,36
2335500	C	T	0|1	42,37
2335954	C	T	0/1	57,33
2338194	AC	A	0/1	42,27
2341030	G	A	0/1	60,35
2341636	C	G	1/1	0,64
2342403	C	G	0/1	60,30
2342649	A	AGGCGTACACAC	0/1	55,32
2343595	G	A	0/1	59,23
2344950	G	A	0/1	76,37
2345037	C	A	0/1	67,30
2345119	A	G	0/1	22,46
2346824	G	A	0/1	21,60
2349634	C	T	0/1	51,22
2350186	A	G	0/1	57,20
2351735	A	G	0/1	58,31
2352065	C	CCTCGCCTGGGCTGGCGAGCAGACGCAAAATCCCCCGCACGCCCGGCGTGTCGGGGGATTTTGCGTCTG	0/1	67,10
2353322	C	A	0/1	60,28
2355814	C	G	0/1	53,21
2357268	TGCC	T	0/1	42,24
2358029	T	TG	0/1	68,35
2361604	C	G	0/1	73,34
2362041	C	A	1/1	0,96
2368564	TA	T	1/1	0,105
2369186	G	C	0/1	56,44
2369326	C	G	0/1	35,31
2374442	G	A	0/1	56,33
2376390	C	T	0/1	31,25
2376425	A	G	0/1	31,28
2377432	T	G	0/1	64,33
2379732	A	G	0/1	45,23
2379743	C	G	0/1	47,21
2380879	G	A	0/1	28,50
2381049	T	C	0/1	57,24
2386389	G	A	1/1	0,105
2388641	G	A	0/1	51,38
2389123	C	T	0/1	61,30
2390299	A	G	0/1	67,27
2390900	G	A	0/1	66,35
2393567	G	A	0/1	70,35
2397760	C	G	0/1	42,19
2399089	G	T	0/1	70,30
2400031	G	A	0/1	78,46
2408853	G	A	0/1	52,26
2413246	C	A	0/1	48,34
2415656	G	C	1/1	0,77
2419142	A	G	0/1	35,33
2420571	G	T	0/1	68,37
2421816	A	G	0/1	73,43
2421975	G	GGGAA	0/1	77,34
2424864	A	G	0/1	73,31
2424925	A	G	1/1	0,114
2425097	A	C	0/1	59,26
2425471	T	C	0/1	77,32
2437259	G	T	0/1	68,35
2440926	G	T	0/1	38,25
2447539	A	G	0/1	54,21
2448288	G	A	0/1	61,31
2448458	C	T	0/1	70,54
2449295	G	A	0/1	64,38
2450045	G	A	0/1	58,38
2451081	C	G	0/1	67,33
2451927	G	GCAGC	0/1	49,32
2453247	A	G	0/1	58,38
2461927	T	G	0/1	26,56
2462474	G	A	0/1	24,72
2462871	G	A	0/1	63,32
2466965	C	T	0/1	55,31
2468471	G	T	0/1	63,35
2470485	G	T	0/1	69,27
2470591	A	C	0/1	64,32
2472294	T	G	0/1	70,38
2472956	T	C	0/1	68,44
2473522	G	T	0/1	29,61
2477408	G	C	0/1	20,52
2477964	G	T	0/1	44,58
2478018	G	A	0/1	68,33
2484283	G	A	0/1	23,63
2495500	T	C	0/1	52,22
2499336	G	A	0/1	51,15
2499726	G	A	0/1	59,24
2500892	C	T	0/1	58,24
2501147	G	GC	0|1	60,19
2501148	T	C	0|1	62,19
2503549	C	A	0/1	68,31
2507254	G	A	0/1	29,74
2508395	G	A	0/1	39,21
2509140	G	C	0/1	54,34
2509181	C	G	0/1	41,39
2509722	A	G	1/1	0,66
2511712	G	T	0/1	38,35
2516567	G	C	0/1	72,28
2517610	G	A	0/1	47,25
2518132	C	T	0/1	49,23
2521342	T	C	1/1	0,70
2522084	G	A	0/1	45,31
2523205	G	GCGC	1/1	0,49
2525722	CG	C	1/1	0,83
2526974	T	C	0/1	46,34
2528510	G	A	0/1	37,51
2528931	G	A	0/1	44,25
2529680	A	G	0/1	60,37
2530434	G	T	0/1	46,32
2534562	GGA	G	1/1	0,78
2535073	C	T	0/1	83,40
2536626	G	A	0/1	48,35
2538793	G	A	0/1	63,39
2541850	G	T	0/1	43,54
2542820	C	CG	0/1	48,21
2544652	T	C	0/1	47,56
2544979	T	A	0/1	68,32
2547274	A	G	0/1	31,36
2547443	C	A	0/1	27,44
2547529	A	AG	0/1	48,21
2551569	A	C	0/1	41,32
2553682	C	T	0/1	58,35
2562783	T	C	0/1	54,31
2563958	A	C	0/1	53,27
2564368	G	GC	0/1	42,38
2565159	G	GT	0/1	34,54
2566766	C	CG	0|1	52,35
2566768	A	C	0|1	52,35
2569152	C	A	0/1	27,28
2569593	A	G	0/1	61,30
2570590	T	G	0/1	44,25
2573434	G	T	0/1	63,32
2573756	C	A	0/1	62,30
2574591	A	C	0|1	60,23
2574598	C	T	0|1	60,26
2577246	A	G	0/1	61,39
2578626	A	G	0/1	41,30
2581109	C	A	0/1	41,34
2582324	G	A	0/1	44,41
2583677	G	T	0/1	54,39
2584179	A	C	0/1	76,36
2586127	A	G	1/1	0,73
2589216	G	C	0/1	60,37
2592063	GT	G	0/1	52,30
2593192	G	A	0/1	52,27
2597869	C	T	0/1	47,25
2598400	A	G	0/1	49,29
2602575	G	A	0/1	65,35
2605293	G	T	0/1	60,34
2606702	A	G	0/1	38,64
2606797	G	GC	0/1	49,36
2608117	C	A	0/1	57,45
2608488	T	C	0/1	51,25
2610764	C	T	0/1	55,61
2611704	A	C	0/1	71,36
2611777	T	C	0/1	43,78
2612632	C	A	1/1	0,103
2614625	G	T	0/1	68,64
2619271	T	C	0/1	72,29
2622508	C	T	0/1	69,33
2628387	A	C	0/1	38,44
2630224	T	TCC	0/1	45,27
2631641	T	G	0/1	62,31
2631929	C	G	0|1	111,11
2631931	G	A	0|1	110,12
2631932	C	G	0|1	111,13
2631938	G	A	0|1	113,20
2631940	T	A	0|1	109,21
2631941	A	G	0|1	110,21
2631944	C	T	0|1	105,24
2631962	T	G	0|1	95,42
2631967	G	A	0|1	96,45
2631968	A	G	0|1	95,45
2631971	A	G	0|1	95,46
2631977	G	C	0|1	95,47
2632341	C	CA	0/1	45,20
2632500	A	G	0/1	61,23
2637541	C	T	0/1	63,28
2637656	G	T	0/1	48,36
2641300	G	A	0/1	59,33
2641840	A	G	0/1	43,30
2642383	C	T	0/1	50,27
2643653	G	A	0/1	61,33
2647429	G	A	0/1	59,17
2651132	A	G	0/1	58,41
2652908	C	G	0/1	59,24
2656225	A	G	1/1	0,78
2660237	T	C	0/1	70,29
2660319	C	A	0/1	57,39
2663210	G	A	0/1	66,32
2677910	G	A	0/1	62,27
2680658	T	G	0/1	42,21
2685228	G	A	0/1	46,32
2687134	G	GCGCCGGCGACGATGCAGAGCGCAGCGATGCTGAGGAGCGGCGCCATCGAAGCAC	0/1	0,0
2688225	G	C	0/1	55,23
2689808	T	TG	0/1	65,11
2691713	T	C	0/1	66,19
2695378	C	G	0/1	70,33
2696977	G	C	0/1	46,24
2704291	G	A	0/1	57,26
2704884	A	ACAGCGACCATATCGCCGAGCT	0/1	59,31
2705561	A	G	0/1	53,28
2709030	G	T	0/1	29,60
2709795	A	G	0/1	59,25
2712913	C	A	0/1	53,24
2713795	C	T	0/1	62,26
2717684	A	G	0/1	46,24
2718852	T	G	1/1	0,84
2719257	G	GCA	0/1	22,43
2723506	T	C	0/1	73,36
2724180	TCACGATCGGGTCTCCTCTAG	T	0/1	54,25
2724547	G	A	0/1	50,56
2726051	G	A	0/1	69,35
2727037	A	T	0/1	55,23
2730008	G	T	0/1	50,31
2730066	C	A	0/1	38,70
2731741	G	A	0/1	63,53
2734074	T	C	1/1	0,66
2734852	C	A	0/1	43,9
2737572	C	A	0/1	54,40
2740693	T	C	0/1	56,24
2741980	G	A	0/1	55,23
2745739	G	A	0/1	61,38
2745839	G	A	0/1	71,46
2751072	G	T	0/1	69,36
2751804	C	T	1/1	0,81
2752698	C	A	1/1	0,118
2755112	G	A	0/1	54,28
2759534	C	G	0/1	63,31
2760152	A	G	1/1	0,86
2760412	G	A	0/1	54,22
2760506	A	G	0/1	59,28
2764206	A	G	0/1	60,31
2764939	G	A	0/1	45,17
2772689	C	A	0/1	50,30
2772960	G	A	0/1	37,24
2773955	G	C	0/1	44,24
2774932	G	A	0/1	48,22
2779136	T	C	1/1	0,101
2786423	G	A	0/1	23,55
2786952	A	G	1/1	0,76
2790458	A	C	0/1	37,25
2791098	C	T	0/1	50,25
2791257	A	T	0/1	55,33
2791475	A	G	0/1	50,26
2799488	CCGCAA	C	0/1	63,31
2807486	C	A	0/1	79,78
2809250	C	T	0/1	30,55
2809621	T	C	1/1	0,99
2809895	G	A	0/1	42,28
2811608	G	C	0/1	34,46
2817158	C	A	0/1	76,30
2818065	A	G	0/1	23,44
2818837	A	G	1/1	0,86
2821342	C	T	0/1	59,26
2824432	G	A	0/1	51,26
2825466	G	A	0/1	62,26
2827984	G	T	1/1	0,79
2828019	T	C	1/1	0,74
2828104	C	T	0/1	41,23
2830525	C	A	1/1	0,74
2839838	G	A	0/1	49,32
2841022	A	G	0/1	48,36
2846255	G	A	0/1	56,25
2847281	A	G	0/1	62,35
2854922	G	A	0/1	41,73
2855259	A	G	1/1	0,54
2858669	G	T	0/1	59,22
2865393	G	A	0/1	41,61
2865760	A	G	1/1	0,108
2865882	T	C	0/1	78,30
2868747	G	C	0|1	40,23
2868750	G	C	0|1	45,4
2869242	T	C	0/1	52,34
2870386	C	T	0/1	61,51
2873093	G	GCCA	0/1	29,16
2878980	C	T	0/1	60,30
2880083	G	A	0/1	55,27
2880702	G	C	0/1	66,30
2881244	A	G	0/1	60,41
2881547	G	A	0/1	38,60
2881597	AG	A	1/1	0,80
2884398	C	G	0/1	24,59
2884906	G	A	0/1	25,50
2886570	A	G	0/1	51,28
2888201	T	C	0/1	59,37
2889633	T	C	1/1	0,51
2891267	C	T	1/1	0,70
2891728	A	G	1/1	0,74
2894208	G	A	1/1	0,99
2894594	G	A	0/1	51,29
2894642	A	G	0/1	59,22
2897528	G	A	0/1	36,25
2897871	A	G	0/1	49,36
2899018	C	CG	0/1	50,18
2899890	G	T	0/1	63,32
2901713	G	A	0/1	48,33
2907840	T	G	0/1	36,31
2910461	G	T	1/1	2,87
2910593	A	C	0/1	30,52
2911293	C	G	1/1	0,86
2912294	T	G	1/1	0,86
2913880	G	A	0/1	51,25
2923391	T	C	1/1	0,106
2925594	G	A	0/1	62,25
2925683	G	A	0/1	47,28
2925962	T	C	0/1	68,34
2926882	C	T	0/1	65,33
2927511	G	T	0/1	44,38
2927939	T	C	1/1	0,79
2928069	C	T	0/1	46,32
2939373	G	C	1/1	0,86
2939657	T	C	1/1	0,86
2940608	C	T	0/1	46,31
2948650	T	C	0/1	60,44
2950158	A	C	0/1	34,50
2950449	G	A	0/1	56,36
2951710	T	C	0/1	28,60
2953307	G	T	0/1	54,30
2954439	T	C	1/1	0,88
2955061	T	C	0/1	47,55
2955233	C	T	0/1	54,48
2957568	CT	C	0/1	64,35
2959324	A	G	0/1	65,29
2971081	C	G	1/1	0,62
2982462	T	C	0/1	62,28
2984740	A	G	1/1	0,99
2985216	G	A	0/1	55,29
2987918	G	A	0/1	85,36
2988630	C	G	0/1	56,36
2992564	G	A	0/1	72,45
2993523	T	C	0/1	75,30
2994187	T	C	0/1	65,34
2995848	G	A	0/1	44,63
2996984	C	A	0/1	29,45
2999242	C	A	0/1	64,34
3000362	T	C	0/1	61,30
3002558	G	A	0/1	34,65
3003115	C	G	0/1	55,30
3005185	G	T	0/1	50,20
3005789	T	C	0/1	18,45
3009692	A	G	0/1	43,21
3010420	A	G	0/1	57,28
3015119	CT	C	0/1	53,20
3015379	G	A	0/1	43,25
3017134	G	T	0/1	31,51
3017465	T	C	1/1	0,81
3021283	G	A	0/1	55,33
3023936	C	T	0/1	42,25
3025431	C	T	0/1	47,45
3027606	C	G	0/1	62,25
3027798	T	C	0/1	46,18
3030146	G	A	0/1	37,31
3030382	G	A	0/1	44,26
3031168	A	G	0/1	38,26
3031285	A	T	0/1	54,37
3037377	T	C	0/1	46,23
3040078	C	T	0/1	82,34
3041822	C	G	0/1	57,31
3041871	G	T	0/1	56,23
3051754	G	C	0/1	70,40
3062920	C	T	0/1	27,55
3064632	G	A	0/1	50,37
3068518	G	C	0/1	44,25
3069167	A	G	0/1	45,36
3069805	G	C	0/1	62,24
3072705	T	TC	0/1	62,18
3074830	C	T	0/1	40,22
3080795	A	G	1/1	0,104
3085119	G	GC	0/1	56,22
3086261	T	C	0/1	57,31
3086788	T	C	0/1	81,44
3088625	A	G	0/1	63,37
3091467	G	C	0/1	45,24
3094767	G	A	0/1	60,25
3097349	C	T	0/1	54,30
3102586	G	A	0/1	66,42
3103682	T	C	1/1	0,85
3104189	A	G	0/1	52,38
3105144	C	A	0/1	57,19
3107540	C	A	0/1	61,40
3107832	T	C	0/1	62,31
3114814	G	A	0/1	74,31
3118449	A	G	0/1	41,34
3131469	T	TTGTCGGCGA	0/1	50,36
3136961	G	A	0/1	28,62
3137058	G	A	1/1	0,88
3137237	T	C	0/1	65,30
3137681	G	A	0/1	68,31
3138245	G	A	0/1	54,29
3154090	G	C	0/1	71,31
3155761	G	T	0/1	41,54
3157389	TA	T	0/1	61,26
3168412	G	A	0/1	42,26
3168967	C	A	0/1	30,61
3169993	A	G	0/1	43,30
3174496	A	G	0/1	48,30
3177884	C	A	1/1	0,66
3180988	C	A	0/1	61,31
3184300	C	T	0/1	64,28
3185571	A	G	0/1	25,49
3185572	A	G	0/1	28,50
3185985	A	G	0/1	30,48
3186860	T	G	1/1	0,53
3188428	C	T	0/1	69,25
3188769	A	G	0/1	48,23
3189242	A	G	0/1	55,20
3189580	T	C	0/1	49,37
3190145	TC	T	0/1	40,25
3190342	G	A	0/1	44,24
3190721	C	T	0/1	21,53
3197917	G	A	0/1	70,22
3200304	A	G	0/1	55,29
3202629	C	T	0/1	73,29
3202789	G	A	0/1	55,33
3207495	C	A	0/1	54,23
3214481	G	T	0/1	56,24
3214560	A	G	0/1	63,28
3220545	C	T	0/1	69,30
3221093	C	T	0/1	49,20
3226181	A	C	1/1	0,77
3228143	G	T	1/1	0,80
3229692	G	A	0/1	59,36
3231236	G	A	0/1	63,47
3233605	G	A	0/1	69,48
3237674	C	T	0/1	65,23
3239162	A	G	0/1	46,66
3241244	G	A	0/1	43,45
3243342	C	A	0/1	48,58
3244414	A	G	0/1	52,43
3256494	A	G	0/1	62,28
3260430	C	T	0/1	40,36
3260844	C	T	0/1	47,31
3266030	A	G	0/1	51,24
3266874	C	T	0/1	63,49
3269581	A	G	1/1	0,69
3270784	A	G	1/1	0,65
3271037	A	G	0/1	46,26
3273138	C	G	0/1	45,43
3274545	G	A	0/1	66,47
3280132	G	A	0/1	49,38
3287999	C	T	0/1	24,54
3293423	A	G	0/1	49,27
3293601	T	C	0/1	50,24
3295124	C	T	0/1	60,21
3296371	G	GCCGCGGC	0/1	41,26
3296721	C	G	0/1	57,25
3296843	A	G	1/1	0,86
3297797	T	G	0/1	67,22
3299413	G	A	0/1	55,37
3302683	C	T	0/1	72,34
3306163	CGGCACTGTGGCG	C	0/1	59,33
3306594	T	G	0/1	60,41
3308446	T	C	0/1	58,39
3308606	G	A	1/1	0,98
3311119	G	C	0/1	49,46
3312942	G	A	0/1	57,35
3313719	C	T	0/1	41,75
3314162	G	C	0/1	76,26
3314243	G	A	0/1	71,36
3314412	A	G	0/1	69,29
3315592	G	A	0/1	33,57
3319155	C	G	0/1	60,33
3321268	T	A	0/1	54,34
3322408	A	C	0/1	58,27
3325764	G	T	0/1	20,59
3326150	A	G	0/1	25,18
3326554	A	C	0/1	59,24
3327780	C	T	0/1	62,31
3328495	G	C	0/1	41,23
3330725	C	T	0/1	59,33
3330952	T	G	0/1	42,29
3331361	ACG	A	0/1	45,18
3338603	G	C	1/1	0,80
3343446	C	A	0/1	27,45
3347293	C	T	0/1	75,32
3350883	C	G	0/1	47,28
3351472	G	A	0/1	55,24
3351757	CG	C	0/1	48,19
3352932	C	G	0/1	56,37
3353493	T	C	0/1	48,24
3354536	A	C	0/1	27,76
3358235	A	T	1/1	0,84
3361239	G	C	0|1	23,42
3361240	C	T	0|1	22,42
3363338	A	G	1/1	0,93
3365841	G	A	0/1	62,21
3366409	GATCACATCACC	G	0/1	63,29
3367765	G	A	1/1	0,97
3369019	G	A	0/1	35,53
3369869	G	T	0/1	40,27
3371260	T	C	0/1	67,20
3383600	G	C	0/1	30,42
3385542	C	G	0/1	73,42
3387030	C	A	0/1	25,46
3392523	G	A	0/1	59,33
3393361	C	G	0/1	71,39
3397850	G	GT	0/1	68,25
3401850	G	A	0/1	49,15
3401871	A	G	0/1	47,9
3402816	C	T	0/1	64,25
3403250	C	T	0/1	58,27
3404376	C	G	0/1	49,36
3406798	G	A	0/1	45,31
3407028	C	T	0/1	67,26
3408277	C	T	0/1	33,68
3415180	ACACCTAGGGGGTGG	A	1/1	0,71
3415332	A	G	0/1	56,27
3419467	C	T	0/1	34,71
3420825	A	G	0/1	43,36
3423249	C	CGCGAGCAGACGCAGAATCGCCCAAAATCCAAGATTTTGAGGCGATTCTGCGTCTGCTCGCGCAACCGG	0/1	61,19
3424462	C	T	0/1	71,35
3425854	C	T	1/1	0,106
3427632	C	T	0/1	37,26
3428917	C	A	1/1	0,74
3429540	C	G	0/1	76,18
3431407	G	T	0/1	59,24
3437103	C	G	0/1	43,29
3439261	G	A	0/1	66,21
3440464	T	G	1|1	0,81
3440468	G	C	1|1	0,79
3440542	A	G	0/1	64,31
3442240	C	A	0/1	49,33
3445757	G	C	0/1	47,64
3447480	A	C	0/1	60,26
3448714	G	C	1/1	0,22
3450725	T	C	1/1	0,23
3451002	A	G	1/1	0,33
3451204	C	T	1/1	0,36
3453382	C	T	0/1	53,37
3454263	C	G	0/1	54,20
3455686	G	C	0/1	56,43
3456666	A	G	1/1	0,75
3460765	G	C	0/1	65,50
3462135	G	C	0/1	66,31
3464629	A	G	0/1	63,31
3467465	C	G	0/1	59,33
3473996	G	GA	0/1	63,32
3474597	C	A	0/1	63,36
3475159	A	G	0/1	58,30
3477663	G	A	0/1	95,110
3478242	G	C	0|1	178,28
3478244	C	A	0|1	181,28
3478245	T	C	0|1	183,27
3478248	T	C	0|1	185,26
3478251	C	T	0|1	185,26
3478254	G	C	0|1	188,25
3478257	A	G	0|1	186,25
3478260	C	G	0|1	190,23
3478263	G	A	0|1	185,21
3478272	G	A	0|1	193,17
3478428	T	A	0|1	172,15
3478431	C	A	0|1	176,16
3478437	A	C	0|1	183,18
3478440	T	C	0|1	182,18
3478443	C	T	0|1	182,18
3478446	G	T	0|1	181,19
3478452	A	C	0|1	184,24
3478455	G	C	0|1	188,30
3478467	C	T	0/1	194,36
3478480	C	A	0|1	221,35
3478482	T	G	0|1	227,34
3478485	A	G	0|1	223,34
3478488	G	A	0|1	221,34
3478489	T	C	0|1	221,34
3478504	T	A	0|1	224,23
3478506	A	C	0|1	219,21
3478512	G	A	0|1	215,21
3478519	T	C	0|1	205,18
3478521	G	T	0|1	209,13
3479307	GGATGATTTCCGA	G	0/1	84,89
3479561	G	A	0/1	68,99
3480474	G	A	0/1	72,76
3480789	T	C	0/1	69,74
3486977	A	G	1/1	0,104
3494295	GGC	G	0/1	62,47
3494396	C	T	0/1	57,51
3494820	CG	C	0/1	48,48
3496264	C	T	0/1	58,50
3497586	C	G	0/1	40,27
3498418	A	G	0/1	59,25
3501221	G	GC	0|1	54,12
3501225	A	ACCTTGACCCATTCAGTT	0|1	55,12
3501229	G	GACCAGCACGACACC	0|1	57,5
3503895	C	T	1/1	2,106
3504604	C	T	0/1	38,30
3505005	A	C	0/1	43,19
3509091	G	C	0/1	66,33
3518167	A	G	0/1	61,34
3518555	A	G	1/1	0,90
3521044	A	G	0/1	58,17
3526986	A	G	0/1	45,27
3530145	C	A	0/1	68,30
3530955	C	G	0/1	51,32
3533759	G	A	0/1	53,41
3536008	G	T	0/1	63,30
3539139	CG	C	0/1	35,20
3548297	G	A	0/1	26,52
3555379	T	C	0/1	56,35
3555699	A	G	0/1	54,30
3556275	A	G	0/1	51,32
3556894	A	AG	0/1	29,58
3560645	C	T	0/1	54,56
3566923	A	ACGCTTGTCGG	0/1	57,34
3570873	G	T	0/1	28,62
3571834	T	G	0/1	57,25
3573636	T	C	0/1	66,27
3577958	A	G	0/1	76,30
3578983	A	C	0/1	62,45
3580636	CT	C	1/1	0,82
3581222	G	A	0/1	26,55
3581414	A	G	1/1	0,89
3586250	G	A	0/1	28,55
3590119	G	A	0/1	57,37
3590686	G	GC	1/1	0,58
3591063	T	C	1/1	0,75
3593900	C	T	0/1	60,33
3597682	C	T	0/1	42,32
3604821	G	C	1/1	0,77
3610391	A	AC	0/1	52,31
3610668	GGGGTC	G	0/1	58,25
3610737	G	A	0/1	35,66
3614982	T	C	0/1	58,31
3615362	TGGC	T	0/1	55,29
3617763	ACCGGCCGGCACT	A	0/1	50,17
3621423	A	G	0/1	74,33
3621836	C	G	0/1	62,36
3622441	A	C	1|1	0,105
3622446	G	A	0|1	36,65
3622969	C	T	0/1	55,40
3623744	G	T	0/1	55,19
3624486	T	C	0/1	59,23
3625065	T	G	0/1	37,24
3629776	A	G	0/1	60,26
3638093	G	A	0/1	54,23
3639650	C	A	0/1	64,29
3641064	G	A	0/1	56,39
3647041	A	G	0/1	64,26
3647591	A	G	0/1	66,38
3650996	T	C	0/1	58,22
3653357	G	A	0/1	34,62
3656101	G	A	0/1	62,30
3657710	C	G	0/1	44,22
3658266	C	G	0/1	66,29
3661802	C	T	0/1	55,32
3668386	A	G	0/1	48,25
3670040	C	T	0/1	57,26
3670118	G	T	0/1	51,40
3671532	G	C	0/1	64,33
3671843	A	C	0/1	72,37
3672105	G	C	0/1	71,30
3678091	G	A	0/1	62,26
3678980	G	T	0/1	33,62
3679949	A	G	0/1	47,34
3681548	A	C	0/1	48,24
3683237	G	T	0/1	59,26
3683282	C	T	0/1	51,30
3683715	T	G	0/1	35,21
3687248	G	A	0/1	32,52
3687372	A	G	0/1	61,29
3689523	G	T	1/1	0,88
3690016	A	G	0/1	54,22
3693681	A	C	0/1	66,33
3696181	A	G	0/1	46,19
3696477	G	GAACGCCACCACCGGGGT	0/1	61,9
3697708	A	G	0/1	47,29
3704261	C	A	0/1	63,25
3704596	G	C	1/1	0,74
3707489	G	C	0/1	30,61
3708217	C	T	0/1	50,34
3714211	G	T	1/1	0,68
3714757	A	C	0/1	56,37
3718357	C	T	1/1	0,96
3719632	C	A	0/1	30,58
3721806	G	C	1/1	0,89
3723901	G	GT	0/1	38,30
3724392	G	A	0/1	44,22
3725426	T	C	0/1	21,39
3728664	C	A	0/1	24,47
3743549	A	G	0/1	46,21
3770325	C	T	0/1	61,27
3771322	C	A	0/1	26,55
3771628	A	C	0/1	65,33
3772616	G	A	0/1	53,17
3774077	T	A	0/1	56,28
3774506	G	A	0/1	74,37
3778312	G	A	0/1	41,80
3781384	C	G	0/1	35,77
3781535	A	AG	0/1	20,55
3784929	G	A	0/1	78,34
3785227	G	A	0/1	29,66
3785635	A	G	0/1	39,63
3785946	A	G	0/1	69,27
3786033	A	G	0/1	66,31
3788365	T	G	0/1	90,37
3789276	C	A	0/1	69,45
3790295	G	A	0/1	53,46
3793634	A	G	0/1	85,74
3794867	C	CCA	0/1	76,49
3798095	A	C	0/1	66,39
3808103	T	C	0/1	69,30
3811007	C	A	0/1	46,33
3811629	G	A	0/1	73,21
3813364	C	T	0/1	71,31
3815268	G	A	0/1	69,30
3815477	G	T	0/1	51,22
3817117	C	A	1/1	0,62
3819302	TGGCC	T	0/1	70,32
3820508	GAGCCCGGTGACGATGCGGGCCGCGTAGCGGCCCGAGAAGGAGCCGGGCAATCGGCTT	G	0/1	114,21
3820545	A	G	0/1	44,40
3823159	A	T	1/1	0,81
3826684	C	T	1/1	0,83
3829770	T	C	0/1	64,34
3830566	G	A	0/1	67,26
3830695	A	G	0/1	60,39
3836739	G	A	0/1	33,71
3838871	A	G	1/1	0,119
3840280	C	T	0/1	60,34
3851084	A	G	0/1	68,31
3851887	A	C	0|1	28,13
3851888	T	C	0|1	28,13
3854899	T	C	0/1	51,28
3855284	TGGGTGAGG	T	0|1	95,9
3855294	CA	C	0|1	91,9
3855296	TGA	T	0|1	92,9
3855300	GACGAT	G	0|1	92,9
3855308	CCGGT	C	0|1	95,8
3855587	C	G	0/1	69,26
3857256	G	A	0/1	47,14
3858271	C	A	0/1	61,35
3859893	C	T	1/1	0,108
3861914	C	T	0/1	63,39
3862472	GA	G	1/1	0,43
3864041	G	A	0/1	58,20
3864995	T	C	0/1	68,38
3868738	C	A	0/1	56,15
3871246	T	C	0/1	50,22
3874370	C	A	0/1	31,65
3874722	AT	A	0/1	52,24
3876953	G	A	0/1	52,28
3877421	A	G	1/1	0,93
3878630	CG	C	0/1	25,10
3880239	C	CGTCCGGCTCCTCCTCGGACCACTACGCGGCCCGCATCGTCGCCGACCAAGTCCAACT	0/1	30,7
3883444	T	G	0/1	81,24
3883467	A	G	0/1	75,26
3885886	T	C	0/1	55,28
3889041	G	A	0/1	47,23
3892671	A	G	1/1	0,115
3893480	G	A	0/1	49,36
3895727	C	A	0/1	67,25
3896340	T	G	1/1	0,86
3898408	A	G	1/1	0,62
3898869	C	A	0/1	66,23
3899469	C	A	0/1	23,56
3899654	C	A	0/1	54,25
3902763	G	A	0/1	33,18
3909235	G	C	0/1	59,33
3913737	G	A	0/1	56,21
3920109	G	T	0/1	58,36
3921094	C	T	0/1	53,33
3922836	T	C	0/1	66,30
3938875	T	C	0/1	80,26
3952800	G	A	1/1	0,95
3958007	C	T	0/1	62,41
3958403	A	G	0/1	68,31
3959418	C	T	1/1	0,94
3961802	A	G	0/1	66,33
3967223	G	A	0/1	54,33
3974142	G	A	0/1	49,27
3974799	C	A	0/1	24,59
3975253	G	A	0/1	18,51
3982711	C	T	0/1	49,23
3984321	G	A	0/1	28,22
3984926	G	A	0/1	50,37
3989107	C	T	0/1	58,37
3989914	G	T	0/1	51,24
3994222	T	C	0/1	21,50
3994898	A	G	0/1	63,30
3995730	C	T	0/1	66,32
3996911	G	A	0/1	36,64
4003272	T	A	0/1	60,35
4003645	C	T	0/1	80,48
4005114	G	C	0/1	57,35
4005607	T	C	0/1	55,28
4008747	A	G	0/1	42,21
4009696	C	T	0/1	31,56
4012219	T	C	0/1	54,32
4013076	G	A	0/1	58,29
4014431	C	T	0/1	56,36
4016216	C	T	0/1	61,27
4019103	G	T	0/1	53,31
4021439	T	C	0/1	28,28
4021549	G	T	0/1	87,12
4022652	G	A	0/1	42,21
4024079	T	C	0/1	69,25
4024273	T	C	0/1	47,29
4024967	C	G	0/1	58,18
4026800	G	C	0/1	72,33
4026899	G	A	1/1	0,96
4028292	C	T	0/1	34,62
4028752	A	G	0/1	70,30
4031131	C	A	0/1	36,73
4033995	G	C	0/1	71,17
4034827	C	T	1/1	0,87
4036127	G	T	0/1	35,74
4040517	A	G	0/1	51,31
4050730	G	A	0/1	47,38
4054364	C	T	0/1	65,34
4054637	A	G	0/1	66,23
4055801	G	A	1|1	0,115
4055803	G	A	0|1	80,36
4056416	C	A	0/1	72,39
4058711	T	C	0/1	50,28
4059715	G	A	0/1	52,27
4059904	A	G	1/1	0,95
4067152	G	A	0/1	49,36
4069292	G	A	0/1	44,23
4069797	C	T	0/1	39,15
4072697	G	A	0/1	52,22
4081987	G	C	0|1	70,35
4081996	G	C	0|1	62,27
4083360	T	G	0/1	60,28
4083565	G	C	0/1	24,56
4085200	G	C	0/1	51,32
4088149	G	A	0/1	61,35
4088583	CG	C	0/1	23,35
4089058	T	C	0/1	78,39
4092081	C	CTACCGTTGCTTGTCGTGA	0|1	72,19
4092085	G	GTTTGA	0|1	73,10
4092086	C	CG	0|1	73,7
4093719	G	A	0/1	54,32
4095001	CG	C	1/1	0,120
4095295	T	C	0/1	90,43
4096190	G	A	0/1	62,41
4100975	T	C	1/1	0,88
4101018	C	T	0/1	66,23
4101654	G	A	0/1	27,58
4105757	C	T	0/1	43,23
4106154	C	T	0/1	61,17
4107074	T	C	0/1	47,32
4108131	G	A	0/1	50,25
4110677	CGCTCGGCGACGATGCGGGCCGGATGACGGCCCGAGGAGGAGCCGAGCAATCGAACCGA	C	0/1	35,33
4111303	G	C	1/1	0,79
4112429	T	C	0/1	65,22
4115029	G	A	0/1	67,40
4116682	T	C	0/1	52,32
4117161	C	A	0/1	65,26
4118260	C	T	0/1	61,27
4119246	T	C	0/1	60,25
4126087	T	G	0/1	58,35
4128408	A	C	0/1	31,70
4129686	T	C	0/1	24,48
4130555	C	G	0/1	24,42
4130711	G	C	0/1	58,33
4131485	G	A	0/1	23,47
4133907	G	A	0/1	67,30
4134242	A	G	0/1	51,24
4137190	T	C	0/1	53,26
4138377	A	G	0/1	47,35
4138537	C	T	0/1	65,31
4142689	G	A	0/1	48,35
4145737	A	G	0/1	63,35
4146371	G	A	0/1	21,57
4151855	A	G	0/1	50,23
4156099	C	A	1/1	0,102
4156239	A	G	0/1	70,49
4156503	C	T	0/1	75,40
4158361	A	G	0/1	81,36
4159195	T	C	0/1	64,34
4160533	TGCGCCCGGC	T	0/1	84,34
4162339	A	G	1/1	0,79
4163558	G	C	0/1	42,31
4169666	GT	G	0/1	44,29
4169719	C	T	0/1	56,24
4170964	G	GA	0/1	47,21
4177882	C	A	0/1	65,32
4179089	C	T	0/1	56,40
4182492	G	A	0/1	51,23
4182695	G	A	0/1	57,21
4183452	A	G	0/1	63,31
4183957	G	A	0/1	53,15
4184287	C	T	0/1	36,33
4184811	C	T	0/1	63,28
4185020	C	T	0/1	57,31
4187063	G	A	0/1	50,34
4187402	C	G	0/1	25,62
4187485	T	C	1/1	0,91
4187817	A	G	1/1	0,66
4188020	A	G	0/1	28,75
4190532	A	C	0/1	77,35
4190596	A	C	0/1	66,29
4193625	G	A	0/1	42,28
4193992	T	C	0/1	51,31
4195004	C	A	0/1	72,32
4197138	C	CT	0/1	54,30
4197189	A	G	0/1	65,32
4198611	CG	C	0/1	63,41
4200220	A	G	0/1	69,21
4201105	G	A	0/1	72,24
4202383	A	C	0/1	68,35
4204441	A	G	1/1	0,95
4205120	A	G	0/1	38,35
4209586	C	A	0/1	52,43
4210274	A	G	1/1	0,82
4210876	T	C	0/1	61,34
4211899	G	A	0/1	53,38
4215484	G	C	0/1	64,28
4216255	C	G	0/1	52,16
4216522	G	C	0/1	79,35
4217557	A	G	0/1	79,29
4218940	G	T	0/1	65,39
4221490	C	G	1/1	0,75
4222073	A	G	1/1	0,72
4222852	G	C	0/1	62,20
4222882	A	G	1/1	0,63
4223172	T	C	0/1	38,22
4223481	C	G	0/1	54,40
4224444	T	G	0/1	55,29
4225352	A	C	0/1	23,57
4232327	A	G	0/1	63,27
4234664	G	A	0/1	26,64
4234844	T	C	0/1	61,23
4240671	C	T	0/1	52,24
4241042	A	G	0/1	52,26
4242643	C	T	1/1	0,104
4243848	G	A	0/1	74,29
4244096	C	T	0/1	52,16
4245969	C	T	0/1	56,34
4247646	A	C	0/1	51,25
4251297	G	C	0/1	63,34
4254345	AT	A	0|1	78,20
4254347	T	A	0|1	76,20
4255571	C	T	0/1	64,27
4255922	A	G	0/1	60,30
4257220	A	G	0/1	57,26
4259024	A	G	0/1	49,18
4261499	G	A	0/1	60,25
4263279	A	G	0/1	60,30
4268051	C	T	0/1	63,40
4269387	T	G	0/1	65,28
4269606	A	G	0/1	56,25
4275218	G	A	0/1	69,29
4275935	A	G	0/1	60,23
4276306	C	T	0/1	61,29
4280441	C	A	0/1	64,35
4280510	G	GC	0/1	37,64
4281143	C	G	0/1	59,28
4281272	G	A	0/1	42,26
4284570	A	C	0/1	30,67
4286156	T	C	0/1	62,41
4287164	A	G	0/1	53,36
4287361	C	T	0/1	56,43
4289953	A	G	0/1	50,34
4290564	G	T	0/1	57,41
4290827	C	G	0/1	65,51
4296015	G	A	0/1	55,38
4296381	G	T	0/1	53,33
4303407	A	C	0/1	72,33
4306155	C	T	1/1	0,101
4306339	G	T	0/1	49,30
4307179	G	A	0/1	57,30
4307344	C	G	0/1	52,23
4310743	T	TG	0/1	61,35
4312034	G	T	0/1	57,31
4313128	C	T	0/1	53,30
4314216	G	A	0/1	81,53
4314645	A	G	0/1	79,37
4314843	G	A	0/1	66,35
4316566	C	G	0/1	81,55
4318228	T	C	0/1	80,37
4323006	G	A	0/1	72,35
4323302	T	C	0/1	61,36
4324958	C	T	0/1	61,32
4329782	G	A	0/1	66,35
4334425	G	C	0/1	34,20
4336597	C	A	0/1	70,32
4337574	A	G	0/1	63,30
4338242	G	C	0/1	61,35
4338400	C	A	0/1	49,68
4338595	GC	G	0|1	39,60
4338603	G	A	0|1	64,40
4338605	G	C	0|1	40,65
4338732	G	A	0/1	65,38
4340984	T	TTCCCCGGGTTCCCCTCCCTACCCGGTTTCCCCGGGC	0/1	44,40
4341396	A	AAGGCGCGGCCGC	0/1	76,27
4344058	T	C	0/1	44,32
4345467	C	A	0/1	18,48
4351039	G	T	1/1	0,101
4355779	T	C	0/1	37,63
4355917	T	C	0/1	63,23
4356054	G	A	0/1	53,23
4356110	G	C	1/1	0,89
4356864	C	CTG	0/1	54,37
4357597	C	G	0/1	79,25
4357773	G	A	0/1	92,37
4357946	C	T	0/1	72,31
4358986	G	T	0/1	82,47
4359147	G	GGTGATCGGGGTTCCCGGC	0/1	53,3
4359177	T	TCCCGGCGTGATCGGGGTTCCCGGTGTG	0/1	54,17
4364161	G	A	0/1	50,24
4364375	A	C	0/1	56,18
4366195	T	C	0/1	79,34
4366272	G	C	1/1	0,99
4367649	A	G	0/1	66,27
4369499	G	A	0/1	62,29
4369567	G	A	0/1	33,50
4369848	G	A	0/1	70,51
4372353	G	C	0/1	47,33
4372653	G	A	0/1	59,38
4374228	T	C	0/1	58,31
4377033	G	C	0/1	63,33
4377152	C	G	0/1	63,26
4379680	C	G	1/1	0,85
4382054	T	C	1/1	0,99
4382275	G	T	1/1	0,86
4383144	C	CCGGGG	1/1	0,82
4383442	T	C	0/1	67,31
4383582	A	C	0/1	21,67
4383655	A	G	0/1	67,21
4384007	C	G	0/1	72,30
4385031	CG	C	0/1	51,26
4385187	A	G	0/1	74,29
4385916	C	G	0/1	99,18
4385933	A	G	0/1	86,22
4385937	C	T	0/1	60,53
4385946	C	T	0/1	91,28
4386108	A	G	0/1	118,42
4386142	A	G	0/1	106,43
4386228	T	C	0/1	84,77
4386288	C	T	0/1	121,26
4386304	A	AT	0|1	132,12
4386305	C	CCGCG	0|1	136,12
4386308	CAT	C	0|1	135,12
4386315	G	C	0|1	131,9
4386702	G	C	0/1	77,12
4390380	A	G	0/1	87,39
4393178	A	G	0/1	62,21
4394210	G	C	0/1	82,53
4395387	A	G	0/1	26,15
4397434	G	A	0/1	54,27
4398732	G	A	0/1	69,49
4399443	G	A	0/1	26,66
4400660	AC	A	1/1	0,61
4401400	A	G	0/1	70,41
4404247	G	A	0/1	62,54
4405468	C	A	0/1	44,58
4407588	T	C	0/1	43,37
4407873	C	A	0/1	70,49
4408087	CG	C	0/1	59,33
4408920	A	G	0|1	75,48
4408923	C	T	0|1	74,53
4409660	C	A	0/1	68,52
4409880	G	A	0/1	66,52
4410386	G	T	0/1	76,41
4410487	G	A	0/1	65,53
4411016	G	A	0/1	75,59
4411501	C	T	0/1	62,48
